<?xml version="1.0" encoding="UTF-8"?>
<kml xmlns="http://earth.google.com/kml/2.2">
<Document>
<name>manzanas_censales(2017)</name>
<Style id="style1">
	<LineStyle>
		<color>40000000</color>
		<width>3</width>
	</LineStyle>
	<PolyStyle>
		<color>aac5ffff</color>
		<fill>1</fill>
		<outline>1</outline>
	</PolyStyle>
</Style>
<Placemark>
<name>8306011001002</name>
<description><![CDATA[<p><br/>NOM_COMUNA: NACIMIENTO
<br/>MANZENT_CODIGO: 8306011001002
<br/>TOTAL_PERSONAS(2017): 365
<br/>TOTAL_VIVIENDAS(2017): 107</p>]]></description>
<ExtendedData>
	<Data name="fid"><displayName>fid</displayName><value><![CDATA[1]]></value></Data>
	<Data name="NOM_COMUNA"><displayName>NOM_COMUNA</displayName><value><![CDATA[NACIMIENTO]]></value></Data>
	<Data name="MANZENT_I"><displayName>MANZENT_I</displayName><value><![CDATA[8306011001002]]></value></Data>
	<Data name="TOTAL_PERS"><displayName>TOTAL_PERS</displayName><value><![CDATA[365]]></value></Data>
	<Data name="TOTAL_VIVI"><displayName>TOTAL_VIVI</displayName><value><![CDATA[107]]></value></Data>
</ExtendedData>
<styleUrl>#style1</styleUrl>
<MultiGeometry>
	<Polygon>
		<outerBoundaryIs>
			<LinearRing>
				<tessellate>1</tessellate>
				<coordinates>
					-72.68429301393918,-37.48713308083919,0.000
					-72.68191475373825,-37.49023187485299,0.000
					-72.68152316069313,-37.4907420933493,0.000
					-72.68117736460671,-37.49123031878991,0.000
					-72.68101234203857,-37.49146111300006,0.000
					-72.68095673222108,-37.49155869907209,0.000
					-72.68095001138103,-37.4916443590855,0.000
					-72.68097334961051,-37.4917673770656,0.000
					-72.68101863485309,-37.491897495020126,0.000
					-72.68110197733097,-37.49215380393755,0.000
					-72.68123990215251,-37.492594393801944,0.000
					-72.68134138962742,-37.4928491656977,0.000
					-72.68140333593615,-37.49301475663477,0.000
					-72.68147544636177,-37.493242998563716,0.000
					-72.68154937581416,-37.493485604491376,0.000
					-72.68168653447738,-37.493841377351316,0.000
					-72.68174457161946,-37.49391767528736,0.000
					-72.68200624508093,-37.49363011095906,0.000
					-72.68205875199011,-37.49358166689376,0.000
					-72.68211448890231,-37.49353481882477,0.000
					-72.68218956280094,-37.49348078073237,0.000
					-72.68227788369174,-37.49342258562403,0.000
					-72.68232898163134,-37.49339042556143,0.000
					-72.68239125655163,-37.49334794148495,0.000
					-72.68246481646649,-37.493302613394896,0.000
					-72.68258245832807,-37.49322886325082,0.000
					-72.6827522771256,-37.49312099104276,0.000
					-72.68290991094864,-37.493026757850025,0.000
					-72.68305494078847,-37.49294146867273,0.000
					-72.68328833853657,-37.49280735738769,0.000
					-72.68355920526196,-37.49266118505742,0.000
					-72.68416580561949,-37.492319192317005,0.000
					-72.6845292432381,-37.49211616487342,0.000
					-72.68499425473225,-37.491846820305405,0.000
					-72.68514794456777,-37.4917592651177,0.000
					-72.68549340218597,-37.491555972695494,0.000
					-72.68574915690833,-37.491408146383094,0.000
					-72.68601577661636,-37.491252692057344,0.000
					-72.68620167041908,-37.49114765283043,0.000
					-72.68639743620606,-37.49103424659125,0.000
					-72.68661243699962,-37.49092441332953,0.000
					-72.6870121155776,-37.49069976784173,0.000
					-72.68726491133498,-37.49057069853404,0.000
					-72.68749029511869,-37.49045562525968,0.000
					-72.68754489005858,-37.49042362119299,0.000
					-72.68756369403607,-37.49041164316991,0.000
					-72.68757810301953,-37.49040282415232,0.000
					-72.6875882839988,-37.49039175813955,0.000
					-72.68759117598393,-37.490383802135625,0.000
					-72.68759384497024,-37.49037645713198,0.000
					-72.68758974894432,-37.490362589135955,0.000
					-72.68748495980174,-37.49028580425533,0.000
					-72.68746242376943,-37.49026842028094,0.000
					-72.68742319272793,-37.49024602432602,0.000
					-72.68712648943409,-37.490087514667636,0.000
					-72.68610676043215,-37.48954701684203,0.000
					-72.68572996703575,-37.48933326327504,0.000
					-72.68558875789718,-37.48925849143772,0.000
					-72.68561071684802,-37.489232247410015,0.000
					-72.6857312279663,-37.48929606927124,0.000
					-72.68574363195476,-37.48928991425616,0.000
					-72.68607655414043,-37.48885477283417,0.000
					-72.68626246771589,-37.488627984599574,0.000
					-72.68628678873803,-37.48863991957152,0.000
					-72.68631182076076,-37.48865220254264,0.000
					-72.68625161191419,-37.48873420061914,0.000
					-72.68625821393893,-37.48874748761214,0.000
					-72.68653303018341,-37.4888794872948,0.000
					-72.68654780618571,-37.48888076827742,0.000
					-72.68655027717992,-37.48887766227429,0.000
					-72.68657639810469,-37.48883744124079,0.000
					-72.68661710602953,-37.48879732518999,0.000
					-72.68667578491389,-37.4887355731166,0.000
					-72.68671228783995,-37.488696095070836,0.000
					-72.68672424480752,-37.488678757055546,0.000
					-72.68671065377464,-37.48866109807056,0.000
					-72.68628228842665,-37.48847310056634,0.000
					-72.68628961239435,-37.4884557955566,0.000
					-72.68629692736204,-37.488438511546825,0.000
					-72.68673506272087,-37.48863237803983,0.000
					-72.68676524671456,-37.488629094003855,0.000
					-72.68677821566888,-37.48860465598692,0.000
					-72.68680331062153,-37.48857937395564,0.000
					-72.68694973748546,-37.48850699377754,0.000
					-72.68694707144839,-37.48848711577947,0.000
					-72.68665258979965,-37.48813844910644,0.000
					-72.68666955578198,-37.48812906208577,0.000
					-72.68668641676447,-37.48811973706519,0.000
					-72.68698305440587,-37.488464480735395,0.000
					-72.68700505842924,-37.48847707671008,0.000
					-72.68722310121571,-37.48836347444456,0.000
					-72.687216474172,-37.48834000345092,0.000
					-72.68692317853359,-37.48799685877689,0.000
					-72.68693916751837,-37.487988779757416,0.000
					-72.6869551165032,-37.48798072273801,0.000
					-72.6872478361354,-37.488320522412536,0.000
					-72.6872714911615,-37.48833459338541,0.000
					-72.68749120292904,-37.48821083911725,0.000
					-72.68748595889058,-37.48819018912214,0.000
					-72.68719073225952,-37.48785097245064,0.000
					-72.6872120912372,-37.48783911242455,0.000
					-72.68723353621486,-37.48782720839842,0.000
					-72.6875246058443,-37.4881655330748,0.000
					-72.68754955988067,-37.488185127046485,0.000
					-72.68776267466416,-37.48806989378667,0.000
					-72.6877619836171,-37.48804464778589,0.000
					-72.68746054999207,-37.487708644121966,0.000
					-72.6874818199711,-37.48769749409603,0.000
					-72.68750331194991,-37.48768623106986,0.000
					-72.68779777057964,-37.488024711742234,0.000
					-72.68782558160737,-37.488039674710215,0.000
					-72.68803346039284,-37.48792551045666,0.000
					-72.68803268335098,-37.4879030564562,0.000
					-72.68781967689021,-37.48765538769305,0.000
					-72.6877880258348,-37.48762556972865,0.000
					-72.68773225871962,-37.48756364879085,0.000
					-72.68775354069741,-37.487551835764855,0.000
					-72.68777506167498,-37.48753988473863,0.000
					-72.68807194330859,-37.48788048440828,0.000
					-72.68809872032368,-37.487888669377014,0.000
					-72.68845093711764,-37.48777954595283,0.000
					-72.6884665100922,-37.48776597293346,0.000
					-72.68847180306614,-37.48775201792633,0.000
					-72.6884911777452,-37.48758013889256,0.000
					-72.68849188472714,-37.487570456891135,0.000
					-72.68849198072529,-37.487569456890945,0.000
					-72.68851168741844,-37.48740510785727,0.000
					-72.68851180941681,-37.48740423485704,0.000
					-72.68852269929066,-37.48733667983989,0.000
					-72.688522861289,-37.48733578783964,0.000
					-72.68855061403485,-37.48719971279818,0.000
					-72.6885509090325,-37.48719845379776,0.000
					-72.6885624529513,-37.48715497278131,0.000
					-72.68856277794919,-37.48715386278089,0.000
					-72.68858859079914,-37.487073532745235,0.000
					-72.68858893879724,-37.487072529744744,0.000
					-72.68861642565966,-37.48699890170754,0.000
					-72.68861685665765,-37.486997828707004,0.000
					-72.688633147587,-37.48696002868529,0.000
					-72.6886338375843,-37.486958566684386,0.000
					-72.68865310048702,-37.486906533658306,0.000
					-72.68865447348267,-37.48690418965654,0.000
					-72.6886634604572,-37.486890577644985,0.000
					-72.68866566445182,-37.48688769364225,0.000
					-72.68868294536435,-37.48684088661876,0.000
					-72.68876106512235,-37.48671149451809,0.000
					-72.68876311411874,-37.486709582515516,0.000
					-72.68882613501842,-37.48665602443747,0.000
					-72.68882948001374,-37.48665354143336,0.000
					-72.68888241992096,-37.48660402536752,0.000
					-72.6889178868778,-37.486581046324055,0.000
					-72.68896145682079,-37.48655065627051,0.000
					-72.68896262581936,-37.48654987726906,0.000
					-72.68909126066566,-37.48646798511145,0.000
					-72.68908579565702,-37.48646333911766,0.000
					-72.68908487365553,-37.48646255511869,0.000
					-72.68908036764843,-37.4864587171238,0.000
					-72.68906469462362,-37.48644536714151,0.000
					-72.68906269862046,-37.48644366614379,0.000
					-72.68899587750361,-37.486380808218996,0.000
					-72.68893719740048,-37.486325319285065,0.000
					-72.68888658431557,-37.48627963034216,0.000
					-72.68881301318287,-37.486208258424874,0.000
					-72.68876663006782,-37.48614643147591,0.000
					-72.68873925295217,-37.48608434450445,0.000
					-72.68873615388647,-37.48604913850589,0.000
					-72.68873383876654,-37.48598483950463,0.000
					-72.68871896966716,-37.48593155851886,0.000
					-72.68869566455834,-37.48587315754281,0.000
					-72.68867008843634,-37.48580768156897,0.000
					-72.68863154423693,-37.48570067860791,0.000
					-72.68861320608072,-37.485616870624376,0.000
					-72.68860221589034,-37.485514822630996,0.000
					-72.68859148469112,-37.48540800263695,0.000
					-72.68857816045042,-37.48527896364461,0.000
					-72.68855915220463,-37.485147200658886,0.000
					-72.68854212694839,-37.48500979767041,0.000
					-72.68853758277533,-37.484917019669965,0.000
					-72.68853421464698,-37.48484824266958,0.000
					-72.68853483642455,-37.484729028661356,0.000
					-72.688522150151,-37.48458238166714,0.000
					-72.68852202914833,-37.48458096666722,0.000
					-72.68852712783965,-37.48441553665077,0.000
					-72.68817945519669,-37.484605630074654,0.000
					-72.68768356770599,-37.48487676367934,0.000
					-72.686169433261,-37.48570462952566,0.000
					-72.68594501249147,-37.48582732579928,0.000
					-72.68593893049776,-37.48583065080672,0.000
					-72.68586878956566,-37.48586680689212,0.000
					-72.68576281367314,-37.48592401802126,0.000
					-72.68568653575052,-37.48596520111425,0.000
					-72.68559480583764,-37.48601156722586,0.000
					-72.68554438588986,-37.48603935628736,0.000
					-72.6853757660644,-37.48613229349305,0.000
					-72.6851022943326,-37.486275033826104,0.000
					-72.6850908523438,-37.486281005840034,0.000
					-72.68493118750037,-37.48636434403453,0.000
					-72.68490878052238,-37.48637604006174,0.000
					-72.68479051163833,-37.4864377712058,0.000
					-72.68413271828342,-37.48678111300693,0.000
					-72.68411585730001,-37.486789914027455,0.000
					-72.68413993439908,-37.48684310000227,0.000
					-72.68418231255055,-37.48692441695722,0.000
					-72.68424300461078,-37.48695689188734,0.000
					-72.68424535561343,-37.48695833688462,0.000
					-72.68424807261763,-37.486960611881564,0.000
					-72.68424923662003,-37.486961883880234,0.000
					-72.68429062571245,-37.48701155783434,0.000
					-72.68429359872214,-37.48701677283113,0.000
					-72.68431047381387,-37.48706596581424,0.000
					-72.68431102081772,-37.487068025813706,0.000
					-72.68431126782356,-37.487071160813656,0.000
					-72.68431082782939,-37.487074281814344,0.000
					-72.68429821891965,-37.48712260483238,0.000
					-72.68429301393918,-37.48713308083919,0.000
				</coordinates>
			</LinearRing>
		</outerBoundaryIs>
	</Polygon>
</MultiGeometry>
</Placemark>

<Placemark>
<name>8306011001009</name>
<description><![CDATA[<p><br/>NOM_COMUNA: NACIMIENTO
<br/>MANZENT_CODIGO: 8306011001009
<br/>TOTAL_PERSONAS(2017): 8
<br/>TOTAL_VIVIENDAS(2017): 4</p>]]></description>
<ExtendedData>
	<Data name="fid"><displayName>fid</displayName><value><![CDATA[2]]></value></Data>
	<Data name="NOM_COMUNA"><displayName>NOM_COMUNA</displayName><value><![CDATA[NACIMIENTO]]></value></Data>
	<Data name="MANZENT_I"><displayName>MANZENT_I</displayName><value><![CDATA[8306011001009]]></value></Data>
	<Data name="TOTAL_PERS"><displayName>TOTAL_PERS</displayName><value><![CDATA[8]]></value></Data>
	<Data name="TOTAL_VIVI"><displayName>TOTAL_VIVI</displayName><value><![CDATA[4]]></value></Data>
</ExtendedData>
<styleUrl>#style1</styleUrl>
<MultiGeometry>
	<Polygon>
		<outerBoundaryIs>
			<LinearRing>
				<tessellate>1</tessellate>
				<coordinates>
					-72.68368200672546,-37.48701636655584,0.000
					-72.68048330386233,-37.488685956451775,0.000
					-72.68038246696116,-37.48873858957458,0.000
					-72.68031895902347,-37.48877173765194,0.000
					-72.68003611830082,-37.48891936399644,0.000
					-72.67979067213832,-37.48883145128171,0.000
					-72.67907168266231,-37.4885739261175,0.000
					-72.67866256039149,-37.488427381593056,0.000
					-72.67866251539142,-37.488427368593065,0.000
					-72.67866247239141,-37.48842735459316,0.000
					-72.67862326736547,-37.48841331463872,0.000
					-72.67861914736275,-37.4884118386435,0.000
					-72.67860615435843,-37.48840946865874,0.000
					-72.67849040231975,-37.48838835079455,0.000
					-72.67835452921084,-37.488329542951845,0.000
					-72.67829730716497,-37.48830477601815,0.000
					-72.67800178192819,-37.488176869360224,0.000
					-72.67795583492057,-37.48817264841443,0.000
					-72.67782182289845,-37.48816033657243,0.000
					-72.67766695887293,-37.488146108755046,0.000
					-72.67762350584896,-37.48813313580576,0.000
					-72.67733097470793,-37.48805655514754,0.000
					-72.67732978370734,-37.48805624314894,0.000
					-72.67726182585692,-37.48813616323453,0.000
					-72.67709546209346,-37.488262341439686,0.000
					-72.67682794764876,-37.48855898177545,0.000
					-72.6767264289093,-37.488698227904564,0.000
					-72.67670165500846,-37.48875127693724,0.000
					-72.67660470241432,-37.48896842006586,0.000
					-72.6765848024762,-37.48900149409159,0.000
					-72.67658085548848,-37.48900805309666,0.000
					-72.6765557495592,-37.48904586412878,0.000
					-72.67646886780395,-37.48917671224004,0.000
					-72.67634609610147,-37.489335697395575,0.000
					-72.67629004030377,-37.48944390646887,0.000
					-72.67627637537082,-37.48947977448734,0.000
					-72.67627152645176,-37.489523115495814,0.000
					-72.67627020150739,-37.489552939499276,0.000
					-72.67628524553483,-37.48956768848239,0.000
					-72.67634357064121,-37.489624874416876,0.000
					-72.676417924735,-37.489675389331964,0.000
					-72.67657373086026,-37.489743021151625,0.000
					-72.67687807800701,-37.48982268779595,0.000
					-72.67687862600731,-37.48982284179532,0.000
					-72.67713623714921,-37.489899750494885,0.000
					-72.6773091441778,-37.48991563729099,0.000
					-72.67731032217806,-37.48991578628963,0.000
					-72.67731268517905,-37.48991634128684,0.000
					-72.67731427118014,-37.48991692928498,0.000
					-72.67767101846606,-37.49007133387202,0.000
					-72.67776553450585,-37.49009297876138,0.000
					-72.67789943355058,-37.490117407604195,0.000
					-72.67790207355192,-37.49011811360115,0.000
					-72.67815039871633,-37.49020705831245,0.000
					-72.67928945647165,-37.49061566498844,0.000
					-72.67978001574453,-37.490763546416396,0.000
					-72.68019260500039,-37.49090205293622,0.000
					-72.68049128417645,-37.49099740658827,0.000
					-72.68078364636524,-37.49109957524825,0.000
					-72.68113172458348,-37.49121770684322,0.000
					-72.68142627580549,-37.49080191746784,0.000
					-72.68131842667958,-37.49073409559143,0.000
					-72.68131665067713,-37.49073280459341,0.000
					-72.68126205759224,-37.4906871056552,0.000
					-72.68125899058558,-37.49068353265867,0.000
					-72.68122573248047,-37.49062709569451,0.000
					-72.68122446947481,-37.490624065695805,0.000
					-72.6812236274687,-37.49062079469662,0.000
					-72.68116145445042,-37.490610787769654,0.000
					-72.68115962744973,-37.490610407771776,0.000
					-72.6810415493941,-37.49058019790983,0.000
					-72.68103813539186,-37.490578978913774,0.000
					-72.68097603033793,-37.490549867985536,0.000
					-72.68097538733733,-37.4905495499863,0.000
					-72.68088618525171,-37.49050335808907,0.000
					-72.6808119501884,-37.49046917517486,0.000
					-72.68060629107931,-37.49041002541489,0.000
					-72.68049704904539,-37.49039147154316,0.000
					-72.68037935303157,-37.49038363168213,0.000
					-72.68037866303142,-37.49038357568296,0.000
					-72.68030887101892,-37.49037662576522,0.000
					-72.6803068880184,-37.490376331767536,0.000
					-72.68024426499566,-37.490363944841015,0.000
					-72.68024348699532,-37.49036377484189,0.000
					-72.68017335796456,-37.49034704492398,0.000
					-72.68018002694117,-37.490334528915255,0.000
					-72.68018669591778,-37.49032201390661,0.000
					-72.68025282894678,-37.49033779182918,0.000
					-72.68031407896903,-37.490349906757366,0.000
					-72.68038252498131,-37.49035672267669,0.000
					-72.68050094599523,-37.49036461053687,0.000
					-72.68050306899568,-37.490364860534335,0.000
					-72.68061449403027,-37.490383784403505,0.000
					-72.68061671703123,-37.49038429040088,0.000
					-72.68082488614165,-37.490444162157985,0.000
					-72.68082761314349,-37.49044517215482,0.000
					-72.68090354020828,-37.49048013406703,0.000
					-72.68090429520893,-37.49048050306617,0.000
					-72.68099355329461,-37.49052672496328,0.000
					-72.68105371134686,-37.49055492289377,0.000
					-72.68116909740122,-37.49058444475893,0.000
					-72.68121622941509,-37.490592030703546,0.000
					-72.68120580833953,-37.4905515207133,0.000
					-72.6811803481936,-37.490473259738536,0.000
					-72.68118002419132,-37.49047202973888,0.000
					-72.68116179202418,-37.49038241975481,0.000
					-72.6811615790195,-37.49037992375493,0.000
					-72.68117102344954,-37.49007455872442,0.000
					-72.68115415329484,-37.48999162873921,0.000
					-72.68109096522595,-37.48995450281176,0.000
					-72.68108981122461,-37.48995376081309,0.000
					-72.68108777322138,-37.48995205481536,0.000
					-72.68108613721775,-37.48995009281715,0.000
					-72.68108495421374,-37.489947933818414,0.000
					-72.68108426120948,-37.4899456438191,0.000
					-72.68108411820756,-37.4899446388192,0.000
					-72.6810737600027,-37.489834839824574,0.000
					-72.6810286058278,-37.48974095287216,0.000
					-72.68102836682678,-37.48974042087241,0.000
					-72.68100242871218,-37.489678906899286,0.000
					-72.68096304156586,-37.48960038594097,0.000
					-72.68096271556452,-37.4895996769413,0.000
					-72.68096202056027,-37.48959738794197,0.000
					-72.68096183555585,-37.48959503694208,0.000
					-72.6809633724631,-37.48954534493709,0.000
					-72.6809588193181,-37.48946763993757,0.000
					-72.6809588133179,-37.489467532937624,0.000
					-72.68095880931774,-37.489467425937626,0.000
					-72.68095498613356,-37.489368748935874,0.000
					-72.68092973401107,-37.489303030961686,0.000
					-72.68092899700306,-37.489298741962266,0.000
					-72.68093662854254,-37.48905201193764,0.000
					-72.68095359554225,-37.48905190491751,0.000
					-72.6809705635419,-37.48905179689739,0.000
					-72.68096297200002,-37.48929721492191,0.000
					-72.68098808212184,-37.489362566896254,0.000
					-72.68098881812845,-37.48936610589565,0.000
					-72.68099270331554,-37.48946637889736,0.000
					-72.68099270731574,-37.48946648589737,0.000
					-72.68099271331593,-37.48946659289738,0.000
					-72.68099728146144,-37.489544565896864,0.000
					-72.68099729546327,-37.48954552889689,0.000
					-72.68099582855174,-37.48959292990165,0.000
					-72.68103410069388,-37.489669227861114,0.000
					-72.6810344286952,-37.489669938860764,0.000
					-72.68106040481004,-37.48973154583389,0.000
					-72.6811063219879,-37.489827017785494,0.000
					-72.68110739699502,-37.489830839784474,0.000
					-72.68111735819201,-37.489936429779306,0.000
					-72.68117985126018,-37.48997314770755,0.000
					-72.68118100426152,-37.489973889706235,0.000
					-72.68118304326474,-37.48997559570396,0.000
					-72.68118467826837,-37.48997755870213,0.000
					-72.68118586127238,-37.48997971770089,0.000
					-72.68118652727641,-37.489981862700226,0.000
					-72.68120475744355,-37.49007147268426,0.000
					-72.68120497044816,-37.49007396868419,0.000
					-72.6811955260182,-37.49037933371464,0.000
					-72.68121337818187,-37.49046708469905,0.000
					-72.6812387513273,-37.490545075673865,0.000
					-72.68123894932856,-37.49054575267367,0.000
					-72.68125729246151,-37.49061706365643,0.000
					-72.68128852356027,-37.49067005962281,0.000
					-72.68134038664091,-37.490713474564075,0.000
					-72.68144314876089,-37.49077809844636,0.000
					-72.68146650369923,-37.49074513141663,0.000
					-72.68425474190049,-37.487112205883236,0.000
					-72.6842654198241,-37.48707128986799,0.000
					-72.68425093674539,-37.487029073882496,0.000
					-72.68421405466306,-37.48698480792338,0.000
					-72.68415144060096,-37.486951304995465,0.000
					-72.68414908959824,-37.48694985899817,0.000
					-72.68414637259403,-37.48694758400126,0.000
					-72.68414419258913,-37.48694496800368,0.000
					-72.68414316358599,-37.48694325600479,0.000
					-72.68409685442045,-37.48685439705405,0.000
					-72.68407643033864,-37.486810493075495,0.000
					-72.68368200672546,-37.48701636655584,0.000
				</coordinates>
			</LinearRing>
		</outerBoundaryIs>
	</Polygon>
</MultiGeometry>
</Placemark>

<Placemark>
<name>8306011001003</name>
<description><![CDATA[<p><br/>NOM_COMUNA: NACIMIENTO
<br/>MANZENT_CODIGO: 8306011001003
<br/>TOTAL_PERSONAS(2017): 135
<br/>TOTAL_VIVIENDAS(2017): 43</p>]]></description>
<ExtendedData>
	<Data name="fid"><displayName>fid</displayName><value><![CDATA[3]]></value></Data>
	<Data name="NOM_COMUNA"><displayName>NOM_COMUNA</displayName><value><![CDATA[NACIMIENTO]]></value></Data>
	<Data name="MANZENT_I"><displayName>MANZENT_I</displayName><value><![CDATA[8306011001003]]></value></Data>
	<Data name="TOTAL_PERS"><displayName>TOTAL_PERS</displayName><value><![CDATA[135]]></value></Data>
	<Data name="TOTAL_VIVI"><displayName>TOTAL_VIVI</displayName><value><![CDATA[43]]></value></Data>
</ExtendedData>
<styleUrl>#style1</styleUrl>
<MultiGeometry>
	<Polygon>
		<outerBoundaryIs>
			<LinearRing>
				<tessellate>1</tessellate>
				<coordinates>
					-72.68814491642276,-37.48794193132564,0.000
					-72.68735690322093,-37.48836672528622,0.000
					-72.6873441452402,-37.488377019301986,0.000
					-72.68733662525729,-37.488386154311485,0.000
					-72.68733233927722,-37.488396794317204,0.000
					-72.68733344229254,-37.488405016316435,0.000
					-72.68733762431317,-37.4884160933122,0.000
					-72.6873463863304,-37.48842536630238,0.000
					-72.68774641718878,-37.48888676285738,0.000
					-72.68775972819762,-37.48889152884191,0.000
					-72.68777339119887,-37.488892247825724,0.000
					-72.68778729419236,-37.488888824809074,0.000
					-72.68798206700477,-37.488789003572,0.000
					-72.68798203494505,-37.48875701056998,0.000
					-72.68769290930037,-37.48841052489082,0.000
					-72.68772872326815,-37.48839338284725,0.000
					-72.68801753793164,-37.48874995552749,0.000
					-72.68804138995267,-37.48876132749996,0.000
					-72.68822341890896,-37.488738562282784,0.000
					-72.68827408290191,-37.48873495822252,0.000
					-72.68832912591041,-37.488739730157604,0.000
					-72.68836515890597,-37.48873746211477,0.000
					-72.68838537589376,-37.48873100909039,0.000
					-72.68840099086579,-37.488716084070916,0.000
					-72.68840756083083,-37.488697379061946,0.000
					-72.6884141715476,-37.48854564704456,0.000
					-72.68839595051425,-37.488527717065075,0.000
					-72.68823330039056,-37.4884608472536,0.000
					-72.68801887193364,-37.48821522349225,0.000
					-72.68805772189562,-37.488194987444906,0.000
					-72.68824941231203,-37.488418807231874,0.000
					-72.68826237532825,-37.48842753221705,0.000
					-72.68839983440124,-37.48846715905663,0.000
					-72.68842891137975,-37.48845574302145,0.000
					-72.68846169384419,-37.488168892964595,0.000
					-72.68846208139287,-37.4879270699489,0.000
					-72.68846245136363,-37.48791139694747,0.000
					-72.68845810934582,-37.48790184895197,0.000
					-72.68844820831544,-37.48788552396269,0.000
					-72.68844574331398,-37.48788475496556,0.000
					-72.68842715530974,-37.48788240898746,0.000
					-72.68818624539203,-37.48792561827569,0.000
					-72.68817500339492,-37.487927110289064,0.000
					-72.68814491642276,-37.48794193132564,0.000
				</coordinates>
			</LinearRing>
		</outerBoundaryIs>
	</Polygon>
</MultiGeometry>
</Placemark>

<Placemark>
<name>8306011001011</name>
<description><![CDATA[<p><br/>NOM_COMUNA: NACIMIENTO
<br/>MANZENT_CODIGO: 8306011001011
<br/>TOTAL_PERSONAS(2017): 428
<br/>TOTAL_VIVIENDAS(2017): 168</p>]]></description>
<ExtendedData>
	<Data name="fid"><displayName>fid</displayName><value><![CDATA[4]]></value></Data>
	<Data name="NOM_COMUNA"><displayName>NOM_COMUNA</displayName><value><![CDATA[NACIMIENTO]]></value></Data>
	<Data name="MANZENT_I"><displayName>MANZENT_I</displayName><value><![CDATA[8306011001011]]></value></Data>
	<Data name="TOTAL_PERS"><displayName>TOTAL_PERS</displayName><value><![CDATA[428]]></value></Data>
	<Data name="TOTAL_VIVI"><displayName>TOTAL_VIVI</displayName><value><![CDATA[168]]></value></Data>
</ExtendedData>
<styleUrl>#style1</styleUrl>
<MultiGeometry>
	<Polygon>
		<outerBoundaryIs>
			<LinearRing>
				<tessellate>1</tessellate>
				<coordinates>
					-72.67261404045631,-37.48897756479562,0.000
					-72.67199786393996,-37.489234657542085,0.000
					-72.67158429342977,-37.48949574204878,0.000
					-72.67116570522094,-37.48991826957159,0.000
					-72.67102645346793,-37.49005014174499,0.000
					-72.67064747890858,-37.49028498120902,0.000
					-72.67026348365053,-37.49068126368922,0.000
					-72.6699166021927,-37.490970581118674,0.000
					-72.66967603843653,-37.491100453412024,0.000
					-72.66895769196724,-37.491382436281235,0.000
					-72.66871294446224,-37.49164684258806,0.000
					-72.66812464529846,-37.492092932313625,0.000
					-72.66774565073906,-37.492327760777684,0.000
					-72.66703928357684,-37.493309989677215,0.000
					-72.66656976979513,-37.493961114275045,0.000
					-72.6661889020825,-37.49464947177017,0.000
					-72.66590898126364,-37.49528124814207,0.000
					-72.66579677604456,-37.495699156301626,0.000
					-72.66567382972347,-37.49606242047043,0.000
					-72.66555569855434,-37.49650706663872,0.000
					-72.66548961558037,-37.49705637575196,0.000
					-72.6654385476079,-37.49760652284747,0.000
					-72.66526211310658,-37.498408591107555,0.000
					-72.66524908648323,-37.49861027413583,0.000
					-72.66534130549498,-37.498616841026944,0.000
					-72.66534341945976,-37.49859800302322,0.000
					-72.6655155284816,-37.49861023781997,0.000
					-72.66566347550774,-37.49862469864558,0.000
					-72.66576438555363,-37.49864958352751,0.000
					-72.66583903461434,-37.49868232944113,0.000
					-72.66593689871395,-37.49873599132853,0.000
					-72.66599620079971,-37.49878213226115,0.000
					-72.66601279082903,-37.498797870242484,0.000
					-72.66601859782668,-37.49879663323552,0.000
					-72.66603335464711,-37.49870049921195,0.000
					-72.66604770451228,-37.49862832919033,0.000
					-72.6660505832786,-37.49850321317899,0.000
					-72.666056748092,-37.49840330516536,0.000
					-72.66605746492694,-37.49831491415886,0.000
					-72.6660637817584,-37.49822465214563,0.000
					-72.66607123454203,-37.49810881812944,0.000
					-72.66609589199932,-37.497818227081744,0.000
					-72.6661183855728,-37.49758986404062,0.000
					-72.66613985831601,-37.4974524100064,0.000
					-72.66615635601161,-37.49728944297649,0.000
					-72.66616092383946,-37.49719725396524,0.000
					-72.6661592424248,-37.49697517195314,0.000
					-72.66614290278372,-37.49663177295064,0.000
					-72.66613220591957,-37.49616889993391,0.000
					-72.666144847643,-37.49602081690953,0.000
					-72.66615981243741,-37.4959107188848,0.000
					-72.6661812392037,-37.49578560885145,0.000
					-72.66620800195516,-37.49565258381126,0.000
					-72.6662460996915,-37.49551149275715,0.000
					-72.66629001043191,-37.49537258869631,0.000
					-72.66632389922398,-37.49526133364909,0.000
					-72.66639358889694,-37.49508635155532,0.000
					-72.66643386763131,-37.4949442214986,0.000
					-72.66647345141419,-37.494828031444264,0.000
					-72.66649127431516,-37.49477503441975,0.000
					-72.66651870218944,-37.49470780838297,0.000
					-72.66654764302734,-37.494621056343206,0.000
					-72.66659614579747,-37.49449810427788,0.000
					-72.66666265253241,-37.49435631219003,0.000
					-72.66670338236518,-37.49426688113609,0.000
					-72.66671228836911,-37.4942690061257,0.000
					-72.66672132537306,-37.49427116311511,0.000
					-72.66667916254602,-37.49436366817097,0.000
					-72.66661301980966,-37.49450465525831,0.000
					-72.66656524903628,-37.494625910322654,0.000
					-72.66653619019876,-37.49471284036257,0.000
					-72.66650876232441,-37.49478006639934,0.000
					-72.66649130542177,-37.49483216942337,0.000
					-72.6664519706376,-37.49494764347732,0.000
					-72.66641144390451,-37.495090489534434,0.000
					-72.66634162923232,-37.49526582862835,0.000
					-72.66630811643805,-37.495375920675045,0.000
					-72.66626433269678,-37.49551437673573,0.000
					-72.66622662395744,-37.49565385378931,0.000
					-72.66620024520326,-37.4957854438289,0.000
					-72.6661789624351,-37.49590956486202,0.000
					-72.66616415063842,-37.49601840488647,0.000
					-72.66615169491058,-37.49616414791052,0.000
					-72.66616234377086,-37.49662494792715,0.000
					-72.66617867441245,-37.496968616929635,0.000
					-72.66618042382981,-37.49719214194181,0.000
					-72.66617569300502,-37.497285950953334,0.000
					-72.66615914431242,-37.49745053798343,0.000
					-72.66613767256916,-37.497587993017575,0.000
					-72.66611521199367,-37.49781527505866,0.000
					-72.66609057153543,-37.49810532510629,0.000
					-72.66608312775125,-37.49822088912246,0.000
					-72.66607694891829,-37.4983103431355,0.000
					-72.66607623508322,-37.49839864414198,0.000
					-72.6660700642701,-37.49849873215559,0.000
					-72.66606712150764,-37.498625919167175,0.000
					-72.6660523706462,-37.49870006418937,0.000
					-72.66603774882441,-37.498795480212785,0.000
					-72.66603245786365,-37.49881646222036,0.000
					-72.6660985979803,-37.498879140145945,0.000
					-72.66619045513491,-37.49896224104237,0.000
					-72.66626121222562,-37.499011041961595,0.000
					-72.66634262931461,-37.49905897086814,0.000
					-72.66642589640122,-37.499105584772394,0.000
					-72.66650445847147,-37.49914345568168,0.000
					-72.66657818553328,-37.499176813596414,0.000
					-72.66666711761248,-37.49921948449367,0.000
					-72.66675047968658,-37.499259431397384,0.000
					-72.66685844877036,-37.49930464127229,0.000
					-72.66702297594858,-37.49940062308336,0.000
					-72.66703246695596,-37.49940459507238,0.000
					-72.66703517595758,-37.49940546506922,0.000
					-72.66705831594652,-37.49939962504145,0.000
					-72.66706495990513,-37.49937748203215,0.000
					-72.66706981187492,-37.4993613110254,0.000
					-72.66709218246746,-37.49914317398497,0.000
					-72.66710044741939,-37.499117473973556,0.000
					-72.6671098053872,-37.4991002659614,0.000
					-72.66712178335393,-37.49908247894603,0.000
					-72.66713681733405,-37.49907187192756,0.000
					-72.66714964032464,-37.499066898912055,0.000
					-72.66717034831723,-37.499062981887256,0.000
					-72.6673965672751,-37.49904113761771,0.000
					-72.66781366119326,-37.498998638120604,0.000
					-72.66783446160198,-37.498682057075854,0.000
					-72.66785743050721,-37.49863138104542,0.000
					-72.66795276751562,-37.498636189932725,0.000
					-72.66809664654198,-37.498650765763124,0.000
					-72.66836308448435,-37.498620771445424,0.000
					-72.66857664741349,-37.4985835111899,0.000
					-72.6685939003758,-37.498027833134195,0.000
					-72.6686165083765,-37.49802827910742,0.000
					-72.66863911637718,-37.498028725080644,0.000
					-72.66862213739839,-37.49857557413547,0.000
					-72.66897608728098,-37.49851381871203,0.000
					-72.6689809253138,-37.49853141970737,0.000
					-72.66898576334664,-37.49854902070279,0.000
					-72.6683710965506,-37.49865626343817,0.000
					-72.66809696260988,-37.498687123765045,0.000
					-72.66794848158263,-37.498672081940114,0.000
					-72.66788844457736,-37.49866905301107,0.000
					-72.66787927961519,-37.49868927302323,0.000
					-72.6678604591501,-37.498975705063714,0.000
					-72.66785874018437,-37.49899404506691,0.000
					-72.6678617891838,-37.498993734063255,0.000
					-72.66847436100515,-37.49890003433122,0.000
					-72.66886324287297,-37.49883048286584,0.000
					-72.66889493487831,-37.4988334518285,0.000
					-72.66891122489157,-37.49884062280964,0.000
					-72.66892530491542,-37.498853426793765,0.000
					-72.66893392194126,-37.49886729478442,0.000
					-72.66893883897204,-37.498883792779615,0.000
					-72.66894412401459,-37.498906606774824,0.000
					-72.66896968522451,-37.499019081751655,0.000
					-72.66900670452846,-37.4991819787181,0.000
					-72.66903853482427,-37.49934049269045,0.000
					-72.66906691103549,-37.49945369966396,0.000
					-72.66908136307089,-37.49947272864808,0.000
					-72.66910758607861,-37.49947694161723,0.000
					-72.66922654412069,-37.49949983647771,0.000
					-72.66935376219644,-37.4995408283295,0.000
					-72.66953314931791,-37.49960646012104,0.000
					-72.66973546444125,-37.49967317488547,0.000
					-72.66982218251093,-37.499710752785056,0.000
					-72.66991938062363,-37.499771427673686,0.000
					-72.66997043769538,-37.49981001361562,0.000
					-72.67001140177557,-37.499853087569754,0.000
					-72.67005305688221,-37.499910322524045,0.000
					-72.67009029500952,-37.49997864548425,0.000
					-72.67010127305667,-37.50000391447283,0.000
					-72.67012821806861,-37.500010394441304,0.000
					-72.6701490100425,-37.49999647541576,0.000
					-72.67020058996732,-37.49995640035206,0.000
					-72.67024727788713,-37.499913614294016,0.000
					-72.67029826276622,-37.4998490152295,0.000
					-72.67031794369815,-37.499812636203885,0.000
					-72.67033352664527,-37.4997843761836,0.000
					-72.67035721858763,-37.49975357315354,0.000
					-72.67039004653833,-37.499727276112964,0.000
					-72.67039155753666,-37.499726389111146,0.000
					-72.67041067743925,-37.49967429008515,0.000
					-72.6704103141996,-37.49954596707749,0.000
					-72.67036180697112,-37.49942344112716,0.000
					-72.67026794875055,-37.499305020230935,0.000
					-72.67028228973699,-37.49929780521345,0.000
					-72.67029663072341,-37.49929059019601,0.000
					-72.67039283694952,-37.499411971089664,0.000
					-72.67044422419158,-37.49954177503702,0.000
					-72.6704446114462,-37.499678130045204,0.000
					-72.67043488149578,-37.49970464305838,0.000
					-72.67045338848354,-37.49969815603604,0.000
					-72.6705351544566,-37.49968399893826,0.000
					-72.67062577146193,-37.49968713783103,0.000
					-72.67073226344434,-37.49967806470425,0.000
					-72.67084800742131,-37.499666109566235,0.000
					-72.67093359640928,-37.499659957464424,0.000
					-72.67100051839084,-37.499650283384476,0.000
					-72.67104678637656,-37.49964281532918,0.000
					-72.67111068735618,-37.499632090252724,0.000
					-72.67113709234619,-37.4996268432211,0.000
					-72.67115530933215,-37.499619362199006,0.000
					-72.671167938314,-37.49960969918347,0.000
					-72.67118333127931,-37.49959116816404,0.000
					-72.6711937432517,-37.49957641415075,0.000
					-72.67120108621826,-37.499558535140935,0.000
					-72.67118642476713,-37.49931691214297,0.000
					-72.67117908155589,-37.49920376014452,0.000
					-72.6711857424683,-37.49915685013365,0.000
					-72.67119866940509,-37.4991230411162,0.000
					-72.67122535136484,-37.499101579083195,0.000
					-72.67125695134848,-37.4990929200452,0.000
					-72.67128405335099,-37.499094356013174,0.000
					-72.67136683137875,-37.499109505916024,0.000
					-72.67156371744775,-37.49914709268497,0.000
					-72.67182291153762,-37.49919609138084,0.000
					-72.67193093757058,-37.499214082254,0.000
					-72.67192689459941,-37.499229505259734,0.000
					-72.6719228536282,-37.499244923265486,0.000
					-72.67181426559512,-37.49922683139305,0.000
					-72.67155450850498,-37.49917773169788,0.000
					-72.67135784543619,-37.49914023892857,0.000
					-72.67127821640953,-37.499125691022066,0.000
					-72.67126229440804,-37.49912483704089,0.000
					-72.67124689341594,-37.49912903905942,0.000
					-72.67123366843593,-37.49913968207577,0.000
					-72.67122467848004,-37.499163296087914,0.000
					-72.67121875355747,-37.499204723097534,0.000
					-72.67122594776401,-37.499315349096065,0.000
					-72.67124099322608,-37.49956283709389,0.000
					-72.67123010727535,-37.49958920710846,0.000
					-72.67121709330978,-37.499607604125075,0.000
					-72.67119852435177,-37.499630038148524,0.000
					-72.67117859738029,-37.499645235173084,0.000
					-72.67115109840167,-37.49965658820639,0.000
					-72.67111957341348,-37.49966281524417,0.000
					-72.6710547624342,-37.49967370232166,0.000
					-72.67100803944861,-37.49968125237755,0.000
					-72.6709389584677,-37.499691244460074,0.000
					-72.67085234847981,-37.49969746556311,0.000
					-72.67073694750273,-37.499709337700665,0.000
					-72.67062705252086,-37.49971870483148,0.000
					-72.67053858051581,-37.4997156969362,0.000
					-72.67046568453982,-37.4997283170234,0.000
					-72.67043926955714,-37.499737529055324,0.000
					-72.67041599658283,-37.49975121808373,0.000
					-72.67038850562409,-37.49977320511772,0.000
					-72.67036870067243,-37.49979903814284,0.000
					-72.67035419972146,-37.4998252461617,0.000
					-72.67033343379353,-37.49986376718872,0.000
					-72.67027915492213,-37.49993244725745,0.000
					-72.67022943900757,-37.49997805731923,0.000
					-72.67017554208603,-37.5000198893858,0.000
					-72.67013337813911,-37.50004816443754,0.000
					-72.67012807017258,-37.50006608344498,0.000
					-72.67018865647367,-37.50022750738342,0.000
					-72.67029828606944,-37.50054688327372,0.000
					-72.67032383421964,-37.50062741124854,0.000
					-72.67033145027173,-37.5006553182413,0.000
					-72.67034079230162,-37.50067136323122,0.000
					-72.67035523231736,-37.50067984821468,0.000
					-72.67037980832221,-37.50068249618569,0.000
					-72.67064012324992,-37.500644646874754,0.000
					-72.67087767016616,-37.50060057959034,0.000
					-72.67086789208088,-37.50055487759904,0.000
					-72.67084458391156,-37.50046411962093,0.000
					-72.67081996177363,-37.5003901886454,0.000
					-72.6707694615324,-37.50026086569706,0.000
					-72.67073142533738,-37.500156299735565,0.000
					-72.67072186730009,-37.50013628574559,0.000
					-72.6707351842925,-37.50013228972958,0.000
					-72.67074835628507,-37.500128337713676,0.000
					-72.67075822832393,-37.50014916870332,0.000
					-72.67079658352012,-37.500254371664504,0.000
					-72.67084718876183,-37.50038396761276,0.000
					-72.67087211690178,-37.50045898558798,0.000
					-72.67089573307294,-37.500550740565764,0.000
					-72.6709052021564,-37.50059544555739,0.000
					-72.67094911614092,-37.500587299504836,0.000
					-72.67134158498385,-37.50050447303433,0.000
					-72.67160128189299,-37.500456664723494,0.000
					-72.67145743595924,-37.49995618486225,0.000
					-72.6714739689535,-37.49995316884246,0.000
					-72.67149050194777,-37.4999501528227,0.000
					-72.6716343338814,-37.50045057968393,0.000
					-72.67175499583921,-37.500428366539474,0.000
					-72.6717929948257,-37.50042127549399,0.000
					-72.67179792379456,-37.50040461148711,0.000
					-72.67175954558604,-37.50029283052554,0.000
					-72.67172797839642,-37.50019118655647,0.000
					-72.67170911823158,-37.500102859573275,0.000
					-72.67168162702815,-37.49999381659894,0.000
					-72.67166158789342,-37.4999215976181,0.000
					-72.67167540688881,-37.49991916660152,0.000
					-72.67168922488413,-37.49991673558501,0.000
					-72.67170925801922,-37.49998913456589,0.000
					-72.67173695922371,-37.500098722539974,0.000
					-72.67175572038767,-37.50018659652327,0.000
					-72.67178686857525,-37.50028715049277,0.000
					-72.67182514278328,-37.50039865945442,0.000
					-72.67183634081036,-37.50041320944208,0.000
					-72.6719404397735,-37.50039381431748,0.000
					-72.67233097864396,-37.500325724850214,0.000
					-72.67258999756102,-37.50028216854043,0.000
					-72.67276658849727,-37.50024861132899,0.000
					-72.67303719341128,-37.50020347900538,0.000
					-72.67329491831774,-37.50015421769677,0.000
					-72.67340061125294,-37.50011989256931,0.000
					-72.67341198623551,-37.5001105645552,0.000
					-72.67341804119779,-37.50009040754677,0.000
					-72.67340424908176,-37.500028225559205,0.000
					-72.67337269890457,-37.49993325059056,0.000
					-72.67335241977744,-37.4998650826103,0.000
					-72.67333714367584,-37.49981062162495,0.000
					-72.6733043424855,-37.49970859265737,0.000
					-72.67327496432056,-37.499620149686564,0.000
					-72.67326037122552,-37.49956921670067,0.000
					-72.67324630213975,-37.499523249714414,0.000
					-72.673220068983,-37.49943919374021,0.000
					-72.67320023384265,-37.49936400575891,0.000
					-72.67318673376353,-37.49932156477223,0.000
					-72.67317638963058,-37.49925034878001,0.000
					-72.6731622194829,-37.4991712167918,0.000
					-72.67315570136472,-37.49910791579549,0.000
					-72.67315537926852,-37.499056362792615,0.000
					-72.67315526216669,-37.49900183878929,0.000
					-72.67316087009466,-37.498963289780185,0.000
					-72.67316750900146,-37.49891340476915,0.000
					-72.6731725059254,-37.49887268076067,0.000
					-72.6731681579012,-37.498859707765,0.000
					-72.67291165014637,-37.49845462204337,0.000
					-72.6729002191469,-37.498454847056934,0.000
					-72.67281821122246,-37.49849504515671,0.000
					-72.67264794036214,-37.49856928036323,0.000
					-72.6725543734459,-37.49861384647694,0.000
					-72.67249021950197,-37.49864367155491,0.000
					-72.67247252752536,-37.49865611957666,0.000
					-72.67246379151223,-37.498649054586544,0.000
					-72.6724561975008,-37.498642911595184,0.000
					-72.67247678047364,-37.498628447569885,0.000
					-72.67254403341478,-37.49859715048816,0.000
					-72.67263806133055,-37.49855232337385,0.000
					-72.672808103191,-37.49847817416761,0.000
					-72.67288930511626,-37.49843841106882,0.000
					-72.67289694909863,-37.49842900905918,0.000
					-72.67280851084001,-37.4982901981552,0.000
					-72.67282794782318,-37.4982812491316,0.000
					-72.67284718080651,-37.49827239610823,0.000
					-72.6729286970394,-37.49839737301958,0.000
					-72.67317330380256,-37.498806910755576,0.000
					-72.67318135282184,-37.49881725274668,0.000
					-72.6731898038305,-37.49882192473695,0.000
					-72.67319764383515,-37.49882442272784,0.000
					-72.67320150282752,-37.49882035272302,0.000
					-72.6732152397971,-37.498804132705686,0.000
					-72.67324484770332,-37.498753979667384,0.000
					-72.67328321059307,-37.49869507861819,0.000
					-72.67331658749701,-37.4986437385754,0.000
					-72.67335897339647,-37.49859005252176,0.000
					-72.67337644935476,-37.49856775849963,0.000
					-72.67340537528567,-37.49853085846303,0.000
					-72.6734464801942,-37.4984820144112,0.000
					-72.67350425606588,-37.49841349233838,0.000
					-72.67356335792586,-37.498338687263605,0.000
					-72.67364234475983,-37.49825003616436,0.000
					-72.67366523971123,-37.498224066135556,0.000
					-72.6732211842745,-37.497988689646974,0.000
					-72.67325354521738,-37.497958232606706,0.000
					-72.67369022565813,-37.498195724104136,0.000
					-72.6737319125696,-37.49814843705175,0.000
					-72.67383973730834,-37.49800889691509,0.000
					-72.67389169019012,-37.497945756849504,0.000
					-72.67395018004602,-37.49786877777535,0.000
					-72.6739953419417,-37.49781307371824,0.000
					-72.67403479484751,-37.497762753668276,0.000
					-72.67406194977194,-37.49772237563356,0.000
					-72.67409990867232,-37.497669143585206,0.000
					-72.67414360052038,-37.49758790752824,0.000
					-72.6741904243569,-37.49750051446723,0.000
					-72.67424958315212,-37.4973910153902,0.000
					-72.67432555688822,-37.497249947291216,0.000
					-72.6744081575931,-37.49709215618332,0.000
					-72.67449005133365,-37.49695345707743,0.000
					-72.67453778916904,-37.49686547101529,0.000
					-72.67463233084311,-37.4966912238922,0.000
					-72.6747041345919,-37.496556920798604,0.000
					-72.67472116354718,-37.49653301477692,0.000
					-72.67473912552114,-37.496519129754724,0.000
					-72.67475549350937,-37.496512873734915,0.000
					-72.67478150750243,-37.496509240703915,0.000
					-72.67482344549678,-37.496506371654,0.000
					-72.67486080049476,-37.49650539560964,0.000
					-72.67488789548392,-37.49649971057721,0.000
					-72.6749038074656,-37.49648993155769,0.000
					-72.67491100044107,-37.496476825548356,0.000
					-72.6749168544086,-37.49645945754032,0.000
					-72.67491500375759,-37.49611075752042,0.000
					-72.67491089354208,-37.495995326518006,0.000
					-72.67491393940641,-37.49592266150981,0.000
					-72.674925120346,-37.49589034949447,0.000
					-72.67490608632087,-37.4958768175162,0.000
					-72.67484990327857,-37.49585399258131,0.000
					-72.67478232223479,-37.49583031265995,0.000
					-72.6747339401995,-37.4958112467161,0.000
					-72.67468973416469,-37.49579244276727,0.000
					-72.67464708214524,-37.49578186981713,0.000
					-72.67458998611704,-37.495766596883875,0.000
					-72.67454558707347,-37.495743102934995,0.000
					-72.67448809801454,-37.49571133100113,0.000
					-72.67445562397467,-37.49568987403826,0.000
					-72.67439639394561,-37.49567410910747,0.000
					-72.67429965591421,-37.495656973221045,0.000
					-72.67420647088677,-37.49564198033049,0.000
					-72.67413747287394,-37.49563485441187,0.000
					-72.67397802580514,-37.49559746859846,0.000
					-72.67392614076283,-37.495574637658535,0.000
					-72.6738864967325,-37.49555826670448,0.000
					-72.67387119171438,-37.495548502721974,0.000
					-72.67385282670337,-37.49554255374339,0.000
					-72.67382678869821,-37.495539697774035,0.000
					-72.67379309970424,-37.495542818814215,0.000
					-72.67375349171262,-37.49554717486139,0.000
					-72.6737098197069,-37.49554397191295,0.000
					-72.67364377667272,-37.49552545799008,0.000
					-72.67360019163459,-37.49550486404044,0.000
					-72.67357370461559,-37.49549460907118,0.000
					-72.6735497386014,-37.49548692709911,0.000
					-72.67352577959362,-37.49548267012724,0.000
					-72.67351025259565,-37.49548371614567,0.000
					-72.67349284460873,-37.495490673166735,0.000
					-72.67346455163718,-37.49550579620124,0.000
					-72.67343077867548,-37.495526218242546,0.000
					-72.67338638068624,-37.495531831295565,0.000
					-72.67334223568858,-37.49553294434796,0.000
					-72.67328562767192,-37.49552380841446,0.000
					-72.67321555264218,-37.49550764749647,0.000
					-72.67316095358632,-37.495477554559315,0.000
					-72.6731137125164,-37.4954399456129,0.000
					-72.67307098342673,-37.49539179166049,0.000
					-72.67304897436973,-37.49536116868464,0.000
					-72.67304044531815,-37.495333514692994,0.000
					-72.67303277429654,-37.49532191870139,0.000
					-72.67301689727199,-37.49530871871936,0.000
					-72.67301189526677,-37.495305916725066,0.000
					-72.67300094726546,-37.49530516073802,0.000
					-72.67298552827457,-37.4953099937566,0.000
					-72.67296108329603,-37.495321406786275,0.000
					-72.67292518133313,-37.49534115583007,0.000
					-72.67289143935596,-37.4953532878709,0.000
					-72.67285969036783,-37.495359510908855,0.000
					-72.67280329937884,-37.49536524797611,0.000
					-72.67272433937339,-37.49536207006945,0.000
					-72.67262828533498,-37.495341162182,0.000
					-72.67252753029352,-37.49531862929994,0.000
					-72.67244590126492,-37.49530305139572,0.000
					-72.67238046022865,-37.495283377472056,0.000
					-72.67232867319407,-37.495264693532256,0.000
					-72.67227942915619,-37.49524425758931,0.000
					-72.67221672813191,-37.49523103566278,0.000
					-72.67214405206137,-37.49519301574654,0.000
					-72.67206254697781,-37.49514797184024,0.000
					-72.67201196692506,-37.49511957889841,0.000
					-72.67192919780867,-37.49505693799254,0.000
					-72.67186527272881,-37.49501395306559,0.000
					-72.67180614165986,-37.49497683013328,0.000
					-72.67173703657863,-37.49493311221244,0.000
					-72.67168379448887,-37.49488484127247,0.000
					-72.6716410824255,-37.494850745320946,0.000
					-72.67156360630366,-37.494785234408624,0.000
					-72.67151897823986,-37.49475092045934,0.000
					-72.67148599618989,-37.49472404649672,0.000
					-72.67147119116888,-37.494712760513586,0.000
					-72.67144498415348,-37.4947044035441,0.000
					-72.67140258613922,-37.49469662759383,0.000
					-72.67135416713188,-37.494692534651,0.000
					-72.67135493911896,-37.49468562864963,0.000
					-72.67135571110606,-37.49467871764826,0.000
					-72.67140335611332,-37.49468276459204,0.000
					-72.67145115512928,-37.49469145753593,0.000
					-72.67148732615071,-37.49470307549383,0.000
					-72.67150809818015,-37.4947188944702,0.000
					-72.67154119123025,-37.49474586143269,0.000
					-72.6715860392944,-37.494780360381704,0.000
					-72.67166373541657,-37.49484605529379,0.000
					-72.67170688848063,-37.49488052024488,0.000
					-72.67175870356787,-37.49492741218644,0.000
					-72.67182492264578,-37.4949693601106,0.000
					-72.67188461071527,-37.49500676404223,0.000
					-72.67194986079699,-37.495050766967644,0.000
					-72.67203141691155,-37.49511239287491,0.000
					-72.67207943996162,-37.495139383819726,0.000
					-72.67216050204475,-37.49518414772646,0.000
					-72.67222738910972,-37.49521917064944,0.000
					-72.67228806713324,-37.495231991578294,0.000
					-72.6723402161732,-37.49525356651786,0.000
					-72.67238987720638,-37.495271487460144,0.000
					-72.67245184524072,-37.495290102387855,0.000
					-72.67253178826874,-37.49530537529411,0.000
					-72.6726331043104,-37.49532800917546,0.000
					-72.67272488834716,-37.49534802206793,0.000
					-72.67279605535207,-37.49535086698375,0.000
					-72.67284677134215,-37.495345738923305,0.000
					-72.67287271733252,-37.49534066289225,0.000
					-72.67289994031401,-37.49533083585933,0.000
					-72.67293400027891,-37.495312131817826,0.000
					-72.67296235025385,-37.49529881278337,0.000
					-72.67298941823786,-37.495290334750706,0.000
					-72.67302011324179,-37.495292561714514,0.000
					-72.67303701525917,-37.49530190669504,0.000
					-72.67305939629384,-37.4953205506697,0.000
					-72.67307192932901,-37.49533945265608,0.000
					-72.67308036237958,-37.49536656364775,0.000
					-72.67309868542708,-37.495392067627655,0.000
					-72.67313835251042,-37.49543682658352,0.000
					-72.67318062457316,-37.49547055253553,0.000
					-72.67322699662049,-37.495496068482176,0.000
					-72.67328932264692,-37.49551045340922,0.000
					-72.67333985466176,-37.49551856834984,0.000
					-72.67337697965988,-37.495517678305816,0.000
					-72.67340900065214,-37.49551362326756,0.000
					-72.67343585762164,-37.49549739023471,0.000
					-72.67346714059029,-37.495480704196595,0.000
					-72.67349348157042,-37.49547013916468,0.000
					-72.67352272556644,-37.4954681011299,0.000
					-72.6735557955772,-37.4954739800911,0.000
					-72.67358412759404,-37.49548309905808,0.000
					-72.67361318461496,-37.49549439602435,0.000
					-72.67365487565138,-37.49551405197619,0.000
					-72.67371262168128,-37.49553023890875,0.000
					-72.67374681468566,-37.49553271486838,0.000
					-72.67378233767818,-37.495528818826045,0.000
					-72.6738214706711,-37.495525173779434,0.000
					-72.67385731567826,-37.49552912473718,0.000
					-72.67388564769512,-37.49553824370421,0.000
					-72.67390239471499,-37.49554893768501,0.000
					-72.67393913574301,-37.49556407964243,0.000
					-72.67398767178268,-37.49558549258628,0.000
					-72.6741399318484,-37.49562120440807,0.000
					-72.67420724086092,-37.49562811832876,0.000
					-72.67430211288888,-37.495643414217234,0.000
					-72.674401212921,-37.49566095610092,0.000
					-72.67446941595455,-37.495679152021225,0.000
					-72.67450632399974,-37.49570348897904,0.000
					-72.67456203305699,-37.49573432491498,0.000
					-72.67460176009588,-37.4957552938692,0.000
					-72.67465358612137,-37.49576911080861,0.000
					-72.67469937714245,-37.4957805567551,0.000
					-72.6747462621794,-37.49580049470077,0.000
					-72.67479330521363,-37.49581899464619,0.000
					-72.67486110925755,-37.495842768567314,0.000
					-72.67491829930053,-37.49586597350102,0.000
					-72.67493451730454,-37.49586818548196,0.000
					-72.67493950628338,-37.495856838475326,0.000
					-72.67495561123977,-37.495833545454744,0.000
					-72.67498060819187,-37.49580799342348,0.000
					-72.67500001215394,-37.49578773839922,0.000
					-72.6750434560917,-37.49575453034562,0.000
					-72.67508436702529,-37.4957191082949,0.000
					-72.67511682795022,-37.49567901425391,0.000
					-72.67513827188478,-37.495644020226244,0.000
					-72.67516195578656,-37.495591498194884,0.000
					-72.67517761070881,-37.495549901173675,0.000
					-72.675195629618,-37.49550132214924,0.000
					-72.67521565852202,-37.495449989122264,0.000
					-72.67523150541908,-37.49539487909999,0.000
					-72.67525376127065,-37.49531547406858,0.000
					-72.6752675551755,-37.495264559049026,0.000
					-72.67528612205176,-37.495198327022784,0.000
					-72.67531243889037,-37.495111972986166,0.000
					-72.67534055170935,-37.495015108946724,0.000
					-72.67537885745263,-37.49487771289262,0.000
					-72.6754136411695,-37.494726189841785,0.000
					-72.67548602964463,-37.49444527773822,0.000
					-72.67554805204928,-37.49412658164453,0.000
					-72.67559301035784,-37.49375636356781,0.000
					-72.67560048618009,-37.493661166552904,0.000
					-72.67559667712342,-37.49363081155552,0.000
					-72.67558866707456,-37.493604610563395,0.000
					-72.67556153302648,-37.4935787535939,0.000
					-72.67552095696385,-37.493545061639864,0.000
					-72.67546859590945,-37.493515733700015,0.000
					-72.67541567786809,-37.493493424761354,0.000
					-72.67530320979668,-37.49345480289224,0.000
					-72.67513011363752,-37.49336893709192,0.000
					-72.67489078741474,-37.49324878436795,0.000
					-72.67469015119796,-37.49313200659835,0.000
					-72.6746163361076,-37.49308333068273,0.000
					-72.67457554603065,-37.49304197472847,0.000
					-72.67444863869163,-37.49285996186738,0.000
					-72.67436072047686,-37.49274459196427,0.000
					-72.6742919262885,-37.492643477039394,0.000
					-72.67425982713091,-37.49255894607205,0.000
					-72.67425133995435,-37.492464335076114,0.000
					-72.67424524374272,-37.49235093807614,0.000
					-72.67424641433887,-37.492134589061095,0.000
					-72.67424789682097,-37.49185714704174,0.000
					-72.67425630064187,-37.49176124702573,0.000
					-72.67423930952108,-37.49169647904175,0.000
					-72.67421964846564,-37.49166671306316,0.000
					-72.67417396439748,-37.491630037115,0.000
					-72.67412376833542,-37.49159660617236,0.000
					-72.67409003827599,-37.49156467021034,0.000
					-72.67407330921426,-37.49153153822805,0.000
					-72.67406418213746,-37.491490355236266,0.000
					-72.67406375799968,-37.491416540232066,0.000
					-72.67406281479107,-37.49130477622612,0.000
					-72.67405258167872,-37.4912445572344,0.000
					-72.67404399363066,-37.491218794242954,0.000
					-72.67402362159086,-37.491197395265765,0.000
					-72.6739811525334,-37.491166459314165,0.000
					-72.67394348648733,-37.49114167035722,0.000
					-72.67393160947285,-37.491133851370776,0.000
					-72.67395679242733,-37.49110956533942,0.000
					-72.67396978744317,-37.49111810832454,0.000
					-72.67398740646469,-37.49112968830442,0.000
					-72.67400711248878,-37.491142639281854,0.000
					-72.67405300955086,-37.4911760762296,0.000
					-72.67408028260418,-37.4912047301991,0.000
					-72.67409145266696,-37.49123838318798,0.000
					-72.67410235378674,-37.49130258117916,0.000
					-72.67410334899904,-37.49141632918517,0.000
					-72.67410374113194,-37.49148752918919,0.000
					-72.67411158019776,-37.49152283018216,0.000
					-72.67412436424506,-37.491548224168604,0.000
					-72.67415183329337,-37.4915741781377,0.000
					-72.67420069835391,-37.491606772081866,0.000
					-72.6742201113829,-37.4916223590598,0.000
					-72.67423488140489,-37.49163421804309,0.000
					-72.67424816842473,-37.49164488602796,0.000
					-72.67425190043032,-37.491647882023784,0.000
					-72.67427079748337,-37.49167638200316,0.000
					-72.67427696650071,-37.49168568499645,0.000
					-72.67428273654184,-37.49170772199103,0.000
					-72.67428471955597,-37.49171529398911,0.000
					-72.67429617863755,-37.49175905897836,0.000
					-72.67428744582286,-37.49185828599494,0.000
					-72.6742859943389,-37.4921347380142,0.000
					-72.6742848467414,-37.492350366029186,0.000
					-72.67429086795067,-37.49246250102915,0.000
					-72.67429902412003,-37.492553229025276,0.000
					-72.6743286082656,-37.492631312995144,0.000
					-72.67439502544727,-37.492728866922576,0.000
					-72.67448283366188,-37.49284414382585,0.000
					-72.67460866299766,-37.49302442368812,0.000
					-72.67464484606607,-37.49306118264758,0.000
					-72.6747144491513,-37.49310707156798,0.000
					-72.67491308536594,-37.49322272933991,0.000
					-72.67491373536654,-37.493223055339115,0.000
					-72.67502378309639,-37.49307869519958,0.000
					-72.6750698518511,-37.49294745313666,0.000
					-72.67511573056872,-37.492796351072705,0.000
					-72.67515963908167,-37.49253557900416,0.000
					-72.67520016044239,-37.49219325293448,0.000
					-72.6752256369893,-37.49195059788895,0.000
					-72.67522565298903,-37.491950458888915,0.000
					-72.67524820599098,-37.49195157186226,0.000
					-72.67524816999195,-37.491952099862324,0.000
					-72.67522268844515,-37.49219480290792,0.000
					-72.67522268344521,-37.49219484990787,0.000
					-72.67522267744532,-37.49219489790787,0.000
					-72.67518213008505,-37.49253744697765,0.000
					-72.67518210708533,-37.49253762697767,0.000
					-72.67518207908567,-37.492537797977725,0.000
					-72.67513806457391,-37.49279921204645,0.000
					-72.67513792557507,-37.4927998400466,0.000
					-72.67513788857539,-37.49279998604672,0.000
					-72.67513784557566,-37.49280013104678,0.000
					-72.6750917808591,-37.492951843110966,0.000
					-72.6750917328594,-37.492951998111046,0.000
					-72.67509168085974,-37.49295215211108,0.000
					-72.67504514110749,-37.49308474017461,0.000
					-72.67504510810768,-37.49308483317469,0.000
					-72.67504507110785,-37.49308492417474,0.000
					-72.67504473710929,-37.4930856871752,0.000
					-72.67504431611067,-37.493086422175686,0.000
					-72.67504391711175,-37.49308699117622,0.000
					-72.67493286938438,-37.49323266331707,0.000
					-72.67515107458753,-37.493342225065376,0.000
					-72.67532160874427,-37.49342677786865,0.000
					-72.6754327348148,-37.49346492273931,0.000
					-72.67548933585908,-37.49348883667375,0.000
					-72.67554680991888,-37.49352105860767,0.000
					-72.67558959398481,-37.49355650555924,0.000
					-72.67562078797226,-37.493549910521835,0.000
					-72.67562873394321,-37.49353438651145,0.000
					-72.6756476168072,-37.49346158348444,0.000
					-72.67570808325104,-37.49316385439392,0.000
					-72.67573723363974,-37.492836490338696,0.000
					-72.67577026916904,-37.4925844512836,0.000
					-72.67579556850364,-37.492228085231055,0.000
					-72.67582440800646,-37.49196181518004,0.000
					-72.6758459706818,-37.49178795214343,0.000
					-72.67586836248434,-37.49168223511021,0.000
					-72.67589317722937,-37.49154574507217,0.000
					-72.67594268380867,-37.49132052399926,0.000
					-72.67598483647673,-37.49114283193803,0.000
					-72.67599840232037,-37.49105910891668,0.000
					-72.67600415724621,-37.49101939090735,0.000
					-72.67599608118775,-37.49098805091493,0.000
					-72.6759716381411,-37.49096296794232,0.000
					-72.67593013607974,-37.4909299789894,0.000
					-72.67578432691887,-37.49084330015671,0.000
					-72.67569961183811,-37.49079972725438,0.000
					-72.67564780577072,-37.49076347231349,0.000
					-72.67562324070421,-37.4907277523403,0.000
					-72.67561926463046,-37.490688202342525,0.000
					-72.67563161054758,-37.49064383732508,0.000
					-72.67565926843469,-37.4905834622885,0.000
					-72.67568566035037,-37.49053838325436,0.000
					-72.67570955828685,-37.4905044282239,0.000
					-72.6757273872307,-37.49047441320087,0.000
					-72.67462199293513,-37.4903123245006,0.000
					-72.67462608590199,-37.49029460449461,0.000
					-72.67463017886892,-37.490276884488615,0.000
					-72.67574740716769,-37.490440707175004,0.000
					-72.67587410576878,-37.490227402011364,0.000
					-72.67598318441749,-37.4900395818702,0.000
					-72.67609587706654,-37.48985192172479,0.000
					-72.67622022368782,-37.48964944256463,0.000
					-72.67624086161632,-37.48961118753776,0.000
					-72.67623986156079,-37.48958142953701,0.000
					-72.67623510952006,-37.48955961754127,0.000
					-72.67621361348661,-37.4895416215656,0.000
					-72.67618475846054,-37.48952753659893,0.000
					-72.67609069935003,-37.489468009706606,0.000
					-72.67579023496222,-37.4892592230495,0.000
					-72.67576878593457,-37.489244318073965,0.000
					-72.67575956692268,-37.489237910084455,0.000
					-72.67578826986971,-37.48920963304869,0.000
					-72.67579638788037,-37.48921537003941,0.000
					-72.67580668389384,-37.4892226460277,0.000
					-72.67611584829967,-37.48944110867509,0.000
					-72.6761980963928,-37.48949130158084,0.000
					-72.67621071738863,-37.48948911656572,0.000
					-72.67623627834755,-37.48946718053405,0.000
					-72.67626243729083,-37.489436874501145,0.000
					-72.67632594408924,-37.489329082419076,0.000
					-72.67644966178926,-37.48916876526232,0.000
					-72.67654688651547,-37.48902241113781,0.000
					-72.67656042547736,-37.48900202912047,0.000
					-72.67656056247694,-37.48900182312033,0.000
					-72.6765606924766,-37.489001614120156,0.000
					-72.67658788239213,-37.48895646308507,0.000
					-72.67668094099496,-37.48874397196135,0.000
					-72.67670557389636,-37.48869122392884,0.000
					-72.67670639289373,-37.488689840927734,0.000
					-72.6768086716313,-37.4885495527977,0.000
					-72.67680926662996,-37.48854882179694,0.000
					-72.67707771807268,-37.488251141459976,0.000
					-72.6770791050703,-37.48824987245825,0.000
					-72.67715293096536,-37.48819387936724,0.000
					-72.6772360848471,-37.48813081126469,0.000
					-72.67725512082,-37.48811637324122,0.000
					-72.67730974069765,-37.48805099617236,0.000
					-72.67664030637488,-37.487875746954586,0.000
					-72.67657478534326,-37.48785859403115,0.000
					-72.67574678894397,-37.48764183499862,0.000
					-72.67569765192023,-37.48762897205598,0.000
					-72.67548864081945,-37.48757425530027,0.000
					-72.67548555082661,-37.487578084304126,0.000
					-72.67535551212815,-37.48773922046843,0.000
					-72.67535495812902,-37.48773968046911,0.000
					-72.67533188916491,-37.48775884049769,0.000
					-72.67462720526163,-37.48834413036978,0.000
					-72.67411234474838,-37.48860322899633,0.000
					-72.67350035298098,-37.48872579172932,0.000
					-72.67295589321556,-37.488849683382384,0.000
					-72.67261404045631,-37.48897756479562,0.000
				</coordinates>
			</LinearRing>
		</outerBoundaryIs>
	</Polygon>
</MultiGeometry>
</Placemark>

<Placemark>
<name>8306011004001</name>
<description><![CDATA[<p><br/>NOM_COMUNA: NACIMIENTO
<br/>MANZENT_CODIGO: 8306011004001
<br/>TOTAL_PERSONAS(2017): 171
<br/>TOTAL_VIVIENDAS(2017): 68</p>]]></description>
<ExtendedData>
	<Data name="fid"><displayName>fid</displayName><value><![CDATA[5]]></value></Data>
	<Data name="NOM_COMUNA"><displayName>NOM_COMUNA</displayName><value><![CDATA[NACIMIENTO]]></value></Data>
	<Data name="MANZENT_I"><displayName>MANZENT_I</displayName><value><![CDATA[8306011004001]]></value></Data>
	<Data name="TOTAL_PERS"><displayName>TOTAL_PERS</displayName><value><![CDATA[171]]></value></Data>
	<Data name="TOTAL_VIVI"><displayName>TOTAL_VIVI</displayName><value><![CDATA[68]]></value></Data>
</ExtendedData>
<styleUrl>#style1</styleUrl>
<MultiGeometry>
	<Polygon>
		<outerBoundaryIs>
			<LinearRing>
				<tessellate>1</tessellate>
				<coordinates>
					-72.69113696364784,-37.48860938082204,0.000
					-72.69074005706746,-37.488832762306416,0.000
					-72.69072428708479,-37.48884199732569,0.000
					-72.69071990108876,-37.48884410733105,0.000
					-72.69042262840306,-37.48901141269384,0.000
					-72.69042024640537,-37.48901263769673,0.000
					-72.69005418472786,-37.489184076141306,0.000
					-72.68975434002066,-37.48933984150642,0.000
					-72.6897532340217,-37.48934039150782,0.000
					-72.68970329106652,-37.48936420856849,0.000
					-72.6896850720853,-37.4893742185907,0.000
					-72.68936846738825,-37.48953538497602,0.000
					-72.68910638563905,-37.48966876629498,0.000
					-72.68888549086086,-37.48978682356421,0.000
					-72.68860946611355,-37.489921200899765,0.000
					-72.68856781015354,-37.48994248295045,0.000
					-72.68854919317145,-37.48995199497313,0.000
					-72.68854711717331,-37.48995297497563,0.000
					-72.68854169817682,-37.489954860982174,0.000
					-72.68854087217726,-37.489955072983136,0.000
					-72.68853888817819,-37.48995555998557,0.000
					-72.68846640224452,-37.48999084807367,0.000
					-72.68820215854282,-37.4901496993968,0.000
					-72.68814401062106,-37.490191402468355,0.000
					-72.68814247762302,-37.49019243947024,0.000
					-72.68814133562431,-37.49019313347162,0.000
					-72.68809473467527,-37.490220276528575,0.000
					-72.6876641701463,-37.490471061054606,0.000
					-72.68766038614989,-37.49047297305924,0.000
					-72.68765706615224,-37.49047423406322,0.000
					-72.6876279621703,-37.490483781098284,0.000
					-72.68744834336528,-37.49058758231771,0.000
					-72.68716254866825,-37.49074888166657,0.000
					-72.68669516312836,-37.49099367923588,0.000
					-72.68648572529905,-37.491084371489805,0.000
					-72.68648379230653,-37.49108838849233,0.000
					-72.6864821473445,-37.49110872349555,0.000
					-72.68649979537142,-37.49112321747558,0.000
					-72.68690942569535,-37.49129822800112,0.000
					-72.68704663478205,-37.49134516384151,0.000
					-72.68725390192681,-37.49142348060079,0.000
					-72.68738737002096,-37.49147439744583,0.000
					-72.68773351019288,-37.491567780041464,0.000
					-72.6879650863106,-37.491631701771084,0.000
					-72.68799606028395,-37.491617528733485,0.000
					-72.68814589072304,-37.49131757753705,0.000
					-72.68816568373612,-37.49132463651403,0.000
					-72.68818571574928,-37.49133178449074,0.000
					-72.6877534865163,-37.49227685606246,0.000
					-72.68774246061558,-37.49232998907887,0.000
					-72.68774647066718,-37.49235764407585,0.000
					-72.6877657516911,-37.49237054805385,0.000
					-72.68778816370359,-37.49237729502768,0.000
					-72.68782070770501,-37.49237820298917,0.000
					-72.68785709667918,-37.492364495945175,0.000
					-72.68789758063816,-37.49234266989581,0.000
					-72.68792333859184,-37.49231794086379,0.000
					-72.68796055052296,-37.49228118081735,0.000
					-72.68798316346845,-37.49225206478873,0.000
					-72.68801626339526,-37.492212970746984,0.000
					-72.68804923636397,-37.49219631370691,0.000
					-72.68808707334622,-37.49218696166148,0.000
					-72.68815256133877,-37.49218319758359,0.000
					-72.68825974136767,-37.4921990834576,0.000
					-72.68835457039812,-37.49221571934626,0.000
					-72.68841607140904,-37.492221795273736,0.000
					-72.68845614041614,-37.49222575422654,0.000
					-72.68846834141829,-37.49222695921213,0.000
					-72.68854091343377,-37.49223549912667,0.000
					-72.68859568547256,-37.4922564870631,0.000
					-72.68865260254574,-37.49229590099808,0.000
					-72.68869029761196,-37.49233151495566,0.000
					-72.68873963271972,-37.49238943490085,0.000
					-72.68877416781982,-37.49244318986332,0.000
					-72.68880790594078,-37.492508103827376,0.000
					-72.68884254008279,-37.49258430079119,0.000
					-72.68885978613409,-37.492611853772466,0.000
					-72.68887545615758,-37.49262450675469,0.000
					-72.68888751516579,-37.49262893474065,0.000
					-72.68889220262875,-37.492341265716995,0.000
					-72.68906494974283,-37.49186727648245,0.000
					-72.68910778076649,-37.49188012543252,0.000
					-72.68893788763641,-37.49234554866313,0.000
					-72.68893045119101,-37.49264260769063,0.000
					-72.68919559032283,-37.49271422138094,0.000
					-72.68922436432676,-37.49271640634696,0.000
					-72.68923438228165,-37.49269227033358,0.000
					-72.6893531686898,-37.49237566917287,0.000
					-72.68939179252175,-37.49228576612144,0.000
					-72.68941896038307,-37.49221159008457,0.000
					-72.68943920328715,-37.49216025905735,0.000
					-72.68950484992071,-37.491964185967234,0.000
					-72.68957795756118,-37.49177186386846,0.000
					-72.68964747820664,-37.491582174774166,0.000
					-72.68969750797096,-37.49145608770692,0.000
					-72.68976350369972,-37.491311027619574,0.000
					-72.6898372144064,-37.491154133522365,0.000
					-72.68991594813758,-37.49101040342002,0.000
					-72.6900093518638,-37.49086407730013,0.000
					-72.69010388662423,-37.49073606718002,0.000
					-72.69019575738842,-37.49061007806325,0.000
					-72.69035316403242,-37.490419944864776,0.000
					-72.69050582468995,-37.490237017672335,0.000
					-72.69072470323388,-37.489993475397604,0.000
					-72.69075173626324,-37.49000929136659,0.000
					-72.6907793612932,-37.49002545433487,0.000
					-72.6907294654044,-37.490084857397704,0.000
					-72.69067863647626,-37.49012315446035,0.000
					-72.69054660076819,-37.49027908962664,0.000
					-72.69056208980955,-37.490301290609715,0.000
					-72.69087945212857,-37.4904734042444,0.000
					-72.691245100482,-37.49066412382311,0.000
					-72.69123238651925,-37.490684015839435,0.000
					-72.69121967255643,-37.49070390885574,0.000
					-72.69090273225008,-37.4905385982209,0.000
					-72.69085369020264,-37.49051300227742,0.000
					-72.69052612887124,-37.490334201654406,0.000
					-72.69050152786815,-37.49033245868341,0.000
					-72.6904537609737,-37.490388838743556,0.000
					-72.6902422974394,-37.49063757300983,0.000
					-72.69016994861607,-37.49073195310149,0.000
					-72.69015989764269,-37.490746175114325,0.000
					-72.69018057869141,-37.49077235309144,0.000
					-72.690456354943,-37.49090818177314,0.000
					-72.69043086500275,-37.4909400908054,0.000
					-72.6901556097517,-37.49080457712305,0.000
					-72.69012264474146,-37.49079897616177,0.000
					-72.69001728002064,-37.49094813229603,0.000
					-72.68990772037566,-37.491137939437785,0.000
					-72.68989316643527,-37.49116982645706,0.000
					-72.68988881947936,-37.49119344246366,0.000
					-72.68989298352173,-37.491216143460186,0.000
					-72.68990627855209,-37.491232444445416,0.000
					-72.68991496956676,-37.49124036543566,0.000
					-72.69044191106902,-37.49151138382823,0.000
					-72.6908477614467,-37.49171523636006,0.000
					-72.69160367322533,-37.49213518649064,0.000
					-72.69227765493234,-37.49251649071587,0.000
					-72.69223021903157,-37.492569454775385,0.000
					-72.69218653423249,-37.49267692183394,0.000
					-72.69209434064561,-37.492897890957096,0.000
					-72.69207903173736,-37.49294697597832,0.000
					-72.69207884676221,-37.49296030997939,0.000
					-72.69208513677854,-37.49296908397246,0.000
					-72.69209539678727,-37.492973790960626,0.000
					-72.69210917978783,-37.49297414994425,0.000
					-72.69222370954293,-37.49284337480036,0.000
					-72.69241696313213,-37.49262402055752,0.000
					-72.69255783883902,-37.49246753538074,0.000
					-72.692718006487,-37.49227952617912,0.000
					-72.69284533520607,-37.49212953501878,0.000
					-72.69300102187879,-37.49195477482331,0.000
					-72.69319133846753,-37.491735181583984,0.000
					-72.6933406711483,-37.49156471239629,0.000
					-72.6934882978364,-37.49139817421084,0.000
					-72.69359243860768,-37.49127602507977,0.000
					-72.69359008960654,-37.49127540408252,0.000
					-72.69358940660622,-37.4912752240833,0.000
					-72.69358268860293,-37.49127344809118,0.000
					-72.69358266160293,-37.49127344109118,0.000
					-72.69357964460161,-37.49127272209475,0.000
					-72.69357026859747,-37.4912704871057,0.000
					-72.6935332305813,-37.49126165514907,0.000
					-72.69345758554881,-37.491243988237585,0.000
					-72.69334095953788,-37.49123766337538,0.000
					-72.69323980951219,-37.49122354549439,0.000
					-72.69313408145621,-37.49119314961778,0.000
					-72.69305881040115,-37.49116334870508,0.000
					-72.69301374736204,-37.491142232757184,0.000
					-72.69297945928551,-37.49110109079524,0.000
					-72.69293489321618,-37.49106379584569,0.000
					-72.69289008016197,-37.491034589896934,0.000
					-72.69284539010025,-37.49100133894781,0.000
					-72.69281617902382,-37.4909602969799,0.000
					-72.69280739594048,-37.49091560598746,0.000
					-72.69281421483493,-37.49085907897587,0.000
					-72.69283174569573,-37.490784548950394,0.000
					-72.69283336359756,-37.49073196694516,0.000
					-72.69284476052233,-37.490691717929124,0.000
					-72.6928778313647,-37.49060737388462,0.000
					-72.69288985025173,-37.49054690086661,0.000
					-72.69293157918496,-37.49051129181492,0.000
					-72.69295895106492,-37.490447071778426,0.000
					-72.69295166189093,-37.49035384478125,0.000
					-72.69287218678288,-37.490295630871735,0.000
					-72.69280694473564,-37.49027007294744,0.000
					-72.6927064186722,-37.49023573106441,0.000
					-72.69263572664751,-37.49022220814733,0.000
					-72.69258533962332,-37.4902090822062,0.000
					-72.69253482860674,-37.49020000026554,0.000
					-72.69241845158066,-37.49018558540253,0.000
					-72.69220538056682,-37.4901773736545,0.000
					-72.69203874250903,-37.490145786849986,0.000
					-72.69193438636998,-37.49007089796897,0.000
					-72.69189502229331,-37.49002965601302,0.000
					-72.69183164913275,-37.48994342708267,0.000
					-72.69172642104657,-37.48989685120445,0.000
					-72.6916310969758,-37.48985856331502,0.000
					-72.69150024090395,-37.48981958046763,0.000
					-72.6914045428558,-37.489793426579425,0.000
					-72.69126873577628,-37.489750298737654,0.000
					-72.69119854272132,-37.489720596818955,0.000
					-72.69112847465881,-37.48968684889985,0.000
					-72.69107209353629,-37.48962099196253,0.000
					-72.69100233645493,-37.48957713204243,0.000
					-72.690971584318,-37.48950368207425,0.000
					-72.69096850119709,-37.489438867073865,0.000
					-72.69096140101182,-37.489339572076,0.000
					-72.69093826287515,-37.48926627109882,0.000
					-72.69091932979153,-37.489221381118455,0.000
					-72.69089525771147,-37.48917841614425,0.000
					-72.6908948995793,-37.489107583140225,0.000
					-72.69091168548539,-37.48905732111715,0.000
					-72.69091098341934,-37.48902194211577,0.000
					-72.69091282541626,-37.489020294113466,0.000
					-72.6909129204105,-37.489017222113205,0.000
					-72.69101286518533,-37.48889691998717,0.000
					-72.69102933415212,-37.488879191966554,0.000
					-72.69109043009217,-37.48884731289212,0.000
					-72.69114576903424,-37.4888164608246,0.000
					-72.69121436795322,-37.48877332174065,0.000
					-72.69133046076938,-37.4886752275969,0.000
					-72.69138406164325,-37.48860784452916,0.000
					-72.69141407355896,-37.488562811490716,0.000
					-72.69143850446605,-37.48851310645866,0.000
					-72.69145738236368,-37.48845832743286,0.000
					-72.69113696364784,-37.48860938082204,0.000
				</coordinates>
			</LinearRing>
		</outerBoundaryIs>
	</Polygon>
</MultiGeometry>
</Placemark>

<Placemark>
<name>8306011001004</name>
<description><![CDATA[<p><br/>NOM_COMUNA: NACIMIENTO
<br/>MANZENT_CODIGO: 8306011001004
<br/>TOTAL_PERSONAS(2017): 60
<br/>TOTAL_VIVIENDAS(2017): 18</p>]]></description>
<ExtendedData>
	<Data name="fid"><displayName>fid</displayName><value><![CDATA[6]]></value></Data>
	<Data name="NOM_COMUNA"><displayName>NOM_COMUNA</displayName><value><![CDATA[NACIMIENTO]]></value></Data>
	<Data name="MANZENT_I"><displayName>MANZENT_I</displayName><value><![CDATA[8306011001004]]></value></Data>
	<Data name="TOTAL_PERS"><displayName>TOTAL_PERS</displayName><value><![CDATA[60]]></value></Data>
	<Data name="TOTAL_VIVI"><displayName>TOTAL_VIVI</displayName><value><![CDATA[18]]></value></Data>
</ExtendedData>
<styleUrl>#style1</styleUrl>
<MultiGeometry>
	<Polygon>
		<outerBoundaryIs>
			<LinearRing>
				<tessellate>1</tessellate>
				<coordinates>
					-72.68664150528424,-37.48893388116971,0.000
					-72.68758801817947,-37.48941697707846,0.000
					-72.68822236458148,-37.489098880306685,0.000
					-72.68835338751704,-37.489064838149304,0.000
					-72.68837555447581,-37.48904283312166,0.000
					-72.68839967114594,-37.48886616808197,0.000
					-72.6883994321438,-37.488865033082135,0.000
					-72.68839473910221,-37.4888427310863,0.000
					-72.6883797490718,-37.48882639610304,0.000
					-72.68836509605524,-37.48881745811984,0.000
					-72.68833658204261,-37.48881059215323,0.000
					-72.68826514502024,-37.488798333237085,0.000
					-72.68808010906457,-37.48882141545786,0.000
					-72.68801585611558,-37.4888485115357,0.000
					-72.68737903676923,-37.489196421312236,0.000
					-72.68734471968597,-37.489151675350065,0.000
					-72.68733946167316,-37.489144820355875,0.000
					-72.68734296263023,-37.48912180635024,0.000
					-72.6875473044411,-37.48902122910182,0.000
					-72.68757315441721,-37.48900850507033,0.000
					-72.68765780632981,-37.48896198796711,0.000
					-72.68766871431296,-37.48895300995363,0.000
					-72.6876740102867,-37.48893896494647,0.000
					-72.68767583526525,-37.48892746594361,0.000
					-72.6876645842276,-37.48890723895561,0.000
					-72.68727245236336,-37.488442753391055,0.000
					-72.68726349135133,-37.48843626940128,0.000
					-72.68724844634484,-37.488432730418914,0.000
					-72.68722965934575,-37.48843317344117,0.000
					-72.68720247036245,-37.48844201347397,0.000
					-72.68688163968523,-37.48861380086498,0.000
					-72.68684675674325,-37.48864474890823,0.000
					-72.68676928392188,-37.48874019800606,0.000
					-72.68664977414656,-37.48886014615526,0.000
					-72.68662312221284,-37.48889558118906,0.000
					-72.68662499722939,-37.488904449187395,0.000
					-72.68664150528424,-37.48893388116971,0.000
				</coordinates>
			</LinearRing>
		</outerBoundaryIs>
	</Polygon>
</MultiGeometry>
</Placemark>

<Placemark>
<name>8306011001008</name>
<description><![CDATA[<p><br/>NOM_COMUNA: NACIMIENTO
<br/>MANZENT_CODIGO: 8306011001008
<br/>TOTAL_PERSONAS(2017): 46
<br/>TOTAL_VIVIENDAS(2017): 16</p>]]></description>
<ExtendedData>
	<Data name="fid"><displayName>fid</displayName><value><![CDATA[7]]></value></Data>
	<Data name="NOM_COMUNA"><displayName>NOM_COMUNA</displayName><value><![CDATA[NACIMIENTO]]></value></Data>
	<Data name="MANZENT_I"><displayName>MANZENT_I</displayName><value><![CDATA[8306011001008]]></value></Data>
	<Data name="TOTAL_PERS"><displayName>TOTAL_PERS</displayName><value><![CDATA[46]]></value></Data>
	<Data name="TOTAL_VIVI"><displayName>TOTAL_VIVI</displayName><value><![CDATA[16]]></value></Data>
</ExtendedData>
<styleUrl>#style1</styleUrl>
<MultiGeometry>
	<Polygon>
		<outerBoundaryIs>
			<LinearRing>
				<tessellate>1</tessellate>
				<coordinates>
					-72.68578182401816,-37.48932400621302,0.000
					-72.6860634763143,-37.489483716889346,0.000
					-72.68608624429145,-37.48947154686156,0.000
					-72.68609955025957,-37.48945450484474,0.000
					-72.68652037025151,-37.488915917312134,0.000
					-72.68651263223394,-37.48890648332072,0.000
					-72.6863713011083,-37.4888386304839,0.000
					-72.68622633497934,-37.48876903165129,0.000
					-72.6861950489771,-37.488767697688296,0.000
					-72.6861100741717,-37.488871650795545,0.000
					-72.68577609598837,-37.489308033218826,0.000
					-72.68578182401816,-37.48932400621302,0.000
				</coordinates>
			</LinearRing>
		</outerBoundaryIs>
	</Polygon>
</MultiGeometry>
</Placemark>

<Placemark>
<name>8306011001005</name>
<description><![CDATA[<p><br/>NOM_COMUNA: NACIMIENTO
<br/>MANZENT_CODIGO: 8306011001005
<br/>TOTAL_PERSONAS(2017): 129
<br/>TOTAL_VIVIENDAS(2017): 43</p>]]></description>
<ExtendedData>
	<Data name="fid"><displayName>fid</displayName><value><![CDATA[8]]></value></Data>
	<Data name="NOM_COMUNA"><displayName>NOM_COMUNA</displayName><value><![CDATA[NACIMIENTO]]></value></Data>
	<Data name="MANZENT_I"><displayName>MANZENT_I</displayName><value><![CDATA[8306011001005]]></value></Data>
	<Data name="TOTAL_PERS"><displayName>TOTAL_PERS</displayName><value><![CDATA[129]]></value></Data>
	<Data name="TOTAL_VIVI"><displayName>TOTAL_VIVI</displayName><value><![CDATA[43]]></value></Data>
</ExtendedData>
<styleUrl>#style1</styleUrl>
<MultiGeometry>
	<Polygon>
		<outerBoundaryIs>
			<LinearRing>
				<tessellate>1</tessellate>
				<coordinates>
					-72.68641572584242,-37.48923216245601,0.000
					-72.68756876294094,-37.48982492312696,0.000
					-72.6876068269574,-37.48983386908244,0.000
					-72.68828767640932,-37.48954269725725,0.000
					-72.68830909938575,-37.48953013923111,0.000
					-72.68834396030168,-37.489485222186936,0.000
					-72.68836251073772,-37.489183120145945,0.000
					-72.68835894272095,-37.48917412914962,0.000
					-72.68834844370619,-37.48916617316154,0.000
					-72.68833771069879,-37.48916217817405,0.000
					-72.68832215670253,-37.48916412619257,0.000
					-72.68828723571151,-37.48916882023422,0.000
					-72.68823425073131,-37.48917922729771,0.000
					-72.68760140224545,-37.48945238506486,0.000
					-72.68758919425198,-37.48945584107954,0.000
					-72.68757234024541,-37.489452266099285,0.000
					-72.68754713622201,-37.48943962512836,0.000
					-72.68661042835141,-37.48896976920882,0.000
					-72.68656704534897,-37.48896828926009,0.000
					-72.68639202377817,-37.48919763348193,0.000
					-72.68641572584242,-37.48923216245601,0.000
				</coordinates>
			</LinearRing>
		</outerBoundaryIs>
	</Polygon>
</MultiGeometry>
</Placemark>

<Placemark>
<name>8306011001007</name>
<description><![CDATA[<p><br/>NOM_COMUNA: NACIMIENTO
<br/>MANZENT_CODIGO: 8306011001007
<br/>TOTAL_PERSONAS(2017): 93
<br/>TOTAL_VIVIENDAS(2017): 28</p>]]></description>
<ExtendedData>
	<Data name="fid"><displayName>fid</displayName><value><![CDATA[9]]></value></Data>
	<Data name="NOM_COMUNA"><displayName>NOM_COMUNA</displayName><value><![CDATA[NACIMIENTO]]></value></Data>
	<Data name="MANZENT_I"><displayName>MANZENT_I</displayName><value><![CDATA[8306011001007]]></value></Data>
	<Data name="TOTAL_PERS"><displayName>TOTAL_PERS</displayName><value><![CDATA[93]]></value></Data>
	<Data name="TOTAL_VIVI"><displayName>TOTAL_VIVI</displayName><value><![CDATA[28]]></value></Data>
</ExtendedData>
<styleUrl>#style1</styleUrl>
<MultiGeometry>
	<Polygon>
		<outerBoundaryIs>
			<LinearRing>
				<tessellate>1</tessellate>
				<coordinates>
					-72.68616079640586,-37.489533116777096,0.000
					-72.68719999338616,-37.49006209957894,0.000
					-72.6872349463719,-37.490054583536995,0.000
					-72.68753851003359,-37.489874436165955,0.000
					-72.68752312097259,-37.48984169218211,0.000
					-72.68637164689581,-37.48926058651009,0.000
					-72.68633372090527,-37.489265521555346,0.000
					-72.68614989936047,-37.489508751788485,0.000
					-72.68616079640586,-37.489533116777096,0.000
				</coordinates>
			</LinearRing>
		</outerBoundaryIs>
	</Polygon>
</MultiGeometry>
</Placemark>

<Placemark>
<name>8306011001006</name>
<description><![CDATA[<p><br/>NOM_COMUNA: NACIMIENTO
<br/>MANZENT_CODIGO: 8306011001006
<br/>TOTAL_PERSONAS(2017): 58
<br/>TOTAL_VIVIENDAS(2017): 17</p>]]></description>
<ExtendedData>
	<Data name="fid"><displayName>fid</displayName><value><![CDATA[10]]></value></Data>
	<Data name="NOM_COMUNA"><displayName>NOM_COMUNA</displayName><value><![CDATA[NACIMIENTO]]></value></Data>
	<Data name="MANZENT_I"><displayName>MANZENT_I</displayName><value><![CDATA[8306011001006]]></value></Data>
	<Data name="TOTAL_PERS"><displayName>TOTAL_PERS</displayName><value><![CDATA[58]]></value></Data>
	<Data name="TOTAL_VIVI"><displayName>TOTAL_VIVI</displayName><value><![CDATA[17]]></value></Data>
</ExtendedData>
<styleUrl>#style1</styleUrl>
<MultiGeometry>
	<Polygon>
		<outerBoundaryIs>
			<LinearRing>
				<tessellate>1</tessellate>
				<coordinates>
					-72.68771278888393,-37.49033068098816,0.000
					-72.68773133489074,-37.49033437896641,0.000
					-72.68775747488968,-37.49033391393537,0.000
					-72.68777666487125,-37.49032410691205,0.000
					-72.68791660672404,-37.490245740741244,0.000
					-72.68812126747149,-37.49011117149023,0.000
					-72.68822163335821,-37.49005086536752,0.000
					-72.68827569628917,-37.49001407430113,0.000
					-72.68830903822858,-37.489981744259566,0.000
					-72.68831948619373,-37.489963099246054,0.000
					-72.6883268711691,-37.48994992123645,0.000
					-72.68830519903092,-37.48987581025745,0.000
					-72.68833249756835,-37.489628071209495,0.000
					-72.68829456553713,-37.48961119725342,0.000
					-72.6875270851227,-37.48992215418251,0.000
					-72.68726964740013,-37.490069862496874,0.000
					-72.68726707543945,-37.49009089950125,0.000
					-72.68731812548438,-37.49011514944225,0.000
					-72.68735901152846,-37.49013893039534,0.000
					-72.68752019666107,-37.49021055220884,0.000
					-72.68763484376944,-37.49026904607663,0.000
					-72.68767374983753,-37.490305675032864,0.000
					-72.68768970586427,-37.49032004601483,0.000
					-72.6876982998716,-37.4903240060049,0.000
					-72.68771278888393,-37.49033068098816,0.000
				</coordinates>
			</LinearRing>
		</outerBoundaryIs>
	</Polygon>
</MultiGeometry>
</Placemark>

<Placemark>
<name>8306011001010</name>
<description><![CDATA[<p><br/>NOM_COMUNA: NACIMIENTO
<br/>MANZENT_CODIGO: 8306011001010
<br/>TOTAL_PERSONAS(2017): 322
<br/>TOTAL_VIVIENDAS(2017): 111</p>]]></description>
<ExtendedData>
	<Data name="fid"><displayName>fid</displayName><value><![CDATA[11]]></value></Data>
	<Data name="NOM_COMUNA"><displayName>NOM_COMUNA</displayName><value><![CDATA[NACIMIENTO]]></value></Data>
	<Data name="MANZENT_I"><displayName>MANZENT_I</displayName><value><![CDATA[8306011001010]]></value></Data>
	<Data name="TOTAL_PERS"><displayName>TOTAL_PERS</displayName><value><![CDATA[322]]></value></Data>
	<Data name="TOTAL_VIVI"><displayName>TOTAL_VIVI</displayName><value><![CDATA[111]]></value></Data>
</ExtendedData>
<styleUrl>#style1</styleUrl>
<MultiGeometry>
	<Polygon>
		<outerBoundaryIs>
			<LinearRing>
				<tessellate>1</tessellate>
				<coordinates>
					-72.67663152858832,-37.493883322345056,0.000
					-72.67684952668594,-37.49393636509003,0.000
					-72.67701396676041,-37.49397681889768,0.000
					-72.6770270297433,-37.49396770388161,0.000
					-72.67704310863311,-37.493908722858805,0.000
					-72.67706571263771,-37.493911273832225,0.000
					-72.67708852964239,-37.49391385180532,0.000
					-72.6770324022645,-37.49424690289293,0.000
					-72.67700721325572,-37.49424212592247,0.000
					-72.67698202924697,-37.49423735095205,0.000
					-72.67701315490473,-37.49405412290354,0.000
					-72.6770010328788,-37.494040186917005,0.000
					-72.67665720469016,-37.49393798731809,0.000
					-72.6764987986201,-37.493899905503405,0.000
					-72.67622793649834,-37.49383374582022,0.000
					-72.67582289131875,-37.49373619629409,0.000
					-72.67574656129116,-37.49372117638362,0.000
					-72.6757131342883,-37.49371952742311,0.000
					-72.67568497328847,-37.493719513456526,0.000
					-72.67566695729731,-37.493724205478124,0.000
					-72.67565337932501,-37.493738987495185,0.000
					-72.67563912539342,-37.49377556551442,0.000
					-72.67560244488604,-37.49403933757454,0.000
					-72.67555896248177,-37.494358307646294,0.000
					-72.67546712213614,-37.4947084987773,0.000
					-72.67542249046737,-37.4948857818414,0.000
					-72.67532085016016,-37.4952565059853,0.000
					-72.67532759017652,-37.49526528997792,0.000
					-72.67545303720202,-37.49527938483012,0.000
					-72.67552983221533,-37.49528675473956,0.000
					-72.67568138522832,-37.49529424356039,0.000
					-72.67587049825411,-37.495308690337176,0.000
					-72.67599406927688,-37.495321306191514,0.000
					-72.6761570242911,-37.49532946999891,0.000
					-72.67635549733214,-37.4953521197651,0.000
					-72.67635261235272,-37.49536314776924,0.000
					-72.67634972337335,-37.49537417577331,0.000
					-72.67615271733253,-37.495351644005396,0.000
					-72.6759901013183,-37.49534348719762,0.000
					-72.67586596529551,-37.495330860343984,0.000
					-72.67567809226998,-37.4953165285657,0.000
					-72.67552609025672,-37.49530893974537,0.000
					-72.67544771624323,-37.495301448837836,0.000
					-72.67532193021773,-37.495287347985986,0.000
					-72.67530801523161,-37.49529473300296,0.000
					-72.67522617771935,-37.49555572411647,0.000
					-72.67518243293593,-37.49567156517569,0.000
					-72.67515986200794,-37.495710051204846,0.000
					-72.6751442730409,-37.49572767722444,0.000
					-72.67512425807483,-37.49574575724932,0.000
					-72.67509692811333,-37.495766306283016,0.000
					-72.67506120116036,-37.49579137732693,0.000
					-72.67501740023052,-37.49582881438122,0.000
					-72.67500011726334,-37.49584631740279,0.000
					-72.67498634631626,-37.49587461342093,0.000
					-72.67497612036672,-37.49590162743478,0.000
					-72.67496796841495,-37.495927420446044,0.000
					-72.67496756550732,-37.495976887449636,0.000
					-72.67497185759609,-37.49602446344756,0.000
					-72.67497967260222,-37.49602777143853,0.000
					-72.67498726660801,-37.49603089442973,0.000
					-72.67501673960385,-37.49602877139466,0.000
					-72.67515959758212,-37.496017616224655,0.000
					-72.67523322558183,-37.49601771413738,0.000
					-72.67525317259287,-37.496023694114086,0.000
					-72.67526601662308,-37.4960398980999,0.000
					-72.67527692266093,-37.49606020908827,0.000
					-72.67529316775865,-37.496112617072335,0.000
					-72.67531885594838,-37.49621432404831,0.000
					-72.67534803511856,-37.49630555701948,0.000
					-72.67537839521755,-37.49635869298689,0.000
					-72.67540250126424,-37.4963837689599,0.000
					-72.67542871431333,-37.49641014893049,0.000
					-72.67552744049064,-37.49650545481952,0.000
					-72.67559439760608,-37.49656751174411,0.000
					-72.67567101174608,-37.49664273565807,0.000
					-72.67574396788845,-37.49671923957643,0.000
					-72.67580759402058,-37.496790243505494,0.000
					-72.6758332600414,-37.49680147247579,0.000
					-72.67612278876163,-37.49665262012321,0.000
					-72.67614389474379,-37.496643122097595,0.000
					-72.67615281574456,-37.49664356808706,0.000
					-72.67616307575331,-37.4966482760752,0.000
					-72.6761770007796,-37.49666242805954,0.000
					-72.67619289982333,-37.49668590104217,0.000
					-72.67621447587935,-37.49671597501856,0.000
					-72.67633589313408,-37.496852818883305,0.000
					-72.67649912549292,-37.497045548702005,0.000
					-72.67658549567201,-37.497141781605734,0.000
					-72.67661637276048,-37.49718924957213,0.000
					-72.6766382838508,-37.49723771354921,0.000
					-72.67668048700641,-37.49732118150448,0.000
					-72.67669598706051,-37.49735023448793,0.000
					-72.67670677107854,-37.497359908475765,0.000
					-72.6767259940855,-37.4973637114532,0.000
					-72.67675200807858,-37.49736007742213,0.000
					-72.67680386904749,-37.49734361535967,0.000
					-72.67702231087374,-37.49725130709488,0.000
					-72.67714526775653,-37.49718893194525,0.000
					-72.67725102264683,-37.49713054381618,0.000
					-72.67735873753485,-37.49707093268476,0.000
					-72.67745902642734,-37.49701369856228,0.000
					-72.67754318832388,-37.49695857945901,0.000
					-72.67763533820252,-37.496893885345685,0.000
					-72.67769952111041,-37.496844772266535,0.000
					-72.67776002902846,-37.49680108419203,0.000
					-72.67808163952562,-37.49653286979387,0.000
					-72.6781218124628,-37.49649936674414,0.000
					-72.67812835344766,-37.49649127273587,0.000
					-72.67814507040893,-37.49647058971476,0.000
					-72.67815577238413,-37.49645734670128,0.000
					-72.67815780237939,-37.49645483569871,0.000
					-72.67818067428237,-37.4964029266683,0.000
					-72.67819271321864,-37.496368855651866,0.000
					-72.67819779819175,-37.49635446564492,0.000
					-72.67821799008495,-37.4962973226174,0.000
					-72.67826209585972,-37.49617683955751,0.000
					-72.67823937485562,-37.49617455658428,0.000
					-72.67821783185171,-37.49617239060968,0.000
					-72.67784008477231,-37.496128570054665,0.000
					-72.677843342739,-37.49611074004962,0.000
					-72.67784660070568,-37.496092910044645,0.000
					-72.67827464279564,-37.496142565540445,0.000
					-72.67831461359151,-37.496033376486174,0.000
					-72.6783235865415,-37.49600660747385,0.000
					-72.6783239625406,-37.4960061264734,0.000
					-72.67767737338404,-37.49592007623428,0.000
					-72.67768848835264,-37.495903287220074,0.000
					-72.67769960332123,-37.49588649920586,0.000
					-72.67835982848105,-37.49597436342884,0.000
					-72.67836113448003,-37.4959738224273,0.000
					-72.67916432266385,-37.49607504348174,0.000
					-72.67921681259476,-37.49603822641719,0.000
					-72.67937375261717,-37.496050773231936,0.000
					-72.6794026886795,-37.4960842351998,0.000
					-72.67961457273717,-37.496115884950655,0.000
					-72.6796662557645,-37.49613068889032,0.000
					-72.6797403628103,-37.49615548480404,0.000
					-72.67975875881943,-37.49616044278258,0.000
					-72.67976892382028,-37.49616091277055,0.000
					-72.67978313580892,-37.4961548837533,0.000
					-72.67980121478253,-37.49614082073099,0.000
					-72.67993310750806,-37.49599426756543,0.000
					-72.68005575823166,-37.495846632410725,0.000
					-72.68019032493218,-37.495686704241116,0.000
					-72.6803212256424,-37.495531931076236,0.000
					-72.68048317728051,-37.495338656872036,0.000
					-72.6808039876135,-37.494982506469334,0.000
					-72.68081452158522,-37.49496739345592,0.000
					-72.68081152657483,-37.49496183745909,0.000
					-72.68080138155234,-37.49494974247036,0.000
					-72.68078503353571,-37.494940769489205,0.000
					-72.68076155652608,-37.49493553251665,0.000
					-72.68045953040091,-37.49486741887033,0.000
					-72.6801745802962,-37.49481036320446,0.000
					-72.67981119116833,-37.49474059163071,0.000
					-72.67937907001158,-37.49465513913745,0.000
					-72.67938704696391,-37.49462964012639,0.000
					-72.67939501191634,-37.49460417611537,0.000
					-72.68027221224632,-37.49478398508709,0.000
					-72.68081877646486,-37.4949029524468,0.000
					-72.68083721147164,-37.49490664942519,0.000
					-72.68085503447439,-37.49490817040416,0.000
					-72.68087212747338,-37.49490769538383,0.000
					-72.68087921446886,-37.49490531137532,0.000
					-72.68088895846093,-37.494901086363505,0.000
					-72.68090365243413,-37.494886776345155,0.000
					-72.68120208477285,-37.494533609969174,0.000
					-72.6817147976828,-37.49395151532478,0.000
					-72.68164284650686,-37.493857011404096,0.000
					-72.6815035998331,-37.493495609546294,0.000
					-72.681429359379,-37.493252096618924,0.000
					-72.68135755995515,-37.493024761689625,0.000
					-72.68129603264845,-37.49286026075219,0.000
					-72.68119423117197,-37.49260467085672,0.000
					-72.6810559983486,-37.49216308399265,0.000
					-72.68097275287174,-37.49190731807515,0.000
					-72.68092684762556,-37.491775295121215,0.000
					-72.68090234538447,-37.491646036142086,0.000
					-72.68090985820405,-37.491549398127084,0.000
					-72.68097001100669,-37.49144388004914,0.000
					-72.6811184826182,-37.491236281860026,0.000
					-72.68077454440261,-37.491119583260286,0.000
					-72.68048263221402,-37.4910175135998,0.000
					-72.68018417603815,-37.49092225394747,0.000
					-72.67977192078264,-37.49078393342728,0.000
					-72.679265919501,-37.49063130801731,0.000
					-72.67813881075472,-37.49022760032749,0.000
					-72.67789176159116,-37.49013911261471,0.000
					-72.67775884954678,-37.49011486477065,0.000
					-72.67775809954648,-37.490114710771564,0.000
					-72.67766172550589,-37.49009264088438,0.000
					-72.67765888350421,-37.49009171288767,0.000
					-72.67730318621909,-37.489937761299444,0.000
					-72.67713128119071,-37.489921967502205,0.000
					-72.67712794018956,-37.489921325506096,0.000
					-72.6768689810469,-37.48984401380811,0.000
					-72.67656368789967,-37.48976409816483,0.000
					-72.67656133789815,-37.489763289167534,0.000
					-72.67640311377099,-37.48969460735071,0.000
					-72.67640070576854,-37.48969328835349,0.000
					-72.67626955260305,-37.489604188503314,0.000
					-72.67625495466655,-37.48963813952275,0.000
					-72.67623786172886,-37.48967150754512,0.000
					-72.67611315510875,-37.48987461070574,0.000
					-72.67600070045908,-37.49006191485087,0.000
					-72.67589162181031,-37.49024973499202,0.000
					-72.67572636233047,-37.49052782920548,0.000
					-72.67570258039379,-37.490561696235766,0.000
					-72.67567750447377,-37.49060445826821,0.000
					-72.6756513035806,-37.490661618302866,0.000
					-72.6756408596511,-37.49069935131764,0.000
					-72.67564372070348,-37.49072743431604,0.000
					-72.67566081674995,-37.490752373297354,0.000
					-72.67570520580763,-37.49078343624672,0.000
					-72.67578858488726,-37.490826351150616,0.000
					-72.67593772605171,-37.49091498897949,0.000
					-72.67598297811868,-37.49095102492813,0.000
					-72.67601465817904,-37.49098345989263,0.000
					-72.67602586426014,-37.4910269368821,0.000
					-72.67601938134406,-37.49107186789263,0.000
					-72.67600555350256,-37.49115675691438,0.000
					-72.67596326883567,-37.491335077975805,0.000
					-72.67591389525526,-37.491559670048524,0.000
					-72.67588908250998,-37.49169607008652,0.000
					-72.67586682670616,-37.49180106911958,0.000
					-72.67584541602844,-37.49197367315589,0.000
					-72.67581671252432,-37.49223922520665,0.000
					-72.67579140219038,-37.492595952259244,0.000
					-72.67575836066143,-37.492848171314364,0.000
					-72.67572906927438,-37.49317643336991,0.000
					-72.67566819983442,-37.493476226460956,0.000
					-72.67564841597698,-37.493552527489264,0.000
					-72.67564661198347,-37.493556006491616,0.000
					-72.67566163402549,-37.49357856147523,0.000
					-72.67565126312562,-37.493632156490904,0.000
					-72.67565163213737,-37.493638472490865,0.000
					-72.67565730914971,-37.49364507248456,0.000
					-72.67566230315542,-37.493648144478875,0.000
					-72.67578799320702,-37.49367621233169,0.000
					-72.67597508728602,-37.493719186112656,0.000
					-72.67616552236822,-37.493763847889774,0.000
					-72.67632907644149,-37.493803653698464,0.000
					-72.67646394450561,-37.49383848054081,0.000
					-72.67663152858832,-37.493883322345056,0.000
				</coordinates>
			</LinearRing>
		</outerBoundaryIs>
	</Polygon>
</MultiGeometry>
</Placemark>

<Placemark>
<name>8306011004009</name>
<description><![CDATA[<p><br/>NOM_COMUNA: NACIMIENTO
<br/>MANZENT_CODIGO: 8306011004009
<br/>TOTAL_PERSONAS(2017): 50
<br/>TOTAL_VIVIENDAS(2017): 14</p>]]></description>
<ExtendedData>
	<Data name="fid"><displayName>fid</displayName><value><![CDATA[12]]></value></Data>
	<Data name="NOM_COMUNA"><displayName>NOM_COMUNA</displayName><value><![CDATA[NACIMIENTO]]></value></Data>
	<Data name="MANZENT_I"><displayName>MANZENT_I</displayName><value><![CDATA[8306011004009]]></value></Data>
	<Data name="TOTAL_PERS"><displayName>TOTAL_PERS</displayName><value><![CDATA[50]]></value></Data>
	<Data name="TOTAL_VIVI"><displayName>TOTAL_VIVI</displayName><value><![CDATA[14]]></value></Data>
</ExtendedData>
<styleUrl>#style1</styleUrl>
<MultiGeometry>
	<Polygon>
		<outerBoundaryIs>
			<LinearRing>
				<tessellate>1</tessellate>
				<coordinates>
					-72.68597771273522,-37.49185194914019,0.000
					-72.68629767980077,-37.4918882287633,0.000
					-72.68631419979334,-37.49188431674346,0.000
					-72.68644434452202,-37.49120368554633,0.000
					-72.68642959246357,-37.49117230556184,0.000
					-72.68641883645748,-37.49116903057439,0.000
					-72.68639236543757,-37.491158238605074,0.000
					-72.68634464541697,-37.49114703066095,0.000
					-72.68608119269523,-37.491295157982464,0.000
					-72.686066772774,-37.49133732100222,0.000
					-72.68605817883548,-37.491370225014485,0.000
					-72.68596922171527,-37.49184123914957,0.000
					-72.68597771273522,-37.49185194914019,0.000
				</coordinates>
			</LinearRing>
		</outerBoundaryIs>
	</Polygon>
</MultiGeometry>
</Placemark>

<Placemark>
<name>8306011004008</name>
<description><![CDATA[<p><br/>NOM_COMUNA: NACIMIENTO
<br/>MANZENT_CODIGO: 8306011004008
<br/>TOTAL_PERSONAS(2017): 52
<br/>TOTAL_VIVIENDAS(2017): 18</p>]]></description>
<ExtendedData>
	<Data name="fid"><displayName>fid</displayName><value><![CDATA[13]]></value></Data>
	<Data name="NOM_COMUNA"><displayName>NOM_COMUNA</displayName><value><![CDATA[NACIMIENTO]]></value></Data>
	<Data name="MANZENT_I"><displayName>MANZENT_I</displayName><value><![CDATA[8306011004008]]></value></Data>
	<Data name="TOTAL_PERS"><displayName>TOTAL_PERS</displayName><value><![CDATA[52]]></value></Data>
	<Data name="TOTAL_VIVI"><displayName>TOTAL_VIVI</displayName><value><![CDATA[18]]></value></Data>
</ExtendedData>
<styleUrl>#style1</styleUrl>
<MultiGeometry>
	<Polygon>
		<outerBoundaryIs>
			<LinearRing>
				<tessellate>1</tessellate>
				<coordinates>
					-72.68635925981755,-37.491897455690854,0.000
					-72.68667702589316,-37.491939097316944,0.000
					-72.68669941586586,-37.49192457628948,0.000
					-72.68680309775861,-37.49133174212928,0.000
					-72.6867820807097,-37.49130546615251,0.000
					-72.68650891450848,-37.491196659469374,0.000
					-72.68647666554384,-37.49121549350878,0.000
					-72.68635197278644,-37.4918807306985,0.000
					-72.68635925981755,-37.491897455690854,0.000
				</coordinates>
			</LinearRing>
		</outerBoundaryIs>
	</Polygon>
</MultiGeometry>
</Placemark>

<Placemark>
<name>8306011004003</name>
<description><![CDATA[<p><br/>NOM_COMUNA: NACIMIENTO
<br/>MANZENT_CODIGO: 8306011004003
<br/>TOTAL_PERSONAS(2017): 105
<br/>TOTAL_VIVIENDAS(2017): 31</p>]]></description>
<ExtendedData>
	<Data name="fid"><displayName>fid</displayName><value><![CDATA[14]]></value></Data>
	<Data name="NOM_COMUNA"><displayName>NOM_COMUNA</displayName><value><![CDATA[NACIMIENTO]]></value></Data>
	<Data name="MANZENT_I"><displayName>MANZENT_I</displayName><value><![CDATA[8306011004003]]></value></Data>
	<Data name="TOTAL_PERS"><displayName>TOTAL_PERS</displayName><value><![CDATA[105]]></value></Data>
	<Data name="TOTAL_VIVI"><displayName>TOTAL_VIVI</displayName><value><![CDATA[31]]></value></Data>
</ExtendedData>
<styleUrl>#style1</styleUrl>
<MultiGeometry>
	<Polygon>
		<outerBoundaryIs>
			<LinearRing>
				<tessellate>1</tessellate>
				<coordinates>
					-72.68966097645077,-37.49171301876642,0.000
					-72.68948254636747,-37.49220346200871,0.000
					-72.68947782340017,-37.4922209430154,0.000
					-72.68948557343751,-37.492241011007515,0.000
					-72.68950075846304,-37.49225473499036,0.000
					-72.68951710747969,-37.49226370697154,0.000
					-72.6895482675102,-37.492280176935644,0.000
					-72.68993242791404,-37.49249793749405,0.000
					-72.69040249838874,-37.49275396595308,0.000
					-72.69042274239554,-37.49275769592932,0.000
					-72.69044076139325,-37.49275651590792,0.000
					-72.69045767337572,-37.49274720488724,0.000
					-72.69049086131763,-37.49271622284598,0.000
					-72.69062520802305,-37.49255889167689,0.000
					-72.69079306664379,-37.49235634546521,0.000
					-72.69095082628026,-37.49216216326606,0.000
					-72.69108903895679,-37.49198940709134,0.000
					-72.69110651690501,-37.491961722068936,0.000
					-72.69110965787227,-37.49194421006411,0.000
					-72.69110555784664,-37.49193043206805,0.000
					-72.69109818582047,-37.49191641007599,0.000
					-72.69109272880856,-37.49190999508198,0.000
					-72.69076890548995,-37.491738116454954,0.000
					-72.69067691640396,-37.49169170956103,0.000
					-72.69044841297013,-37.491994180850845,0.000
					-72.69043624595946,-37.491988392864954,0.000
					-72.69042411394875,-37.49198262087898,0.000
					-72.69065296938173,-37.49167970558869,0.000
					-72.69052511726186,-37.49161500573613,0.000
					-72.69039041957622,-37.49178291990629,0.000
					-72.69035301354242,-37.49176467294953,0.000
					-72.69049333623057,-37.49159813977273,0.000
					-72.69049259722988,-37.491597744773614,0.000
					-72.69035533009387,-37.49152437893163,0.000
					-72.69012782588007,-37.49140899419401,0.000
					-72.68988259064442,-37.49128181647664,0.000
					-72.68986758363555,-37.49127701649413,0.000
					-72.68985033663905,-37.491278842514696,0.000
					-72.68984041867124,-37.49129604152749,0.000
					-72.68980104381639,-37.491373672579044,0.000
					-72.68972280513736,-37.49154534868254,0.000
					-72.68966097645077,-37.49171301876642,0.000
				</coordinates>
			</LinearRing>
		</outerBoundaryIs>
	</Polygon>
</MultiGeometry>
</Placemark>

<Placemark>
<name>8306011004504</name>
<description><![CDATA[<p><br/>NOM_COMUNA: NACIMIENTO
<br/>MANZENT_CODIGO: 8306011004504
<br/>TOTAL_PERSONAS(2017): 793
<br/>TOTAL_VIVIENDAS(2017): 245</p>]]></description>
<ExtendedData>
	<Data name="fid"><displayName>fid</displayName><value><![CDATA[15]]></value></Data>
	<Data name="NOM_COMUNA"><displayName>NOM_COMUNA</displayName><value><![CDATA[NACIMIENTO]]></value></Data>
	<Data name="MANZENT_I"><displayName>MANZENT_I</displayName><value><![CDATA[8306011004504]]></value></Data>
	<Data name="TOTAL_PERS"><displayName>TOTAL_PERS</displayName><value><![CDATA[793]]></value></Data>
	<Data name="TOTAL_VIVI"><displayName>TOTAL_VIVI</displayName><value><![CDATA[245]]></value></Data>
</ExtendedData>
<styleUrl>#style1</styleUrl>
<MultiGeometry>
	<Polygon>
		<outerBoundaryIs>
			<LinearRing>
				<tessellate>1</tessellate>
				<coordinates>
					-72.68614820939828,-37.498635442365526,0.000
					-72.6861491623962,-37.49863430936432,0.000
					-72.68618504934616,-37.49860766232013,0.000
					-72.68622937930533,-37.4985859562662,0.000
					-72.6862484412674,-37.49856569324238,0.000
					-72.68626469918013,-37.49851901522011,0.000
					-72.68629492713717,-37.498496132182844,0.000
					-72.68631204305964,-37.498454653159946,0.000
					-72.68632949196189,-37.498402366135956,0.000
					-72.68632931289898,-37.498368669134045,0.000
					-72.68632915184224,-37.49833828613235,0.000
					-72.68634447467127,-37.49824680210844,0.000
					-72.68635767561717,-37.49821787009095,0.000
					-72.68635556356146,-37.49818803709159,0.000
					-72.68638198849543,-37.498152733058035,0.000
					-72.68639026238147,-37.49809175104437,0.000
					-72.68641610729574,-37.49804593701085,0.000
					-72.68645015920283,-37.497996273967345,0.000
					-72.686508809103,-37.497943036894505,0.000
					-72.68652380806436,-37.49792238187542,0.000
					-72.68652576799552,-37.49788553587077,0.000
					-72.68652991694124,-37.49785648686405,0.000
					-72.6865305608441,-37.49780445686,0.000
					-72.68653651174756,-37.497752774849694,0.000
					-72.68653790172505,-37.497740706847246,0.000
					-72.68655610068448,-37.49771907482433,0.000
					-72.68653087950842,-37.49762467884829,0.000
					-72.68653099649492,-37.497617443847695,0.000
					-72.68653144244354,-37.49758992684546,0.000
					-72.68654045838556,-37.497558922832816,0.000
					-72.6865587143331,-37.49753087080942,0.000
					-72.68658424028385,-37.497504583777484,0.000
					-72.68662008224157,-37.4974820807336,0.000
					-72.68671375217833,-37.49744854462042,0.000
					-72.68675734313085,-37.497423264567175,0.000
					-72.6867880630718,-37.49739176252877,0.000
					-72.68680897301437,-37.497361081502035,0.000
					-72.68683105194101,-37.49732186247343,0.000
					-72.68685359585653,-37.49727670444389,0.000
					-72.68689619167769,-37.497181068387356,0.000
					-72.68690385164464,-37.497163403377144,0.000
					-72.68691500559655,-37.49713768436235,0.000
					-72.68693193553018,-37.49710219434002,0.000
					-72.68694712848334,-37.49707716932044,0.000
					-72.68697099243711,-37.49705249429057,0.000
					-72.68702432636633,-37.49701478822503,0.000
					-72.68705955735251,-37.497007503182786,0.000
					-72.68708409931824,-37.49698923915254,0.000
					-72.68709487226513,-37.49696083813798,0.000
					-72.68711465022149,-37.496937524113086,0.000
					-72.68713111516955,-37.4969097750918,0.000
					-72.68714315011195,-37.49687896607565,0.000
					-72.68714973405233,-37.496847058065796,0.000
					-72.68715041699389,-37.49681575506307,0.000
					-72.68713758682928,-37.49672754907266,0.000
					-72.68713414577745,-37.49669977107498,0.000
					-72.68713205272611,-37.49667228907572,0.000
					-72.68713182967466,-37.49664470907427,0.000
					-72.68713417462172,-37.49661636706975,0.000
					-72.68714001156619,-37.496586653060916,0.000
					-72.68714996950771,-37.49655535204716,0.000
					-72.68716377744889,-37.49652390102883,0.000
					-72.68718103639338,-37.4964942300065,0.000
					-72.68720085034407,-37.496467897981354,0.000
					-72.68720447833677,-37.4964639979768,0.000
					-72.68723863726797,-37.49642727493401,0.000
					-72.68725752622844,-37.496406173910266,0.000
					-72.6872781281657,-37.49637264788376,0.000
					-72.68729380809799,-37.496336434862904,0.000
					-72.68730218104642,-37.496308842851214,0.000
					-72.68731563689252,-37.49622646883009,0.000
					-72.68732233284317,-37.49620006082049,0.000
					-72.6873319087941,-37.49617379880749,0.000
					-72.68734455674392,-37.4961469657908,0.000
					-72.68739293864253,-37.496092851730054,0.000
					-72.68739748856909,-37.496053514722185,0.000
					-72.68741684249628,-37.49601460169678,0.000
					-72.68743429941858,-37.49597303967349,0.000
					-72.68743468641634,-37.495971833672954,0.000
					-72.68744768834057,-37.495931306655,0.000
					-72.68745514326584,-37.495891305643646,0.000
					-72.68747276719168,-37.49585163862026,0.000
					-72.68746819211954,-37.49581297862325,0.000
					-72.68745758104991,-37.4957756426335,0.000
					-72.68744174298178,-37.49573910464996,0.000
					-72.68742182691408,-37.495702757671275,0.000
					-72.6873484617492,-37.4956141697526,0.000
					-72.68733780972522,-37.49560130676442,0.000
					-72.68731682566396,-37.49556840878725,0.000
					-72.68729886360461,-37.49553656080654,0.000
					-72.68728445954552,-37.4955048728216,0.000
					-72.68727380548532,-37.49547258183221,0.000
					-72.68726608542555,-37.49544052983935,0.000
					-72.68727085531144,-37.49537943282983,0.000
					-72.68724283716602,-37.49530142785809,0.000
					-72.68724302705337,-37.49524109885413,0.000
					-72.68723223700336,-37.49521425686521,0.000
					-72.68722924294161,-37.49518117086665,0.000
					-72.68722741487773,-37.49514693486668,0.000
					-72.68724007478747,-37.495098652848604,0.000
					-72.68724439975666,-37.49508215784244,0.000
					-72.68724865060886,-37.495003027832446,0.000
					-72.68725051555761,-37.494975577828505,0.000
					-72.68725322249647,-37.49494282882323,0.000
					-72.6872574314324,-37.49490852181604,0.000
					-72.68725775542744,-37.49490587881555,0.000
					-72.68726517535484,-37.49486700380428,0.000
					-72.68727621528217,-37.49482810878875,0.000
					-72.68727500120505,-37.4947868107876,0.000
					-72.68729102513875,-37.494751347766346,0.000
					-72.6873075550794,-37.494719634744776,0.000
					-72.68732328002437,-37.494690204724286,0.000
					-72.68733661796999,-37.494661132706646,0.000
					-72.6873465989135,-37.49463091369292,0.000
					-72.68737534866564,-37.494498237650475,0.000
					-72.68739065860441,-37.49446550863025,0.000
					-72.68739031554011,-37.49443103262849,0.000
					-72.68739807348119,-37.49439950861733,0.000
					-72.68740655142666,-37.494370340605464,0.000
					-72.68741618837733,-37.49434394459237,0.000
					-72.68742712933116,-37.49431924157784,0.000
					-72.68745342423865,-37.494269786543555,0.000
					-72.68746923819184,-37.49424477352327,0.000
					-72.68748705014738,-37.49422101550066,0.000
					-72.68750705510696,-37.49419946347558,0.000
					-72.68752909307017,-37.49417984444822,0.000
					-72.68755283903616,-37.494161700418964,0.000
					-72.6876033659726,-37.494127814356894,0.000
					-72.68762859894093,-37.49411096032598,0.000
					-72.68764145293483,-37.49410774331051,0.000
					-72.68766416192406,-37.49410205928327,0.000
					-72.68768749788744,-37.49408251025437,0.000
					-72.68769556983352,-37.49405365124299,0.000
					-72.68771313679012,-37.49403047422073,0.000
					-72.68772775474385,-37.49400575320183,0.000
					-72.68775419970385,-37.49398441716912,0.000
					-72.68776268665563,-37.493958629157426,0.000
					-72.68775245660403,-37.493930943167854,0.000
					-72.68775507755493,-37.493904635163055,0.000
					-72.68775582344477,-37.49384562315845,0.000
					-72.68775595343804,-37.49384202215806,0.000
					-72.68775699738396,-37.49381306815506,0.000
					-72.6877604323198,-37.49377871014876,0.000
					-72.68777303218349,-37.493705737129254,0.000
					-72.68783931461115,-37.49339937303142,0.000
					-72.68784033260276,-37.493394897029916,0.000
					-72.68784971652573,-37.49335366201624,0.000
					-72.68786165043993,-37.493307755999176,0.000
					-72.68787461835664,-37.493263175981,0.000
					-72.68790317328471,-37.49322475894474,0.000
					-72.68792089919256,-37.49317545692065,0.000
					-72.68792952414775,-37.49315146890893,0.000
					-72.6879584200073,-37.49307633586995,0.000
					-72.68795927292486,-37.49303219486614,0.000
					-72.68799259977979,-37.492954580821745,0.000
					-72.6880098877156,-37.49292026879908,0.000
					-72.68802788066016,-37.49289061177592,0.000
					-72.68804706261474,-37.492866385751675,0.000
					-72.68809105757686,-37.49284624969822,0.000
					-72.68811882051182,-37.49281151166316,0.000
					-72.68814849148197,-37.49279560162701,0.000
					-72.68817981345471,-37.49278112058898,0.000
					-72.6882458744057,-37.49275510750904,0.000
					-72.68828146437687,-37.492739808465906,0.000
					-72.688319319341,-37.49272072441981,0.000
					-72.68835846329897,-37.492698330372036,0.000
					-72.6883694942859,-37.49269137935852,0.000
					-72.68839785225235,-37.49267350832379,0.000
					-72.68843609620318,-37.49264731127681,0.000
					-72.68847119415275,-37.492620422233536,0.000
					-72.68850097710235,-37.49259352019654,0.000
					-72.68852373205293,-37.49256715516793,0.000
					-72.68853992600364,-37.49254079714706,0.000
					-72.68855037195313,-37.492513786132996,0.000
					-72.6885557689003,-37.49248550512478,0.000
					-72.68857237884296,-37.49245483010318,0.000
					-72.68856817078277,-37.492422575106126,0.000
					-72.68855931972296,-37.4923905001146,0.000
					-72.68854725166625,-37.492360075127024,0.000
					-72.6885276475968,-37.49232278814784,0.000
					-72.68850653754055,-37.492292604171,0.000
					-72.68848845949391,-37.492267542190824,0.000
					-72.68848832049389,-37.492267526190986,0.000
					-72.68846198348825,-37.49226441322201,0.000
					-72.68844734048567,-37.49226297223928,0.000
					-72.68834652046783,-37.492253051358134,0.000
					-72.68825034043704,-37.492236208471084,0.000
					-72.68814991640986,-37.49222126558916,0.000
					-72.68809598641595,-37.49222435465324,0.000
					-72.68806931742849,-37.492230951685286,0.000
					-72.68805013044674,-37.49224066970864,0.000
					-72.68802302050652,-37.49227258074279,0.000
					-72.68799934556367,-37.492303117772764,0.000
					-72.68796014763632,-37.49234191182162,0.000
					-72.6879298456908,-37.492370966859404,0.000
					-72.68788073474063,-37.492397491919284,0.000
					-72.68783061577616,-37.492416335979804,0.000
					-72.68777874877375,-37.49241487004124,0.000
					-72.68774190375655,-37.492405512084304,0.000
					-72.6877136427222,-37.49238699211662,0.000
					-72.68770086169047,-37.49236995313067,0.000
					-72.68769507966005,-37.49235364013651,0.000
					-72.68769467061772,-37.49233095313555,0.000
					-72.68769453261432,-37.49232914113562,0.000
					-72.68770492951893,-37.49227806712006,0.000
					-72.6877069414998,-37.49226783311704,0.000
					-72.68775442228166,-37.492151160053446,0.000
					-72.68773300924305,-37.492130374077526,0.000
					-72.6872406540775,-37.49203989565533,0.000
					-72.68720440510855,-37.49205639869931,0.000
					-72.6871823923183,-37.492168703732474,0.000
					-72.68715257431154,-37.492164962767596,0.000
					-72.68712279330475,-37.49216122880263,0.000
					-72.68725672710484,-37.49151888060347,0.000
					-72.68724321006052,-37.491495094617946,0.000
					-72.68686585977919,-37.49134297405558,0.000
					-72.68684185780133,-37.49135476008478,0.000
					-72.6867289639255,-37.49195660625648,0.000
					-72.68670872695938,-37.49197468428158,0.000
					-72.68663666294232,-37.49196527536641,0.000
					-72.68631244286546,-37.49192294274797,0.000
					-72.6859372347964,-37.49188458919018,0.000
					-72.68592559276863,-37.49186967220307,0.000
					-72.68602413684255,-37.49137388405507,0.000
					-72.68598637578727,-37.49134412609791,0.000
					-72.68549143033263,-37.49163451670281,0.000
					-72.68521086563341,-37.491794653045375,0.000
					-72.68493594994123,-37.4919585943815,0.000
					-72.68489163298791,-37.491983407435626,0.000
					-72.68485383302763,-37.49200457148173,0.000
					-72.68451530038371,-37.49219411389486,0.000
					-72.68447229643338,-37.492220575947556,0.000
					-72.68446310846927,-37.49223977095964,0.000
					-72.68446485050752,-37.492260261958855,0.000
					-72.684473103535,-37.492275022949975,0.000
					-72.68486852513914,-37.49260008050184,0.000
					-72.68502921037913,-37.492729215319564,0.000
					-72.68507744543021,-37.49275674626414,0.000
					-72.68509737844205,-37.49276317424092,0.000
					-72.68512212944297,-37.49276375021162,0.000
					-72.68514782442101,-37.49275208818047,0.000
					-72.68519515634893,-37.4927136341219,0.000
					-72.68534144409877,-37.492580153940125,0.000
					-72.68536845806544,-37.49256238990699,0.000
					-72.68540809503465,-37.492546044858976,0.000
					-72.68544468101743,-37.492536938815036,0.000
					-72.68548390801826,-37.49253752776862,0.000
					-72.6855343780162,-37.49253662470876,0.000
					-72.68569316003628,-37.49254793752131,0.000
					-72.6857025720142,-37.49253613650937,0.000
					-72.6857771044187,-37.49221740940098,0.000
					-72.68581232512842,-37.492062016349436,0.000
					-72.68583545313619,-37.4920662563223,0.000
					-72.68585854714392,-37.49207049129516,0.000
					-72.68574890802972,-37.492544614454985,0.000
					-72.68576732505801,-37.49255984443415,0.000
					-72.68607459711863,-37.49259344307211,0.000
					-72.68609076107808,-37.49257177105157,0.000
					-72.68620161520764,-37.49210587189085,0.000
					-72.68622104821314,-37.49210886486803,0.000
					-72.68624044921857,-37.492111859845195,0.000
					-72.68612358808986,-37.49257818101304,0.000
					-72.68613483612766,-37.492598498001016,0.000
					-72.68645073318656,-37.49263118262869,0.000
					-72.68646515914847,-37.4926108286103,0.000
					-72.68657400828286,-37.49214750345211,0.000
					-72.68659631529052,-37.492151687425974,0.000
					-72.68661853829819,-37.492155856399876,0.000
					-72.68649743917284,-37.49262398757294,0.000
					-72.68651585620111,-37.49263921755204,0.000
					-72.68666951623705,-37.49265900937115,0.000
					-72.68667536523826,-37.49265967936429,0.000
					-72.68670550424449,-37.49266312832876,0.000
					-72.68707775632325,-37.492706688890365,0.000
					-72.6870836033245,-37.49270737288347,0.000
					-72.68717505934387,-37.49271807477575,0.000
					-72.68717697134427,-37.49271829777353,0.000
					-72.68717911834472,-37.492718549770956,0.000
					-72.68717652937092,-37.492732592774935,0.000
					-72.68717613539471,-37.49274532677617,0.000
					-72.68717530144517,-37.492772346778885,0.000
					-72.6871733564451,-37.49277230878119,0.000
					-72.68716926944451,-37.49277196978601,0.000
					-72.68716747344425,-37.49277182178809,0.000
					-72.68709645842922,-37.492763510871754,0.000
					-72.68703929744193,-37.49330581797365,0.000
					-72.68701839011842,-37.49366813602128,0.000
					-72.68699580111705,-37.49366730704796,0.000
					-72.68697321111566,-37.49366648107472,0.000
					-72.68699413843848,-37.49330382302705,0.000
					-72.68699419443723,-37.49330314202693,0.000
					-72.68705162641972,-37.49275826492457,0.000
					-72.68668813534276,-37.492715729352696,0.000
					-72.68649396667486,-37.49449996869516,0.000
					-72.68650494470653,-37.49451698768327,0.000
					-72.68668045573779,-37.49453435747633,0.000
					-72.68667627578786,-37.49456117648301,0.000
					-72.68667209483802,-37.49458799848964,0.000
					-72.68649716480682,-37.49457066669584,0.000
					-72.68648244383093,-37.49458353071415,0.000
					-72.68639415682479,-37.49511555985228,0.000
					-72.68637173782054,-37.4951131968787,0.000
					-72.68634931881627,-37.49511083690511,0.000
					-72.6864374388243,-37.494579816767235,0.000
					-72.68642713579432,-37.4945637287784,0.000
					-72.68610087073621,-37.49453140116306,0.000
					-72.68607789078393,-37.49455690119189,0.000
					-72.68601041175468,-37.4950766333046,0.000
					-72.68598791875135,-37.495074778331144,0.000
					-72.68596542474805,-37.49507292635772,0.000
					-72.68603317477343,-37.49455110824451,0.000
					-72.68602462974168,-37.494534077253604,0.000
					-72.68601891570616,-37.49451503125914,0.000
					-72.68598292969983,-37.49451150930159,0.000
					-72.68573582064579,-37.49448166459259,0.000
					-72.68571715765805,-37.494488148615105,0.000
					-72.68570035770188,-37.49451158563648,0.000
					-72.68561280967788,-37.495034061773175,0.000
					-72.68559039567357,-37.495031676799584,0.000
					-72.68556798066928,-37.495029293826,0.000
					-72.68565528669598,-37.494508258689685,0.000
					-72.68564615464291,-37.49447980069873,0.000
					-72.68564316062552,-37.494470472701714,0.000
					-72.6855790686115,-37.49446273177713,0.000
					-72.68536836056542,-37.4944372830253,0.000
					-72.68535955756361,-37.49443629903568,0.000
					-72.68535821056338,-37.49443614803727,0.000
					-72.68534262057109,-37.494440238055965,0.000
					-72.68531065162017,-37.49446639909554,0.000
					-72.68523166661656,-37.49499983322276,0.000
					-72.68520920861276,-37.494997721249234,0.000
					-72.68518675060893,-37.49499561127574,0.000
					-72.6852664896031,-37.49445708314725,0.000
					-72.68526254758964,-37.49444989615149,0.000
					-72.68525131754178,-37.49442420416317,0.000
					-72.68501624449434,-37.49439793744015,0.000
					-72.68496446648594,-37.494393252501204,0.000
					-72.68496168848547,-37.49439300150446,0.000
					-72.68493604949396,-37.494397454535154,0.000
					-72.68492461050334,-37.494402441549056,0.000
					-72.6849053925381,-37.494420973572936,0.000
					-72.68483853054043,-37.494957656686026,0.000
					-72.68479685353246,-37.49495323773515,0.000
					-72.68485953052702,-37.49441489662695,0.000
					-72.68485105049318,-37.49439672263586,0.000
					-72.6848368384652,-37.49438170565176,0.000
					-72.6847339384485,-37.49437239577313,0.000
					-72.68468662544647,-37.494371128829094,0.000
					-72.6846461304447,-37.49437004287704,0.000
					-72.6846170244472,-37.49437127491159,0.000
					-72.68458866947279,-37.494384866946056,0.000
					-72.68457539151312,-37.49440641996318,0.000
					-72.68456914053212,-37.494416566971175,0.000
					-72.68440342928605,-37.494819837193056,0.000
					-72.6842815387291,-37.49505670835242,0.000
					-72.68416038421641,-37.49531729551247,0.000
					-72.68408683652625,-37.49548302061007,0.000
					-72.68408173554747,-37.495494365616864,0.000
					-72.68407408458613,-37.495515032627225,0.000
					-72.68407012862016,-37.49553324863306,0.000
					-72.68408520264549,-37.49554688161603,0.000
					-72.68410597666127,-37.495555399591964,0.000
					-72.68418425564647,-37.495547743498676,0.000
					-72.68453225048846,-37.49546436108102,0.000
					-72.6845720524957,-37.49546838503406,0.000
					-72.68459102051125,-37.495476778012126,0.000
					-72.68460823155097,-37.495498112993054,0.000
					-72.68461862260645,-37.49552787498263,0.000
					-72.68486179584917,-37.49619437573644,0.000
					-72.68496342238508,-37.496481770634084,0.000
					-72.68506173090289,-37.49675945753506,0.000
					-72.68508703893173,-37.49677500350603,0.000
					-72.68633417138125,-37.49648466800959,0.000
					-72.68636120836707,-37.49647717697712,0.000
					-72.68637436133768,-37.49646148396051,0.000
					-72.686381287295,-37.49643863995087,0.000
					-72.68640574028663,-37.496434252921624,0.000
					-72.68641382092098,-37.49623840589971,0.000
					-72.68640738155113,-37.49604029089487,0.000
					-72.68643767482688,-37.4956524778345,0.000
					-72.68646138982893,-37.495653665806486,0.000
					-72.68648510483098,-37.49565484977844,0.000
					-72.68645486455203,-37.49604095083858,0.000
					-72.68646132192085,-37.49623852484341,0.000
					-72.68645320728855,-37.49643545286542,0.000
					-72.6864152358479,-37.496734890929304,0.000
					-72.68638880621528,-37.49693154997299,0.000
					-72.68632850253144,-37.49710069005515,0.000
					-72.68626226485084,-37.4972715171444,0.000
					-72.68621163095837,-37.49732892120806,0.000
					-72.68607317914457,-37.49742813037838,0.000
					-72.68607031516044,-37.497436635382364,0.000
					-72.68604977724667,-37.49748273340956,0.000
					-72.68602129535499,-37.49754066144698,0.000
					-72.68595235457478,-37.4976581175361,0.000
					-72.68601452872355,-37.49773801946743,0.000
					-72.68602423580396,-37.49778111945865,0.000
					-72.68602861493585,-37.49785176745795,0.000
					-72.686068247103,-37.49794144441656,0.000
					-72.68607065515575,-37.49796969841552,0.000
					-72.68606972222587,-37.49800725941898,0.000
					-72.6860604143032,-37.49804862043262,0.000
					-72.68604847638227,-37.49809092244942,0.000
					-72.68603074645591,-37.49813031647294,0.000
					-72.68602318454136,-37.49817604948477,0.000
					-72.6860263316246,-37.49822062948384,0.000
					-72.68604075371,-37.49826642146965,0.000
					-72.68606125282453,-37.49832783244923,0.000
					-72.68608397001344,-37.4984290974287,0.000
					-72.68611877507682,-37.49846316738956,0.000
					-72.6861386461883,-37.49852294336978,0.000
					-72.68614055027146,-37.49856749937036,0.000
					-72.68614736539284,-37.49863251736637,0.000
					-72.68614820939828,-37.498635442365526,0.000
				</coordinates>
			</LinearRing>
		</outerBoundaryIs>
	</Polygon>
</MultiGeometry>
</Placemark>

<Placemark>
<name>8306011004007</name>
<description><![CDATA[<p><br/>NOM_COMUNA: NACIMIENTO
<br/>MANZENT_CODIGO: 8306011004007
<br/>TOTAL_PERSONAS(2017): 63
<br/>TOTAL_VIVIENDAS(2017): 15</p>]]></description>
<ExtendedData>
	<Data name="fid"><displayName>fid</displayName><value><![CDATA[16]]></value></Data>
	<Data name="NOM_COMUNA"><displayName>NOM_COMUNA</displayName><value><![CDATA[NACIMIENTO]]></value></Data>
	<Data name="MANZENT_I"><displayName>MANZENT_I</displayName><value><![CDATA[8306011004007]]></value></Data>
	<Data name="TOTAL_PERS"><displayName>TOTAL_PERS</displayName><value><![CDATA[63]]></value></Data>
	<Data name="TOTAL_VIVI"><displayName>TOTAL_VIVI</displayName><value><![CDATA[15]]></value></Data>
</ExtendedData>
<styleUrl>#style1</styleUrl>
<MultiGeometry>
	<Polygon>
		<outerBoundaryIs>
			<LinearRing>
				<tessellate>1</tessellate>
				<coordinates>
					-72.68730178514286,-37.491539408551354,0.000
					-72.68721009796253,-37.49197819768762,0.000
					-72.6872297610181,-37.492008050666215,0.000
					-72.68774562618435,-37.492098990060576,0.000
					-72.6877850021694,-37.49209111001343,0.000
					-72.68792983257588,-37.49177366782181,0.000
					-72.68794753351061,-37.491738777798595,0.000
					-72.68793929445485,-37.49170887780651,0.000
					-72.6879102684116,-37.49168559983943,0.000
					-72.68786801938833,-37.49167296788872,0.000
					-72.68766478929345,-37.49162140512631,0.000
					-72.68765706228882,-37.49161891113531,0.000
					-72.68763678229108,-37.4916200461594,0.000
					-72.68762026230542,-37.49162765317945,0.000
					-72.68760828131867,-37.49163471819414,0.000
					-72.68752317862364,-37.49179778630525,0.000
					-72.68753215764137,-37.4918073342952,0.000
					-72.68750120374901,-37.491864853335514,0.000
					-72.68747473973369,-37.49185656936635,0.000
					-72.68744777171813,-37.49184812639778,0.000
					-72.68747224861927,-37.49179525636545,0.000
					-72.68748588260857,-37.49178957634891,0.000
					-72.68756658628247,-37.491615157242265,0.000
					-72.68755433823667,-37.491590585255274,0.000
					-72.68733028911511,-37.491524646516595,0.000
					-72.68730178514286,-37.491539408551354,0.000
				</coordinates>
			</LinearRing>
		</outerBoundaryIs>
	</Polygon>
</MultiGeometry>
</Placemark>

<Placemark>
<name>8306011004002</name>
<description><![CDATA[<p><br/>NOM_COMUNA: NACIMIENTO
<br/>MANZENT_CODIGO: 8306011004002
<br/>TOTAL_PERSONAS(2017): 52
<br/>TOTAL_VIVIENDAS(2017): 20</p>]]></description>
<ExtendedData>
	<Data name="fid"><displayName>fid</displayName><value><![CDATA[17]]></value></Data>
	<Data name="NOM_COMUNA"><displayName>NOM_COMUNA</displayName><value><![CDATA[NACIMIENTO]]></value></Data>
	<Data name="MANZENT_I"><displayName>MANZENT_I</displayName><value><![CDATA[8306011004002]]></value></Data>
	<Data name="TOTAL_PERS"><displayName>TOTAL_PERS</displayName><value><![CDATA[52]]></value></Data>
	<Data name="TOTAL_VIVI"><displayName>TOTAL_VIVI</displayName><value><![CDATA[20]]></value></Data>
</ExtendedData>
<styleUrl>#style1</styleUrl>
<MultiGeometry>
	<Polygon>
		<outerBoundaryIs>
			<LinearRing>
				<tessellate>1</tessellate>
				<coordinates>
					-72.69127304951168,-37.492823078925696,0.000
					-72.6918666411358,-37.493159647243374,0.000
					-72.69189311013544,-37.493159534212,0.000
					-72.69191150709648,-37.49313871618889,0.000
					-72.6920005729073,-37.493037723076995,0.000
					-72.69208828553961,-37.49284108896069,0.000
					-72.69216052820482,-37.49266199486383,0.000
					-72.69220667101253,-37.49255917180265,0.000
					-72.69204039982954,-37.49246048699349,0.000
					-72.69167128143204,-37.49224618141749,0.000
					-72.69122296494795,-37.49198517693236,0.000
					-72.69121053494054,-37.49198114894687,0.000
					-72.69119856493953,-37.491980553960985,0.000
					-72.69118466094599,-37.49198397697769,0.000
					-72.69117078597134,-37.49199749399501,0.000
					-72.69115409300295,-37.49201438001582,0.000
					-72.69111730308752,-37.492059530062264,0.000
					-72.6908727426468,-37.49235826437088,0.000
					-72.69079650881214,-37.492446530466815,0.000
					-72.69074963091855,-37.49250337952593,0.000
					-72.69076943795176,-37.492521249503596,0.000
					-72.69127304951168,-37.492823078925696,0.000
				</coordinates>
			</LinearRing>
		</outerBoundaryIs>
	</Polygon>
</MultiGeometry>
</Placemark>

<Placemark>
<name>8306011004006</name>
<description><![CDATA[<p><br/>NOM_COMUNA: NACIMIENTO
<br/>MANZENT_CODIGO: 8306011004006
<br/>TOTAL_PERSONAS(2017): 50
<br/>TOTAL_VIVIENDAS(2017): 20</p>]]></description>
<ExtendedData>
	<Data name="fid"><displayName>fid</displayName><value><![CDATA[18]]></value></Data>
	<Data name="NOM_COMUNA"><displayName>NOM_COMUNA</displayName><value><![CDATA[NACIMIENTO]]></value></Data>
	<Data name="MANZENT_I"><displayName>MANZENT_I</displayName><value><![CDATA[8306011004006]]></value></Data>
	<Data name="TOTAL_PERS"><displayName>TOTAL_PERS</displayName><value><![CDATA[50]]></value></Data>
	<Data name="TOTAL_VIVI"><displayName>TOTAL_VIVI</displayName><value><![CDATA[20]]></value></Data>
</ExtendedData>
<styleUrl>#style1</styleUrl>
<MultiGeometry>
	<Polygon>
		<outerBoundaryIs>
			<LinearRing>
				<tessellate>1</tessellate>
				<coordinates>
					-72.68969493895597,-37.49359092384426,0.000
					-72.68971183496004,-37.4935931468244,0.000
					-72.68972835795245,-37.493589144804545,0.000
					-72.6897392249381,-37.4935815167912,0.000
					-72.68975483791031,-37.49356668277174,0.000
					-72.69037419255528,-37.49284307899222,0.000
					-72.69037779652878,-37.49282891098706,0.000
					-72.6903790455011,-37.492814065984625,0.000
					-72.69036986447492,-37.49280000799464,0.000
					-72.69035879545352,-37.49278852700705,0.000
					-72.68950832558691,-37.49232111998553,0.000
					-72.6894881955801,-37.4923173920092,0.000
					-72.68946837158221,-37.49231844503275,0.000
					-72.68945607360102,-37.49232847804793,0.000
					-72.68943912164826,-37.49235374006962,0.000
					-72.68929020035291,-37.492730671269825,0.000
					-72.68908535332824,-37.493252408545416,0.000
					-72.68908760235644,-37.49326750254369,0.000
					-72.68909266737843,-37.49327931653845,0.000
					-72.68910543239986,-37.49329083152406,0.000
					-72.68911912042007,-37.49330173350854,0.000
					-72.68919593750044,-37.4933450514202,0.000
					-72.68969493895597,-37.49359092384426,0.000
				</coordinates>
			</LinearRing>
		</outerBoundaryIs>
	</Polygon>
</MultiGeometry>
</Placemark>

<Placemark>
<name>8306011004011</name>
<description><![CDATA[<p><br/>NOM_COMUNA: NACIMIENTO
<br/>MANZENT_CODIGO: 8306011004011
<br/>TOTAL_PERSONAS(2017): 53
<br/>TOTAL_VIVIENDAS(2017): 18</p>]]></description>
<ExtendedData>
	<Data name="fid"><displayName>fid</displayName><value><![CDATA[19]]></value></Data>
	<Data name="NOM_COMUNA"><displayName>NOM_COMUNA</displayName><value><![CDATA[NACIMIENTO]]></value></Data>
	<Data name="MANZENT_I"><displayName>MANZENT_I</displayName><value><![CDATA[8306011004011]]></value></Data>
	<Data name="TOTAL_PERS"><displayName>TOTAL_PERS</displayName><value><![CDATA[53]]></value></Data>
	<Data name="TOTAL_VIVI"><displayName>TOTAL_VIVI</displayName><value><![CDATA[18]]></value></Data>
</ExtendedData>
<styleUrl>#style1</styleUrl>
<MultiGeometry>
	<Polygon>
		<outerBoundaryIs>
			<LinearRing>
				<tessellate>1</tessellate>
				<coordinates>
					-72.68376109571797,-37.49290620983364,0.000
					-72.6837807187349,-37.49291533581096,0.000
					-72.68398417752901,-37.492805778562904,0.000
					-72.68458877189157,-37.492466447825,0.000
					-72.68459613787697,-37.49245866181576,0.000
					-72.6845925698602,-37.492449670819404,0.000
					-72.68439355355856,-37.492287341045056,0.000
					-72.68438204754995,-37.492282700058375,0.000
					-72.68435956155564,-37.4922856830852,0.000
					-72.68368666525448,-37.49265764690617,0.000
					-72.68367463627752,-37.49266993792122,0.000
					-72.6836695603177,-37.492691465928566,0.000
					-72.68367202935985,-37.492714043927045,0.000
					-72.68375225070574,-37.492899637843685,0.000
					-72.68376109571797,-37.49290620983364,0.000
				</coordinates>
			</LinearRing>
		</outerBoundaryIs>
	</Polygon>
</MultiGeometry>
</Placemark>

<Placemark>
<name>8306011004004</name>
<description><![CDATA[<p><br/>NOM_COMUNA: NACIMIENTO
<br/>MANZENT_CODIGO: 8306011004004
<br/>TOTAL_PERSONAS(2017): 47
<br/>TOTAL_VIVIENDAS(2017): 20</p>]]></description>
<ExtendedData>
	<Data name="fid"><displayName>fid</displayName><value><![CDATA[20]]></value></Data>
	<Data name="NOM_COMUNA"><displayName>NOM_COMUNA</displayName><value><![CDATA[NACIMIENTO]]></value></Data>
	<Data name="MANZENT_I"><displayName>MANZENT_I</displayName><value><![CDATA[8306011004004]]></value></Data>
	<Data name="TOTAL_PERS"><displayName>TOTAL_PERS</displayName><value><![CDATA[47]]></value></Data>
	<Data name="TOTAL_VIVI"><displayName>TOTAL_VIVI</displayName><value><![CDATA[20]]></value></Data>
</ExtendedData>
<styleUrl>#style1</styleUrl>
<MultiGeometry>
	<Polygon>
		<outerBoundaryIs>
			<LinearRing>
				<tessellate>1</tessellate>
				<coordinates>
					-72.69163436765635,-37.4934376255361,0.000
					-72.69164845166634,-37.49344303751977,0.000
					-72.69166365567018,-37.4934451375019,0.000
					-72.69168074866916,-37.49344466048161,0.000
					-72.6916869106658,-37.49344288847422,0.000
					-72.69168767966721,-37.493443624473365,0.000
					-72.69170369065532,-37.49343733645399,0.000
					-72.6917349855897,-37.49340228441464,0.000
					-72.69186115631751,-37.493256957255994,0.000
					-72.6918454892321,-37.493211142271726,0.000
					-72.69146152382277,-37.49299041771287,0.000
					-72.69122746258101,-37.49286003698205,0.000
					-72.69072574601589,-37.49255545055753,0.000
					-72.69071266600679,-37.49255050857269,0.000
					-72.69066486210762,-37.492604365632744,0.000
					-72.69058118529225,-37.49270293973811,0.000
					-72.69054766937703,-37.49274824378069,0.000
					-72.69053474342022,-37.49277133179745,0.000
					-72.69052832445283,-37.492788778806165,0.000
					-72.69052591148943,-37.49280837781024,0.000
					-72.69053251651403,-37.49282157380325,0.000
					-72.69054523953794,-37.492834438788975,0.000
					-72.6905559325479,-37.49283978477663,0.000
					-72.69099661000854,-37.49308820627001,0.000
					-72.69127073028984,-37.493239916954664,0.000
					-72.69160959063647,-37.49342686756483,0.000
					-72.69163436765635,-37.4934376255361,0.000
				</coordinates>
			</LinearRing>
		</outerBoundaryIs>
	</Polygon>
</MultiGeometry>
</Placemark>

<Placemark>
<name>8306011004012</name>
<description><![CDATA[<p><br/>NOM_COMUNA: NACIMIENTO
<br/>MANZENT_CODIGO: 8306011004012
<br/>TOTAL_PERSONAS(2017): 72
<br/>TOTAL_VIVIENDAS(2017): 22</p>]]></description>
<ExtendedData>
	<Data name="fid"><displayName>fid</displayName><value><![CDATA[21]]></value></Data>
	<Data name="NOM_COMUNA"><displayName>NOM_COMUNA</displayName><value><![CDATA[NACIMIENTO]]></value></Data>
	<Data name="MANZENT_I"><displayName>MANZENT_I</displayName><value><![CDATA[8306011004012]]></value></Data>
	<Data name="TOTAL_PERS"><displayName>TOTAL_PERS</displayName><value><![CDATA[72]]></value></Data>
	<Data name="TOTAL_VIVI"><displayName>TOTAL_VIVI</displayName><value><![CDATA[22]]></value></Data>
</ExtendedData>
<styleUrl>#style1</styleUrl>
<MultiGeometry>
	<Polygon>
		<outerBoundaryIs>
			<LinearRing>
				<tessellate>1</tessellate>
				<coordinates>
					-72.68386670423138,-37.49318160772583,0.000
					-72.68388340724024,-37.493186440706346,0.000
					-72.68390927823495,-37.49318370467549,0.000
					-72.68484192428419,-37.49267769053827,0.000
					-72.68485109626985,-37.49267003052691,0.000
					-72.68485107425069,-37.49265975652633,0.000
					-72.68464793794496,-37.4924952747567,0.000
					-72.68463458393869,-37.49249185877228,0.000
					-72.68461229493936,-37.49249214179873,0.000
					-72.68458409696224,-37.49250429583291,0.000
					-72.68379771580116,-37.49295090479305,0.000
					-72.68378383682666,-37.49296451081033,0.000
					-72.68378285185204,-37.492978099812404,0.000
					-72.68378549486992,-37.49298770380983,0.000
					-72.68385332620606,-37.49316800774084,0.000
					-72.68386670423138,-37.49318160772583,0.000
				</coordinates>
			</LinearRing>
		</outerBoundaryIs>
	</Polygon>
</MultiGeometry>
</Placemark>

<Placemark>
<name>8306011004018</name>
<description><![CDATA[<p><br/>NOM_COMUNA: NACIMIENTO
<br/>MANZENT_CODIGO: 8306011004018
<br/>TOTAL_PERSONAS(2017): 189
<br/>TOTAL_VIVIENDAS(2017): 55</p>]]></description>
<ExtendedData>
	<Data name="fid"><displayName>fid</displayName><value><![CDATA[22]]></value></Data>
	<Data name="NOM_COMUNA"><displayName>NOM_COMUNA</displayName><value><![CDATA[NACIMIENTO]]></value></Data>
	<Data name="MANZENT_I"><displayName>MANZENT_I</displayName><value><![CDATA[8306011004018]]></value></Data>
	<Data name="TOTAL_PERS"><displayName>TOTAL_PERS</displayName><value><![CDATA[189]]></value></Data>
	<Data name="TOTAL_VIVI"><displayName>TOTAL_VIVI</displayName><value><![CDATA[55]]></value></Data>
</ExtendedData>
<styleUrl>#style1</styleUrl>
<MultiGeometry>
	<Polygon>
		<outerBoundaryIs>
			<LinearRing>
				<tessellate>1</tessellate>
				<coordinates>
					-72.6852663134653,-37.49438328414285,0.000
					-72.68560709455166,-37.49443078774191,0.000
					-72.68561313953334,-37.49442098073417,0.000
					-72.68561971551335,-37.49441030872567,0.000
					-72.6856241474328,-37.49436716171771,0.000
					-72.68564154611647,-37.49419778868641,0.000
					-72.68569799107613,-37.49364070758439,0.000
					-72.68575404004608,-37.49308911548325,0.000
					-72.68580004421307,-37.49264303340061,0.000
					-72.68578853016395,-37.492616673412606,0.000
					-72.68546535511443,-37.49258898179386,0.000
					-72.68544360416456,-37.492615770821345,0.000
					-72.68538976412253,-37.493128745917474,0.000
					-72.68524552140279,-37.49434971416536,0.000
					-72.68526098544929,-37.4943746821486,0.000
					-72.6852663134653,-37.49438328414285,0.000
				</coordinates>
			</LinearRing>
		</outerBoundaryIs>
	</Polygon>
</MultiGeometry>
</Placemark>

<Placemark>
<name>8306011004019</name>
<description><![CDATA[<p><br/>NOM_COMUNA: NACIMIENTO
<br/>MANZENT_CODIGO: 8306011004019
<br/>TOTAL_PERSONAS(2017): 210
<br/>TOTAL_VIVIENDAS(2017): 57</p>]]></description>
<ExtendedData>
	<Data name="fid"><displayName>fid</displayName><value><![CDATA[23]]></value></Data>
	<Data name="NOM_COMUNA"><displayName>NOM_COMUNA</displayName><value><![CDATA[NACIMIENTO]]></value></Data>
	<Data name="MANZENT_I"><displayName>MANZENT_I</displayName><value><![CDATA[8306011004019]]></value></Data>
	<Data name="TOTAL_PERS"><displayName>TOTAL_PERS</displayName><value><![CDATA[210]]></value></Data>
	<Data name="TOTAL_VIVI"><displayName>TOTAL_VIVI</displayName><value><![CDATA[57]]></value></Data>
</ExtendedData>
<styleUrl>#style1</styleUrl>
<MultiGeometry>
	<Polygon>
		<outerBoundaryIs>
			<LinearRing>
				<tessellate>1</tessellate>
				<coordinates>
					-72.68566830255689,-37.49443378966961,0.000
					-72.68600474161747,-37.49446746327298,0.000
					-72.68600483961725,-37.494467329272844,0.000
					-72.6860237785685,-37.494441298248745,0.000
					-72.68602479455095,-37.494431896246965,0.000
					-72.68607033576355,-37.494010277166424,0.000
					-72.68609782327061,-37.49374632111719,0.000
					-72.68612040779388,-37.49349101007434,0.000
					-72.68616846199401,-37.49306272199045,0.000
					-72.6862066093078,-37.49269524892204,0.000
					-72.68619194725065,-37.492664591937526,0.000
					-72.68585651316968,-37.492619988332216,0.000
					-72.6858407682192,-37.49264644535253,0.000
					-72.68574356398733,-37.493593297527426,0.000
					-72.68565400449357,-37.4943998186844,0.000
					-72.68565348650226,-37.49440448268528,0.000
					-72.68566510254507,-37.494427459672956,0.000
					-72.68566830255689,-37.49443378966961,0.000
				</coordinates>
			</LinearRing>
		</outerBoundaryIs>
	</Polygon>
</MultiGeometry>
</Placemark>

<Placemark>
<name>8306011004017</name>
<description><![CDATA[<p><br/>NOM_COMUNA: NACIMIENTO
<br/>MANZENT_CODIGO: 8306011004017
<br/>TOTAL_PERSONAS(2017): 80
<br/>TOTAL_VIVIENDAS(2017): 24</p>]]></description>
<ExtendedData>
	<Data name="fid"><displayName>fid</displayName><value><![CDATA[24]]></value></Data>
	<Data name="NOM_COMUNA"><displayName>NOM_COMUNA</displayName><value><![CDATA[NACIMIENTO]]></value></Data>
	<Data name="MANZENT_I"><displayName>MANZENT_I</displayName><value><![CDATA[8306011004017]]></value></Data>
	<Data name="TOTAL_PERS"><displayName>TOTAL_PERS</displayName><value><![CDATA[80]]></value></Data>
	<Data name="TOTAL_VIVI"><displayName>TOTAL_VIVI</displayName><value><![CDATA[24]]></value></Data>
</ExtendedData>
<styleUrl>#style1</styleUrl>
<MultiGeometry>
	<Polygon>
		<outerBoundaryIs>
			<LinearRing>
				<tessellate>1</tessellate>
				<coordinates>
					-72.68507684743356,-37.49436560136628,0.000
					-72.68518139744393,-37.49437152624275,0.000
					-72.68518721043515,-37.49436685823559,0.000
					-72.6852069124055,-37.4943510302112,0.000
					-72.68520766039444,-37.49434511820994,0.000
					-72.68523593297735,-37.49412179916237,0.000
					-72.68534595192709,-37.493023890962775,0.000
					-72.68536146163886,-37.49286955393463,0.000
					-72.68538056024308,-37.49265761089868,0.000
					-72.68535351821652,-37.492643292929806,0.000
					-72.68498464285149,-37.49298211238832,0.000
					-72.6849668529083,-37.49301249441136,0.000
					-72.68495544297598,-37.49304867742712,0.000
					-72.68493404920272,-37.49317009746016,0.000
					-72.6848453352998,-37.493757455602335,0.000
					-72.68483452239286,-37.493807259618265,0.000
					-72.68482586243788,-37.49383133063008,0.000
					-72.68463026425535,-37.49426853088942,0.000
					-72.68462980525862,-37.49427030189011,0.000
					-72.68462782527294,-37.49427794489292,0.000
					-72.68462897028574,-37.49428481689198,0.000
					-72.6846355713105,-37.49429810288501,0.000
					-72.68464829433444,-37.494310968870764,0.000
					-72.68465288233853,-37.494313189865466,0.000
					-72.6846655673499,-37.4943193278508,0.000
					-72.68471984435708,-37.49432336578673,0.000
					-72.68484336238298,-37.49433768364124,0.000
					-72.68507684743356,-37.49436560136628,0.000
				</coordinates>
			</LinearRing>
		</outerBoundaryIs>
	</Polygon>
</MultiGeometry>
</Placemark>

<Placemark>
<name>8306011004020</name>
<description><![CDATA[<p><br/>NOM_COMUNA: NACIMIENTO
<br/>MANZENT_CODIGO: 8306011004020
<br/>TOTAL_PERSONAS(2017): 192
<br/>TOTAL_VIVIENDAS(2017): 54</p>]]></description>
<ExtendedData>
	<Data name="fid"><displayName>fid</displayName><value><![CDATA[25]]></value></Data>
	<Data name="NOM_COMUNA"><displayName>NOM_COMUNA</displayName><value><![CDATA[NACIMIENTO]]></value></Data>
	<Data name="MANZENT_I"><displayName>MANZENT_I</displayName><value><![CDATA[8306011004020]]></value></Data>
	<Data name="TOTAL_PERS"><displayName>TOTAL_PERS</displayName><value><![CDATA[192]]></value></Data>
	<Data name="TOTAL_VIVI"><displayName>TOTAL_VIVI</displayName><value><![CDATA[54]]></value></Data>
</ExtendedData>
<styleUrl>#style1</styleUrl>
<MultiGeometry>
	<Polygon>
		<outerBoundaryIs>
			<LinearRing>
				<tessellate>1</tessellate>
				<coordinates>
					-72.68607862163066,-37.494474798185834,0.000
					-72.68643408769395,-37.494509975766796,0.000
					-72.68644913266549,-37.49449478474801,0.000
					-72.68664329533351,-37.49271061640548,0.000
					-72.68646884829707,-37.49269046361096,0.000
					-72.68646524629656,-37.49269017961522,0.000
					-72.68646505629657,-37.492690164615425,0.000
					-72.68646486729655,-37.49269014961569,0.000
					-72.68646296329631,-37.49268999961792,0.000
					-72.68628886726322,-37.492671663823074,0.000
					-72.68625404229795,-37.49269014086553,0.000
					-72.68608942212077,-37.49420170015586,0.000
					-72.68606707557964,-37.494447422197815,0.000
					-72.68607862163066,-37.494474798185834,0.000
				</coordinates>
			</LinearRing>
		</outerBoundaryIs>
	</Polygon>
</MultiGeometry>
</Placemark>

<Placemark>
<name>8306011004013</name>
<description><![CDATA[<p><br/>NOM_COMUNA: NACIMIENTO
<br/>MANZENT_CODIGO: 8306011004013
<br/>TOTAL_PERSONAS(2017): 60
<br/>TOTAL_VIVIENDAS(2017): 25</p>]]></description>
<ExtendedData>
	<Data name="fid"><displayName>fid</displayName><value><![CDATA[26]]></value></Data>
	<Data name="NOM_COMUNA"><displayName>NOM_COMUNA</displayName><value><![CDATA[NACIMIENTO]]></value></Data>
	<Data name="MANZENT_I"><displayName>MANZENT_I</displayName><value><![CDATA[8306011004013]]></value></Data>
	<Data name="TOTAL_PERS"><displayName>TOTAL_PERS</displayName><value><![CDATA[60]]></value></Data>
	<Data name="TOTAL_VIVI"><displayName>TOTAL_VIVI</displayName><value><![CDATA[25]]></value></Data>
</ExtendedData>
<styleUrl>#style1</styleUrl>
<MultiGeometry>
	<Polygon>
		<outerBoundaryIs>
			<LinearRing>
				<tessellate>1</tessellate>
				<coordinates>
					-72.6839762407945,-37.49348366761509,0.000
					-72.68398389879641,-37.49348471860606,0.000
					-72.68400042278881,-37.49348071758624,0.000
					-72.68430290947589,-37.49331416521724,0.000
					-72.68464501111299,-37.4931209927996,0.000
					-72.68489098384599,-37.492978834499105,0.000
					-72.68494038778543,-37.492946549438564,0.000
					-72.68496983873465,-37.492919461401904,0.000
					-72.68499948567886,-37.49288967236488,0.000
					-72.68501950263101,-37.49286411133959,0.000
					-72.6850302315977,-37.49284629832575,0.000
					-72.6850345215776,-37.49283556832,0.000
					-72.6850330415508,-37.4928212103208,0.000
					-72.68488901232263,-37.492698440483814,0.000
					-72.68487981531798,-37.492695916494526,0.000
					-72.68486630332127,-37.492697634510655,0.000
					-72.6848281043608,-37.492718693557265,0.000
					-72.68435029485386,-37.49298111914004,0.000
					-72.68394871027137,-37.49320331263001,0.000
					-72.68388903133098,-37.49323503470275,0.000
					-72.68388230136863,-37.49325517871202,0.000
					-72.68396832278096,-37.493476392623975,0.000
					-72.6839762407945,-37.49348366761509,0.000
				</coordinates>
			</LinearRing>
		</outerBoundaryIs>
	</Polygon>
</MultiGeometry>
</Placemark>

<Placemark>
<name>8306011001020</name>
<description><![CDATA[<p><br/>NOM_COMUNA: NACIMIENTO
<br/>MANZENT_CODIGO: 8306011001020
<br/>TOTAL_PERSONAS(2017): 211
<br/>TOTAL_VIVIENDAS(2017): 75</p>]]></description>
<ExtendedData>
	<Data name="fid"><displayName>fid</displayName><value><![CDATA[27]]></value></Data>
	<Data name="NOM_COMUNA"><displayName>NOM_COMUNA</displayName><value><![CDATA[NACIMIENTO]]></value></Data>
	<Data name="MANZENT_I"><displayName>MANZENT_I</displayName><value><![CDATA[8306011001020]]></value></Data>
	<Data name="TOTAL_PERS"><displayName>TOTAL_PERS</displayName><value><![CDATA[211]]></value></Data>
	<Data name="TOTAL_VIVI"><displayName>TOTAL_VIVI</displayName><value><![CDATA[75]]></value></Data>
</ExtendedData>
<styleUrl>#style1</styleUrl>
<MultiGeometry>
	<Polygon>
		<outerBoundaryIs>
			<LinearRing>
				<tessellate>1</tessellate>
				<coordinates>
					-72.68105455029551,-37.49481305016165,0.000
					-72.68084143475596,-37.49505894042982,0.000
					-72.68054029542336,-37.495415386809185,0.000
					-72.68048048654522,-37.49548044888421,0.000
					-72.68046605758333,-37.49550080190257,0.000
					-72.68046206161969,-37.49552027890857,0.000
					-72.68046663967098,-37.495547764904885,0.000
					-72.6804795827089,-37.495568114890844,0.000
					-72.68072052125169,-37.495859691623664,0.000
					-72.6809670718039,-37.496156335350186,0.000
					-72.68106998103634,-37.496281186236104,0.000
					-72.68109024806223,-37.49629510221296,0.000
					-72.68110525307121,-37.496299992195446,0.000
					-72.68112065406999,-37.49629939417717,0.000
					-72.68132407198343,-37.496253733933145,0.000
					-72.68159280886567,-37.496191603610725,0.000
					-72.68180361678353,-37.496148340358175,0.000
					-72.68209002167099,-37.49608907901496,0.000
					-72.68212999969494,-37.49610202996841,0.000
					-72.68233660761364,-37.49605922372083,0.000
					-72.68234757067552,-37.496092422709964,0.000
					-72.68227455170734,-37.49610919279751,0.000
					-72.68225710671588,-37.49611371681848,0.000
					-72.68224773573547,-37.496124166830235,0.000
					-72.682246046776,-37.496145851833646,0.000
					-72.68242035164839,-37.496613738656535,0.000
					-72.68243053866836,-37.49662448264514,0.000
					-72.68244046567675,-37.49662900263368,0.000
					-72.68258839360834,-37.49659288545608,0.000
					-72.68271771355718,-37.496565955301136,0.000
					-72.68284118150437,-37.496538099152986,0.000
					-72.68296013945745,-37.496513398010464,0.000
					-72.68307652340897,-37.49648783587089,0.000
					-72.68315532636255,-37.49646324777597,0.000
					-72.68326928326938,-37.49641375663776,0.000
					-72.68343061908783,-37.49631707144041,0.000
					-72.6835743498766,-37.496204451262976,0.000
					-72.68371136264074,-37.496078632092654,0.000
					-72.683782471492,-37.495999191003385,0.000
					-72.6838889501126,-37.49579635286438,0.000
					-72.68398481367753,-37.49556365773607,0.000
					-72.68405176942424,-37.49542826264822,0.000
					-72.68413612108345,-37.495245987536684,0.000
					-72.68422932769269,-37.495037030413066,0.000
					-72.6842692585349,-37.4949526523604,0.000
					-72.68426835151449,-37.494941730360814,0.000
					-72.68426159449226,-37.49492979236806,0.000
					-72.68425125047497,-37.49492048737976,0.000
					-72.68424055746509,-37.494915141392056,0.000
					-72.68422720145895,-37.49491181540772,0.000
					-72.68420168045668,-37.494910503437836,0.000
					-72.68397666355038,-37.49495989070769,0.000
					-72.68374033863029,-37.4950018449904,0.000
					-72.68342430273638,-37.49505755636851,0.000
					-72.6834215806992,-37.49503765137042,0.000
					-72.68341885866217,-37.49501779737245,0.000
					-72.68384623350475,-37.4949349828607,0.000
					-72.68402241243733,-37.494899507649656,0.000
					-72.68422085036435,-37.49486113541204,0.000
					-72.68428590432173,-37.49483852933349,0.000
					-72.68432252526142,-37.49480635528805,0.000
					-72.68435142418257,-37.49476420625117,0.000
					-72.68436210711101,-37.49472593523611,0.000
					-72.6843455419776,-37.49465441825118,0.000
					-72.68426209856646,-37.494433885336186,0.000
					-72.68418604920066,-37.494237650413965,0.000
					-72.68412460391582,-37.49408486747717,0.000
					-72.68403138345323,-37.49383674757197,0.000
					-72.68394565201646,-37.49360247265884,0.000
					-72.68379239729337,-37.493214574815966,0.000
					-72.68362046842776,-37.492750250990426,0.000
					-72.6836061664036,-37.49273726400657,0.000
					-72.68358796738947,-37.492729607027684,0.000
					-72.68357184038678,-37.492728119046696,0.000
					-72.68355008139639,-37.49273319007277,0.000
					-72.68336298059097,-37.49283675930107,0.000
					-72.68322126874888,-37.492920851474345,0.000
					-72.68303173995345,-37.49302977970581,0.000
					-72.68282386118715,-37.49315420796002,0.000
					-72.68269022834191,-37.4932366561236,0.000
					-72.68249005157477,-37.49336069436868,0.000
					-72.6823434627539,-37.49345613554843,0.000
					-72.68219375094404,-37.493557462732234,0.000
					-72.68213204903019,-37.49360338280831,0.000
					-72.68206859114032,-37.49366215488721,0.000
					-72.68173762979448,-37.49401141830148,0.000
					-72.68172696081557,-37.49402267631486,0.000
					-72.68171948083018,-37.49403046032421,0.000
					-72.68171684485279,-37.494042574328105,0.000
					-72.68172379687002,-37.494051812320414,0.000
					-72.68173445088229,-37.49405842030824,0.000
					-72.68174195188685,-37.49406091029951,0.000
					-72.68177301303936,-37.49414271626782,0.000
					-72.68159132215955,-37.49420646648722,0.000
					-72.68156489917759,-37.49421604051912,0.000
					-72.68154404920742,-37.494231942544815,0.000
					-72.68152165125585,-37.494257808573046,0.000
					-72.68143332644686,-37.494359807684134,0.000
					-72.68105455029551,-37.49481305016165,0.000
				</coordinates>
			</LinearRing>
		</outerBoundaryIs>
	</Polygon>
</MultiGeometry>
</Placemark>

<Placemark>
<name>8306011004005</name>
<description><![CDATA[<p><br/>NOM_COMUNA: NACIMIENTO
<br/>MANZENT_CODIGO: 8306011004005
<br/>TOTAL_PERSONAS(2017): 81
<br/>TOTAL_VIVIENDAS(2017): 28</p>]]></description>
<ExtendedData>
	<Data name="fid"><displayName>fid</displayName><value><![CDATA[28]]></value></Data>
	<Data name="NOM_COMUNA"><displayName>NOM_COMUNA</displayName><value><![CDATA[NACIMIENTO]]></value></Data>
	<Data name="MANZENT_I"><displayName>MANZENT_I</displayName><value><![CDATA[8306011004005]]></value></Data>
	<Data name="TOTAL_PERS"><displayName>TOTAL_PERS</displayName><value><![CDATA[81]]></value></Data>
	<Data name="TOTAL_VIVI"><displayName>TOTAL_VIVI</displayName><value><![CDATA[28]]></value></Data>
</ExtendedData>
<styleUrl>#style1</styleUrl>
<MultiGeometry>
	<Polygon>
		<outerBoundaryIs>
			<LinearRing>
				<tessellate>1</tessellate>
				<coordinates>
					-72.69078836799903,-37.49415373958379,0.000
					-72.69079849100241,-37.49415555957193,0.000
					-72.6908225149994,-37.494154047543375,0.000
					-72.69084358498353,-37.49414562751783,0.000
					-72.69131445497482,-37.49360702292593,0.000
					-72.69142786773186,-37.49347729578336,0.000
					-72.69145135067939,-37.49344927775375,0.000
					-72.69145977164197,-37.49342925574253,0.000
					-72.6914574806163,-37.49341551274435,0.000
					-72.69144810359519,-37.49340415575481,0.000
					-72.69143441157506,-37.49339334377033,0.000
					-72.69100900313474,-37.49315585625957,0.000
					-72.69080508293051,-37.49304571049433,0.000
					-72.6905215876281,-37.49288263982003,0.000
					-72.69050581061789,-37.49287710483837,0.000
					-72.69048911060882,-37.4928721818579,0.000
					-72.69046974960337,-37.492869189880636,0.000
					-72.69045153661054,-37.49287297890246,0.000
					-72.69043917161979,-37.492877873917436,0.000
					-72.69042645763636,-37.49288672693306,0.000
					-72.6902931789255,-37.49304109510071,0.000
					-72.69008574137541,-37.49328135536166,0.000
					-72.6898111249601,-37.49359355770673,0.000
					-72.68979874299083,-37.49360998672247,0.000
					-72.68979430201325,-37.49362197572846,0.000
					-72.68979501303868,-37.49363559772853,0.000
					-72.68979857905562,-37.49364467872483,0.000
					-72.6898108130681,-37.493651406710775,0.000
					-72.69078348299357,-37.4941507605894,0.000
					-72.69078836799903,-37.49415373958379,0.000
				</coordinates>
			</LinearRing>
		</outerBoundaryIs>
	</Polygon>
</MultiGeometry>
</Placemark>

<Placemark>
<name>8306021001002</name>
<description><![CDATA[<p><br/>NOM_COMUNA: NACIMIENTO
<br/>MANZENT_CODIGO: 8306021001002
<br/>TOTAL_PERSONAS(2017): 139
<br/>TOTAL_VIVIENDAS(2017): 41</p>]]></description>
<ExtendedData>
	<Data name="fid"><displayName>fid</displayName><value><![CDATA[29]]></value></Data>
	<Data name="NOM_COMUNA"><displayName>NOM_COMUNA</displayName><value><![CDATA[NACIMIENTO]]></value></Data>
	<Data name="MANZENT_I"><displayName>MANZENT_I</displayName><value><![CDATA[8306021001002]]></value></Data>
	<Data name="TOTAL_PERS"><displayName>TOTAL_PERS</displayName><value><![CDATA[139]]></value></Data>
	<Data name="TOTAL_VIVI"><displayName>TOTAL_VIVI</displayName><value><![CDATA[41]]></value></Data>
</ExtendedData>
<styleUrl>#style1</styleUrl>
<MultiGeometry>
	<Polygon>
		<outerBoundaryIs>
			<LinearRing>
				<tessellate>1</tessellate>
				<coordinates>
					-72.69209984701243,-37.493630113996566,0.000
					-72.69257178949098,-37.49388824345351,0.000
					-72.6925982864684,-37.493876234421286,0.000
					-72.69270246525429,-37.49376192829064,0.000
					-72.69269826622771,-37.493747698294726,0.000
					-72.69275808810434,-37.49368181921973,0.000
					-72.69277680712605,-37.493693508198234,0.000
					-72.69279592814819,-37.49370544817636,0.000
					-72.69262403052565,-37.49390701739272,0.000
					-72.69262879655896,-37.49392486338823,0.000
					-72.69282771375825,-37.49403238615923,0.000
					-72.69285554874362,-37.49402463912573,0.000
					-72.69302905337157,-37.49382598490764,0.000
					-72.69305005139584,-37.49383907288359,0.000
					-72.6930718884211,-37.49385268585852,0.000
					-72.6930247735351,-37.49391358591817,0.000
					-72.6930143145316,-37.493911668930494,0.000
					-72.69290713377694,-37.49404267906577,0.000
					-72.69290604082268,-37.49406717006858,0.000
					-72.69310336303639,-37.49418241084196,0.000
					-72.69314216901483,-37.49417100279521,0.000
					-72.69324505279009,-37.49405099366576,0.000
					-72.69323896176854,-37.49403942967226,0.000
					-72.69329477165527,-37.49397896960234,0.000
					-72.69331534067732,-37.493990848578704,0.000
					-72.69333611069956,-37.494002847554825,0.000
					-72.693172838041,-37.494185119759784,0.000
					-72.69317113008282,-37.494207525763194,0.000
					-72.69337675130775,-37.49432878552713,0.000
					-72.69338963131534,-37.49433291251214,0.000
					-72.69340909731437,-37.49433248148906,0.000
					-72.6934274682976,-37.49432355846671,0.000
					-72.6937729835822,-37.49394163003322,0.000
					-72.69377759255643,-37.493927842026906,0.000
					-72.69377407953627,-37.49391704903038,0.000
					-72.69373897149137,-37.49389284307049,0.000
					-72.69331865204346,-37.49365131755344,0.000
					-72.69291957961721,-37.49342147101194,0.000
					-72.69279060747628,-37.49334550516003,0.000
					-72.69247644114755,-37.493168232521256,0.000
					-72.69246763314683,-37.49316778953163,0.000
					-72.69245882414606,-37.49316734754206,0.000
					-72.69244684215951,-37.493174502556705,0.000
					-72.69208792091955,-37.49358031700756,0.000
					-72.69208438994164,-37.493592143012535,0.000
					-72.69208605596407,-37.49360416101131,0.000
					-72.69209190599338,-37.49361986600532,0.000
					-72.69209984701243,-37.493630113996566,0.000
				</coordinates>
			</LinearRing>
		</outerBoundaryIs>
	</Polygon>
</MultiGeometry>
</Placemark>

<Placemark>
<name>8306011004014</name>
<description><![CDATA[<p><br/>NOM_COMUNA: NACIMIENTO
<br/>MANZENT_CODIGO: 8306011004014
<br/>TOTAL_PERSONAS(2017): 43
<br/>TOTAL_VIVIENDAS(2017): 16</p>]]></description>
<ExtendedData>
	<Data name="fid"><displayName>fid</displayName><value><![CDATA[30]]></value></Data>
	<Data name="NOM_COMUNA"><displayName>NOM_COMUNA</displayName><value><![CDATA[NACIMIENTO]]></value></Data>
	<Data name="MANZENT_I"><displayName>MANZENT_I</displayName><value><![CDATA[8306011004014]]></value></Data>
	<Data name="TOTAL_PERS"><displayName>TOTAL_PERS</displayName><value><![CDATA[43]]></value></Data>
	<Data name="TOTAL_VIVI"><displayName>TOTAL_VIVI</displayName><value><![CDATA[16]]></value></Data>
</ExtendedData>
<styleUrl>#style1</styleUrl>
<MultiGeometry>
	<Polygon>
		<outerBoundaryIs>
			<LinearRing>
				<tessellate>1</tessellate>
				<coordinates>
					-72.68408258131161,-37.4937610625065,0.000
					-72.68409424231771,-37.49376435449292,0.000
					-72.68411168930899,-37.49375974047192,0.000
					-72.68413834928337,-37.493746115439514,0.000
					-72.68442915998585,-37.49358780408487,0.000
					-72.68455148885799,-37.49351973193557,0.000
					-72.68478551760894,-37.49338716164984,0.000
					-72.68481437957328,-37.49336817261449,0.000
					-72.68483357754074,-37.49335079559063,0.000
					-72.6848399535108,-37.49333478958206,0.000
					-72.68485505425424,-37.49319738555552,0.000
					-72.68487563402877,-37.493076671523454,0.000
					-72.68487600499951,-37.49306099852209,0.000
					-72.68486792898864,-37.493055162531284,0.000
					-72.68485296397726,-37.49304901154859,0.000
					-72.68484110697622,-37.49304841856261,0.000
					-72.68482982198165,-37.49305126157619,0.000
					-72.684005866863,-37.4935204755823,0.000
					-72.6839959898927,-37.49353632259499,0.000
					-72.68399412291666,-37.49354917259799,0.000
					-72.68407228229164,-37.49375031651804,0.000
					-72.68408258131161,-37.4937610625065,0.000
				</coordinates>
			</LinearRing>
		</outerBoundaryIs>
	</Polygon>
</MultiGeometry>
</Placemark>

<Placemark>
<name>8306011004021</name>
<description><![CDATA[<p><br/>NOM_COMUNA: NACIMIENTO
<br/>MANZENT_CODIGO: 8306011004021
<br/>TOTAL_PERSONAS(2017): 35
<br/>TOTAL_VIVIENDAS(2017): 12</p>]]></description>
<ExtendedData>
	<Data name="fid"><displayName>fid</displayName><value><![CDATA[31]]></value></Data>
	<Data name="NOM_COMUNA"><displayName>NOM_COMUNA</displayName><value><![CDATA[NACIMIENTO]]></value></Data>
	<Data name="MANZENT_I"><displayName>MANZENT_I</displayName><value><![CDATA[8306011004021]]></value></Data>
	<Data name="TOTAL_PERS"><displayName>TOTAL_PERS</displayName><value><![CDATA[35]]></value></Data>
	<Data name="TOTAL_VIVI"><displayName>TOTAL_VIVI</displayName><value><![CDATA[12]]></value></Data>
</ExtendedData>
<styleUrl>#style1</styleUrl>
<MultiGeometry>
	<Polygon>
		<outerBoundaryIs>
			<LinearRing>
				<tessellate>1</tessellate>
				<coordinates>
					-72.68896185749946,-37.494415031764966,0.000
					-72.68897783050467,-37.49441786774617,0.000
					-72.68899523649844,-37.494414603725346,0.000
					-72.68901102948712,-37.49440860470627,0.000
					-72.6890243574744,-37.494401836690066,0.000
					-72.6890365014512,-37.494389457674885,0.000
					-72.68964621713977,-37.4936891899082,0.000
					-72.68965406509594,-37.493665732897426,0.000
					-72.68964805105604,-37.49364434690319,0.000
					-72.68963906702484,-37.49362758991283,0.000
					-72.68961222099324,-37.493610572943545,0.000
					-72.6890977535224,-37.4933564665373,0.000
					-72.68907566251788,-37.49335396156335,0.000
					-72.68905571052773,-37.4933591585873,0.000
					-72.68904222754298,-37.4933672756038,0.000
					-72.68903208756116,-37.4933769906164,0.000
					-72.6887140052026,-37.49425508804865,0.000
					-72.68871363823165,-37.49427067105003,0.000
					-72.68872019925895,-37.49428530904323,0.000
					-72.68873373328174,-37.49429755902796,0.000
					-72.68896185749946,-37.494415031764966,0.000
				</coordinates>
			</LinearRing>
		</outerBoundaryIs>
	</Polygon>
</MultiGeometry>
</Placemark>

<Placemark>
<name>8306011004015</name>
<description><![CDATA[<p><br/>NOM_COMUNA: NACIMIENTO
<br/>MANZENT_CODIGO: 8306011004015
<br/>TOTAL_PERSONAS(2017): 41
<br/>TOTAL_VIVIENDAS(2017): 14</p>]]></description>
<ExtendedData>
	<Data name="fid"><displayName>fid</displayName><value><![CDATA[32]]></value></Data>
	<Data name="NOM_COMUNA"><displayName>NOM_COMUNA</displayName><value><![CDATA[NACIMIENTO]]></value></Data>
	<Data name="MANZENT_I"><displayName>MANZENT_I</displayName><value><![CDATA[8306011004015]]></value></Data>
	<Data name="TOTAL_PERS"><displayName>TOTAL_PERS</displayName><value><![CDATA[41]]></value></Data>
	<Data name="TOTAL_VIVI"><displayName>TOTAL_VIVI</displayName><value><![CDATA[14]]></value></Data>
</ExtendedData>
<styleUrl>#style1</styleUrl>
<MultiGeometry>
	<Polygon>
		<outerBoundaryIs>
			<LinearRing>
				<tessellate>1</tessellate>
				<coordinates>
					-72.68418646082715,-37.49403759740085,0.000
					-72.68420843883169,-37.494040101374964,0.000
					-72.68423301281595,-37.49403175134534,0.000
					-72.684242644808,-37.49402752533361,0.000
					-72.68452448051984,-37.49387417498993,0.000
					-72.68473950829834,-37.49375628172766,0.000
					-72.68476559626627,-37.493739220695666,0.000
					-72.68478264222712,-37.49371828767419,0.000
					-72.6847894111871,-37.493696881664754,0.000
					-72.68482590874456,-37.49345995760662,0.000
					-72.68482983969156,-37.49343155760014,0.000
					-72.68482908766865,-37.493419286600236,0.000
					-72.6848185496562,-37.4934125916123,0.000
					-72.68480411465376,-37.49341122762936,0.000
					-72.6847729456853,-37.49342800866736,0.000
					-72.68451834495426,-37.49357116997809,0.000
					-72.68428367920076,-37.4937023742645,0.000
					-72.68411467238158,-37.49379863947084,0.000
					-72.68410422240484,-37.49381105148405,0.000
					-72.68410134543515,-37.493827306488484,0.000
					-72.68417503881352,-37.494030254413914,0.000
					-72.68418646082715,-37.49403759740085,0.000
				</coordinates>
			</LinearRing>
		</outerBoundaryIs>
	</Polygon>
</MultiGeometry>
</Placemark>

<Placemark>
<name>8306011004022</name>
<description><![CDATA[<p><br/>NOM_COMUNA: NACIMIENTO
<br/>MANZENT_CODIGO: 8306011004022
<br/>TOTAL_PERSONAS(2017): 58
<br/>TOTAL_VIVIENDAS(2017): 18</p>]]></description>
<ExtendedData>
	<Data name="fid"><displayName>fid</displayName><value><![CDATA[33]]></value></Data>
	<Data name="NOM_COMUNA"><displayName>NOM_COMUNA</displayName><value><![CDATA[NACIMIENTO]]></value></Data>
	<Data name="MANZENT_I"><displayName>MANZENT_I</displayName><value><![CDATA[8306011004022]]></value></Data>
	<Data name="TOTAL_PERS"><displayName>TOTAL_PERS</displayName><value><![CDATA[58]]></value></Data>
	<Data name="TOTAL_VIVI"><displayName>TOTAL_VIVI</displayName><value><![CDATA[18]]></value></Data>
</ExtendedData>
<styleUrl>#style1</styleUrl>
<MultiGeometry>
	<Polygon>
		<outerBoundaryIs>
			<LinearRing>
				<tessellate>1</tessellate>
				<coordinates>
					-72.69004856658013,-37.49499790951368,0.000
					-72.69006957958835,-37.49500237648904,0.000
					-72.69008440758067,-37.494998340471206,0.000
					-72.69010405256209,-37.49498845144734,0.000
					-72.69011781853659,-37.494974842430175,0.000
					-72.69013933049396,-37.494952103403214,0.000
					-72.69073476921807,-37.49427083565467,0.000
					-72.69075031717357,-37.49424707863474,0.000
					-72.69075391814727,-37.4942330006296,0.000
					-72.6907549731244,-37.494220765627595,0.000
					-72.69074728910351,-37.49420953063601,0.000
					-72.69073791208235,-37.4941981726464,0.000
					-72.69038292273308,-37.49400973205523,0.000
					-72.68978795016513,-37.49370331774115,0.000
					-72.6897704801547,-37.49369765976148,0.000
					-72.68975435315205,-37.493696171780485,0.000
					-72.68973556415298,-37.493696615802804,0.000
					-72.68971699816792,-37.49370454282527,0.000
					-72.68970107320091,-37.49372216484527,0.000
					-72.68938475988618,-37.49408807124319,0.000
					-72.68910242149303,-37.49441210559815,0.000
					-72.68908968753135,-37.49443258361454,0.000
					-72.68908520455628,-37.494445923620724,0.000
					-72.68908483458554,-37.49446159662216,0.000
					-72.68909498360792,-37.49447360061087,0.000
					-72.68911020963087,-37.49448597459358,0.000
					-72.68942279695239,-37.49465935023404,0.000
					-72.69004856658013,-37.49499790951368,0.000
				</coordinates>
			</LinearRing>
		</outerBoundaryIs>
	</Polygon>
</MultiGeometry>
</Placemark>

<Placemark>
<name>8306021001003</name>
<description><![CDATA[<p><br/>NOM_COMUNA: NACIMIENTO
<br/>MANZENT_CODIGO: 8306021001003
<br/>TOTAL_PERSONAS(2017): 66
<br/>TOTAL_VIVIENDAS(2017): 22</p>]]></description>
<ExtendedData>
	<Data name="fid"><displayName>fid</displayName><value><![CDATA[34]]></value></Data>
	<Data name="NOM_COMUNA"><displayName>NOM_COMUNA</displayName><value><![CDATA[NACIMIENTO]]></value></Data>
	<Data name="MANZENT_I"><displayName>MANZENT_I</displayName><value><![CDATA[8306021001003]]></value></Data>
	<Data name="TOTAL_PERS"><displayName>TOTAL_PERS</displayName><value><![CDATA[66]]></value></Data>
	<Data name="TOTAL_VIVI"><displayName>TOTAL_VIVI</displayName><value><![CDATA[22]]></value></Data>
</ExtendedData>
<styleUrl>#style1</styleUrl>
<MultiGeometry>
	<Polygon>
		<outerBoundaryIs>
			<LinearRing>
				<tessellate>1</tessellate>
				<coordinates>
					-72.69259972543205,-37.494928115485706,0.000
					-72.69282276766357,-37.49505296122921,0.000
					-72.69285220965433,-37.495048130194014,0.000
					-72.69338452652212,-37.49444365752512,0.000
					-72.69337829246118,-37.49441100253046,0.000
					-72.69314917822769,-37.49428504879409,0.000
					-72.6931149962432,-37.494293211835135,0.000
					-72.69259664036008,-37.494889543486956,0.000
					-72.69259972543205,-37.494928115485706,0.000
				</coordinates>
			</LinearRing>
		</outerBoundaryIs>
	</Polygon>
</MultiGeometry>
</Placemark>

<Placemark>
<name>8306011004023</name>
<description><![CDATA[<p><br/>NOM_COMUNA: NACIMIENTO
<br/>MANZENT_CODIGO: 8306011004023
<br/>TOTAL_PERSONAS(2017): 85
<br/>TOTAL_VIVIENDAS(2017): 33</p>]]></description>
<ExtendedData>
	<Data name="fid"><displayName>fid</displayName><value><![CDATA[35]]></value></Data>
	<Data name="NOM_COMUNA"><displayName>NOM_COMUNA</displayName><value><![CDATA[NACIMIENTO]]></value></Data>
	<Data name="MANZENT_I"><displayName>MANZENT_I</displayName><value><![CDATA[8306011004023]]></value></Data>
	<Data name="TOTAL_PERS"><displayName>TOTAL_PERS</displayName><value><![CDATA[85]]></value></Data>
	<Data name="TOTAL_VIVI"><displayName>TOTAL_VIVI</displayName><value><![CDATA[33]]></value></Data>
</ExtendedData>
<styleUrl>#style1</styleUrl>
<MultiGeometry>
	<Polygon>
		<outerBoundaryIs>
			<LinearRing>
				<tessellate>1</tessellate>
				<coordinates>
					-72.68926437528019,-37.49590563950021,0.000
					-72.68928219928291,-37.49590716047919,0.000
					-72.68929795127414,-37.4959025124602,0.000
					-72.6893184522517,-37.49589056743517,0.000
					-72.68934092920544,-37.495865864406966,0.000
					-72.69000559678548,-37.4951077335715,0.000
					-72.69001304975184,-37.49508976556153,0.000
					-72.69001418872395,-37.49507482855929,0.000
					-72.69001043969071,-37.49505700156261,0.000
					-72.69000291266714,-37.49504432857071,0.000
					-72.68999507464869,-37.495034442579374,0.000
					-72.6899796486309,-37.49502485859707,0.000
					-72.68904301270076,-37.49452313967561,0.000
					-72.68902365069526,-37.49452014669835,0.000
					-72.68899984771224,-37.494529143727135,0.000
					-72.68896263678785,-37.49456950877375,0.000
					-72.68830742822368,-37.49533619959856,0.000
					-72.6883010082563,-37.4953536466073,0.000
					-72.68830294828952,-37.49537143760611,0.000
					-72.68831248230792,-37.4953813575954,0.000
					-72.6883205583188,-37.495387192586215,0.000
					-72.68877208978697,-37.495639620066974,0.000
					-72.68925029427005,-37.49590013751652,0.000
					-72.68926437528019,-37.49590563950021,0.000
				</coordinates>
			</LinearRing>
		</outerBoundaryIs>
	</Polygon>
</MultiGeometry>
</Placemark>

<Placemark>
<name>8306021001005</name>
<description><![CDATA[<p><br/>NOM_COMUNA: NACIMIENTO
<br/>MANZENT_CODIGO: 8306021001005
<br/>TOTAL_PERSONAS(2017): 114
<br/>TOTAL_VIVIENDAS(2017): 46</p>]]></description>
<ExtendedData>
	<Data name="fid"><displayName>fid</displayName><value><![CDATA[36]]></value></Data>
	<Data name="NOM_COMUNA"><displayName>NOM_COMUNA</displayName><value><![CDATA[NACIMIENTO]]></value></Data>
	<Data name="MANZENT_I"><displayName>MANZENT_I</displayName><value><![CDATA[8306021001005]]></value></Data>
	<Data name="TOTAL_PERS"><displayName>TOTAL_PERS</displayName><value><![CDATA[114]]></value></Data>
	<Data name="TOTAL_VIVI"><displayName>TOTAL_VIVI</displayName><value><![CDATA[46]]></value></Data>
</ExtendedData>
<styleUrl>#style1</styleUrl>
<MultiGeometry>
	<Polygon>
		<outerBoundaryIs>
			<LinearRing>
				<tessellate>1</tessellate>
				<coordinates>
					-72.69118494777832,-37.49617956424117,0.000
					-72.6911626448341,-37.49620934226947,0.000
					-72.69020506495866,-37.495736871374696,0.000
					-72.69016087595679,-37.495735736427015,0.000
					-72.68997272141408,-37.49597996966536,0.000
					-72.68998451447384,-37.49601201165338,0.000
					-72.6909828705033,-37.49656710850502,0.000
					-72.69106700159983,-37.49661912940857,0.000
					-72.69112263364843,-37.49664536034426,0.000
					-72.69113415165634,-37.49664964033092,0.000
					-72.69117291565796,-37.49665066928501,0.000
					-72.69119760162856,-37.496635020254786,0.000
					-72.69122054158854,-37.49661366122626,0.000
					-72.69123856855157,-37.49659391720366,0.000
					-72.69235021917457,-37.495324893806334,0.000
					-72.69234475613551,-37.49530396981148,0.000
					-72.69213822589711,-37.495175481048214,0.000
					-72.69111477184742,-37.49460938622561,0.000
					-72.6910186490185,-37.49470066134525,0.000
					-72.6908338424102,-37.49490981457746,0.000
					-72.69028758665922,-37.49557681526679,0.000
					-72.69022788480251,-37.49565332834237,0.000
					-72.69024283885577,-37.49568191832645,0.000
					-72.69120734972233,-37.49614965721274,0.000
					-72.69118494777832,-37.49617956424117,0.000
				</coordinates>
			</LinearRing>
		</outerBoundaryIs>
	</Polygon>
</MultiGeometry>
</Placemark>

<Placemark>
<name>8306011004502</name>
<description><![CDATA[<p><br/>NOM_COMUNA: NACIMIENTO
<br/>MANZENT_CODIGO: 8306011004502
<br/>TOTAL_PERSONAS(2017): 94
<br/>TOTAL_VIVIENDAS(2017): 37</p>]]></description>
<ExtendedData>
	<Data name="fid"><displayName>fid</displayName><value><![CDATA[37]]></value></Data>
	<Data name="NOM_COMUNA"><displayName>NOM_COMUNA</displayName><value><![CDATA[NACIMIENTO]]></value></Data>
	<Data name="MANZENT_I"><displayName>MANZENT_I</displayName><value><![CDATA[8306011004502]]></value></Data>
	<Data name="TOTAL_PERS"><displayName>TOTAL_PERS</displayName><value><![CDATA[94]]></value></Data>
	<Data name="TOTAL_VIVI"><displayName>TOTAL_VIVI</displayName><value><![CDATA[37]]></value></Data>
</ExtendedData>
<styleUrl>#style1</styleUrl>
<MultiGeometry>
	<Polygon>
		<outerBoundaryIs>
			<LinearRing>
				<tessellate>1</tessellate>
				<coordinates>
					-72.68823713851484,-37.49549189869169,0.000
					-72.6878955651875,-37.49638656615281,0.000
					-72.68780253665699,-37.49663770427888,0.000
					-72.68776716784693,-37.49673929532723,0.000
					-72.68766213325587,-37.496957935465495,0.000
					-72.68759168150362,-37.497090369557306,0.000
					-72.6875306237183,-37.497205143636904,0.000
					-72.68752795772767,-37.49721015564041,0.000
					-72.68752501373801,-37.4972156896442,0.000
					-72.68750408981313,-37.49725581667158,0.000
					-72.68748942886569,-37.49728393269068,0.000
					-72.68738418319442,-37.497459599826485,0.000
					-72.68738219719532,-37.49746008482893,0.000
					-72.68733082836104,-37.497548655895365,0.000
					-72.68729898646626,-37.49760489893661,0.000
					-72.68721599174053,-37.49775149604423,0.000
					-72.6871382529975,-37.49788880914501,0.000
					-72.68713698400164,-37.49789105114665,0.000
					-72.6868749008678,-37.49835397248645,0.000
					-72.68680830608793,-37.49847159957281,0.000
					-72.68676000724753,-37.49855690863541,0.000
					-72.6867546312653,-37.4985664046424,0.000
					-72.68675435028223,-37.49857548664333,0.000
					-72.68675688429028,-37.49857978564055,0.000
					-72.6867579632937,-37.498581616639406,0.000
					-72.68678233730435,-37.498587428610854,0.000
					-72.686892683244,-37.4985555174781,0.000
					-72.68698144618506,-37.498524272370936,0.000
					-72.6869870221814,-37.49852230936414,0.000
					-72.68707255311794,-37.49848865926068,0.000
					-72.68727249397499,-37.49841282201892,0.000
					-72.68737132988656,-37.49836582389879,0.000
					-72.68741008086161,-37.49835261485205,0.000
					-72.68753914858634,-37.49820563768983,0.000
					-72.68766732331703,-37.498061887528856,0.000
					-72.6876882552754,-37.498039677502646,0.000
					-72.68770783521211,-37.49800583947727,0.000
					-72.68770353617109,-37.49798385648097,0.000
					-72.68769012907899,-37.497934479493786,0.000
					-72.68767318098658,-37.497884924510764,0.000
					-72.68770011187786,-37.49782679647515,0.000
					-72.68785784956738,-37.49766107327774,0.000
					-72.68795451536724,-37.4975542391565,0.000
					-72.6880364091894,-37.497459290053435,0.000
					-72.68807636311088,-37.49741739700345,0.000
					-72.68812968699521,-37.49735561593635,0.000
					-72.68816792991215,-37.49731130688819,0.000
					-72.68828039166812,-37.497181006746736,0.000
					-72.68827711864715,-37.49716976774991,0.000
					-72.6882495376189,-37.497154538781665,0.000
					-72.68823915360396,-37.49714649579342,0.000
					-72.68823466158838,-37.497138116798205,0.000
					-72.68823694657331,-37.49713005079503,0.000
					-72.68824385255226,-37.49711883178609,0.000
					-72.6883019684276,-37.497052247713064,0.000
					-72.68838523724885,-37.49695684460837,0.000
					-72.68919590650918,-37.49602803158905,0.000
					-72.6892215924467,-37.49599464955653,0.000
					-72.68922442441902,-37.49597983555226,0.000
					-72.68922536739615,-37.49596759855033,0.000
					-72.68921257635577,-37.495945899564134,0.000
					-72.68909160322998,-37.49587809770324,0.000
					-72.6889552755028,-37.49602372587398,0.000
					-72.68892381047212,-37.49600718691024,0.000
					-72.68905987519699,-37.495860314739765,0.000
					-72.68877573790162,-37.49570106206644,0.000
					-72.6883091564271,-37.49544518560335,0.000
					-72.68828910941527,-37.49543875562673,0.000
					-72.6882718194213,-37.49544193164745,0.000
					-72.68825455144656,-37.49545538166874,0.000
					-72.68823713851484,-37.49549189869169,0.000
				</coordinates>
			</LinearRing>
		</outerBoundaryIs>
	</Polygon>
</MultiGeometry>
</Placemark>

<Placemark>
<name>8306011004027</name>
<description><![CDATA[<p><br/>NOM_COMUNA: NACIMIENTO
<br/>MANZENT_CODIGO: 8306011004027
<br/>TOTAL_PERSONAS(2017): 93
<br/>TOTAL_VIVIENDAS(2017): 29</p>]]></description>
<ExtendedData>
	<Data name="fid"><displayName>fid</displayName><value><![CDATA[38]]></value></Data>
	<Data name="NOM_COMUNA"><displayName>NOM_COMUNA</displayName><value><![CDATA[NACIMIENTO]]></value></Data>
	<Data name="MANZENT_I"><displayName>MANZENT_I</displayName><value><![CDATA[8306011004027]]></value></Data>
	<Data name="TOTAL_PERS"><displayName>TOTAL_PERS</displayName><value><![CDATA[93]]></value></Data>
	<Data name="TOTAL_VIVI"><displayName>TOTAL_VIVI</displayName><value><![CDATA[29]]></value></Data>
</ExtendedData>
<styleUrl>#style1</styleUrl>
<MultiGeometry>
	<Polygon>
		<outerBoundaryIs>
			<LinearRing>
				<tessellate>1</tessellate>
				<coordinates>
					-72.68470485005761,-37.4968410459632,0.000
					-72.68472457109604,-37.496861708941125,0.000
					-72.68502203796427,-37.49679220358416,0.000
					-72.68503459290947,-37.49676289156744,0.000
					-72.68485568798597,-37.49626761174829,0.000
					-72.68457964459053,-37.495519180028246,0.000
					-72.68455154054608,-37.4954952890601,0.000
					-72.68424796967797,-37.495564853424284,0.000
					-72.68423826571083,-37.495582416436854,0.000
					-72.68470485005761,-37.4968410459632,0.000
				</coordinates>
			</LinearRing>
		</outerBoundaryIs>
	</Polygon>
</MultiGeometry>
</Placemark>

<Placemark>
<name>8306011004028</name>
<description><![CDATA[<p><br/>NOM_COMUNA: NACIMIENTO
<br/>MANZENT_CODIGO: 8306011004028
<br/>TOTAL_PERSONAS(2017): 99
<br/>TOTAL_VIVIENDAS(2017): 34</p>]]></description>
<ExtendedData>
	<Data name="fid"><displayName>fid</displayName><value><![CDATA[39]]></value></Data>
	<Data name="NOM_COMUNA"><displayName>NOM_COMUNA</displayName><value><![CDATA[NACIMIENTO]]></value></Data>
	<Data name="MANZENT_I"><displayName>MANZENT_I</displayName><value><![CDATA[8306011004028]]></value></Data>
	<Data name="TOTAL_PERS"><displayName>TOTAL_PERS</displayName><value><![CDATA[99]]></value></Data>
	<Data name="TOTAL_VIVI"><displayName>TOTAL_VIVI</displayName><value><![CDATA[34]]></value></Data>
</ExtendedData>
<styleUrl>#style1</styleUrl>
<MultiGeometry>
	<Polygon>
		<outerBoundaryIs>
			<LinearRing>
				<tessellate>1</tessellate>
				<coordinates>
					-72.68432820222452,-37.4969290934152,0.000
					-72.68434946125882,-37.49694753439117,0.000
					-72.68465325012772,-37.49687842402671,0.000
					-72.68465779007893,-37.49685228901972,0.000
					-72.68438548163536,-37.496078156293656,0.000
					-72.68420090872671,-37.49559078548165,0.000
					-72.68418475670504,-37.49557911450008,0.000
					-72.68403504275166,-37.49560357367905,0.000
					-72.68392699521233,-37.495849907822645,0.000
					-72.68392979826841,-37.49587997182126,0.000
					-72.68406678088866,-37.496212669679835,0.000
					-72.68432820222452,-37.4969290934152,0.000
				</coordinates>
			</LinearRing>
		</outerBoundaryIs>
	</Polygon>
</MultiGeometry>
</Placemark>

<Placemark>
<name>8306011001019</name>
<description><![CDATA[<p><br/>NOM_COMUNA: NACIMIENTO
<br/>MANZENT_CODIGO: 8306011001019
<br/>TOTAL_PERSONAS(2017): 209
<br/>TOTAL_VIVIENDAS(2017): 75</p>]]></description>
<ExtendedData>
	<Data name="fid"><displayName>fid</displayName><value><![CDATA[40]]></value></Data>
	<Data name="NOM_COMUNA"><displayName>NOM_COMUNA</displayName><value><![CDATA[NACIMIENTO]]></value></Data>
	<Data name="MANZENT_I"><displayName>MANZENT_I</displayName><value><![CDATA[8306011001019]]></value></Data>
	<Data name="TOTAL_PERS"><displayName>TOTAL_PERS</displayName><value><![CDATA[209]]></value></Data>
	<Data name="TOTAL_VIVI"><displayName>TOTAL_VIVI</displayName><value><![CDATA[75]]></value></Data>
</ExtendedData>
<styleUrl>#style1</styleUrl>
<MultiGeometry>
	<Polygon>
		<outerBoundaryIs>
			<LinearRing>
				<tessellate>1</tessellate>
				<coordinates>
					-72.67865326077057,-37.497201648158665,0.000
					-72.67826653827832,-37.49747223663412,0.000
					-72.67815939141744,-37.4975463687658,0.000
					-72.67817360446058,-37.49756953775045,0.000
					-72.67832805672859,-37.497713608576454,0.000
					-72.67843497391692,-37.49781484045615,0.000
					-72.67860198422568,-37.49798078626866,0.000
					-72.67858315724938,-37.49799339229175,0.000
					-72.67841724694246,-37.49782845947804,0.000
					-72.67831065775484,-37.49772759559795,0.000
					-72.67815631448697,-37.49758361677181,0.000
					-72.67812425546298,-37.497570639809005,0.000
					-72.67804716256293,-37.497623915903716,0.000
					-72.67795803965174,-37.49767118701236,0.000
					-72.67784315774585,-37.49772119515171,0.000
					-72.67774760982661,-37.49776410426768,0.000
					-72.67773955783477,-37.49776845227745,0.000
					-72.67772640286412,-37.49778414429407,0.000
					-72.67771813589887,-37.49780272530504,0.000
					-72.67771910793577,-37.49782248030512,0.000
					-72.67773204697383,-37.49784292129108,0.000
					-72.67775119400592,-37.49786015026947,0.000
					-72.67813704445089,-37.498099790827276,0.000
					-72.67848491582656,-37.49830218542776,0.000
					-72.67881549516758,-37.498485946047516,0.000
					-72.67896364021594,-37.49851237887361,0.000
					-72.6790269612265,-37.498518228798886,0.000
					-72.67902639603393,-37.498415096793046,0.000
					-72.6789657197877,-37.498283036856634,0.000
					-72.67899665276752,-37.4982723298193,0.000
					-72.67905613901371,-37.49840438975712,0.000
					-72.67906108123216,-37.49852138075868,0.000
					-72.6791408262454,-37.49852874866463,0.000
					-72.67927185023505,-37.498523664508994,0.000
					-72.67933754721535,-37.49851333043046,0.000
					-72.67939028317925,-37.49849418036674,0.000
					-72.67943872412246,-37.49846395230745,0.000
					-72.67948802404807,-37.49842427824651,0.000
					-72.67953606796065,-37.498377640186604,0.000
					-72.67958655085583,-37.4983216781232,0.000
					-72.67963717874899,-37.49826463805959,0.000
					-72.67962699970818,-37.49824271907031,0.000
					-72.67957047552255,-37.498143110131,0.000
					-72.67953144839348,-37.49807385417286,0.000
					-72.67952622638101,-37.498067173178626,0.000
					-72.67952568837931,-37.49806626117925,0.000
					-72.67952514537797,-37.4980655291798,0.000
					-72.67952358837643,-37.498064688181614,0.000
					-72.67952110437619,-37.49806454918455,0.000
					-72.67922071659474,-37.49818057354794,0.000
					-72.6792122885682,-37.49816632055701,0.000
					-72.67920386254161,-37.49815206856607,0.000
					-72.67950434332299,-37.4980360132026,0.000
					-72.67952123632047,-37.49803472218253,0.000
					-72.67953008631874,-37.498033815171965,0.000
					-72.67953612032309,-37.49803618716494,0.000
					-72.67954900033072,-37.49804031514993,0.000
					-72.6795616903634,-37.49805786713602,0.000
					-72.67960629749702,-37.49812957608769,0.000
					-72.67966303068367,-37.49822973002675,0.000
					-72.67969934758736,-37.49817826498045,0.000
					-72.67974639644406,-37.49810168891987,0.000
					-72.67984677410604,-37.49792099378944,0.000
					-72.67990586687746,-37.49779878371171,0.000
					-72.6799188958215,-37.49776885069436,0.000
					-72.67991265980191,-37.4977583647011,0.000
					-72.67986579472948,-37.49771941475421,0.000
					-72.67976175455169,-37.497623827871465,0.000
					-72.67956746018324,-37.497425807089265,0.000
					-72.6795317401207,-37.497392212129434,0.000
					-72.67954141210755,-37.49738518711753,0.000
					-72.67955094809456,-37.497378261105816,0.000
					-72.6795871051579,-37.49741231506514,0.000
					-72.67978129052622,-37.497610243847454,0.000
					-72.67988401070177,-37.497704632731676,0.000
					-72.6799243707641,-37.49773813868593,0.000
					-72.67993265076268,-37.4977373996761,0.000
					-72.67994446271184,-37.49771023666035,0.000
					-72.67995946063942,-37.49767150964012,0.000
					-72.67996211155459,-37.497626052634104,0.000
					-72.679958713473,-37.497582369635374,0.000
					-72.6799409893483,-37.497515514652164,0.000
					-72.67992469222617,-37.497450039667356,0.000
					-72.67992255215745,-37.497413229667586,0.000
					-72.67992615109038,-37.49737734366101,0.000
					-72.67994073100908,-37.497333832641,0.000
					-72.67997039689101,-37.49727070260184,0.000
					-72.67999330879144,-37.49721744257137,0.000
					-72.6800276226863,-37.49716125252713,0.000
					-72.68007302258097,-37.497105010469745,0.000
					-72.68011932849605,-37.497059690412016,0.000
					-72.6801814883758,-37.49699548633428,0.000
					-72.68022594629318,-37.496951391278785,0.000
					-72.68029988017898,-37.49689048218735,0.000
					-72.68037113104923,-37.49682123009851,0.000
					-72.68049724083025,-37.49670439194167,0.000
					-72.68058093868636,-37.4966276338376,0.000
					-72.68063480958168,-37.49657173877021,0.000
					-72.68071674238055,-37.49646430566633,0.000
					-72.68081151815507,-37.496343877546366,0.000
					-72.68088109300355,-37.496262967458804,0.000
					-72.68089950295048,-37.49623458143519,0.000
					-72.68089949590988,-37.49621286343386,0.000
					-72.68089495885609,-37.49618402643742,0.000
					-72.68088349080429,-37.4961562254492,0.000
					-72.68069723738053,-37.495928624655576,0.000
					-72.68049780592631,-37.49568463487655,0.000
					-72.68045671684669,-37.49564183292255,0.000
					-72.68043845481581,-37.49562525294318,0.000
					-72.68042177178525,-37.49560879396193,0.000
					-72.68040472078368,-37.495607917982056,0.000
					-72.68039101278514,-37.495608639998345,0.000
					-72.68036905879964,-37.495616320024865,0.000
					-72.68035005282732,-37.49563108604831,0.000
					-72.68025738402119,-37.49573461216467,0.000
					-72.68005024646179,-37.49596989442504,0.000
					-72.6798879588097,-37.49615568162913,0.000
					-72.67974709009356,-37.496307194805674,0.000
					-72.67964890029971,-37.496417280929016,0.000
					-72.6795500874752,-37.49651095405202,0.000
					-72.67946018362494,-37.496590833163616,0.000
					-72.67934889579574,-37.49668191730129,0.000
					-72.67922975196961,-37.49677464944835,0.000
					-72.67904362223422,-37.496915719677936,0.000
					-72.67885421749854,-37.497056634911296,0.000
					-72.67865326077057,-37.497201648158665,0.000
				</coordinates>
			</LinearRing>
		</outerBoundaryIs>
	</Polygon>
</MultiGeometry>
</Placemark>

<Placemark>
<name>8306011004029</name>
<description><![CDATA[<p><br/>NOM_COMUNA: NACIMIENTO
<br/>MANZENT_CODIGO: 8306011004029
<br/>TOTAL_PERSONAS(2017): 62
<br/>TOTAL_VIVIENDAS(2017): 24</p>]]></description>
<ExtendedData>
	<Data name="fid"><displayName>fid</displayName><value><![CDATA[41]]></value></Data>
	<Data name="NOM_COMUNA"><displayName>NOM_COMUNA</displayName><value><![CDATA[NACIMIENTO]]></value></Data>
	<Data name="MANZENT_I"><displayName>MANZENT_I</displayName><value><![CDATA[8306011004029]]></value></Data>
	<Data name="TOTAL_PERS"><displayName>TOTAL_PERS</displayName><value><![CDATA[62]]></value></Data>
	<Data name="TOTAL_VIVI"><displayName>TOTAL_VIVI</displayName><value><![CDATA[24]]></value></Data>
</ExtendedData>
<styleUrl>#style1</styleUrl>
<MultiGeometry>
	<Polygon>
		<outerBoundaryIs>
			<LinearRing>
				<tessellate>1</tessellate>
				<coordinates>
					-72.68396217938482,-37.49701365385435,0.000
					-72.68398225141569,-37.49703026883161,0.000
					-72.68428244028355,-37.49696054847142,0.000
					-72.68429249323638,-37.49693533245793,0.000
					-72.68421937385732,-37.49673203553173,0.000
					-72.68391990939445,-37.49594745583723,0.000
					-72.68391021837178,-37.49593528084796,0.000
					-72.68388820538308,-37.495941246874374,0.000
					-72.6838628344811,-37.495993647907746,0.000
					-72.68381712559162,-37.49605267996565,0.000
					-72.68373642674581,-37.49613499606649,0.000
					-72.68367582584732,-37.496189139141734,0.000
					-72.68367338990564,-37.49622036214659,0.000
					-72.683794197485,-37.49653111402302,0.000
					-72.68396217938482,-37.49701365385435,0.000
				</coordinates>
			</LinearRing>
		</outerBoundaryIs>
	</Polygon>
</MultiGeometry>
</Placemark>

<Placemark>
<name>8306011001018</name>
<description><![CDATA[<p><br/>NOM_COMUNA: NACIMIENTO
<br/>MANZENT_CODIGO: 8306011001018
<br/>TOTAL_PERSONAS(2017): 97
<br/>TOTAL_VIVIENDAS(2017): 57</p>]]></description>
<ExtendedData>
	<Data name="fid"><displayName>fid</displayName><value><![CDATA[42]]></value></Data>
	<Data name="NOM_COMUNA"><displayName>NOM_COMUNA</displayName><value><![CDATA[NACIMIENTO]]></value></Data>
	<Data name="MANZENT_I"><displayName>MANZENT_I</displayName><value><![CDATA[8306011001018]]></value></Data>
	<Data name="TOTAL_PERS"><displayName>TOTAL_PERS</displayName><value><![CDATA[97]]></value></Data>
	<Data name="TOTAL_VIVI"><displayName>TOTAL_VIVI</displayName><value><![CDATA[57]]></value></Data>
</ExtendedData>
<styleUrl>#style1</styleUrl>
<MultiGeometry>
	<Polygon>
		<outerBoundaryIs>
			<LinearRing>
				<tessellate>1</tessellate>
				<coordinates>
					-72.67702761025116,-37.49798902213528,0.000
					-72.67703336125219,-37.4979895861285,0.000
					-72.67707633322523,-37.49797529207668,0.000
					-72.67770375071622,-37.49770484531591,0.000
					-72.67787636357812,-37.49763146110664,0.000
					-72.67795739448616,-37.49758249900751,0.000
					-72.67805433737585,-37.4975237558889,0.000
					-72.67813299527695,-37.49747105179233,0.000
					-72.67820006518123,-37.497420012709604,0.000
					-72.67856129772389,-37.49717631926607,0.000
					-72.67907846601538,-37.496798620629214,0.000
					-72.6792846976979,-37.49662928937407,0.000
					-72.67948052538716,-37.49646353713152,0.000
					-72.67954363228472,-37.49640890405321,0.000
					-72.67968545001881,-37.49626696287618,0.000
					-72.67971923594543,-37.496227794833665,0.000
					-72.67972957392223,-37.49621538182065,0.000
					-72.67972673390932,-37.49620847682356,0.000
					-72.67971582088543,-37.496195645835684,0.000
					-72.67970378386795,-37.49618621784935,0.000
					-72.67968296785469,-37.496179049873554,0.000
					-72.67962589183207,-37.49616675294047,0.000
					-72.67955268980663,-37.496152878026315,0.000
					-72.67942828877932,-37.4961378171728,0.000
					-72.67921015873004,-37.49611064042964,0.000
					-72.67889271466827,-37.496076463803746,0.000
					-72.67844696254875,-37.49601092632791,0.000
					-72.67840287754069,-37.49600645437989,0.000
					-72.67838969854436,-37.496008358395635,0.000
					-72.67837489355735,-37.4960152764136,0.000
					-72.67835984759172,-37.496033634432564,0.000
					-72.67831599678087,-37.49613478549095,0.000
					-72.67824279516445,-37.49633998559068,0.000
					-72.67820268438714,-37.49645914264577,0.000
					-72.67818787441709,-37.49647512066431,0.000
					-72.6781653564626,-37.496499412692565,0.000
					-72.67813139051947,-37.49652974473473,0.000
					-72.6780771446125,-37.49657941380217,0.000
					-72.67794955380468,-37.496681891959874,0.000
					-72.67778538106131,-37.496818795163115,0.000
					-72.67767881320651,-37.49689618229428,0.000
					-72.67758183633936,-37.49696700041374,0.000
					-72.67747521246734,-37.49703519454444,0.000
					-72.67729940266194,-37.49713879475935,0.000
					-72.67717862079118,-37.497207611906845,0.000
					-72.67704376291678,-37.49727443907096,0.000
					-72.67675035616452,-37.49740609542703,0.000
					-72.67673678721204,-37.497431511444695,0.000
					-72.67691326488357,-37.49779175825833,0.000
					-72.6769892561635,-37.49794194717775,0.000
					-72.67700455622287,-37.49797378916164,0.000
					-72.67701445623966,-37.49798281615045,0.000
					-72.67702761025116,-37.49798902213528,0.000
				</coordinates>
			</LinearRing>
		</outerBoundaryIs>
	</Polygon>
</MultiGeometry>
</Placemark>

<Placemark>
<name>8306011001021</name>
<description><![CDATA[<p><br/>NOM_COMUNA: NACIMIENTO
<br/>MANZENT_CODIGO: 8306011001021
<br/>TOTAL_PERSONAS(2017): 49
<br/>TOTAL_VIVIENDAS(2017): 15</p>]]></description>
<ExtendedData>
	<Data name="fid"><displayName>fid</displayName><value><![CDATA[43]]></value></Data>
	<Data name="NOM_COMUNA"><displayName>NOM_COMUNA</displayName><value><![CDATA[NACIMIENTO]]></value></Data>
	<Data name="MANZENT_I"><displayName>MANZENT_I</displayName><value><![CDATA[8306011001021]]></value></Data>
	<Data name="TOTAL_PERS"><displayName>TOTAL_PERS</displayName><value><![CDATA[49]]></value></Data>
	<Data name="TOTAL_VIVI"><displayName>TOTAL_VIVI</displayName><value><![CDATA[15]]></value></Data>
</ExtendedData>
<styleUrl>#style1</styleUrl>
<MultiGeometry>
	<Polygon>
		<outerBoundaryIs>
			<LinearRing>
				<tessellate>1</tessellate>
				<coordinates>
					-72.68192153387838,-37.49673515725547,0.000
					-72.68192980688418,-37.49673829324582,0.000
					-72.68233859972263,-37.496653227755935,0.000
					-72.6823577407141,-37.49664873673301,0.000
					-72.68237045869732,-37.49663979471734,0.000
					-72.68237536068132,-37.49663123971098,0.000
					-72.68220400178123,-37.49614854088363,0.000
					-72.68219755475398,-37.49613390589034,0.000
					-72.68218366773891,-37.4961257929063,0.000
					-72.68217358973288,-37.496122530918036,0.000
					-72.68175296291257,-37.496217277422566,0.000
					-72.68174491092073,-37.49622162443239,0.000
					-72.68173703794538,-37.49623480744252,0.000
					-72.68181610034078,-37.49644687436222,0.000
					-72.68184095749922,-37.49653180233814,0.000
					-72.68190953885832,-37.49672437826897,0.000
					-72.68191418487139,-37.496731408263905,0.000
					-72.68192153387838,-37.49673515725547,0.000
				</coordinates>
			</LinearRing>
		</outerBoundaryIs>
	</Polygon>
</MultiGeometry>
</Placemark>

<Placemark>
<name>8306011001016</name>
<description><![CDATA[<p><br/>NOM_COMUNA: NACIMIENTO
<br/>MANZENT_CODIGO: 8306011001016
<br/>TOTAL_PERSONAS(2017): 80
<br/>TOTAL_VIVIENDAS(2017): 26</p>]]></description>
<ExtendedData>
	<Data name="fid"><displayName>fid</displayName><value><![CDATA[44]]></value></Data>
	<Data name="NOM_COMUNA"><displayName>NOM_COMUNA</displayName><value><![CDATA[NACIMIENTO]]></value></Data>
	<Data name="MANZENT_I"><displayName>MANZENT_I</displayName><value><![CDATA[8306011001016]]></value></Data>
	<Data name="TOTAL_PERS"><displayName>TOTAL_PERS</displayName><value><![CDATA[80]]></value></Data>
	<Data name="TOTAL_VIVI"><displayName>TOTAL_VIVI</displayName><value><![CDATA[26]]></value></Data>
</ExtendedData>
<styleUrl>#style1</styleUrl>
<MultiGeometry>
	<Polygon>
		<outerBoundaryIs>
			<LinearRing>
				<tessellate>1</tessellate>
				<coordinates>
					-72.67501355026036,-37.4974515714885,0.000
					-72.67503349727139,-37.4974575514652,0.000
					-72.67504962126752,-37.49745552544601,0.000
					-72.67510049524081,-37.49744138338483,0.000
					-72.67511864623127,-37.49743633836297,0.000
					-72.67526119813282,-37.49738408319069,0.000
					-72.67532515708831,-37.49736047011338,0.000
					-72.67535281206423,-37.497347677079816,0.000
					-72.67537700803742,-37.49733337505022,0.000
					-72.67538986600549,-37.49731632503391,0.000
					-72.67539664697172,-37.49729825502471,0.000
					-72.67540089493382,-37.4972779720184,0.000
					-72.67539895581226,-37.49721286901658,0.000
					-72.67539195668216,-37.49714316102047,0.000
					-72.67538906660414,-37.497101380021256,0.000
					-72.67539077554211,-37.49706816001709,0.000
					-72.67540562948538,-37.49703781299761,0.000
					-72.67542950344384,-37.497015662967904,0.000
					-72.67546029040828,-37.49699671393019,0.000
					-72.6757620731126,-37.496839362562554,0.000
					-72.67576597610227,-37.49683385155759,0.000
					-72.67576869608148,-37.49682273055366,0.000
					-72.67576708005623,-37.49680918155472,0.000
					-72.67569085488596,-37.4967177436393,0.000
					-72.67545452545478,-37.49648599590471,0.000
					-72.67534097124421,-37.496372825032125,0.000
					-72.67531480117206,-37.49633410006072,0.000
					-72.67529364204334,-37.49626510408139,0.000
					-72.6752479597161,-37.496089648124475,0.000
					-72.67523897467828,-37.4960693751338,0.000
					-72.67523277665657,-37.496057717140424,0.000
					-72.6752218376411,-37.49604939115286,0.000
					-72.6750020036672,-37.49606263541425,0.000
					-72.67498908567552,-37.496067067429884,0.000
					-72.6749815106822,-37.49607061343903,0.000
					-72.67497416270923,-37.49608506744872,0.000
					-72.67497926221921,-37.49635822345995,0.000
					-72.67498222892566,-37.496736594480325,0.000
					-72.67498080539941,-37.496990336498136,0.000
					-72.67497965181867,-37.4972148915137,0.000
					-72.67497907702763,-37.49732680052147,0.000
					-72.67497405514612,-37.49739023453146,0.000
					-72.67497548419632,-37.49741711753144,0.000
					-72.67497729921635,-37.49742787752999,0.000
					-72.67499396024145,-37.497441362511104,0.000
					-72.67501355026036,-37.4974515714885,0.000
				</coordinates>
			</LinearRing>
		</outerBoundaryIs>
	</Polygon>
</MultiGeometry>
</Placemark>

<Placemark>
<name>8306011004030</name>
<description><![CDATA[<p><br/>NOM_COMUNA: NACIMIENTO
<br/>MANZENT_CODIGO: 8306011004030
<br/>TOTAL_PERSONAS(2017): 58
<br/>TOTAL_VIVIENDAS(2017): 20</p>]]></description>
<ExtendedData>
	<Data name="fid"><displayName>fid</displayName><value><![CDATA[45]]></value></Data>
	<Data name="NOM_COMUNA"><displayName>NOM_COMUNA</displayName><value><![CDATA[NACIMIENTO]]></value></Data>
	<Data name="MANZENT_I"><displayName>MANZENT_I</displayName><value><![CDATA[8306011004030]]></value></Data>
	<Data name="TOTAL_PERS"><displayName>TOTAL_PERS</displayName><value><![CDATA[58]]></value></Data>
	<Data name="TOTAL_VIVI"><displayName>TOTAL_VIVI</displayName><value><![CDATA[20]]></value></Data>
</ExtendedData>
<styleUrl>#style1</styleUrl>
<MultiGeometry>
	<Polygon>
		<outerBoundaryIs>
			<LinearRing>
				<tessellate>1</tessellate>
				<coordinates>
					-72.68359080954701,-37.49709919029989,0.000
					-72.68361033059068,-37.497122643278274,0.000
					-72.68391299445254,-37.49704972791491,0.000
					-72.68392204539757,-37.49702034690234,0.000
					-72.68385158398782,-37.496800609971984,0.000
					-72.68371963333,-37.49644782510611,0.000
					-72.6836429719601,-37.49624941418448,0.000
					-72.68361988794037,-37.49623877821114,0.000
					-72.68355405104387,-37.4962939902927,0.000
					-72.68349758512782,-37.49633875236243,0.000
					-72.68341988823049,-37.49639346145796,0.000
					-72.68335550030108,-37.496431038536635,0.000
					-72.68334910735257,-37.49645857954597,0.000
					-72.68359080954701,-37.49709919029989,0.000
				</coordinates>
			</LinearRing>
		</outerBoundaryIs>
	</Polygon>
</MultiGeometry>
</Placemark>

<Placemark>
<name>8306011001022</name>
<description><![CDATA[<p><br/>NOM_COMUNA: NACIMIENTO
<br/>MANZENT_CODIGO: 8306011001022
<br/>TOTAL_PERSONAS(2017): 50
<br/>TOTAL_VIVIENDAS(2017): 16</p>]]></description>
<ExtendedData>
	<Data name="fid"><displayName>fid</displayName><value><![CDATA[46]]></value></Data>
	<Data name="NOM_COMUNA"><displayName>NOM_COMUNA</displayName><value><![CDATA[NACIMIENTO]]></value></Data>
	<Data name="MANZENT_I"><displayName>MANZENT_I</displayName><value><![CDATA[8306011001022]]></value></Data>
	<Data name="TOTAL_PERS"><displayName>TOTAL_PERS</displayName><value><![CDATA[50]]></value></Data>
	<Data name="TOTAL_VIVI"><displayName>TOTAL_VIVI</displayName><value><![CDATA[16]]></value></Data>
</ExtendedData>
<styleUrl>#style1</styleUrl>
<MultiGeometry>
	<Polygon>
		<outerBoundaryIs>
			<LinearRing>
				<tessellate>1</tessellate>
				<coordinates>
					-72.68144051309201,-37.4968479118327,0.000
					-72.68145455310471,-37.49685476581649,0.000
					-72.68185885592763,-37.496761322331366,0.000
					-72.6818774239127,-37.4967533963089,0.000
					-72.68187964288114,-37.49673649730518,0.000
					-72.68179225840102,-37.49647902839251,0.000
					-72.68172958112251,-37.496329645457344,0.000
					-72.68170419699588,-37.4962617384832,0.000
					-72.68169594096854,-37.496247067492014,0.000
					-72.6816820569533,-37.49623886450795,0.000
					-72.68167224294491,-37.49623434651935,0.000
					-72.68127641212281,-37.49632822599437,0.000
					-72.68126477613579,-37.496335117008606,0.000
					-72.68125976115178,-37.49634367001507,0.000
					-72.68125527317689,-37.496357099021274,0.000
					-72.68142356804998,-37.49682531985136,0.000
					-72.68143001407725,-37.49683995584465,0.000
					-72.68144051309201,-37.4968479118327,0.000
				</coordinates>
			</LinearRing>
		</outerBoundaryIs>
	</Polygon>
</MultiGeometry>
</Placemark>

<Placemark>
<name>8306011001023</name>
<description><![CDATA[<p><br/>NOM_COMUNA: NACIMIENTO
<br/>MANZENT_CODIGO: 8306011001023
<br/>TOTAL_PERSONAS(2017): 54
<br/>TOTAL_VIVIENDAS(2017): 18</p>]]></description>
<ExtendedData>
	<Data name="fid"><displayName>fid</displayName><value><![CDATA[47]]></value></Data>
	<Data name="NOM_COMUNA"><displayName>NOM_COMUNA</displayName><value><![CDATA[NACIMIENTO]]></value></Data>
	<Data name="MANZENT_I"><displayName>MANZENT_I</displayName><value><![CDATA[8306011001023]]></value></Data>
	<Data name="TOTAL_PERS"><displayName>TOTAL_PERS</displayName><value><![CDATA[54]]></value></Data>
	<Data name="TOTAL_VIVI"><displayName>TOTAL_VIVI</displayName><value><![CDATA[18]]></value></Data>
</ExtendedData>
<styleUrl>#style1</styleUrl>
<MultiGeometry>
	<Polygon>
		<outerBoundaryIs>
			<LinearRing>
				<tessellate>1</tessellate>
				<coordinates>
					-72.68079677337937,-37.49699955260528,0.000
					-72.68081120538199,-37.497001007588246,0.000
					-72.6809849713105,-37.49696332737991,0.000
					-72.68136786713545,-37.49687090692025,0.000
					-72.68138027512369,-37.49686466190514,0.000
					-72.68138737909767,-37.496850743895855,0.000
					-72.68122711923796,-37.4963897100567,0.000
					-72.68121754018132,-37.49635933206611,0.000
					-72.68120684717135,-37.49635398507844,0.000
					-72.68119102916364,-37.496349800096944,0.000
					-72.68087105028206,-37.49641209448011,0.000
					-72.68085602529476,-37.49641882849834,0.000
					-72.68083987631374,-37.496428965518135,0.000
					-72.68067985766818,-37.49661822271975,0.000
					-72.68066595971518,-37.496643362737785,0.000
					-72.68066206876571,-37.496670411744155,0.000
					-72.68066713582847,-37.49670403474023,0.000
					-72.68076596434125,-37.49697903164049,0.000
					-72.68077142435303,-37.49698535763442,0.000
					-72.68078268936937,-37.496994139621634,0.000
					-72.68079677337937,-37.49699955260528,0.000
				</coordinates>
			</LinearRing>
		</outerBoundaryIs>
	</Polygon>
</MultiGeometry>
</Placemark>

<Placemark>
<name>8306011004031</name>
<description><![CDATA[<p><br/>NOM_COMUNA: NACIMIENTO
<br/>MANZENT_CODIGO: 8306011004031
<br/>TOTAL_PERSONAS(2017): 40
<br/>TOTAL_VIVIENDAS(2017): 14</p>]]></description>
<ExtendedData>
	<Data name="fid"><displayName>fid</displayName><value><![CDATA[48]]></value></Data>
	<Data name="NOM_COMUNA"><displayName>NOM_COMUNA</displayName><value><![CDATA[NACIMIENTO]]></value></Data>
	<Data name="MANZENT_I"><displayName>MANZENT_I</displayName><value><![CDATA[8306011004031]]></value></Data>
	<Data name="TOTAL_PERS"><displayName>TOTAL_PERS</displayName><value><![CDATA[40]]></value></Data>
	<Data name="TOTAL_VIVI"><displayName>TOTAL_VIVI</displayName><value><![CDATA[14]]></value></Data>
</ExtendedData>
<styleUrl>#style1</styleUrl>
<MultiGeometry>
	<Polygon>
		<outerBoundaryIs>
			<LinearRing>
				<tessellate>1</tessellate>
				<coordinates>
					-72.68321864672967,-37.49719570374711,0.000
					-72.68324170673036,-37.497196155719784,0.000
					-72.68325464572753,-37.49719469770438,0.000
					-72.68354528361228,-37.49713398335606,0.000
					-72.68355028457655,-37.4971148863489,0.000
					-72.68355492654895,-37.4971001083425,0.000
					-72.68355045151178,-37.49708019434653,0.000
					-72.68346294307979,-37.496848497435636,0.000
					-72.68341342085353,-37.496727129486665,0.000
					-72.68331892439957,-37.49648367058331,0.000
					-72.68329192437051,-37.49646800061435,0.000
					-72.68320990943336,-37.49650135671367,0.000
					-72.68312655348839,-37.496530541814266,0.000
					-72.68303526153777,-37.49655668692411,0.000
					-72.68301250354617,-37.49656110595142,0.000
					-72.68298069756828,-37.49657282798982,0.000
					-72.68297878258154,-37.49657990999255,0.000
					-72.6829792446014,-37.496590552992686,0.000
					-72.68314215243849,-37.49703947082793,0.000
					-72.68319087067229,-37.49716487877807,0.000
					-72.6832064127172,-37.49718897476117,0.000
					-72.68321864672967,-37.49719570374711,0.000
				</coordinates>
			</LinearRing>
		</outerBoundaryIs>
	</Polygon>
</MultiGeometry>
</Placemark>

<Placemark>
<name>8306011004032</name>
<description><![CDATA[<p><br/>NOM_COMUNA: NACIMIENTO
<br/>MANZENT_CODIGO: 8306011004032
<br/>TOTAL_PERSONAS(2017): 191
<br/>TOTAL_VIVIENDAS(2017): 72</p>]]></description>
<ExtendedData>
	<Data name="fid"><displayName>fid</displayName><value><![CDATA[49]]></value></Data>
	<Data name="NOM_COMUNA"><displayName>NOM_COMUNA</displayName><value><![CDATA[NACIMIENTO]]></value></Data>
	<Data name="MANZENT_I"><displayName>MANZENT_I</displayName><value><![CDATA[8306011004032]]></value></Data>
	<Data name="TOTAL_PERS"><displayName>TOTAL_PERS</displayName><value><![CDATA[191]]></value></Data>
	<Data name="TOTAL_VIVI"><displayName>TOTAL_VIVI</displayName><value><![CDATA[72]]></value></Data>
</ExtendedData>
<styleUrl>#style1</styleUrl>
<MultiGeometry>
	<Polygon>
		<outerBoundaryIs>
			<LinearRing>
				<tessellate>1</tessellate>
				<coordinates>
					-72.68323661692168,-37.49729860973228,0.000
					-72.68335309452353,-37.49762135261463,0.000
					-72.68346188306386,-37.4979111425039,0.000
					-72.68346417208951,-37.49792488450209,0.000
					-72.68347020210788,-37.497934735495576,0.000
					-72.68348384913067,-37.497946989480205,0.000
					-72.68349304813518,-37.497949422469404,0.000
					-72.68390543196881,-37.49786180797509,0.000
					-72.68462045266253,-37.49770032811743,0.000
					-72.68462887966582,-37.497702115107515,0.000
					-72.68463961467322,-37.49770611109508,0.000
					-72.6846478466815,-37.49771059808563,0.000
					-72.68466065270042,-37.497720762071026,0.000
					-72.6846686877138,-37.497727949062,0.000
					-72.68470594692272,-37.49783997402486,0.000
					-72.68471043793832,-37.49784835302008,0.000
					-72.68472170395464,-37.4978571350073,0.000
					-72.68473917696494,-37.49786270498692,0.000
					-72.68476993396516,-37.49786294795047,0.000
					-72.6850284098764,-37.49781633364118,0.000
					-72.6851992697933,-37.497772428435916,0.000
					-72.68521130277007,-37.49776004842089,0.000
					-72.68522029373922,-37.49774355240919,0.000
					-72.68522125469484,-37.497719780406534,0.000
					-72.68512180407548,-37.49738770350347,0.000
					-72.68510416698625,-37.49733986552137,0.000
					-72.68509212996874,-37.49733043753505,0.000
					-72.68507296695809,-37.49732465555738,0.000
					-72.6850454399608,-37.49732600759012,0.000
					-72.68470187712953,-37.49741514100292,0.000
					-72.68468236516732,-37.497435305027345,0.000
					-72.68459455920421,-37.497454761132595,0.000
					-72.68458511215287,-37.49742723814209,0.000
					-72.68457577710215,-37.497400052151434,0.000
					-72.68479102999757,-37.49734479589282,0.000
					-72.68480093702763,-37.49736094088211,0.000
					-72.68538574572341,-37.497200086178836,0.000
					-72.68602195845295,-37.49705755441578,0.000
					-72.68626596435338,-37.49700511212324,0.000
					-72.68628488333091,-37.49699313610008,0.000
					-72.68629992829653,-37.49697477708105,0.000
					-72.6863064582641,-37.49695742207226,0.000
					-72.68631045222772,-37.49693794506628,0.000
					-72.68633999591145,-37.4967686520206,0.000
					-72.68637013157985,-37.49659117097374,0.000
					-72.68637051652924,-37.496564052971564,0.000
					-72.68636052550418,-37.49655060998254,0.000
					-72.68634047849235,-37.49654417900589,0.000
					-72.68631306449501,-37.49654553403846,0.000
					-72.68627586550825,-37.496552465083006,0.000
					-72.68621021252544,-37.496561452161394,0.000
					-72.68566966475579,-37.49668288080972,0.000
					-72.68509266702031,-37.496822474502366,0.000
					-72.68498637706902,-37.496848188629976,0.000
					-72.68466003021692,-37.49692622902172,0.000
					-72.68430585837193,-37.49700795944662,0.000
					-72.684214621418,-37.497032303556345,0.000
					-72.68402075350147,-37.4970763537889,0.000
					-72.68382233259362,-37.497125000027104,0.000
					-72.68365026266524,-37.497162718233426,0.000
					-72.68347645873907,-37.49720166344191,0.000
					-72.68328879181692,-37.49724267966695,0.000
					-72.68327827482365,-37.4972462576796,0.000
					-72.68325838984983,-37.497260196704076,0.000
					-72.68324631487552,-37.49727392771923,0.000
					-72.68323712591143,-37.49729312273133,0.000
					-72.68323661692168,-37.49729860973228,0.000
				</coordinates>
			</LinearRing>
		</outerBoundaryIs>
	</Polygon>
</MultiGeometry>
</Placemark>

<Placemark>
<name>8306021001006</name>
<description><![CDATA[<p><br/>NOM_COMUNA: NACIMIENTO
<br/>MANZENT_CODIGO: 8306021001006
<br/>TOTAL_PERSONAS(2017): 90
<br/>TOTAL_VIVIENDAS(2017): 30</p>]]></description>
<ExtendedData>
	<Data name="fid"><displayName>fid</displayName><value><![CDATA[50]]></value></Data>
	<Data name="NOM_COMUNA"><displayName>NOM_COMUNA</displayName><value><![CDATA[NACIMIENTO]]></value></Data>
	<Data name="MANZENT_I"><displayName>MANZENT_I</displayName><value><![CDATA[8306021001006]]></value></Data>
	<Data name="TOTAL_PERS"><displayName>TOTAL_PERS</displayName><value><![CDATA[90]]></value></Data>
	<Data name="TOTAL_VIVI"><displayName>TOTAL_VIVI</displayName><value><![CDATA[30]]></value></Data>
</ExtendedData>
<styleUrl>#style1</styleUrl>
<MultiGeometry>
	<Polygon>
		<outerBoundaryIs>
			<LinearRing>
				<tessellate>1</tessellate>
				<coordinates>
					-72.68945655663816,-37.496633708318235,0.000
					-72.68935595584738,-37.49674537844452,0.000
					-72.68931124383614,-37.49673918649712,0.000
					-72.6892482789578,-37.49680410057585,0.000
					-72.68921602997938,-37.496815544614776,0.000
					-72.68918795996015,-37.49680517264737,0.000
					-72.6891609899429,-37.49679581267877,0.000
					-72.68909680589915,-37.496772142753336,0.000
					-72.68899760890952,-37.49677732987123,0.000
					-72.68893249888752,-37.49676532594767,0.000
					-72.68871481135537,-37.49701507722141,0.000
					-72.68853769773256,-37.497216447443954,0.000
					-72.68841110000237,-37.49736049960308,0.000
					-72.68830390723654,-37.49748553173803,0.000
					-72.68830128430395,-37.49752162674339,0.000
					-72.6883069953466,-37.497544468738084,0.000
					-72.68835268141733,-37.49758254068633,0.000
					-72.68895687698848,-37.49789065998959,0.000
					-72.68914230516377,-37.49798522177577,0.000
					-72.68970101969194,-37.49827014813147,0.000
					-72.68971069969933,-37.498274135120255,0.000
					-72.68973274970637,-37.49827799109435,0.000
					-72.6897505667027,-37.49827608707311,0.000
					-72.68977056667636,-37.49826205904852,0.000
					-72.68989438341735,-37.498123808893034,0.000
					-72.69062989781692,-37.497269373967555,0.000
					-72.6906383787827,-37.497251065956306,0.000
					-72.69064228974442,-37.4972305949504,0.000
					-72.69062908372231,-37.49721871196531,0.000
					-72.69053100662101,-37.49716407407812,0.000
					-72.6898346179676,-37.49681151888133,0.000
					-72.68948591564094,-37.49663527428356,0.000
					-72.68948378463985,-37.49663469228602,0.000
					-72.68945655663816,-37.496633708318235,0.000
				</coordinates>
			</LinearRing>
		</outerBoundaryIs>
	</Polygon>
</MultiGeometry>
</Placemark>

<Placemark>
<name>8306011001024</name>
<description><![CDATA[<p><br/>NOM_COMUNA: NACIMIENTO
<br/>MANZENT_CODIGO: 8306011001024
<br/>TOTAL_PERSONAS(2017): 89
<br/>TOTAL_VIVIENDAS(2017): 27</p>]]></description>
<ExtendedData>
	<Data name="fid"><displayName>fid</displayName><value><![CDATA[51]]></value></Data>
	<Data name="NOM_COMUNA"><displayName>NOM_COMUNA</displayName><value><![CDATA[NACIMIENTO]]></value></Data>
	<Data name="MANZENT_I"><displayName>MANZENT_I</displayName><value><![CDATA[8306011001024]]></value></Data>
	<Data name="TOTAL_PERS"><displayName>TOTAL_PERS</displayName><value><![CDATA[89]]></value></Data>
	<Data name="TOTAL_VIVI"><displayName>TOTAL_VIVI</displayName><value><![CDATA[27]]></value></Data>
</ExtendedData>
<styleUrl>#style1</styleUrl>
<MultiGeometry>
	<Polygon>
		<outerBoundaryIs>
			<LinearRing>
				<tessellate>1</tessellate>
				<coordinates>
					-72.68097790455607,-37.497630418430425,0.000
					-72.68114688649017,-37.49813127526172,0.000
					-72.68123614298707,-37.49839770317278,0.000
					-72.68124813800709,-37.49840848215922,0.000
					-72.68126726202013,-37.49841552613703,0.000
					-72.68128871001576,-37.498413244111426,0.000
					-72.68169706885368,-37.49832790162204,0.000
					-72.68184952079233,-37.49829556843927,0.000
					-72.68215861766903,-37.49823062506883,0.000
					-72.68219146465925,-37.49822550202957,0.000
					-72.68222052561858,-37.49820381299376,0.000
					-72.68217768931639,-37.4980418420343,0.000
					-72.68220046230684,-37.49803679800703,0.000
					-72.68222290329741,-37.49803182598011,0.000
					-72.68227180557467,-37.49818048793149,0.000
					-72.68228679360527,-37.49819691391475,0.000
					-72.68229579361494,-37.49820213690443,0.000
					-72.68230760961848,-37.49820408089057,0.000
					-72.6826869944645,-37.49812294243573,0.000
					-72.68304992532057,-37.4980471570008,0.000
					-72.68326520523503,-37.49800208674279,0.000
					-72.68332436520699,-37.49798729667171,0.000
					-72.6833534471855,-37.497975881636556,0.000
					-72.68338103615852,-37.49796155360294,0.000
					-72.68338983213275,-37.49794775859167,0.000
					-72.68339154511122,-37.49793625658891,0.000
					-72.68339264408588,-37.49792267058671,0.000
					-72.6832284041787,-37.49743623775071,0.000
					-72.6830561193205,-37.49697596192587,0.000
					-72.68292453069562,-37.496640846060714,0.000
					-72.6829080616385,-37.496610153078265,0.000
					-72.68289186961913,-37.496599742096855,0.000
					-72.68287778560912,-37.49659432911318,0.000
					-72.68286277760026,-37.496589529130695,0.000
					-72.68284568460128,-37.496590005150935,0.000
					-72.6826285827083,-37.496646573411816,0.000
					-72.68228887285036,-37.49672146181922,0.000
					-72.68172563409135,-37.49684855349478,0.000
					-72.6811578423408,-37.49698015017608,0.000
					-72.68089196044988,-37.497037649494835,0.000
					-72.68083880847703,-37.49705201555876,0.000
					-72.68081911949815,-37.497063254582805,0.000
					-72.68080356754263,-37.497087010602755,0.000
					-72.68080073457028,-37.497101823607046,0.000
					-72.68080747261406,-37.49712529660055,0.000
					-72.68088396204865,-37.49735831052461,0.000
					-72.68097790455607,-37.497630418430425,0.000
				</coordinates>
			</LinearRing>
		</outerBoundaryIs>
	</Polygon>
</MultiGeometry>
</Placemark>

<Placemark>
<name>8306011001015</name>
<description><![CDATA[<p><br/>NOM_COMUNA: NACIMIENTO
<br/>MANZENT_CODIGO: 8306011001015
<br/>TOTAL_PERSONAS(2017): 104
<br/>TOTAL_VIVIENDAS(2017): 35</p>]]></description>
<ExtendedData>
	<Data name="fid"><displayName>fid</displayName><value><![CDATA[52]]></value></Data>
	<Data name="NOM_COMUNA"><displayName>NOM_COMUNA</displayName><value><![CDATA[NACIMIENTO]]></value></Data>
	<Data name="MANZENT_I"><displayName>MANZENT_I</displayName><value><![CDATA[8306011001015]]></value></Data>
	<Data name="TOTAL_PERS"><displayName>TOTAL_PERS</displayName><value><![CDATA[104]]></value></Data>
	<Data name="TOTAL_VIVI"><displayName>TOTAL_VIVI</displayName><value><![CDATA[35]]></value></Data>
</ExtendedData>
<styleUrl>#style1</styleUrl>
<MultiGeometry>
	<Polygon>
		<outerBoundaryIs>
			<LinearRing>
				<tessellate>1</tessellate>
				<coordinates>
					-72.67483064646025,-37.49809356974592,0.000
					-72.67489125247471,-37.49810152267463,0.000
					-72.67496233745062,-37.49808886358957,0.000
					-72.67499067243334,-37.4980796895554,0.000
					-72.6750090494164,-37.49807067853302,0.000
					-72.67502516339268,-37.49805801951311,0.000
					-72.67503359336177,-37.49804151350207,0.000
					-72.67503271034005,-37.498029870502386,0.000
					-72.675014081236,-37.49797408152095,0.000
					-72.67499151509666,-37.49789938054295,0.000
					-72.67497417598305,-37.49783848055965,0.000
					-72.6749592728113,-37.49774644757151,0.000
					-72.67493311654766,-37.49760516959357,0.000
					-72.67491603536406,-37.49750678560756,0.000
					-72.67490624721805,-37.497428550614224,0.000
					-72.67490512601327,-37.49731885660861,0.000
					-72.67490920164539,-37.49712184959131,0.000
					-72.67490922264378,-37.497120986591206,0.000
					-72.67491443824845,-37.49690927657164,0.000
					-72.67492145968284,-37.49660634954414,0.000
					-72.67491251964236,-37.49658463555336,0.000
					-72.67490044161373,-37.496569258566744,0.000
					-72.67487538659695,-37.49656020359585,0.000
					-72.67484920558671,-37.49655464162652,0.000
					-72.6748206175921,-37.4965574126606,0.000
					-72.67479713360333,-37.496563348688774,0.000
					-72.67477679362275,-37.49657367171358,0.000
					-72.67476618864161,-37.49658373672674,0.000
					-72.67474819169016,-37.49660969674973,0.000
					-72.67462591912694,-37.49684321590946,0.000
					-72.67460010721679,-37.49689125794308,0.000
					-72.6744938775866,-37.49708897808147,0.000
					-72.67433625110225,-37.497364606285764,0.000
					-72.67425028343665,-37.49754341839897,0.000
					-72.67417738767185,-37.49766913749338,0.000
					-72.67413059581295,-37.49774454555361,0.000
					-72.67412706183504,-37.49775637155853,0.000
					-72.67412614785604,-37.497767617560314,0.000
					-72.67413259086989,-37.497775044553165,0.000
					-72.67414352988536,-37.49778337054072,0.000
					-72.67456045924251,-37.497976053058764,0.000
					-72.67469042935684,-37.49803772990859,0.000
					-72.67478157342559,-37.498074850802944,0.000
					-72.67483064646025,-37.49809356974592,0.000
				</coordinates>
			</LinearRing>
		</outerBoundaryIs>
	</Polygon>
</MultiGeometry>
</Placemark>

<Placemark>
<name>8306011001032</name>
<description><![CDATA[<p><br/>NOM_COMUNA: NACIMIENTO
<br/>MANZENT_CODIGO: 8306011001032
<br/>TOTAL_PERSONAS(2017): 293
<br/>TOTAL_VIVIENDAS(2017): 94</p>]]></description>
<ExtendedData>
	<Data name="fid"><displayName>fid</displayName><value><![CDATA[53]]></value></Data>
	<Data name="NOM_COMUNA"><displayName>NOM_COMUNA</displayName><value><![CDATA[NACIMIENTO]]></value></Data>
	<Data name="MANZENT_I"><displayName>MANZENT_I</displayName><value><![CDATA[8306011001032]]></value></Data>
	<Data name="TOTAL_PERS"><displayName>TOTAL_PERS</displayName><value><![CDATA[293]]></value></Data>
	<Data name="TOTAL_VIVI"><displayName>TOTAL_VIVI</displayName><value><![CDATA[94]]></value></Data>
</ExtendedData>
<styleUrl>#style1</styleUrl>
<MultiGeometry>
	<Polygon>
		<outerBoundaryIs>
			<LinearRing>
				<tessellate>1</tessellate>
				<coordinates>
					-72.68021921147435,-37.4970484052929,0.000
					-72.68012724365315,-37.49714383540792,0.000
					-72.68007401178055,-37.497211909475325,0.000
					-72.68001412698877,-37.49732319955334,0.000
					-72.67999449008863,-37.497376613580016,0.000
					-72.6799910911913,-37.4974316085875,0.000
					-72.68001591543354,-37.4975614145663,0.000
					-72.68002913460488,-37.497653233556406,0.000
					-72.6800218196982,-37.4977031955682,0.000
					-72.67998689784001,-37.49777901861442,0.000
					-72.67990196317429,-37.49795776472636,0.000
					-72.67981678347563,-37.498118842837506,0.000
					-72.67978262357826,-37.498173683881454,0.000
					-72.67980919859893,-37.49818483985065,0.000
					-72.68034323034678,-37.49805168620928,0.000
					-72.6803492463768,-37.498067765203196,0.000
					-72.68035566140877,-37.49808491319666,0.000
					-72.67975864168774,-37.4982322399136,0.000
					-72.6797329117117,-37.49824498094487,0.000
					-72.67970685077606,-37.49827934397792,0.000
					-72.67962539694804,-37.4983711950803,0.000
					-72.67955071408008,-37.498441641173294,0.000
					-72.67947079421413,-37.49851315627253,0.000
					-72.67942162526701,-37.498541297332565,0.000
					-72.67936530430791,-37.49856299040071,0.000
					-72.6793183943268,-37.498572972456934,0.000
					-72.67925628334179,-37.49858076353106,0.000
					-72.67920145434717,-37.4985834705962,0.000
					-72.67914928734898,-37.4985842476581,0.000
					-72.67908057533911,-37.49857875073917,0.000
					-72.67901528932722,-37.49857215081613,0.000
					-72.67892987630836,-37.49856173091675,0.000
					-72.67885909228704,-37.49855006599993,0.000
					-72.67879455425731,-37.498533927075385,0.000
					-72.67875549723237,-37.498520453120804,0.000
					-72.67870440518978,-37.49849746017991,0.000
					-72.67864490412234,-37.49846114424816,0.000
					-72.67855193602026,-37.498406147354856,0.000
					-72.6784561939218,-37.49835307846501,0.000
					-72.67841887089457,-37.49833837550835,0.000
					-72.67840145288784,-37.498334699528755,0.000
					-72.67836848089152,-37.498336573567904,0.000
					-72.67834505391978,-37.49835161359662,0.000
					-72.67828103802904,-37.49840992267625,0.000
					-72.67815498924396,-37.49852459583288,0.000
					-72.6781397583031,-37.49855619785291,0.000
					-72.67814711238475,-37.49859995984697,0.000
					-72.67817089270333,-37.49877065882954,0.000
					-72.67828325690652,-37.499415405737146,0.000
					-72.67835296746317,-37.49971371267334,0.000
					-72.67839785377075,-37.49987860863057,0.000
					-72.67844971021057,-37.50011429458398,0.000
					-72.67845768427522,-37.50014896557676,0.000
					-72.67846221029555,-37.50015986857208,0.000
					-72.67846969130825,-37.50016668456362,0.000
					-72.67848311831017,-37.50016775954778,0.000
					-72.67850875230572,-37.50016547051723,0.000
					-72.67868392425905,-37.5001410683081,0.000
					-72.67887021321722,-37.500119317085904,0.000
					-72.6789918491935,-37.500107019940934,0.000
					-72.67933764411525,-37.50006632552845,0.000
					-72.67958329107454,-37.50004537923595,0.000
					-72.67967431604163,-37.500028063127,0.000
					-72.67992142194696,-37.49997821783091,0.000
					-72.68014915886766,-37.499936553558356,0.000
					-72.68058570269115,-37.49984356703506,0.000
					-72.68067952065347,-37.49982369192257,0.000
					-72.6806955126371,-37.49981499490308,0.000
					-72.68070354060994,-37.49980046289263,0.000
					-72.68070375758316,-37.49978613889146,0.000
					-72.68069206851733,-37.49975085290312,0.000
					-72.68034366831984,-37.499108321275486,0.000
					-72.68033690829773,-37.49909647328277,0.000
					-72.68032641228275,-37.499088426294705,0.000
					-72.68030482726813,-37.49908052231977,0.000
					-72.68029127326709,-37.49907989633581,0.000
					-72.68023030629483,-37.499094558409006,0.000
					-72.68022387724601,-37.49906838841496,0.000
					-72.68104220394827,-37.498911798435074,0.000
					-72.68129264385686,-37.49886372813521,0.000
					-72.68131552484108,-37.4988553461076,0.000
					-72.68132306882266,-37.49884549109799,0.000
					-72.68132118279313,-37.49882968409923,0.000
					-72.68124050135205,-37.49859316317995,0.000
					-72.68120932919928,-37.4985112652117,0.000
					-72.68120087717702,-37.49849929422096,0.000
					-72.68118452716034,-37.49849032123981,0.000
					-72.68116855415514,-37.49848748425855,0.000
					-72.68115037816,-37.498490011280246,0.000
					-72.68006685657303,-37.4987074475783,0.000
					-72.68006103453887,-37.498689128584054,0.000
					-72.68005520850471,-37.49867081058979,0.000
					-72.68108489211241,-37.49846430335622,0.000
					-72.68113553908636,-37.498450518295364,0.000
					-72.68115938806672,-37.498440083266395,0.000
					-72.68116834003834,-37.49842493825487,0.000
					-72.68116967700541,-37.498407302252176,0.000
					-72.68116612996694,-37.498386685255056,0.000
					-72.68101294216494,-37.497956610409474,0.000
					-72.6809778451467,-37.49794672945046,0.000
					-72.68048200434647,-37.498051979044845,0.000
					-72.68047441331476,-37.49803499205274,0.000
					-72.68046677128291,-37.49801788606073,0.000
					-72.68096976509514,-37.49791908445827,0.000
					-72.68099644504795,-37.49789392542508,0.000
					-72.68090640057143,-37.49763838551568,0.000
					-72.68087566054963,-37.49762660755138,0.000
					-72.68038651175516,-37.49773496213795,0.000
					-72.68038162371836,-37.49771526114252,0.000
					-72.68037675668182,-37.49769566014704,0.000
					-72.6808641434598,-37.497578438561966,0.000
					-72.68088426742608,-37.49756045053701,0.000
					-72.68079477897749,-37.497319881627845,0.000
					-72.68076210496318,-37.49731212066608,0.000
					-72.68028166916174,-37.497416771242165,0.000
					-72.68027476212293,-37.49739596024902,0.000
					-72.68026790908444,-37.49737531725582,0.000
					-72.6803732060363,-37.49734990012944,0.000
					-72.68037700600495,-37.497333122123855,0.000
					-72.68029995260449,-37.497118391201646,0.000
					-72.68031958959541,-37.49711358317803,0.000
					-72.68033915758632,-37.49710879715458,0.000
					-72.68042167099851,-37.4973298540707,0.000
					-72.68043777802292,-37.49734296805246,0.000
					-72.68075630789676,-37.497276499670704,0.000
					-72.68078162886331,-37.49725870363956,0.000
					-72.68071866151365,-37.49707119370236,0.000
					-72.68065798518958,-37.496897427763315,0.000
					-72.68062399100249,-37.4967970897973,0.000
					-72.68060428490179,-37.496743082817225,0.000
					-72.68059583387945,-37.4967311118265,0.000
					-72.68058602287093,-37.49672650283782,0.000
					-72.68056800287327,-37.49672768085923,0.000
					-72.68055016389192,-37.49673760388098,0.000
					-72.68053197091825,-37.49675166490344,0.000
					-72.68030049032636,-37.4969694371916,0.000
					-72.68021921147435,-37.4970484052929,0.000
				</coordinates>
			</LinearRing>
		</outerBoundaryIs>
	</Polygon>
</MultiGeometry>
</Placemark>

<Placemark>
<name>8306011004033</name>
<description><![CDATA[<p><br/>NOM_COMUNA: NACIMIENTO
<br/>MANZENT_CODIGO: 8306011004033
<br/>TOTAL_PERSONAS(2017): 51
<br/>TOTAL_VIVIENDAS(2017): 19</p>]]></description>
<ExtendedData>
	<Data name="fid"><displayName>fid</displayName><value><![CDATA[54]]></value></Data>
	<Data name="NOM_COMUNA"><displayName>NOM_COMUNA</displayName><value><![CDATA[NACIMIENTO]]></value></Data>
	<Data name="MANZENT_I"><displayName>MANZENT_I</displayName><value><![CDATA[8306011004033]]></value></Data>
	<Data name="TOTAL_PERS"><displayName>TOTAL_PERS</displayName><value><![CDATA[51]]></value></Data>
	<Data name="TOTAL_VIVI"><displayName>TOTAL_VIVI</displayName><value><![CDATA[19]]></value></Data>
</ExtendedData>
<styleUrl>#style1</styleUrl>
<MultiGeometry>
	<Polygon>
		<outerBoundaryIs>
			<LinearRing>
				<tessellate>1</tessellate>
				<coordinates>
					-72.68520560597752,-37.49733553040084,0.000
					-72.6853368067154,-37.497731195270305,0.000
					-72.68534653472892,-37.49773850525925,0.000
					-72.68536308074056,-37.49774477724004,0.000
					-72.6855904056491,-37.49769662396754,0.000
					-72.68560131463228,-37.49768764595406,0.000
					-72.68560861760105,-37.49767093694434,0.000
					-72.68560971257581,-37.49765744094216,0.000
					-72.6855572873197,-37.497520065995644,0.000
					-72.68552859029055,-37.4975043630287,0.000
					-72.68550747316556,-37.497437352049495,0.000
					-72.68555908713566,-37.49742151198731,0.000
					-72.68563895255161,-37.49764458690672,0.000
					-72.68564894257666,-37.497658029895724,0.000
					-72.68566247959927,-37.49767019088043,0.000
					-72.68567559561309,-37.49767765686534,0.000
					-72.68571259960498,-37.49767342582122,0.000
					-72.68587527251934,-37.49762815362554,0.000
					-72.68587556549481,-37.497615001624425,0.000
					-72.68584092909896,-37.497402872652074,0.000
					-72.68586381808936,-37.4973978216246,0.000
					-72.68588671007977,-37.497392775597206,0.000
					-72.68591664940571,-37.497567447572685,0.000
					-72.68592793048352,-37.49760915656194,0.000
					-72.68593914746668,-37.4976001745481,0.000
					-72.68598515933121,-37.497527787489005,0.000
					-72.68601267822636,-37.49747173345285,0.000
					-72.68601754220583,-37.497460744446386,0.000
					-72.68601707519302,-37.49745388544652,0.000
					-72.68604616306504,-37.49738543640771,0.000
					-72.68619382682103,-37.49725528222452,0.000
					-72.68621775271123,-37.497196568192436,0.000
					-72.68626312848392,-37.49707498713102,0.000
					-72.68623951345525,-37.49705956515805,0.000
					-72.68607618552493,-37.49709628635395,0.000
					-72.68562444571215,-37.497194942895575,0.000
					-72.68523019089962,-37.49729392836913,0.000
					-72.68521501091483,-37.49730201138759,0.000
					-72.6852069009471,-37.49731924439828,0.000
					-72.68520560597752,-37.49733553040084,0.000
				</coordinates>
			</LinearRing>
		</outerBoundaryIs>
	</Polygon>
</MultiGeometry>
</Placemark>

<Placemark>
<name>8306021001007</name>
<description><![CDATA[<p><br/>NOM_COMUNA: NACIMIENTO
<br/>MANZENT_CODIGO: 8306021001007
<br/>TOTAL_PERSONAS(2017): 134
<br/>TOTAL_VIVIENDAS(2017): 41</p>]]></description>
<ExtendedData>
	<Data name="fid"><displayName>fid</displayName><value><![CDATA[55]]></value></Data>
	<Data name="NOM_COMUNA"><displayName>NOM_COMUNA</displayName><value><![CDATA[NACIMIENTO]]></value></Data>
	<Data name="MANZENT_I"><displayName>MANZENT_I</displayName><value><![CDATA[8306021001007]]></value></Data>
	<Data name="TOTAL_PERS"><displayName>TOTAL_PERS</displayName><value><![CDATA[134]]></value></Data>
	<Data name="TOTAL_VIVI"><displayName>TOTAL_VIVI</displayName><value><![CDATA[41]]></value></Data>
</ExtendedData>
<styleUrl>#style1</styleUrl>
<MultiGeometry>
	<Polygon>
		<outerBoundaryIs>
			<LinearRing>
				<tessellate>1</tessellate>
				<coordinates>
					-72.68983503980694,-37.498332216976486,0.000
					-72.689835089807,-37.49833227397645,0.000
					-72.68983514180715,-37.49833232997637,0.000
					-72.68984853283435,-37.49834695296144,0.000
					-72.69003553801802,-37.49844602474603,0.000
					-72.69005119403566,-37.49845552272809,0.000
					-72.69007491103078,-37.4984530126998,0.000
					-72.69008739701434,-37.498444245684475,0.000
					-72.6908339564026,-37.49758380774545,0.000
					-72.69095082813934,-37.497443256598125,0.000
					-72.69096462409146,-37.49741766258014,0.000
					-72.69095893105951,-37.497400519585824,0.000
					-72.6909515690396,-37.49738983159385,0.000
					-72.69077567685635,-37.49729104679614,0.000
					-72.69076190084822,-37.497286632812134,0.000
					-72.6907385798428,-37.49728365283962,0.000
					-72.69071469185118,-37.497288051868175,0.000
					-72.69069890286539,-37.497295589887415,0.000
					-72.69069007888454,-37.497305827898515,0.000
					-72.68982524776409,-37.49830924398664,0.000
					-72.68982386377192,-37.49831344098856,0.000
					-72.68982659078864,-37.49832238698593,0.000
					-72.68983503980694,-37.498332216976486,0.000
				</coordinates>
			</LinearRing>
		</outerBoundaryIs>
	</Polygon>
</MultiGeometry>
</Placemark>

<Placemark>
<name>8306061001001</name>
<description><![CDATA[<p><br/>NOM_COMUNA: NACIMIENTO
<br/>MANZENT_CODIGO: 8306061001001
<br/>TOTAL_PERSONAS(2017): 424
<br/>TOTAL_VIVIENDAS(2017): 130</p>]]></description>
<ExtendedData>
	<Data name="fid"><displayName>fid</displayName><value><![CDATA[56]]></value></Data>
	<Data name="NOM_COMUNA"><displayName>NOM_COMUNA</displayName><value><![CDATA[NACIMIENTO]]></value></Data>
	<Data name="MANZENT_I"><displayName>MANZENT_I</displayName><value><![CDATA[8306061001001]]></value></Data>
	<Data name="TOTAL_PERS"><displayName>TOTAL_PERS</displayName><value><![CDATA[424]]></value></Data>
	<Data name="TOTAL_VIVI"><displayName>TOTAL_VIVI</displayName><value><![CDATA[130]]></value></Data>
</ExtendedData>
<styleUrl>#style1</styleUrl>
<MultiGeometry>
	<Polygon>
		<outerBoundaryIs>
			<LinearRing>
				<tessellate>1</tessellate>
				<coordinates>
					-72.65889099146695,-37.50340126597758,0.000
					-72.65884625814097,-37.50376199205359,0.000
					-72.658821511134,-37.503758185082695,0.000
					-72.65886148551334,-37.50342601201413,0.000
					-72.65870712847402,-37.5034044841957,0.000
					-72.658325363385,-37.50335570864519,0.000
					-72.65831561638625,-37.50335632665679,0.000
					-72.65829813769405,-37.503521073687985,0.000
					-72.65828565793971,-37.50365257771119,0.000
					-72.65822263808353,-37.50426475382492,0.000
					-72.65815145828228,-37.504906325950216,0.000
					-72.65808710950536,-37.50556092106817,0.000
					-72.65804297120997,-37.50593799614456,0.000
					-72.65807669822907,-37.505948307105214,0.000
					-72.65898645569321,-37.505664188008595,0.000
					-72.65902220866558,-37.505649486965275,0.000
					-72.65903118564279,-37.50563731895385,0.000
					-72.65903489262406,-37.50562729994881,0.000
					-72.65902926059559,-37.5056120479545,0.000
					-72.65872872291318,-37.505245801287465,0.000
					-72.65869504689104,-37.50523386832664,0.000
					-72.65865072177536,-37.50517180037526,0.000
					-72.65944144699795,-37.50475798141143,0.000
					-72.66002369243131,-37.50445636670201,0.000
					-72.66004374540226,-37.50444090367726,0.000
					-72.66004828238799,-37.504433243671386,0.000
					-72.66004745438336,-37.50443079367221,0.000
					-72.66004852336002,-37.50441828867011,0.000
					-72.66003094930848,-37.50439063468922,0.000
					-72.6598667469554,-37.5042011118718,0.000
					-72.65947041510323,-37.503743658312494,0.000
					-72.65947945009333,-37.50373838430145,0.000
					-72.659508019062,-37.503721706266504,0.000
					-72.6595081260619,-37.50372164326637,0.000
					-72.65950823306179,-37.50372158126627,0.000
					-72.65952817603991,-37.50370994024186,0.000
					-72.65954611302026,-37.50369946921994,0.000
					-72.66008318021876,-37.504342761624244,0.000
					-72.66011289828188,-37.50437664659116,0.000
					-72.6601206102901,-37.50438105758231,0.000
					-72.66013406329725,-37.5043849285666,0.000
					-72.66015008729269,-37.50438254254745,0.000
					-72.66021905122683,-37.50434750246346,0.000
					-72.66058382887435,-37.50415989801906,0.000
					-72.6606041929198,-37.50418427899647,0.000
					-72.66062439196486,-37.5042084639741,0.000
					-72.66021604236627,-37.50442214947179,0.000
					-72.66019964537959,-37.50442921449167,0.000
					-72.66018470040753,-37.50444414751033,0.000
					-72.66017983842778,-37.50445495551679,0.000
					-72.66018064045421,-37.50446911951673,0.000
					-72.66019188549194,-37.50448934850472,0.000
					-72.66078563782375,-37.50520416784633,0.000
					-72.66078951282444,-37.50520453784177,0.000
					-72.66080345182282,-37.50520373282518,0.000
					-72.66081593482065,-37.50520258181031,0.000
					-72.66119439537805,-37.504966804346616,0.000
					-72.66142486710852,-37.50482322006428,0.000
					-72.66138680988512,-37.50470348310179,0.000
					-72.66134397948005,-37.50448647613875,0.000
					-72.66134255108803,-37.50427660712709,0.000
					-72.661346833912,-37.504182381115974,0.000
					-72.66129972083229,-37.50413955016912,0.000
					-72.66132113579484,-37.50411956314243,0.000
					-72.66138252589846,-37.5041752420732,0.000
					-72.66137824309581,-37.504280890085,0.000
					-72.66138109946915,-37.50448076509438,0.000
					-72.66142250186088,-37.50469063405864,0.000
					-72.66144444002325,-37.50477760303816,0.000
					-72.6614592970683,-37.50480177102206,0.000
					-72.66159555190893,-37.50471688285518,0.000
					-72.66159606390838,-37.504716563854515,0.000
					-72.66206149236416,-37.50442664328431,0.000
					-72.66206200036352,-37.50442632628368,0.000
					-72.66236141601328,-37.50423972291689,0.000
					-72.66254137379897,-37.50412554669627,0.000
					-72.66263950667182,-37.504057773575624,0.000
					-72.66300847408509,-37.503744768118295,0.000
					-72.66358361510129,-37.50321981740309,0.000
					-72.66375104979686,-37.50305735219432,0.000
					-72.66375910878455,-37.50305076618431,0.000
					-72.66386584764658,-37.50297723105316,0.000
					-72.66387373063776,-37.50297255204346,0.000
					-72.66410528141658,-37.502854838761486,0.000
					-72.6641094304129,-37.50285289075647,0.000
					-72.66461553700148,-37.50263419514262,0.000
					-72.66460986096341,-37.50261378414799,0.000
					-72.66460981896317,-37.502613634148105,0.000
					-72.66460977696289,-37.502613484148114,0.000
					-72.66460953596125,-37.502612624148355,0.000
					-72.66460905695806,-37.50261090414882,0.000
					-72.66460465188563,-37.50257212515155,0.000
					-72.66459121566483,-37.50245383715993,0.000
					-72.66449932534252,-37.50228097725792,0.000
					-72.6644190470157,-37.5021057333419,0.000
					-72.66436165267982,-37.50192571539851,0.000
					-72.66429763532068,-37.50173322046214,0.000
					-72.66424094905774,-37.50159223752037,0.000
					-72.66421370881268,-37.50146093854435,0.000
					-72.66414317543067,-37.50125614861493,0.000
					-72.66406677291914,-37.500982032688064,0.000
					-72.66398884435681,-37.50068067176131,0.000
					-72.66388896242255,-37.50018007684785,0.000
					-72.66380146464085,-37.499761193924925,0.000
					-72.66370781200433,-37.49942005001423,0.000
					-72.66361462517742,-37.49897690209653,0.000
					-72.66355253333053,-37.498523196141235,0.000
					-72.66347507457779,-37.49811983020739,0.000
					-72.66340664679221,-37.49769889126174,0.000
					-72.66332162403874,-37.497295106336836,0.000
					-72.66322216345245,-37.49698079143471,0.000
					-72.66319120604021,-37.496759889457365,0.000
					-72.66318618002413,-37.496751264462766,0.000
					-72.6631350790967,-37.49679000552583,0.000
					-72.66312352211312,-37.49679876754008,0.000
					-72.66308737916452,-37.49682616958465,0.000
					-72.66308621816688,-37.4968274225861,0.000
					-72.66308022718486,-37.496837021593834,0.000
					-72.66306479923107,-37.49686174061369,0.000
					-72.6630461082871,-37.49689168763772,0.000
					-72.66304289729675,-37.49689683264186,0.000
					-72.6630428772968,-37.496896865641865,0.000
					-72.66304285729684,-37.49689689964193,0.000
					-72.66302417435759,-37.49692938166614,0.000
					-72.66301404139055,-37.49694699667926,0.000
					-72.66300524141919,-37.496962296690626,0.000
					-72.66300514741947,-37.49696247069079,0.000
					-72.66300506341982,-37.496962642690896,0.000
					-72.66298934448463,-37.49699731671175,0.000
					-72.6629733825505,-37.4970325287329,0.000
					-72.66297313655186,-37.497033261733215,0.000
					-72.66296635760813,-37.497063369743195,0.000
					-72.6629594566654,-37.49709402575331,0.000
					-72.6629556007214,-37.49712402975979,0.000
					-72.66295169177847,-37.49715457176635,0.000
					-72.6629508617821,-37.497156501767456,0.000
					-72.66291061887814,-37.49720780981845,0.000
					-72.66289019092686,-37.49723385384429,0.000
					-72.6628714509716,-37.49725774586804,0.000
					-72.66287055397324,-37.49725862286914,0.000
					-72.66284416301075,-37.49727862990168,0.000
					-72.66284333901193,-37.49727925490273,0.000
					-72.6628164570501,-37.49729963593586,0.000
					-72.66281627505042,-37.497299781936135,0.000
					-72.66281610205064,-37.49729993093631,0.000
					-72.66278591110213,-37.49732737797386,0.000
					-72.66278588910211,-37.49732739797385,0.000
					-72.66275531315422,-37.49735519801187,0.000
					-72.66275488515502,-37.497355640012444,0.000
					-72.66274405417894,-37.49736841402607,0.000
					-72.6627120652496,-37.49740614306642,0.000
					-72.66270570826362,-37.497413640074406,0.000
					-72.66265633037267,-37.497471873136625,0.000
					-72.66263801341572,-37.49749488115984,0.000
					-72.66263513442246,-37.497498497163434,0.000
					-72.66262277545152,-37.49751401917908,0.000
					-72.66261921545996,-37.497518512183596,0.000
					-72.6625973015256,-37.49755359621178,0.000
					-72.6625759105897,-37.49758786823931,0.000
					-72.66257452559232,-37.49758928424108,0.000
					-72.66254492863021,-37.49760947027741,0.000
					-72.66251542866794,-37.4976295903137,0.000
					-72.66251428166994,-37.49763066131512,0.000
					-72.66247742976917,-37.49768368436214,0.000
					-72.66247054978767,-37.497693582370964,0.000
					-72.66243996186999,-37.49773758540998,0.000
					-72.66241194194859,-37.49777959144588,0.000
					-72.66238383002744,-37.49782173648189,0.000
					-72.66236511907994,-37.49784978550588,0.000
					-72.66234662413181,-37.49787751352953,0.000
					-72.66234613113299,-37.497878126530146,0.000
					-72.66230618221131,-37.4979199675802,0.000
					-72.66226701528818,-37.497960988629195,0.000
					-72.66226583728985,-37.49796190663066,0.000
					-72.66221437434577,-37.49799167669358,0.000
					-72.66219604536565,-37.49800227971595,0.000
					-72.66216357240096,-37.498021063755665,0.000
					-72.66212866043921,-37.49804147479832,0.000
					-72.66209872347211,-37.49805897783496,0.000
					-72.66209697347401,-37.49806000083708,0.000
					-72.66206703750687,-37.49807750187368,0.000
					-72.66203057554686,-37.498098816918215,0.000
					-72.66203035654713,-37.498098937918506,0.000
					-72.6620301305473,-37.49809905191877,0.000
					-72.6620295905478,-37.49809931091943,0.000
					-72.66197305959838,-37.49812621698817,0.000
					-72.66197302259842,-37.498126233988195,0.000
					-72.66197298559844,-37.49812625098823,0.000
					-72.6619159586494,-37.49815339205759,0.000
					-72.66191570464967,-37.49815352405788,0.000
					-72.66191558164981,-37.49815359105803,0.000
					-72.66191545964996,-37.49815366005821,0.000
					-72.6618429977314,-37.498197075146855,0.000
					-72.66184235573215,-37.49819745914762,0.000
					-72.66177076281267,-37.498240355235225,0.000
					-72.66176976681353,-37.49824083223646,0.000
					-72.66168687887188,-37.49827182633666,0.000
					-72.66168579487267,-37.49827223133796,0.000
					-72.66160210793154,-37.49830352343915,0.000
					-72.66160186693173,-37.49830362143943,0.000
					-72.66160174993186,-37.49830367143956,0.000
					-72.66160163293195,-37.49830372343972,0.000
					-72.66150532301718,-37.4983490705568,0.000
					-72.66147995703962,-37.49836101358764,0.000
					-72.66140878110261,-37.49839452567407,0.000
					-72.66132433117949,-37.49843545277683,0.000
					-72.6612813012187,-37.49845630682912,0.000
					-72.66124224025427,-37.498475236876644,0.000
					-72.66124007625622,-37.498476285879256,0.000
					-72.66123941725677,-37.49847655988005,0.000
					-72.66118832329052,-37.49849449394179,0.000
					-72.66115174331468,-37.49850733398597,0.000
					-72.66113756932405,-37.49851231000306,0.000
					-72.66102037440439,-37.49855496214473,0.000
					-72.6609030514848,-37.49859765928648,0.000
					-72.66082186853974,-37.4986268433846,0.000
					-72.66074096259452,-37.49865592848233,0.000
					-72.66074041959483,-37.498656097482986,0.000
					-72.6606651936324,-37.49867600157342,0.000
					-72.66064594364204,-37.49868109559658,0.000
					-72.66059082666959,-37.49869568166278,0.000
					-72.66059075266963,-37.4986957006629,0.000
					-72.66059067966964,-37.49869571866298,0.000
					-72.66056241168128,-37.49870186969691,0.000
					-72.66050114470654,-37.49871519977038,0.000
					-72.66045654172493,-37.49872490482383,0.000
					-72.66041150374349,-37.498734703877844,0.000
					-72.66041125074362,-37.49873476687817,0.000
					-72.66041112674365,-37.49873479887832,0.000
					-72.66041100274374,-37.49873483287844,0.000
					-72.66032387579294,-37.49876094098342,0.000
					-72.6602852198148,-37.49877252502997,0.000
					-72.66021911085217,-37.49879233510957,0.000
					-72.66021036585711,-37.498794955120125,0.000
					-72.66016288988398,-37.49880918117727,0.000
					-72.66015939288593,-37.498810228181505,0.000
					-72.66015918888603,-37.498810285181776,0.000
					-72.66015898188611,-37.498810337181965,0.000
					-72.66013516989655,-37.4988158592106,0.000
					-72.66009345091489,-37.49882553126063,0.000
					-72.66009327691492,-37.49882557126087,0.000
					-72.66009310391502,-37.49882561126105,0.000
					-72.66004971493406,-37.49883567131316,0.000
					-72.66003243794165,-37.49883967733387,0.000
					-72.66002778194364,-37.498840756339476,0.000
					-72.66002711094406,-37.498840949340284,0.000
					-72.6599432109987,-37.49886998744155,0.000
					-72.65985915405352,-37.49889907854305,0.000
					-72.6598050880872,-37.49891695460827,0.000
					-72.65976471511236,-37.49893030265696,0.000
					-72.65975127512074,-37.498934745673196,0.000
					-72.65975114712082,-37.49893478567333,0.000
					-72.65975102012085,-37.49893482267349,0.000
					-72.659750761121,-37.49893489367379,0.000
					-72.65968785814998,-37.49895022674935,0.000
					-72.65962521517886,-37.49896549482462,0.000
					-72.65957436220374,-37.4989786698857,0.000
					-72.65952382322853,-37.49899176494644,0.000
					-72.65952279522882,-37.49899194894767,0.000
					-72.65944641924386,-37.49899976603867,0.000
					-72.65944550024405,-37.498999860039795,0.000
					-72.65941175425068,-37.49900331408004,0.000
					-72.65936848825918,-37.49900774413158,0.000
					-72.65936824825927,-37.499007774131854,0.000
					-72.65936800925931,-37.49900781013214,0.000
					-72.65933098827149,-37.49901421117645,0.000
					-72.65925840129532,-37.49902676326328,0.000
					-72.65914781233168,-37.49904588739559,0.000
					-72.65914640433245,-37.499046292397274,0.000
					-72.65903434441987,-37.49909277153311,0.000
					-72.65903263342122,-37.499093481535176,0.000
					-72.65899972044686,-37.49910713257502,0.000
					-72.65895589148106,-37.49912531162812,0.000
					-72.65891850251022,-37.49914081967347,0.000
					-72.65891786051067,-37.49914104667423,0.000
					-72.65888804952726,-37.499149867710116,0.000
					-72.6588572045445,-37.49915899574725,0.000
					-72.65881324456902,-37.49917200380019,0.000
					-72.65881306956916,-37.49917205580042,0.000
					-72.65881289456921,-37.49917210780064,0.000
					-72.65879119158139,-37.49917852982672,0.000
					-72.65878553358452,-37.49918020383359,0.000
					-72.65877892058823,-37.49918216084155,0.000
					-72.65878029660541,-37.499191363840495,0.000
					-72.65878021460665,-37.499192047840616,0.000
					-72.65867516924985,-37.50007166502121,0.000
					-72.65852428178209,-37.50142716528645,0.000
					-72.65852425578251,-37.50142739228653,0.000
					-72.65852422778295,-37.50142762028655,0.000
					-72.65845488480005,-37.50197201640347,0.000
					-72.6584362651577,-37.50216348843773,0.000
					-72.65837091741314,-37.50283546555804,0.000
					-72.65831899232643,-37.50332431165074,0.000
					-72.65833072133519,-37.50332905063713,0.000
					-72.65875639243441,-37.503383434135955,0.000
					-72.65877156743808,-37.50338544511811,0.000
					-72.65889099146695,-37.50340126597758,0.000
				</coordinates>
			</LinearRing>
		</outerBoundaryIs>
	</Polygon>
</MultiGeometry>
</Placemark>

<Placemark>
<name>8306021001009</name>
<description><![CDATA[<p><br/>NOM_COMUNA: NACIMIENTO
<br/>MANZENT_CODIGO: 8306021001009
<br/>TOTAL_PERSONAS(2017): 174
<br/>TOTAL_VIVIENDAS(2017): 54</p>]]></description>
<ExtendedData>
	<Data name="fid"><displayName>fid</displayName><value><![CDATA[57]]></value></Data>
	<Data name="NOM_COMUNA"><displayName>NOM_COMUNA</displayName><value><![CDATA[NACIMIENTO]]></value></Data>
	<Data name="MANZENT_I"><displayName>MANZENT_I</displayName><value><![CDATA[8306021001009]]></value></Data>
	<Data name="TOTAL_PERS"><displayName>TOTAL_PERS</displayName><value><![CDATA[174]]></value></Data>
	<Data name="TOTAL_VIVI"><displayName>TOTAL_VIVI</displayName><value><![CDATA[54]]></value></Data>
</ExtendedData>
<styleUrl>#style1</styleUrl>
<MultiGeometry>
	<Polygon>
		<outerBoundaryIs>
			<LinearRing>
				<tessellate>1</tessellate>
				<coordinates>
					-72.68816008053894,-37.49764695891867,0.000
					-72.68769229152255,-37.49817204750615,0.000
					-72.68774111459447,-37.498210763450736,0.000
					-72.68778427063835,-37.498234408401075,0.000
					-72.68781400566633,-37.49824949936681,0.000
					-72.68784975867229,-37.4982528133246,0.000
					-72.68787860865109,-37.498241573289704,0.000
					-72.68793991150015,-37.49816094621199,0.000
					-72.68801312856591,-37.498196445127405,0.000
					-72.68772725821987,-37.49854563348826,0.000
					-72.68766604035991,-37.498620409565554,0.000
					-72.68762334437717,-37.49862948661667,0.000
					-72.68754788654529,-37.49871926171177,0.000
					-72.68815322711264,-37.49902531801359,0.000
					-72.68815338111281,-37.49902540001338,0.000
					-72.68812875516943,-37.499055615044455,0.000
					-72.68752271260142,-37.498749212743526,0.000
					-72.68729374811161,-37.49902162003203,0.000
					-72.68731761313892,-37.49903632600467,0.000
					-72.68701264782852,-37.49940452038937,0.000
					-72.68701086085743,-37.49942000539247,0.000
					-72.68701323286119,-37.49942200938979,0.000
					-72.68701541386606,-37.49942462538732,0.000
					-72.68701567886696,-37.49942510838705,0.000
					-72.68743378925471,-37.49963428590461,0.000
					-72.68753024503455,-37.4995167377829,0.000
					-72.68753039803417,-37.499516552782744,0.000
					-72.68753055403383,-37.499516369782526,0.000
					-72.68769893466933,-37.499321765570684,0.000
					-72.68770059266613,-37.49932007556858,0.000
					-72.68770344766206,-37.499317909565065,0.000
					-72.68770658965896,-37.49931624656126,0.000
					-72.6877400756869,-37.49933132952252,0.000
					-72.68774016268895,-37.4993324355225,0.000
					-72.68773972269477,-37.49933555652324,0.000
					-72.68773860970042,-37.49933856952472,0.000
					-72.6877368557057,-37.49934138252701,0.000
					-72.68773617470724,-37.49934221952781,0.000
					-72.68756795007145,-37.499536640739464,0.000
					-72.68747200729042,-37.499653565860534,0.000
					-72.68786766065762,-37.499851650404054,0.000
					-72.68800152331667,-37.49966953523395,0.000
					-72.68800196231572,-37.499669055233355,0.000
					-72.6880421883449,-37.499684813186676,0.000
					-72.6880419863459,-37.49968535918698,0.000
					-72.68804044635064,-37.49968788718894,0.000
					-72.68790600969311,-37.49987078535981,0.000
					-72.68816529191157,-37.499988718059896,0.000
					-72.68821663493459,-37.500001236999836,0.000
					-72.68825054692924,-37.49999850595947,0.000
					-72.68828187290885,-37.49998769992164,0.000
					-72.68830471587671,-37.49997056789349,0.000
					-72.68860232320435,-37.49961160951815,0.000
					-72.68960485004014,-37.49845627725714,0.000
					-72.68966576391178,-37.49838774818066,0.000
					-72.68967337885127,-37.49835538816957,0.000
					-72.68967528181216,-37.49833444816597,0.000
					-72.68965624578388,-37.49831922018759,0.000
					-72.68961817475216,-37.49830208823165,0.000
					-72.68907603823342,-37.49802226385662,0.000
					-72.68833554853475,-37.49764535871058,0.000
					-72.6882498884749,-37.497612997810066,0.000
					-72.68820610649654,-37.49762441886268,0.000
					-72.68817374252636,-37.49764026790206,0.000
					-72.68816008053894,-37.49764695891867,0.000
				</coordinates>
			</LinearRing>
		</outerBoundaryIs>
	</Polygon>
</MultiGeometry>
</Placemark>

<Placemark>
<name>8306011004034</name>
<description><![CDATA[<p><br/>NOM_COMUNA: NACIMIENTO
<br/>MANZENT_CODIGO: 8306011004034
<br/>TOTAL_PERSONAS(2017): 33
<br/>TOTAL_VIVIENDAS(2017): 12</p>]]></description>
<ExtendedData>
	<Data name="fid"><displayName>fid</displayName><value><![CDATA[58]]></value></Data>
	<Data name="NOM_COMUNA"><displayName>NOM_COMUNA</displayName><value><![CDATA[NACIMIENTO]]></value></Data>
	<Data name="MANZENT_I"><displayName>MANZENT_I</displayName><value><![CDATA[8306011004034]]></value></Data>
	<Data name="TOTAL_PERS"><displayName>TOTAL_PERS</displayName><value><![CDATA[33]]></value></Data>
	<Data name="TOTAL_VIVI"><displayName>TOTAL_VIVI</displayName><value><![CDATA[12]]></value></Data>
</ExtendedData>
<styleUrl>#style1</styleUrl>
<MultiGeometry>
	<Polygon>
		<outerBoundaryIs>
			<LinearRing>
				<tessellate>1</tessellate>
				<coordinates>
					-72.68575383116874,-37.4979755037914,0.000
					-72.68573526417411,-37.497978331813606,0.000
					-72.68566068479413,-37.49777455688914,0.000
					-72.6856340317577,-37.49775492891949,0.000
					-72.68539359685191,-37.49780453220763,0.000
					-72.68536838088137,-37.49782020523845,0.000
					-72.68536106193413,-37.49784844824893,0.000
					-72.68537694499032,-37.497878598232006,0.000
					-72.68547310042445,-37.49811144913272,0.000
					-72.68551181159269,-37.49820170109253,0.000
					-72.68552802862507,-37.49821910707439,0.000
					-72.6855382436229,-37.498217956062206,0.000
					-72.68566682060205,-37.498207251909115,0.000
					-72.6858270865273,-37.49816782371667,0.000
					-72.68590116152214,-37.49816529962871,0.000
					-72.68594294849831,-37.49815269057842,0.000
					-72.68595761448677,-37.498146579560654,0.000
					-72.68596588843101,-37.49811673254897,0.000
					-72.68598362135717,-37.498077248525455,0.000
					-72.68600215427249,-37.49803196750064,0.000
					-72.68601079920104,-37.49799374748797,0.000
					-72.68601161313812,-37.49796005948492,0.000
					-72.68600945309099,-37.49793478348583,0.000
					-72.68598385994967,-37.49785902151141,0.000
					-72.68596269381814,-37.497788506532046,0.000
					-72.68592830472633,-37.497739191569686,0.000
					-72.68587727966336,-37.497705286628076,0.000
					-72.68585863665773,-37.49770220864997,0.000
					-72.68571867173443,-37.497742800818415,0.000
					-72.68570103578877,-37.497771832841146,0.000
					-72.68577242616328,-37.49797266276914,0.000
					-72.68575383116874,-37.4979755037914,0.000
				</coordinates>
			</LinearRing>
		</outerBoundaryIs>
	</Polygon>
</MultiGeometry>
</Placemark>

<Placemark>
<name>8306011004036</name>
<description><![CDATA[<p><br/>NOM_COMUNA: NACIMIENTO
<br/>MANZENT_CODIGO: 8306011004036
<br/>TOTAL_PERSONAS(2017): 51
<br/>TOTAL_VIVIENDAS(2017): 14</p>]]></description>
<ExtendedData>
	<Data name="fid"><displayName>fid</displayName><value><![CDATA[59]]></value></Data>
	<Data name="NOM_COMUNA"><displayName>NOM_COMUNA</displayName><value><![CDATA[NACIMIENTO]]></value></Data>
	<Data name="MANZENT_I"><displayName>MANZENT_I</displayName><value><![CDATA[8306011004036]]></value></Data>
	<Data name="TOTAL_PERS"><displayName>TOTAL_PERS</displayName><value><![CDATA[51]]></value></Data>
	<Data name="TOTAL_VIVI"><displayName>TOTAL_VIVI</displayName><value><![CDATA[14]]></value></Data>
</ExtendedData>
<styleUrl>#style1</styleUrl>
<MultiGeometry>
	<Polygon>
		<outerBoundaryIs>
			<LinearRing>
				<tessellate>1</tessellate>
				<coordinates>
					-72.68431354496289,-37.498395659524995,0.000
					-72.68432193396853,-37.49839870751525,0.000
					-72.68470470885202,-37.498337681057734,0.000
					-72.68473304482781,-37.49832480902334,0.000
					-72.68474377780794,-37.498314205009926,0.000
					-72.68474765677857,-37.49829851100433,0.000
					-72.68474211573752,-37.49827650300954,0.000
					-72.68457840489013,-37.497822074174934,0.000
					-72.68457358984622,-37.497798549179144,0.000
					-72.68456389882355,-37.497786374189864,0.000
					-72.68455312381182,-37.49778003420227,0.000
					-72.68453716881233,-37.49778026222117,0.000
					-72.68415840294456,-37.49784972667452,0.000
					-72.68414103896191,-37.49785893769564,0.000
					-72.68413088698077,-37.49786901270835,0.000
					-72.68412652500518,-37.49788208371431,0.000
					-72.6841298250381,-37.49789972171151,0.000
					-72.68419530538,-37.49808304364548,0.000
					-72.68429870595071,-37.49838905954216,0.000
					-72.6843057049583,-37.498393162534185,0.000
					-72.68431354496289,-37.498395659524995,0.000
				</coordinates>
			</LinearRing>
		</outerBoundaryIs>
	</Polygon>
</MultiGeometry>
</Placemark>

<Placemark>
<name>8306011004501</name>
<description><![CDATA[<p><br/>NOM_COMUNA: NACIMIENTO
<br/>MANZENT_CODIGO: 8306011004501
<br/>TOTAL_PERSONAS(2017): 73
<br/>TOTAL_VIVIENDAS(2017): 28</p>]]></description>
<ExtendedData>
	<Data name="fid"><displayName>fid</displayName><value><![CDATA[60]]></value></Data>
	<Data name="NOM_COMUNA"><displayName>NOM_COMUNA</displayName><value><![CDATA[NACIMIENTO]]></value></Data>
	<Data name="MANZENT_I"><displayName>MANZENT_I</displayName><value><![CDATA[8306011004501]]></value></Data>
	<Data name="TOTAL_PERS"><displayName>TOTAL_PERS</displayName><value><![CDATA[73]]></value></Data>
	<Data name="TOTAL_VIVI"><displayName>TOTAL_VIVI</displayName><value><![CDATA[28]]></value></Data>
</ExtendedData>
<styleUrl>#style1</styleUrl>
<MultiGeometry>
	<Polygon>
		<outerBoundaryIs>
			<LinearRing>
				<tessellate>1</tessellate>
				<coordinates>
					-72.68500084391772,-37.498373930709015,0.000
					-72.68492769592129,-37.498375561795804,0.000
					-72.68492765192124,-37.49837556279589,0.000
					-72.68492760892124,-37.49837556279595,0.000
					-72.68492659492127,-37.49837554379712,0.000
					-72.68492558692107,-37.49837545179832,0.000
					-72.68492459292077,-37.49837528779945,0.000
					-72.68492362192035,-37.49837505380061,0.000
					-72.6849226809198,-37.49837475080168,0.000
					-72.68492177791913,-37.498374382802766,0.000
					-72.68492092191828,-37.49837394780374,0.000
					-72.68492079491818,-37.498373878803875,0.000
					-72.68492067091806,-37.49837380680404,0.000
					-72.68488288187682,-37.49835160984741,0.000
					-72.68488231987621,-37.4983512578481,0.000
					-72.68485444984152,-37.498332578879946,0.000
					-72.68483881784718,-37.49833557389864,0.000
					-72.68482419686278,-37.49834387091648,0.000
					-72.68479504288861,-37.498357605951924,0.000
					-72.68473516192691,-37.4983778910242,0.000
					-72.68457461097286,-37.498401924216,0.000
					-72.6843714600378,-37.498435980458936,0.000
					-72.68435338104942,-37.49844211548074,0.000
					-72.6843373900657,-37.49845081350021,0.000
					-72.6843295590879,-37.49846264551029,0.000
					-72.68432969710688,-37.498472831510774,0.000
					-72.68437580536875,-37.49861323746493,0.000
					-72.68436641640989,-37.49863522247749,0.000
					-72.68434164343067,-37.49864627150752,0.000
					-72.68411033949425,-37.4986794977838,0.000
					-72.6840763275129,-37.4986893748247,0.000
					-72.68406022352926,-37.49869807084435,0.000
					-72.68405081055137,-37.49870987185627,0.000
					-72.68404450059779,-37.49873470986532,0.000
					-72.68420289046256,-37.499198407706814,0.000
					-72.68421850053757,-37.499238635690816,0.000
					-72.6842286045626,-37.499252080679724,0.000
					-72.68424311457714,-37.499259901663024,0.000
					-72.6843436474518,-37.49919314753959,0.000
					-72.68445603635793,-37.49914326440328,0.000
					-72.68468247725414,-37.499088497131424,0.000
					-72.68504497108209,-37.49899764769604,0.000
					-72.68532687196193,-37.4989343243579,0.000
					-72.68555419285953,-37.49888029508504,0.000
					-72.68584770371433,-37.498803590732315,0.000
					-72.68610066263277,-37.498760851429815,0.000
					-72.68611770561549,-37.498751647409,0.000
					-72.68611678358803,-37.49873692640915,0.000
					-72.68606520236001,-37.49861464846259,0.000
					-72.68605803023294,-37.49854655946683,0.000
					-72.68605626515502,-37.498504800466314,0.000
					-72.68602064704271,-37.49844454750471,0.000
					-72.68599134889381,-37.498364702534396,0.000
					-72.68595736473988,-37.49828211956947,0.000
					-72.6859406715951,-37.4982045435844,0.000
					-72.68591733355879,-37.49818501161083,0.000
					-72.68587429455575,-37.49818321366168,0.000
					-72.68580223557224,-37.49819179274764,0.000
					-72.68577220858938,-37.49820084678382,0.000
					-72.68567440464265,-37.49822902890152,0.000
					-72.6854623607068,-37.49826262315498,0.000
					-72.6852601288325,-37.49832921139885,0.000
					-72.68526006283255,-37.49832923339893,0.000
					-72.68525999583257,-37.498329253399035,0.000
					-72.68525903883307,-37.498329520400205,0.000
					-72.68525820283342,-37.49832969140115,0.000
					-72.68500292091734,-37.498373729706564,0.000
					-72.68500284591737,-37.49837374270663,0.000
					-72.68500277191738,-37.4983737537067,0.000
					-72.68500176991765,-37.49837388070794,0.000
					-72.68500084391772,-37.498373930709015,0.000
				</coordinates>
			</LinearRing>
		</outerBoundaryIs>
	</Polygon>
</MultiGeometry>
</Placemark>

<Placemark>
<name>8306011004037</name>
<description><![CDATA[<p><br/>NOM_COMUNA: NACIMIENTO
<br/>MANZENT_CODIGO: 8306011004037
<br/>TOTAL_PERSONAS(2017): 35
<br/>TOTAL_VIVIENDAS(2017): 15</p>]]></description>
<ExtendedData>
	<Data name="fid"><displayName>fid</displayName><value><![CDATA[61]]></value></Data>
	<Data name="NOM_COMUNA"><displayName>NOM_COMUNA</displayName><value><![CDATA[NACIMIENTO]]></value></Data>
	<Data name="MANZENT_I"><displayName>MANZENT_I</displayName><value><![CDATA[8306011004037]]></value></Data>
	<Data name="TOTAL_PERS"><displayName>TOTAL_PERS</displayName><value><![CDATA[35]]></value></Data>
	<Data name="TOTAL_VIVI"><displayName>TOTAL_VIVI</displayName><value><![CDATA[15]]></value></Data>
</ExtendedData>
<styleUrl>#style1</styleUrl>
<MultiGeometry>
	<Polygon>
		<outerBoundaryIs>
			<LinearRing>
				<tessellate>1</tessellate>
				<coordinates>
					-72.68371399353184,-37.49869821725472,0.000
					-72.68372991853319,-37.4986989812359,0.000
					-72.68426543235363,-37.498604746595255,0.000
					-72.68428228133328,-37.49859390257457,0.000
					-72.68428869230803,-37.49858042056612,0.000
					-72.68428931227747,-37.49856403156438,0.000
					-72.6842646081369,-37.49848865858888,0.000
					-72.68415510367444,-37.49824061370305,0.000
					-72.68404342009025,-37.49792733781569,0.000
					-72.68404060406222,-37.49791232281805,0.000
					-72.68403365403795,-37.49789929982547,0.000
					-72.68401778401967,-37.49788943584367,0.000
					-72.68400496000868,-37.497883506858486,0.000
					-72.68349792320281,-37.49798565546591,0.000
					-72.68348806421761,-37.49799357247809,0.000
					-72.68348011924664,-37.49800909748849,0.000
					-72.68348064328339,-37.498028753489095,0.000
					-72.68357417080965,-37.49831094339605,0.000
					-72.68366946637268,-37.49861281430218,0.000
					-72.68368830247822,-37.49866941728336,0.000
					-72.68369400950246,-37.49868241527741,0.000
					-72.68370387952109,-37.498692432266374,0.000
					-72.68371399353184,-37.49869821725472,0.000
				</coordinates>
			</LinearRing>
		</outerBoundaryIs>
	</Polygon>
</MultiGeometry>
</Placemark>

<Placemark>
<name>8306011001033</name>
<description><![CDATA[<p><br/>NOM_COMUNA: NACIMIENTO
<br/>MANZENT_CODIGO: 8306011001033
<br/>TOTAL_PERSONAS(2017): 111
<br/>TOTAL_VIVIENDAS(2017): 36</p>]]></description>
<ExtendedData>
	<Data name="fid"><displayName>fid</displayName><value><![CDATA[62]]></value></Data>
	<Data name="NOM_COMUNA"><displayName>NOM_COMUNA</displayName><value><![CDATA[NACIMIENTO]]></value></Data>
	<Data name="MANZENT_I"><displayName>MANZENT_I</displayName><value><![CDATA[8306011001033]]></value></Data>
	<Data name="TOTAL_PERS"><displayName>TOTAL_PERS</displayName><value><![CDATA[111]]></value></Data>
	<Data name="TOTAL_VIVI"><displayName>TOTAL_VIVI</displayName><value><![CDATA[36]]></value></Data>
</ExtendedData>
<styleUrl>#style1</styleUrl>
<MultiGeometry>
	<Polygon>
		<outerBoundaryIs>
			<LinearRing>
				<tessellate>1</tessellate>
				<coordinates>
					-72.67651888483132,-37.4982980087578,0.000
					-72.67696146565494,-37.49874058826122,0.000
					-72.67767530494774,-37.49943538945905,0.000
					-72.677706237992,-37.499459184423884,0.000
					-72.67772051499634,-37.49946156440707,0.000
					-72.67792993999029,-37.499459025158686,0.000
					-72.67817326098549,-37.499457309870174,0.000
					-72.67819958797332,-37.499450888838524,0.000
					-72.67821466595073,-37.49943883881995,0.000
					-72.67822068693548,-37.49943066681225,0.000
					-72.67822369590405,-37.499413873807654,0.000
					-72.67820693766664,-37.49928665881945,0.000
					-72.6781839583952,-37.499141207837496,0.000
					-72.6781628811931,-37.49903292285563,0.000
					-72.6781417059288,-37.49889129287181,0.000
					-72.67809189346826,-37.49864447291521,0.000
					-72.67808075637603,-37.498595049925285,0.000
					-72.67807784334028,-37.49857588792754,0.000
					-72.67808243030235,-37.49855561192082,0.000
					-72.67809250125438,-37.49852994590726,0.000
					-72.6781077652069,-37.49850456288759,0.000
					-72.67814094913585,-37.49846664484582,0.000
					-72.67826116293857,-37.49836140869672,0.000
					-72.6783144948461,-37.4983120816304,0.000
					-72.67831943382792,-37.49830235662387,0.000
					-72.67832718279033,-37.49828223261347,0.000
					-72.67832182077264,-37.49827275461918,0.000
					-72.67828014772813,-37.4982487746671,0.000
					-72.67811363955285,-37.498154301858484,0.000
					-72.67810779655733,-37.49815670986556,0.000
					-72.67803317166532,-37.49821426995762,0.000
					-72.67792050579618,-37.498283967095595,0.000
					-72.67782948490395,-37.49834138420708,0.000
					-72.6778005539504,-37.498366138243,0.000
					-72.67778397300222,-37.49839383926437,0.000
					-72.67769775213422,-37.49846423637101,0.000
					-72.6776876411234,-37.49845840438262,0.000
					-72.67767752811254,-37.49845257439428,0.000
					-72.67775910698766,-37.49838596029333,0.000
					-72.67777545293633,-37.498358525272224,0.000
					-72.67781065588001,-37.49832848822861,0.000
					-72.67790410076927,-37.498269496114126,0.000
					-72.67801515064036,-37.49820084797813,0.000
					-72.67808411653948,-37.498147052892996,0.000
					-72.67808863252631,-37.49814002188721,0.000
					-72.67806248249373,-37.49812247591713,0.000
					-72.6777362681012,-37.497911133290344,0.000
					-72.67767607601404,-37.49786425935877,0.000
					-72.67765193497631,-37.497843959386095,0.000
					-72.6776334229537,-37.49783178940727,0.000
					-72.67762135994461,-37.497826866421256,0.000
					-72.67760270294438,-37.497826679443364,0.000
					-72.67758807195369,-37.497831618461014,0.000
					-72.67721201626806,-37.49799868791729,0.000
					-72.67681224560015,-37.498175203402326,0.000
					-72.67651888483132,-37.4982980087578,0.000
				</coordinates>
			</LinearRing>
		</outerBoundaryIs>
	</Polygon>
</MultiGeometry>
</Placemark>

<Placemark>
<name>8306011001014</name>
<description><![CDATA[<p><br/>NOM_COMUNA: NACIMIENTO
<br/>MANZENT_CODIGO: 8306011001014
<br/>TOTAL_PERSONAS(2017): 45
<br/>TOTAL_VIVIENDAS(2017): 14</p>]]></description>
<ExtendedData>
	<Data name="fid"><displayName>fid</displayName><value><![CDATA[63]]></value></Data>
	<Data name="NOM_COMUNA"><displayName>NOM_COMUNA</displayName><value><![CDATA[NACIMIENTO]]></value></Data>
	<Data name="MANZENT_I"><displayName>MANZENT_I</displayName><value><![CDATA[8306011001014]]></value></Data>
	<Data name="TOTAL_PERS"><displayName>TOTAL_PERS</displayName><value><![CDATA[45]]></value></Data>
	<Data name="TOTAL_VIVI"><displayName>TOTAL_VIVI</displayName><value><![CDATA[14]]></value></Data>
</ExtendedData>
<styleUrl>#style1</styleUrl>
<MultiGeometry>
	<Polygon>
		<outerBoundaryIs>
			<LinearRing>
				<tessellate>1</tessellate>
				<coordinates>
					-72.67431168713179,-37.49845147838371,0.000
					-72.67434446013333,-37.4984523943449,0.000
					-72.67437629711628,-37.498443378306625,0.000
					-72.67440584908707,-37.49842782927062,0.000
					-72.67458695185348,-37.498303340048096,0.000
					-72.67465459376432,-37.498255828964844,0.000
					-72.67472740667033,-37.49820571587539,0.000
					-72.67477718760786,-37.49817245081426,0.000
					-72.6748032605634,-37.49814872278188,0.000
					-72.67480855854407,-37.498138373774985,0.000
					-72.67480385252776,-37.49812962977998,0.000
					-72.67479395051113,-37.49812069379114,0.000
					-72.6747811604981,-37.498113682805844,0.000
					-72.67460489134554,-37.498031359009566,0.000
					-72.67424801803575,-37.49786428142198,0.000
					-72.67414512195288,-37.49781953854113,0.000
					-72.67411310893287,-37.49780872457839,0.000
					-72.67409903492909,-37.49780664559493,0.000
					-72.6740863699358,-37.49781018061018,0.000
					-72.67407808594423,-37.497814703620264,0.000
					-72.67392293431762,-37.49801414081684,0.000
					-72.67381485656689,-37.49814727695336,0.000
					-72.6738027256027,-37.49816641396893,0.000
					-72.67380361662393,-37.498177785968615,0.000
					-72.67381263463936,-37.49818607395845,0.000
					-72.67408361494547,-37.49835092064769,0.000
					-72.6742293190862,-37.49842678547979,0.000
					-72.67427339811515,-37.49844243342851,0.000
					-72.67431168713179,-37.49845147838371,0.000
				</coordinates>
			</LinearRing>
		</outerBoundaryIs>
	</Polygon>
</MultiGeometry>
</Placemark>

<Placemark>
<name>8306011001025</name>
<description><![CDATA[<p><br/>NOM_COMUNA: NACIMIENTO
<br/>MANZENT_CODIGO: 8306011001025
<br/>TOTAL_PERSONAS(2017): 45
<br/>TOTAL_VIVIENDAS(2017): 15</p>]]></description>
<ExtendedData>
	<Data name="fid"><displayName>fid</displayName><value><![CDATA[64]]></value></Data>
	<Data name="NOM_COMUNA"><displayName>NOM_COMUNA</displayName><value><![CDATA[NACIMIENTO]]></value></Data>
	<Data name="MANZENT_I"><displayName>MANZENT_I</displayName><value><![CDATA[8306011001025]]></value></Data>
	<Data name="TOTAL_PERS"><displayName>TOTAL_PERS</displayName><value><![CDATA[45]]></value></Data>
	<Data name="TOTAL_VIVI"><displayName>TOTAL_VIVI</displayName><value><![CDATA[15]]></value></Data>
</ExtendedData>
<styleUrl>#style1</styleUrl>
<MultiGeometry>
	<Polygon>
		<outerBoundaryIs>
			<LinearRing>
				<tessellate>1</tessellate>
				<coordinates>
					-72.68319516074044,-37.498808074876656,0.000
					-72.68320963274067,-37.49880826885952,0.000
					-72.6836304545773,-37.49872226235529,0.000
					-72.68365179455891,-37.498712497329365,0.000
					-72.68365835054549,-37.49870532632115,0.000
					-72.68366175552421,-37.498693948316394,0.000
					-72.68365966249354,-37.49867750631783,0.000
					-72.6835788720381,-37.49843332539821,0.000
					-72.68350935868033,-37.49824145346849,0.000
					-72.68345087634626,-37.49806232352652,0.000
					-72.68343737928022,-37.49802691254029,0.000
					-72.68342969625927,-37.4980156775487,0.000
					-72.68341561224928,-37.49801026456505,0.000
					-72.68339963824407,-37.4980074275838,0.000
					-72.68297422641172,-37.4980956860936,0.000
					-72.68296021542457,-37.498102531110625,0.000
					-72.68295596944195,-37.49811181911623,0.000
					-72.68295750347225,-37.498128071115474,0.000
					-72.68312879839047,-37.498620409943484,0.000
					-72.68317131965706,-37.49876335890206,0.000
					-72.68318408871922,-37.49879668288904,0.000
					-72.68319516074044,-37.498808074876656,0.000
				</coordinates>
			</LinearRing>
		</outerBoundaryIs>
	</Polygon>
</MultiGeometry>
</Placemark>

<Placemark>
<name>8306011001013</name>
<description><![CDATA[<p><br/>NOM_COMUNA: NACIMIENTO
<br/>MANZENT_CODIGO: 8306011001013
<br/>TOTAL_PERSONAS(2017): 120
<br/>TOTAL_VIVIENDAS(2017): 50</p>]]></description>
<ExtendedData>
	<Data name="fid"><displayName>fid</displayName><value><![CDATA[65]]></value></Data>
	<Data name="NOM_COMUNA"><displayName>NOM_COMUNA</displayName><value><![CDATA[NACIMIENTO]]></value></Data>
	<Data name="MANZENT_I"><displayName>MANZENT_I</displayName><value><![CDATA[8306011001013]]></value></Data>
	<Data name="TOTAL_PERS"><displayName>TOTAL_PERS</displayName><value><![CDATA[120]]></value></Data>
	<Data name="TOTAL_VIVI"><displayName>TOTAL_VIVI</displayName><value><![CDATA[50]]></value></Data>
</ExtendedData>
<styleUrl>#style1</styleUrl>
<MultiGeometry>
	<Polygon>
		<outerBoundaryIs>
			<LinearRing>
				<tessellate>1</tessellate>
				<coordinates>
					-72.67433451420096,-37.498488605359,0.000
					-72.67430504020514,-37.498490728394074,0.000
					-72.67427608419855,-37.49848709442818,0.000
					-72.67424933318175,-37.49847800545931,0.000
					-72.67420122814323,-37.498457232514994,0.000
					-72.67413352406595,-37.49841561659264,0.000
					-72.67403581196368,-37.49836052270496,0.000
					-72.67379552770916,-37.49822340598108,0.000
					-72.67377903670109,-37.49821902600034,0.000
					-72.67375523971755,-37.498227749029105,0.000
					-72.67372806575337,-37.49824685906248,0.000
					-72.67369122382664,-37.49828596510869,0.000
					-72.67353970715803,-37.49846294429948,0.000
					-72.67340783445759,-37.49862292046595,0.000
					-72.67339643348349,-37.49863675048034,0.000
					-72.67330961771219,-37.498758950590954,0.000
					-72.67327106484746,-37.49883127664125,0.000
					-72.67324409797975,-37.49890202767771,0.000
					-72.67323022309999,-37.4989663686982,0.000
					-72.67322333828285,-37.49906428071256,0.000
					-72.67322944247356,-37.49916641371179,0.000
					-72.67326353667451,-37.499274144678196,0.000
					-72.6732911978815,-37.49938508365248,0.000
					-72.67332255708371,-37.499493481622174,0.000
					-72.67335225926317,-37.49958968159303,0.000
					-72.67338451348641,-37.4997093615624,0.000
					-72.6734257337078,-37.49982804752105,0.000
					-72.67345088586848,-37.49991415449665,0.000
					-72.67349739915241,-37.50006637745121,0.000
					-72.67350251617799,-37.50008008644598,0.000
					-72.67351093420903,-37.500096743437055,0.000
					-72.67352686823024,-37.50010814241891,0.000
					-72.67354424223969,-37.500113260398635,0.000
					-72.67356494923222,-37.50010934337382,0.000
					-72.67358183121003,-37.5000975103531,0.000
					-72.67360566217123,-37.500076802323505,0.000
					-72.67364173909642,-37.50003687027823,0.000
					-72.67388493263184,-37.499788882974215,0.000
					-72.67412799012766,-37.49951971466908,0.000
					-72.67420684000386,-37.49945367957146,0.000
					-72.67428670091311,-37.499405336473735,0.000
					-72.67430286489474,-37.49939555345396,0.000
					-72.67444600074087,-37.49931366227908,0.000
					-72.67457015360478,-37.49924118512733,0.000
					-72.67424035209667,-37.49896796250099,0.000
					-72.67426374104464,-37.498940188471515,0.000
					-72.67459996157211,-37.49922378409092,0.000
					-72.67483755131161,-37.499085086800505,0.000
					-72.67554172357853,-37.498694847941174,0.000
					-72.6755547355441,-37.49867644992458,0.000
					-72.67555565052308,-37.49866520292276,0.000
					-72.67554820248799,-37.498646401930436,0.000
					-72.67553395144719,-37.49862449394594,0.000
					-72.67534722709999,-37.49843792415541,0.000
					-72.67520104282127,-37.4982881693192,0.000
					-72.67507939952503,-37.49812910845334,0.000
					-72.67505728549459,-37.498112722478496,0.000
					-72.67503440648983,-37.498110108505465,0.000
					-72.67490531254059,-37.498136854660174,0.000
					-72.67486406557263,-37.49815388571017,0.000
					-72.67482668661694,-37.498177481755924,0.000
					-72.67466076882829,-37.49829010495972,0.000
					-72.6745408849986,-37.49838092510759,0.000
					-72.67446186810527,-37.49843776420481,0.000
					-72.67440816515865,-37.49846617527029,0.000
					-72.67437427818335,-37.49847929531129,0.000
					-72.67433451420096,-37.498488605359,0.000
				</coordinates>
			</LinearRing>
		</outerBoundaryIs>
	</Polygon>
</MultiGeometry>
</Placemark>

<Placemark>
<name>8306021001008</name>
<description><![CDATA[<p><br/>NOM_COMUNA: NACIMIENTO
<br/>MANZENT_CODIGO: 8306021001008
<br/>TOTAL_PERSONAS(2017): 101
<br/>TOTAL_VIVIENDAS(2017): 31</p>]]></description>
<ExtendedData>
	<Data name="fid"><displayName>fid</displayName><value><![CDATA[66]]></value></Data>
	<Data name="NOM_COMUNA"><displayName>NOM_COMUNA</displayName><value><![CDATA[NACIMIENTO]]></value></Data>
	<Data name="MANZENT_I"><displayName>MANZENT_I</displayName><value><![CDATA[8306021001008]]></value></Data>
	<Data name="TOTAL_PERS"><displayName>TOTAL_PERS</displayName><value><![CDATA[101]]></value></Data>
	<Data name="TOTAL_VIVI"><displayName>TOTAL_VIVI</displayName><value><![CDATA[31]]></value></Data>
</ExtendedData>
<styleUrl>#style1</styleUrl>
<MultiGeometry>
	<Polygon>
		<outerBoundaryIs>
			<LinearRing>
				<tessellate>1</tessellate>
				<coordinates>
					-72.68930223458581,-37.499282934667846,0.000
					-72.68933105860044,-37.49929088863419,0.000
					-72.68935181658306,-37.49928165260897,0.000
					-72.68995231029199,-37.49859243285386,0.000
					-72.689963890267,-37.4985791028393,0.000
					-72.69001602115459,-37.49851909477376,0.000
					-72.69001126213332,-37.49850767277867,0.000
					-72.68979520691443,-37.49838965202735,0.000
					-72.68977046090748,-37.49838584505643,0.000
					-72.68976094291111,-37.49838774806784,0.000
					-72.68975711291274,-37.49838859907242,0.000
					-72.68943072260909,-37.49876035148265,0.000
					-72.68909366534726,-37.499154400906974,0.000
					-72.68909917936948,-37.49916631390118,0.000
					-72.68910766838955,-37.499177113891825,0.000
					-72.68930223458581,-37.499282934667846,0.000
				</coordinates>
			</LinearRing>
		</outerBoundaryIs>
	</Polygon>
</MultiGeometry>
</Placemark>

<Placemark>
<name>8306011001028</name>
<description><![CDATA[<p><br/>NOM_COMUNA: NACIMIENTO
<br/>MANZENT_CODIGO: 8306011001028
<br/>TOTAL_PERSONAS(2017): 41
<br/>TOTAL_VIVIENDAS(2017): 14</p>]]></description>
<ExtendedData>
	<Data name="fid"><displayName>fid</displayName><value><![CDATA[67]]></value></Data>
	<Data name="NOM_COMUNA"><displayName>NOM_COMUNA</displayName><value><![CDATA[NACIMIENTO]]></value></Data>
	<Data name="MANZENT_I"><displayName>MANZENT_I</displayName><value><![CDATA[8306011001028]]></value></Data>
	<Data name="TOTAL_PERS"><displayName>TOTAL_PERS</displayName><value><![CDATA[41]]></value></Data>
	<Data name="TOTAL_VIVI"><displayName>TOTAL_VIVI</displayName><value><![CDATA[14]]></value></Data>
</ExtendedData>
<styleUrl>#style1</styleUrl>
<MultiGeometry>
	<Polygon>
		<outerBoundaryIs>
			<LinearRing>
				<tessellate>1</tessellate>
				<coordinates>
					-72.68200521620813,-37.499054350302664,0.000
					-72.68201687821421,-37.49905764328901,0.000
					-72.6824702840298,-37.498960475745484,0.000
					-72.68248361701689,-37.498953617729235,0.000
					-72.68248948399723,-37.49894309972161,0.000
					-72.68248680098168,-37.498934755724285,0.000
					-72.6822718147995,-37.498300884939106,0.000
					-72.68226410775955,-37.49827946594688,0.000
					-72.68224969173538,-37.498266476963124,0.000
					-72.6822171727186,-37.498257367001095,0.000
					-72.68178440589303,-37.49834926151989,0.000
					-72.68176983791228,-37.49835951953777,0.000
					-72.6817641049306,-37.49836931954517,0.000
					-72.68176842095681,-37.49838337254097,0.000
					-72.68194881696702,-37.49892500636134,0.000
					-72.68198153816283,-37.49903000432916,0.000
					-72.68199298319564,-37.49904762131675,0.000
					-72.68200521620813,-37.499054350302664,0.000
				</coordinates>
			</LinearRing>
		</outerBoundaryIs>
	</Polygon>
</MultiGeometry>
</Placemark>

<Placemark>
<name>8306011003001</name>
<description><![CDATA[<p><br/>NOM_COMUNA: NACIMIENTO
<br/>MANZENT_CODIGO: 8306011003001
<br/>TOTAL_PERSONAS(2017): 84
<br/>TOTAL_VIVIENDAS(2017): 22</p>]]></description>
<ExtendedData>
	<Data name="fid"><displayName>fid</displayName><value><![CDATA[68]]></value></Data>
	<Data name="NOM_COMUNA"><displayName>NOM_COMUNA</displayName><value><![CDATA[NACIMIENTO]]></value></Data>
	<Data name="MANZENT_I"><displayName>MANZENT_I</displayName><value><![CDATA[8306011003001]]></value></Data>
	<Data name="TOTAL_PERS"><displayName>TOTAL_PERS</displayName><value><![CDATA[84]]></value></Data>
	<Data name="TOTAL_VIVI"><displayName>TOTAL_VIVI</displayName><value><![CDATA[22]]></value></Data>
</ExtendedData>
<styleUrl>#style1</styleUrl>
<MultiGeometry>
	<Polygon>
		<outerBoundaryIs>
			<LinearRing>
				<tessellate>1</tessellate>
				<coordinates>
					-72.68441605893965,-37.5021321256391,0.000
					-72.68445716295719,-37.502141673590955,0.000
					-72.6845009049521,-37.50213910653897,0.000
					-72.68452813993291,-37.502128916506045,0.000
					-72.6845530689096,-37.502116519475734,0.000
					-72.68456955588381,-37.502102784455275,0.000
					-72.68465991456306,-37.50193135033739,0.000
					-72.68473633529172,-37.50178631823762,0.000
					-72.6848162990181,-37.50164009313364,0.000
					-72.6849091087063,-37.5014734840131,0.000
					-72.68497486449169,-37.50135879192797,0.000
					-72.68506372722017,-37.50121373281346,0.000
					-72.68514883397063,-37.501080405704165,0.000
					-72.68525040668285,-37.500926674574124,0.000
					-72.68531312151408,-37.50083652249405,0.000
					-72.6853452184277,-37.50079038345315,0.000
					-72.68546900510289,-37.50061690029545,0.000
					-72.68550962600604,-37.500565158244065,0.000
					-72.6855093189426,-37.50053117824229,0.000
					-72.6855036328692,-37.50049186524654,0.000
					-72.68549411876745,-37.50043733825434,0.000
					-72.68548711767785,-37.50038934825963,0.000
					-72.68549162061758,-37.50035708425231,0.000
					-72.68550149457447,-37.5003340282391,0.000
					-72.68552315652293,-37.50030651621174,0.000
					-72.68554740848579,-37.50028671518173,0.000
					-72.6855888474557,-37.50027076613162,0.000
					-72.68563536244011,-37.50026257607594,0.000
					-72.68576986039079,-37.5002366449149,0.000
					-72.68590872307067,-37.5000657097395,0.000
					-72.68616506952621,-37.49977505841734,0.000
					-72.68639145103603,-37.49951337813253,0.000
					-72.68656005068195,-37.49932437092076,0.000
					-72.68668083442216,-37.49918570376888,0.000
					-72.686806749153,-37.49904199961058,0.000
					-72.68698073778744,-37.49884688039205,0.000
					-72.68714321343423,-37.49865829218759,0.000
					-72.68726294918301,-37.49852420003722,0.000
					-72.68734226500973,-37.49843167093743,0.000
					-72.68733393299384,-37.498423126946726,0.000
					-72.68729014302939,-37.498442004999816,0.000
					-72.68709322018131,-37.498522678238324,0.000
					-72.68700711524524,-37.498556587342534,0.000
					-72.6869103743095,-37.49859064945935,0.000
					-72.68674214940155,-37.49863935066178,0.000
					-72.6864121495649,-37.49872561605835,0.000
					-72.68610351670813,-37.49880121442896,0.000
					-72.68605669372187,-37.4988084074849,0.000
					-72.68602742273427,-37.49881495252002,0.000
					-72.68598104074873,-37.49882251457548,0.000
					-72.6859478577621,-37.49882954261523,0.000
					-72.6858653657953,-37.498847012714094,0.000
					-72.6855683469269,-37.49891643907056,0.000
					-72.68534011502965,-37.498970631344484,0.000
					-72.6850585561496,-37.499033870682204,0.000
					-72.68469651732153,-37.49912463911706,0.000
					-72.68447474742328,-37.499178326383294,0.000
					-72.68437061751017,-37.49922449650964,0.000
					-72.68428377661847,-37.49928218061625,0.000
					-72.6843967077447,-37.49935018148666,0.000
					-72.68446950884245,-37.49940279640369,0.000
					-72.68452606793755,-37.49945392033986,0.000
					-72.68457992403874,-37.499508326279454,0.000
					-72.68461958512982,-37.4995572262355,0.000
					-72.68466257324539,-37.49961925918845,0.000
					-72.68470204638199,-37.49969257814631,0.000
					-72.68474071056072,-37.49978841010651,0.000
					-72.68475820069295,-37.49985931509023,0.000
					-72.68476785784759,-37.49994214208403,0.000
					-72.6847642739959,-37.50002155509326,0.000
					-72.68474446036639,-37.50021987612928,0.000
					-72.68469051485854,-37.50048322220984,0.000
					-72.68465909315815,-37.50064355625716,0.000
					-72.68463627143699,-37.50079279329365,0.000
					-72.68461431773854,-37.50095421432982,0.000
					-72.684589098176,-37.501188385374455,0.000
					-72.68454417669692,-37.50146713844531,0.000
					-72.68450462305047,-37.50165633050413,0.000
					-72.68441465452544,-37.501910319626774,0.000
					-72.6843636597434,-37.50202683269456,0.000
					-72.6843537227971,-37.50205556470815,0.000
					-72.68435033883753,-37.50207721671351,0.000
					-72.68435747487109,-37.5020951997062,0.000
					-72.68437585290192,-37.50211178168547,0.000
					-72.68441605893965,-37.5021321256391,0.000
				</coordinates>
			</LinearRing>
		</outerBoundaryIs>
	</Polygon>
</MultiGeometry>
</Placemark>

<Placemark>
<name>8306011001029</name>
<description><![CDATA[<p><br/>NOM_COMUNA: NACIMIENTO
<br/>MANZENT_CODIGO: 8306011001029
<br/>TOTAL_PERSONAS(2017): 36
<br/>TOTAL_VIVIENDAS(2017): 13</p>]]></description>
<ExtendedData>
	<Data name="fid"><displayName>fid</displayName><value><![CDATA[69]]></value></Data>
	<Data name="NOM_COMUNA"><displayName>NOM_COMUNA</displayName><value><![CDATA[NACIMIENTO]]></value></Data>
	<Data name="MANZENT_I"><displayName>MANZENT_I</displayName><value><![CDATA[8306011001029]]></value></Data>
	<Data name="TOTAL_PERS"><displayName>TOTAL_PERS</displayName><value><![CDATA[36]]></value></Data>
	<Data name="TOTAL_VIVI"><displayName>TOTAL_VIVI</displayName><value><![CDATA[13]]></value></Data>
</ExtendedData>
<styleUrl>#style1</styleUrl>
<MultiGeometry>
	<Polygon>
		<outerBoundaryIs>
			<LinearRing>
				<tessellate>1</tessellate>
				<coordinates>
					-72.68148303640683,-37.49915890692821,0.000
					-72.68149623641561,-37.49916367191283,0.000
					-72.6819329642413,-37.49907185638936,0.000
					-72.68194440423343,-37.499067665375584,0.000
					-72.68195100221745,-37.49905914336719,0.000
					-72.68195344219986,-37.49904972936374,0.000
					-72.68182728048649,-37.498667226489104,0.000
					-72.68174274799779,-37.49840521757277,0.000
					-72.68173484696273,-37.498386408580984,0.000
					-72.68172183293592,-37.49837200459547,0.000
					-72.68170555292869,-37.498368080614526,0.000
					-72.6812877551007,-37.49845873511543,0.000
					-72.68127103411331,-37.4984654351357,0.000
					-72.6812583181299,-37.49847428815133,0.000
					-72.68125495414866,-37.498484315155906,0.000
					-72.68125416416898,-37.49849520315755,0.000
					-72.68139137792514,-37.49890063302052,0.000
					-72.68146617435971,-37.49913361294659,0.000
					-72.68147288938448,-37.49914690193945,0.000
					-72.68148303640683,-37.49915890692821,0.000
				</coordinates>
			</LinearRing>
		</outerBoundaryIs>
	</Polygon>
</MultiGeometry>
</Placemark>

<Placemark>
<name>8306011001027</name>
<description><![CDATA[<p><br/>NOM_COMUNA: NACIMIENTO
<br/>MANZENT_CODIGO: 8306011001027
<br/>TOTAL_PERSONAS(2017): 74
<br/>TOTAL_VIVIENDAS(2017): 26</p>]]></description>
<ExtendedData>
	<Data name="fid"><displayName>fid</displayName><value><![CDATA[70]]></value></Data>
	<Data name="NOM_COMUNA"><displayName>NOM_COMUNA</displayName><value><![CDATA[NACIMIENTO]]></value></Data>
	<Data name="MANZENT_I"><displayName>MANZENT_I</displayName><value><![CDATA[8306011001027]]></value></Data>
	<Data name="TOTAL_PERS"><displayName>TOTAL_PERS</displayName><value><![CDATA[74]]></value></Data>
	<Data name="TOTAL_VIVI"><displayName>TOTAL_VIVI</displayName><value><![CDATA[26]]></value></Data>
</ExtendedData>
<styleUrl>#style1</styleUrl>
<MultiGeometry>
	<Polygon>
		<outerBoundaryIs>
			<LinearRing>
				<tessellate>1</tessellate>
				<coordinates>
					-72.6825935310998,-37.49899840060178,0.000
					-72.68269776670331,-37.49932198549864,0.000
					-72.68270705075058,-37.49934731048922,0.000
					-72.68271275677478,-37.4993603094833,0.000
					-72.68272522379371,-37.49937046746918,0.000
					-72.68274296781493,-37.499381899448814,0.000
					-72.6827608258156,-37.49938234042768,0.000
					-72.68331259359223,-37.49926466076627,0.000
					-72.68357797249334,-37.499212643448395,0.000
					-72.68369900145828,-37.49919429030381,0.000
					-72.68377002344474,-37.49918730321919,0.000
					-72.68387305744463,-37.4991876120971,0.000
					-72.68396743546174,-37.49919712298582,0.000
					-72.68406267048864,-37.49921187787385,0.000
					-72.68413899252391,-37.49923103778461,0.000
					-72.68414251450251,-37.49921957177971,0.000
					-72.68414509648994,-37.49921286377624,0.000
					-72.68414653947119,-37.49920279877389,0.000
					-72.68414001043513,-37.499183475780384,0.000
					-72.68413359739893,-37.49916406478678,0.000
					-72.68411735729357,-37.49910760380243,0.000
					-72.68399648359485,-37.49873295692213,0.000
					-72.68398240954998,-37.49870888993728,0.000
					-72.68395950552625,-37.49869609496365,0.000
					-72.68392762252559,-37.498695650001395,0.000
					-72.6831944048134,-37.49884717088001,0.000
					-72.68263199203787,-37.49896536155412,0.000
					-72.68262171304391,-37.49896858456646,0.000
					-72.68261327405494,-37.49897445657687,0.000
					-72.68259961708061,-37.49898815659392,0.000
					-72.6825935310998,-37.49899840060178,0.000
				</coordinates>
			</LinearRing>
		</outerBoundaryIs>
	</Polygon>
</MultiGeometry>
</Placemark>

<Placemark>
<name>8306011001035</name>
<description><![CDATA[<p><br/>NOM_COMUNA: NACIMIENTO
<br/>MANZENT_CODIGO: 8306011001035
<br/>TOTAL_PERSONAS(2017): 75
<br/>TOTAL_VIVIENDAS(2017): 28</p>]]></description>
<ExtendedData>
	<Data name="fid"><displayName>fid</displayName><value><![CDATA[71]]></value></Data>
	<Data name="NOM_COMUNA"><displayName>NOM_COMUNA</displayName><value><![CDATA[NACIMIENTO]]></value></Data>
	<Data name="MANZENT_I"><displayName>MANZENT_I</displayName><value><![CDATA[8306011001035]]></value></Data>
	<Data name="TOTAL_PERS"><displayName>TOTAL_PERS</displayName><value><![CDATA[75]]></value></Data>
	<Data name="TOTAL_VIVI"><displayName>TOTAL_VIVI</displayName><value><![CDATA[28]]></value></Data>
</ExtendedData>
<styleUrl>#style1</styleUrl>
<MultiGeometry>
	<Polygon>
		<outerBoundaryIs>
			<LinearRing>
				<tessellate>1</tessellate>
				<coordinates>
					-72.67376935665227,-37.50087044617974,0.000
					-72.67378661666172,-37.500875562159614,0.000
					-72.67381697065909,-37.50087426812353,0.000
					-72.67400623058847,-37.50083708289683,0.000
					-72.67419054852931,-37.5008060186764,0.000
					-72.67446242741443,-37.50074540835029,0.000
					-72.67466631733451,-37.500703284105946,0.000
					-72.67481874227516,-37.500672041923245,0.000
					-72.67496674021696,-37.500641342745915,0.000
					-72.67504408018911,-37.50062672065333,0.000
					-72.67513251615735,-37.5006100015474,0.000
					-72.67528771609442,-37.500576830361354,0.000
					-72.67542968403146,-37.50054357919097,0.000
					-72.67552055500109,-37.50052761508224,0.000
					-72.67554754699033,-37.500521946049865,0.000
					-72.67558927594746,-37.50049914199899,0.000
					-72.6756037198814,-37.50046381697958,0.000
					-72.67560966776473,-37.50040135596861,0.000
					-72.67566320457021,-37.499761875864664,0.000
					-72.67569592168135,-37.49928598379577,0.000
					-72.67569294627596,-37.49906885778557,0.000
					-72.67566320299842,-37.498920141811396,0.000
					-72.67561263978769,-37.4988071178642,0.000
					-72.67558579173826,-37.49878055689432,0.000
					-72.67556436972801,-37.498774975919375,0.000
					-72.67519829810941,-37.49897801136616,0.000
					-72.6747968585418,-37.499208195856546,0.000
					-72.67449116084778,-37.499371055229204,0.000
					-72.67443647790384,-37.49940087429593,0.000
					-72.674347454995,-37.49944942040448,0.000
					-72.6742704780741,-37.49949152049843,0.000
					-72.67422410214255,-37.49952800555571,0.000
					-72.6741608932507,-37.49958569763428,0.000
					-72.67400129358522,-37.49976431983479,0.000
					-72.67380153596785,-37.49996855508446,0.000
					-72.67356622643439,-37.5002175993792,0.000
					-72.6735526984794,-37.500241664396746,0.000
					-72.67355081250442,-37.50025505439984,0.000
					-72.67355114653874,-37.50027344540056,0.000
					-72.67362627198618,-37.50051328532671,0.000
					-72.6736766092851,-37.500673514277196,0.000
					-72.67373028256713,-37.50082470722318,0.000
					-72.67373994961149,-37.50084850821322,0.000
					-72.67375141363624,-37.500861801200465,0.000
					-72.67376935665227,-37.50087044617974,0.000
				</coordinates>
			</LinearRing>
		</outerBoundaryIs>
	</Polygon>
</MultiGeometry>
</Placemark>

<Placemark>
<name>8306011002002</name>
<description><![CDATA[<p><br/>NOM_COMUNA: NACIMIENTO
<br/>MANZENT_CODIGO: 8306011002002
<br/>TOTAL_PERSONAS(2017): 44
<br/>TOTAL_VIVIENDAS(2017): 20</p>]]></description>
<ExtendedData>
	<Data name="fid"><displayName>fid</displayName><value><![CDATA[72]]></value></Data>
	<Data name="NOM_COMUNA"><displayName>NOM_COMUNA</displayName><value><![CDATA[NACIMIENTO]]></value></Data>
	<Data name="MANZENT_I"><displayName>MANZENT_I</displayName><value><![CDATA[8306011002002]]></value></Data>
	<Data name="TOTAL_PERS"><displayName>TOTAL_PERS</displayName><value><![CDATA[44]]></value></Data>
	<Data name="TOTAL_VIVI"><displayName>TOTAL_VIVI</displayName><value><![CDATA[20]]></value></Data>
</ExtendedData>
<styleUrl>#style1</styleUrl>
<MultiGeometry>
	<Polygon>
		<outerBoundaryIs>
			<LinearRing>
				<tessellate>1</tessellate>
				<coordinates>
					-72.66573001104447,-37.50212527878913,0.000
					-72.66573003304467,-37.50212537778908,0.000
					-72.66573184605977,-37.50213345278749,0.000
					-72.66612809071671,-37.50195102030616,0.000
					-72.66669209322839,-37.501691351621076,0.000
					-72.66671343820177,-37.5016771735949,0.000
					-72.66678675310524,-37.50162572350472,0.000
					-72.66686912500144,-37.50157039740358,0.000
					-72.66692644494853,-37.50154224233385,0.000
					-72.66701943184573,-37.50148748622015,0.000
					-72.66709456376914,-37.501446705128444,0.000
					-72.66717741167741,-37.50139787702714,0.000
					-72.66724852861097,-37.50136251394059,0.000
					-72.66731763754969,-37.501329905856636,0.000
					-72.6673804674919,-37.50129915578021,0.000
					-72.6674445894447,-37.501274107702606,0.000
					-72.66747942941763,-37.50125972566038,0.000
					-72.66749020740838,-37.50125481664731,0.000
					-72.66750319036676,-37.50123254163052,0.000
					-72.66750426534107,-37.50121879262837,0.000
					-72.66750323132678,-37.50121115062909,0.000
					-72.66750561131344,-37.50120401162581,0.000
					-72.66751274924673,-37.50116831961505,0.000
					-72.6675127492245,-37.50115642261433,0.000
					-72.66752464714004,-37.50111121259735,0.000
					-72.6675484410332,-37.501054105565544,0.000
					-72.66765551676151,-37.5009089584294,0.000
					-72.66776259245871,-37.50074715529217,0.000
					-72.66791011809343,-37.5005520391049,0.000
					-72.66796484587094,-37.5004330660325,0.000
					-72.66798626071083,-37.500347405001676,0.000
					-72.66798626054198,-37.50025698599593,0.000
					-72.6679862604309,-37.50019749899217,0.000
					-72.6679553272534,-37.50010232102281,0.000
					-72.66790535807593,-37.500007142075965,0.000
					-72.66784587192966,-37.499928620141475,0.000
					-72.66777591873445,-37.49982385021779,0.000
					-72.66776643472532,-37.499818946228686,0.000
					-72.66765167462823,-37.499766574361416,0.000
					-72.66749665349705,-37.49969583354068,0.000
					-72.6672633102879,-37.49958308281009,0.000
					-72.66704578307987,-37.49947100506084,0.000
					-72.66682448983998,-37.499341819314914,0.000
					-72.66671988474437,-37.49929027843561,0.000
					-72.6666403526712,-37.49925085752741,0.000
					-72.66655420659448,-37.499209502626876,0.000
					-72.66648047953265,-37.49917614471216,0.000
					-72.6663999134605,-37.49913724380519,0.000
					-72.66631486537217,-37.49908969290297,0.000
					-72.6662315612811,-37.4990406449986,0.000
					-72.66615692918538,-37.49898915408383,0.000
					-72.66606265102662,-37.498903842190145,0.000
					-72.66596135184814,-37.4988079373041,0.000
					-72.6659065777689,-37.498765311366334,0.000
					-72.66581405267463,-37.49871454847279,0.000
					-72.66574576161919,-37.49868463055184,0.000
					-72.66565349757713,-37.498661809659744,0.000
					-72.66551050955194,-37.49864789782835,0.000
					-72.66533919153018,-37.49863567903061,0.000
					-72.66534117049721,-37.49861804302715,0.000
					-72.66524901448534,-37.49861139113599,0.000
					-72.66524528959305,-37.49866905714405,0.000
					-72.66526976381407,-37.498787505122586,0.000
					-72.66528596405655,-37.498917413111606,0.000
					-72.66523494690458,-37.49937140620094,0.000
					-72.66527470201312,-37.49996516319154,0.000
					-72.66537993708805,-37.50054111010341,0.000
					-72.66548410792184,-37.50098789800837,0.000
					-72.66569075471826,-37.50195046882459,0.000
					-72.66572100296962,-37.502085168797265,0.000
					-72.66572814902902,-37.502116988790824,0.000
					-72.66572998904431,-37.50212518078916,0.000
					-72.66573001104447,-37.50212527878913,0.000
				</coordinates>
			</LinearRing>
		</outerBoundaryIs>
	</Polygon>
</MultiGeometry>
</Placemark>

<Placemark>
<name>8306011001031</name>
<description><![CDATA[<p><br/>NOM_COMUNA: NACIMIENTO
<br/>MANZENT_CODIGO: 8306011001031
<br/>TOTAL_PERSONAS(2017): 35
<br/>TOTAL_VIVIENDAS(2017): 13</p>]]></description>
<ExtendedData>
	<Data name="fid"><displayName>fid</displayName><value><![CDATA[73]]></value></Data>
	<Data name="NOM_COMUNA"><displayName>NOM_COMUNA</displayName><value><![CDATA[NACIMIENTO]]></value></Data>
	<Data name="MANZENT_I"><displayName>MANZENT_I</displayName><value><![CDATA[8306011001031]]></value></Data>
	<Data name="TOTAL_PERS"><displayName>TOTAL_PERS</displayName><value><![CDATA[35]]></value></Data>
	<Data name="TOTAL_VIVI"><displayName>TOTAL_VIVI</displayName><value><![CDATA[13]]></value></Data>
</ExtendedData>
<styleUrl>#style1</styleUrl>
<MultiGeometry>
	<Polygon>
		<outerBoundaryIs>
			<LinearRing>
				<tessellate>1</tessellate>
				<coordinates>
					-72.6807486385502,-37.49976863583717,0.000
					-72.68077527060841,-37.499799889807605,0.000
					-72.68120452244862,-37.49971586029349,0.000
					-72.68122144043099,-37.49970645927286,0.000
					-72.68122519740216,-37.499691033267425,0.000
					-72.68122699936164,-37.49966935026392,0.000
					-72.6810195821191,-37.49900318446769,0.000
					-72.68101282309698,-37.498991336474965,0.000
					-72.68099887206529,-37.49897430049039,0.000
					-72.68097994504718,-37.49896455651224,0.000
					-72.68096551204458,-37.49896310152924,0.000
					-72.68043353925405,-37.49907340916677,0.000
					-72.68042302526064,-37.49907689717944,0.000
					-72.68040410428307,-37.499088871202666,0.000
					-72.68039731030407,-37.499100093211375,0.000
					-72.68039436033196,-37.499114994215844,0.000
					-72.68040166035556,-37.49912766420799,0.000
					-72.68051005674837,-37.4993384150928,0.000
					-72.68073151349162,-37.49973720985545,0.000
					-72.6807486385502,-37.49976863583717,0.000
				</coordinates>
			</LinearRing>
		</outerBoundaryIs>
	</Polygon>
</MultiGeometry>
</Placemark>

<Placemark>
<name>8306011001030</name>
<description><![CDATA[<p><br/>NOM_COMUNA: NACIMIENTO
<br/>MANZENT_CODIGO: 8306011001030
<br/>TOTAL_PERSONAS(2017): 24
<br/>TOTAL_VIVIENDAS(2017): 11</p>]]></description>
<ExtendedData>
	<Data name="fid"><displayName>fid</displayName><value><![CDATA[74]]></value></Data>
	<Data name="NOM_COMUNA"><displayName>NOM_COMUNA</displayName><value><![CDATA[NACIMIENTO]]></value></Data>
	<Data name="MANZENT_I"><displayName>MANZENT_I</displayName><value><![CDATA[8306011001030]]></value></Data>
	<Data name="TOTAL_PERS"><displayName>TOTAL_PERS</displayName><value><![CDATA[24]]></value></Data>
	<Data name="TOTAL_VIVI"><displayName>TOTAL_VIVI</displayName><value><![CDATA[11]]></value></Data>
</ExtendedData>
<styleUrl>#style1</styleUrl>
<MultiGeometry>
	<Polygon>
		<outerBoundaryIs>
			<LinearRing>
				<tessellate>1</tessellate>
				<coordinates>
					-72.68129743339053,-37.499685062181406,0.000
					-72.68131078839684,-37.49968847916574,0.000
					-72.68248833594087,-37.499448455754894,0.000
					-72.68257244690872,-37.49943154165409,0.000
					-72.68260168688454,-37.49941868861863,0.000
					-72.68262049486204,-37.499406711595554,0.000
					-72.68263545383286,-37.49939114457684,0.000
					-72.68263956479632,-37.49937157957073,0.000
					-72.6825300442115,-37.4990579836808,0.000
					-72.6825200471459,-37.4990228226904,0.000
					-72.68250732412196,-37.499009955704665,0.000
					-72.68248835810623,-37.49900147372662,0.000
					-72.68247407710123,-37.49899875974336,0.000
					-72.68246190910529,-37.49900086375795,0.000
					-72.68190201732756,-37.499117929428955,0.000
					-72.68118950260762,-37.49926542828282,0.000
					-72.68118237361467,-37.49926916429151,0.000
					-72.68116961663382,-37.49927936730725,0.000
					-72.68116024465338,-37.49928981631902,0.000
					-72.68115758567045,-37.499298956322804,0.000
					-72.68126041127681,-37.49962404622141,0.000
					-72.68126944034627,-37.49966126221309,0.000
					-72.6812803153725,-37.4996753542011,0.000
					-72.68129743339053,-37.499685062181406,0.000
				</coordinates>
			</LinearRing>
		</outerBoundaryIs>
	</Polygon>
</MultiGeometry>
</Placemark>

<Placemark>
<name>8306011001012</name>
<description><![CDATA[<p><br/>NOM_COMUNA: NACIMIENTO
<br/>MANZENT_CODIGO: 8306011001012
<br/>TOTAL_PERSONAS(2017): 71
<br/>TOTAL_VIVIENDAS(2017): 24</p>]]></description>
<ExtendedData>
	<Data name="fid"><displayName>fid</displayName><value><![CDATA[75]]></value></Data>
	<Data name="NOM_COMUNA"><displayName>NOM_COMUNA</displayName><value><![CDATA[NACIMIENTO]]></value></Data>
	<Data name="MANZENT_I"><displayName>MANZENT_I</displayName><value><![CDATA[8306011001012]]></value></Data>
	<Data name="TOTAL_PERS"><displayName>TOTAL_PERS</displayName><value><![CDATA[71]]></value></Data>
	<Data name="TOTAL_VIVI"><displayName>TOTAL_VIVI</displayName><value><![CDATA[24]]></value></Data>
</ExtendedData>
<styleUrl>#style1</styleUrl>
<MultiGeometry>
	<Polygon>
		<outerBoundaryIs>
			<LinearRing>
				<tessellate>1</tessellate>
				<coordinates>
					-72.66781285166148,-37.49978489717154,0.000
					-72.66784579168015,-37.499795010133106,0.000
					-72.66786268467766,-37.49979372211298,0.000
					-72.66807210755083,-37.499726485860464,0.000
					-72.6682716394271,-37.4996608556198,0.000
					-72.66831459440219,-37.499647676568074,0.000
					-72.66844990532387,-37.499606160405044,0.000
					-72.66857120024599,-37.49956484925863,0.000
					-72.66867215318753,-37.49953386013703,0.000
					-72.66875256515364,-37.49951598204057,0.000
					-72.66886780011363,-37.49949491690265,0.000
					-72.66897001308816,-37.49948161478064,0.000
					-72.66898794308452,-37.49947971575927,0.000
					-72.66900684507688,-37.49947567373661,0.000
					-72.66901673507381,-37.49947406672478,0.000
					-72.66902610206144,-37.49946749271321,0.000
					-72.66902955004458,-37.4994584587086,0.000
					-72.66903195802902,-37.49945012570517,0.000
					-72.66899022871637,-37.499282584744,0.000
					-72.6689377273039,-37.49906150879221,0.000
					-72.66889761898878,-37.49889262182906,0.000
					-72.66888497595338,-37.498873627842826,0.000
					-72.66888002594499,-37.4988691138484,0.000
					-72.66886796093601,-37.49886427986242,0.000
					-72.66837135909839,-37.49894963745645,0.000
					-72.66800039820707,-37.4990066548998,0.000
					-72.66773003126521,-37.49903691122218,0.000
					-72.66748680530986,-37.49906004251196,0.000
					-72.66734816433605,-37.499073614677144,0.000
					-72.66726646035924,-37.49908578877476,0.000
					-72.66721004637151,-37.49909215384203,0.000
					-72.66717373839207,-37.49910306088581,0.000
					-72.66715412341532,-37.49911546990982,0.000
					-72.6671388974603,-37.49913950092938,0.000
					-72.66709674693323,-37.499392617995426,0.000
					-72.66710006497841,-37.499416834993006,0.000
					-72.66710843701217,-37.49943493398429,0.000
					-72.66712473904511,-37.49945264896604,0.000
					-72.66714082706385,-37.49946269894762,0.000
					-72.66747661636919,-37.499627309560054,0.000
					-72.66781285166148,-37.49978489717154,0.000
				</coordinates>
			</LinearRing>
		</outerBoundaryIs>
	</Polygon>
</MultiGeometry>
</Placemark>

<Placemark>
<name>8306011003002</name>
<description><![CDATA[<p><br/>NOM_COMUNA: NACIMIENTO
<br/>MANZENT_CODIGO: 8306011003002
<br/>TOTAL_PERSONAS(2017): 62
<br/>TOTAL_VIVIENDAS(2017): 24</p>]]></description>
<ExtendedData>
	<Data name="fid"><displayName>fid</displayName><value><![CDATA[76]]></value></Data>
	<Data name="NOM_COMUNA"><displayName>NOM_COMUNA</displayName><value><![CDATA[NACIMIENTO]]></value></Data>
	<Data name="MANZENT_I"><displayName>MANZENT_I</displayName><value><![CDATA[8306011003002]]></value></Data>
	<Data name="TOTAL_PERS"><displayName>TOTAL_PERS</displayName><value><![CDATA[62]]></value></Data>
	<Data name="TOTAL_VIVI"><displayName>TOTAL_VIVI</displayName><value><![CDATA[24]]></value></Data>
</ExtendedData>
<styleUrl>#style1</styleUrl>
<MultiGeometry>
	<Polygon>
		<outerBoundaryIs>
			<LinearRing>
				<tessellate>1</tessellate>
				<coordinates>
					-72.68335243575014,-37.49934936672439,0.000
					-72.68348104549118,-37.499746669596995,0.000
					-72.68371117439018,-37.49969341932085,0.000
					-72.68379719236583,-37.49968068821812,0.000
					-72.68385121036158,-37.49967859415395,0.000
					-72.68390535337026,-37.49968344109008,0.000
					-72.68395892939277,-37.499695666027336,0.000
					-72.68400967843566,-37.499718830968646,0.000
					-72.6840378394767,-37.49974092093667,0.000
					-72.68406582252163,-37.499765080904986,0.000
					-72.68409494957265,-37.499792506872204,0.000
					-72.68412744365259,-37.49983540983643,0.000
					-72.68414789973544,-37.49987987781497,0.000
					-72.68415732082913,-37.499930077806944,0.000
					-72.68416431394648,-37.49999293680265,0.000
					-72.6841576710745,-37.50006147681481,0.000
					-72.68413279428614,-37.50017471685147,0.000
					-72.68412875132312,-37.50019449385747,0.000
					-72.68436285637382,-37.50022248558175,0.000
					-72.68443708739203,-37.50023250249441,0.000
					-72.68463575942877,-37.50025289026021,0.000
					-72.68467519995204,-37.499997730197386,0.000
					-72.68467203182216,-37.49992818719675,0.000
					-72.68466829670609,-37.49986602319723,0.000
					-72.68465607856959,-37.4997928782071,0.000
					-72.68463077644466,-37.499725875232905,0.000
					-72.68459661132215,-37.49966014126923,0.000
					-72.68455409121249,-37.499601271315925,0.000
					-72.68450493710046,-37.499541100370365,0.000
					-72.68445090600983,-37.49949236843138,0.000
					-72.68438127591183,-37.499439635510555,0.000
					-72.6843102708286,-37.49939480659191,0.000
					-72.68424397476149,-37.499358630668226,0.000
					-72.68418157771164,-37.49933172374049,0.000
					-72.68410524366345,-37.499305623829294,0.000
					-72.68401127162177,-37.49928296393924,0.000
					-72.68391224360532,-37.49927381205609,0.000
					-72.68379793460343,-37.499272380191464,0.000
					-72.68370235361786,-37.49927978730521,0.000
					-72.68355920167082,-37.49930761947666,0.000
					-72.68335243575014,-37.49934936672439,0.000
				</coordinates>
			</LinearRing>
		</outerBoundaryIs>
	</Polygon>
</MultiGeometry>
</Placemark>

<Placemark>
<name>8306011003005</name>
<description><![CDATA[<p><br/>NOM_COMUNA: NACIMIENTO
<br/>MANZENT_CODIGO: 8306011003005
<br/>TOTAL_PERSONAS(2017): 84
<br/>TOTAL_VIVIENDAS(2017): 23</p>]]></description>
<ExtendedData>
	<Data name="fid"><displayName>fid</displayName><value><![CDATA[77]]></value></Data>
	<Data name="NOM_COMUNA"><displayName>NOM_COMUNA</displayName><value><![CDATA[NACIMIENTO]]></value></Data>
	<Data name="MANZENT_I"><displayName>MANZENT_I</displayName><value><![CDATA[8306011003005]]></value></Data>
	<Data name="TOTAL_PERS"><displayName>TOTAL_PERS</displayName><value><![CDATA[84]]></value></Data>
	<Data name="TOTAL_VIVI"><displayName>TOTAL_VIVI</displayName><value><![CDATA[23]]></value></Data>
</ExtendedData>
<styleUrl>#style1</styleUrl>
<MultiGeometry>
	<Polygon>
		<outerBoundaryIs>
			<LinearRing>
				<tessellate>1</tessellate>
				<coordinates>
					-72.68219825492888,-37.49997652513201,0.000
					-72.68225378893698,-37.49998104106646,0.000
					-72.6822586139365,-37.49998082706073,0.000
					-72.68229320593342,-37.49997929201967,0.000
					-72.68237949292018,-37.499972513916944,0.000
					-72.68247117588844,-37.49995583980724,0.000
					-72.68265313681414,-37.49991669558904,0.000
					-72.68284969973908,-37.499877207353606,0.000
					-72.68335325553831,-37.49977146775,0.000
					-72.68344216850312,-37.49975293664347,0.000
					-72.68331402676485,-37.4993571227704,0.000
					-72.68327078178147,-37.499365853822184,0.000
					-72.68216474021884,-37.49959615814775,0.000
					-72.68214484422667,-37.49960030117161,0.000
					-72.6821372482297,-37.4996018821807,0.000
					-72.6821363192309,-37.499602529181836,0.000
					-72.68213361823446,-37.49960440918516,0.000
					-72.68211758224015,-37.49960742220433,0.000
					-72.68210531824457,-37.49960972721903,0.000
					-72.68209125825175,-37.49961352823592,0.000
					-72.68183848036408,-37.49967279653931,0.000
					-72.68181748837503,-37.499678602564536,0.000
					-72.68180494938782,-37.49968538557983,0.000
					-72.6817966354118,-37.499698198590515,0.000
					-72.68179140044109,-37.49971386659771,0.000
					-72.68179160946733,-37.49972791659836,0.000
					-72.68179162146869,-37.49972865059836,0.000
					-72.68181212853476,-37.49976410857631,0.000
					-72.68185165362028,-37.49981003353235,0.000
					-72.68190124570573,-37.49985597547645,0.000
					-72.68194693977391,-37.49989264942461,0.000
					-72.68201971784559,-37.49993129634078,0.000
					-72.68209432988854,-37.49995457025381,0.000
					-72.68216271091202,-37.49996738017359,0.000
					-72.68219825492888,-37.49997652513201,0.000
				</coordinates>
			</LinearRing>
		</outerBoundaryIs>
	</Polygon>
</MultiGeometry>
</Placemark>

<Placemark>
<name>8306061001017</name>
<description><![CDATA[<p><br/>NOM_COMUNA: NACIMIENTO
<br/>MANZENT_CODIGO: 8306061001017
<br/>TOTAL_PERSONAS(2017): 39
<br/>TOTAL_VIVIENDAS(2017): 12</p>]]></description>
<ExtendedData>
	<Data name="fid"><displayName>fid</displayName><value><![CDATA[78]]></value></Data>
	<Data name="NOM_COMUNA"><displayName>NOM_COMUNA</displayName><value><![CDATA[NACIMIENTO]]></value></Data>
	<Data name="MANZENT_I"><displayName>MANZENT_I</displayName><value><![CDATA[8306061001017]]></value></Data>
	<Data name="TOTAL_PERS"><displayName>TOTAL_PERS</displayName><value><![CDATA[39]]></value></Data>
	<Data name="TOTAL_VIVI"><displayName>TOTAL_VIVI</displayName><value><![CDATA[12]]></value></Data>
</ExtendedData>
<styleUrl>#style1</styleUrl>
<MultiGeometry>
	<Polygon>
		<outerBoundaryIs>
			<LinearRing>
				<tessellate>1</tessellate>
				<coordinates>
					-72.65522933118051,-37.50055983513699,0.000
					-72.65493431634845,-37.50064891249237,0.000
					-72.65492038635637,-37.50065311850911,0.000
					-72.65481828341453,-37.50068394663217,0.000
					-72.65461148853225,-37.50074638488127,0.000
					-72.6546107195326,-37.50074656888219,0.000
					-72.65460909653316,-37.50074685788414,0.000
					-72.65443135659325,-37.500778532096874,0.000
					-72.6543341446261,-37.50079585521321,0.000
					-72.65425272365363,-37.50081036431064,0.000
					-72.65425204165385,-37.50081045131143,0.000
					-72.65414311067033,-37.5008189604411,0.000
					-72.65412088167366,-37.50082069646757,0.000
					-72.65403450168671,-37.500827444570426,0.000
					-72.65393867070127,-37.50083492968448,0.000
					-72.65388485270935,-37.500839133748535,0.000
					-72.65381730571957,-37.500844409828964,0.000
					-72.65362692675325,-37.500861895055756,0.000
					-72.65362172075419,-37.500862373061956,0.000
					-72.6535013617755,-37.50087342720532,0.000
					-72.65343602778705,-37.50087942728318,0.000
					-72.65343599678704,-37.500879430283184,0.000
					-72.6534353807872,-37.50087951728392,0.000
					-72.65331010983174,-37.50090301343395,0.000
					-72.65324486585496,-37.50091525051203,0.000
					-72.65320340786971,-37.500923025561704,0.000
					-72.65318451787644,-37.50092656858431,0.000
					-72.65312059090061,-37.5009393576609,0.000
					-72.65307763491694,-37.50094795071239,0.000
					-72.65296985695775,-37.50096951084151,0.000
					-72.65296847795861,-37.500969946843156,0.000
					-72.65294950797445,-37.5009784008662,0.000
					-72.65294035898212,-37.50098247787728,0.000
					-72.65288798802602,-37.50100581794089,0.000
					-72.6528065880942,-37.501042094039704,0.000
					-72.65280633609441,-37.501042217040016,0.000
					-72.65280621509451,-37.50104227904014,0.000
					-72.65280609409466,-37.50104234304028,0.000
					-72.65280098010007,-37.50104521004652,0.000
					-72.65275608714728,-37.50107038810139,0.000
					-72.65271253119315,-37.501094815154545,0.000
					-72.65262800228213,-37.501142222257776,0.000
					-72.65261895429168,-37.50114729426886,0.000
					-72.65261884029175,-37.501147356268966,0.000
					-72.65261872529189,-37.5011474162691,0.000
					-72.6526184882921,-37.50114753226941,0.000
					-72.65255088734945,-37.50117804635149,0.000
					-72.65251333038132,-37.501194998397125,0.000
					-72.65251276338178,-37.50119525439775,0.000
					-72.65250678838687,-37.501197951405025,0.000
					-72.65249209439932,-37.50120458442287,0.000
					-72.65240803147066,-37.50124252852493,0.000
					-72.65240731047133,-37.501242915525815,0.000
					-72.65240430347492,-37.50124481252949,0.000
					-72.65239207948939,-37.5012525245445,0.000
					-72.65222569368635,-37.501357501748416,0.000
					-72.65218467473485,-37.501383380798714,0.000
					-72.65207943385946,-37.50144977692774,0.000
					-72.65204396890142,-37.50147215197118,0.000
					-72.65204347690192,-37.501472429971784,0.000
					-72.6519507309895,-37.50151907008471,0.000
					-72.65190767803023,-37.50154072013713,0.000
					-72.65184346809086,-37.50157301021529,0.000
					-72.65177201815834,-37.50160894030231,0.000
					-72.65177196015838,-37.50160897130239,0.000
					-72.65177190315842,-37.50160900230247,0.000
					-72.65176235916847,-37.50161433431413,0.000
					-72.65163362430343,-37.50168625447131,0.000
					-72.6516244403131,-37.501691385482495,0.000
					-72.65155147038958,-37.501732148571605,0.000
					-72.65150442143893,-37.50175843162908,0.000
					-72.65150048344306,-37.501760630633875,0.000
					-72.65149421144962,-37.50176413464156,0.000
					-72.6514930224513,-37.501765029643046,0.000
					-72.65141227660388,-37.50184648474394,0.000
					-72.65141065160691,-37.50184812474597,0.000
					-72.65138987664616,-37.50186908177194,0.000
					-72.65135237171707,-37.501906916818825,0.000
					-72.65132796076314,-37.50193154284931,0.000
					-72.65132754676385,-37.501931915849866,0.000
					-72.65123801689924,-37.50200414496063,0.000
					-72.65123299990681,-37.50200819196677,0.000
					-72.65122259992253,-37.50201658197964,0.000
					-72.65113902604891,-37.50208400608302,0.000
					-72.65113826504985,-37.50208452108398,0.000
					-72.65102396617058,-37.50214881322358,0.000
					-72.65101720217768,-37.50215261823185,0.000
					-72.65100789918749,-37.50215785124322,0.000
					-72.65099569120038,-37.5021647182581,0.000
					-72.65090308729819,-37.50221681137124,0.000
					-72.65088373531859,-37.50222769739485,0.000
					-72.65087842332422,-37.50223068440137,0.000
					-72.65087836332428,-37.50223071840142,0.000
					-72.65087830332436,-37.502230751401484,0.000
					-72.65081760738168,-37.50226127347541,0.000
					-72.65078297341437,-37.50227868951758,0.000
					-72.65075168544391,-37.50229442255566,0.000
					-72.65067918251242,-37.50233088164394,0.000
					-72.65065731053303,-37.50234187967058,0.000
					-72.65065323253694,-37.502343930675565,0.000
					-72.65062495356365,-37.502358150709966,0.000
					-72.65062471856388,-37.50235827971025,0.000
					-72.65062460456402,-37.5023583437104,0.000
					-72.65062449356411,-37.5023584097105,0.000
					-72.6505395106632,-37.502411238814666,0.000
					-72.65050332970542,-37.50243373285899,0.000
					-72.65045476876209,-37.50246392391851,0.000
					-72.65029038392821,-37.50255240811905,0.000
					-72.65020855501089,-37.50259645421884,0.000
					-72.65019158402801,-37.502605589239565,0.000
					-72.64992878529358,-37.502747045560135,0.000
					-72.64978503943149,-37.50282048173522,0.000
					-72.64976459245112,-37.50283092776017,0.000
					-72.64960069560837,-37.50291465795978,0.000
					-72.64959942360959,-37.50291530796134,0.000
					-72.64959923460977,-37.502915404961556,0.000
					-72.64959904560996,-37.50291550196179,0.000
					-72.64958630462215,-37.502922009977326,0.000
					-72.64958548162294,-37.5029224309783,0.000
					-72.64959118563749,-37.50293022097203,0.000
					-72.64960292866219,-37.502943488958984,0.000
					-72.64974841888905,-37.50306534079431,0.000
					-72.64975028089222,-37.50306706679223,0.000
					-72.64986638611455,-37.503186419662214,0.000
					-72.64986905612074,-37.50318972365922,0.000
					-72.64993918431855,-37.50329584158289,0.000
					-72.64993998732102,-37.50329716158204,0.000
					-72.65001320756495,-37.5034279805036,0.000
					-72.65001451957025,-37.50343082650222,0.000
					-72.65004241271197,-37.50350675147402,0.000
					-72.65009866889112,-37.50360283541348,0.000
					-72.65016553316588,-37.50375014534363,0.000
					-72.65020995848408,-37.503920629301824,0.000
					-72.65026570072102,-37.50404763124388,0.000
					-72.65032251794786,-37.50416924818434,0.000
					-72.6503481720502,-37.5042240991574,0.000
					-72.65035818720821,-37.504308738150954,0.000
					-72.65035270746729,-37.504447409166325,0.000
					-72.65034974464379,-37.50454188317587,0.000
					-72.65036652280993,-37.50463089116168,0.000
					-72.65038370191854,-37.504689088145035,0.000
					-72.65040327206663,-37.50476842012689,0.000
					-72.65041157638049,-37.50493647312783,0.000
					-72.65039848450007,-37.5050004661474,0.000
					-72.65037002965218,-37.50508181618637,0.000
					-72.65031830079602,-37.505158647252614,0.000
					-72.65022469398858,-37.50526150037014,0.000
					-72.65017706307025,-37.50530506942941,0.000
					-72.65010294717982,-37.50536352252102,0.000
					-72.65006584932793,-37.50544271757003,0.000
					-72.64999783686899,-37.505732170669226,0.000
					-72.64993447243627,-37.506035683763706,0.000
					-72.64984826101701,-37.50634631288579,0.000
					-72.64972541804802,-37.506897905066744,0.000
					-72.64967981051424,-37.507147342136726,0.000
					-72.64965383569373,-37.50724334017368,0.000
					-72.64964327479052,-37.507295127189536,0.000
					-72.64963773883731,-37.50732015919769,0.000
					-72.6496371478792,-37.507342586199805,0.000
					-72.64964062790774,-37.5073578851967,0.000
					-72.64964448293419,-37.50737202019299,0.000
					-72.64965031095758,-37.50738457218692,0.000
					-72.64965921897266,-37.50739268017684,0.000
					-72.64967949999081,-37.50740245615345,0.000
					-72.64970808001333,-37.507414560120345,0.000
					-72.64972595902634,-37.507421585099614,0.000
					-72.64973933603132,-37.5074242840839,0.000
					-72.64975256003191,-37.50742463706821,0.000
					-72.650471038803,-37.50730412420872,0.000
					-72.65105166365991,-37.50722916551553,0.000
					-72.65114279064886,-37.50722349840715,0.000
					-72.65119831565636,-37.5072276673416,0.000
					-72.65123820566534,-37.50723260629458,0.000
					-72.65128173265983,-37.50722977724281,0.000
					-72.6515152565752,-37.507185128963144,0.000
					-72.65176684547896,-37.50713435166159,0.000
					-72.65192293645211,-37.50712042447564,0.000
					-72.65204553239244,-37.50708879832828,0.000
					-72.65217602130042,-37.50703993617042,0.000
					-72.65224930322026,-37.50699723708086,0.000
					-72.65231120713067,-37.5069494440044,0.000
					-72.65237940999599,-37.506877535918946,0.000
					-72.6524202288754,-37.506813102866396,0.000
					-72.65244587976895,-37.50675620783235,0.000
					-72.6524833016486,-37.5066918877839,0.000
					-72.65252065353243,-37.506629819735686,0.000
					-72.65262439209708,-37.50639705859782,0.000
					-72.65265242010513,-37.506401435564854,0.000
					-72.65268045111316,-37.506405812531874,0.000
					-72.65257293656457,-37.5066471696748,0.000
					-72.65253439568424,-37.50671110772458,0.000
					-72.65249828480061,-37.506773290771356,0.000
					-72.65247227290833,-37.50683089880586,0.000
					-72.65242764104045,-37.506901473863266,0.000
					-72.6524081660789,-37.50692200088766,0.000
					-72.65249916115039,-37.50696053678228,0.000
					-72.65272296419147,-37.506983173518385,0.000
					-72.65272321619153,-37.50698319851811,0.000
					-72.65272347019155,-37.5069832185178,0.000
					-72.65283095920643,-37.506991489390856,0.000
					-72.6529763692282,-37.50700354821925,0.000
					-72.65314154421631,-37.506997662023075,0.000
					-72.65314272521626,-37.50699765202165,0.000
					-72.65331273622168,-37.50700103182032,0.000
					-72.65331450822188,-37.50700114181821,0.000
					-72.65346095024951,-37.50701637264557,0.000
					-72.65346104124954,-37.50701638164549,0.000
					-72.65346113324955,-37.50701639164533,0.000
					-72.65362679828357,-37.507035084450145,0.000
					-72.65362856628408,-37.507035361448075,0.000
					-72.65373889332491,-37.50705752531867,0.000
					-72.65380688423335,-37.50700871823496,0.000
					-72.65381241222484,-37.50700416122809,0.000
					-72.65380152617507,-37.50697748723934,0.000
					-72.65380115117314,-37.5069764522397,0.000
					-72.65378371806986,-37.506921138256814,0.000
					-72.65372588996837,-37.50686663332192,0.000
					-72.653652951914,-37.50683731340652,0.000
					-72.65365154691285,-37.506836690408136,0.000
					-72.65364877190979,-37.50683505941134,0.000
					-72.65364714490744,-37.50683377441319,0.000
					-72.65357967679603,-37.50677394248933,0.000
					-72.65357892679468,-37.50677323649018,0.000
					-72.65357701879041,-37.5067709464923,0.000
					-72.65357563978574,-37.50676842749376,0.000
					-72.6535750857828,-37.5067668484943,0.000
					-72.65354214756384,-37.5066495395259,0.000
					-72.6535421015635,-37.50664937552591,0.000
					-72.6535420525632,-37.50664921352598,0.000
					-72.65352004443025,-37.50657796154751,0.000
					-72.65340370984514,-37.5062644226654,0.000
					-72.65312035364371,-37.505620421960195,0.000
					-72.65302525154267,-37.505566090069486,0.000
					-72.65302368954087,-37.50556509907125,0.000
					-72.65302131153713,-37.50556310807396,0.000
					-72.65301992753423,-37.50556153707552,0.000
					-72.65296897041124,-37.50549553613171,0.000
					-72.65296844640986,-37.50549481613228,0.000
					-72.6529670674052,-37.50549229713374,0.000
					-72.6529662574002,-37.50548962613452,0.000
					-72.65296604339505,-37.50548688313462,0.000
					-72.65296817126818,-37.50541896812778,0.000
					-72.65296699410543,-37.50533183112358,0.000
					-72.65288745586604,-37.5052034502097,0.000
					-72.65269416828582,-37.504892281418904,0.000
					-72.65241686274815,-37.50460363372924,0.000
					-72.65241681074808,-37.504603579729306,0.000
					-72.65241676074795,-37.50460352672935,0.000
					-72.65234381060401,-37.5045262278109,0.000
					-72.65225216151444,-37.50447801991645,0.000
					-72.65207290541296,-37.50442319212548,0.000
					-72.65197633336763,-37.50439865323841,0.000
					-72.65197435736656,-37.50439805724073,0.000
					-72.65184142427994,-37.50435132539528,0.000
					-72.65149080530475,-37.504363593811746,0.000
					-72.65148944230477,-37.50436360481336,0.000
					-72.65148601430418,-37.50436329681742,0.000
					-72.6514836833033,-37.50436280082011,0.000
					-72.65134086223328,-37.504324904987044,0.000
					-72.65099682122232,-37.50431806039443,0.000
					-72.6510001371635,-37.50428658538853,0.000
					-72.65134480517446,-37.50429344198033,0.000
					-72.65135056517595,-37.50429424497358,0.000
					-72.65149272024564,-37.50433196580749,0.000
					-72.6518443102208,-37.504319662389875,0.000
					-72.65184567422078,-37.504319652388254,0.000
					-72.65184910022131,-37.5043199603842,0.000
					-72.65185241022276,-37.504320737380326,0.000
					-72.65185316922322,-37.504320989379465,0.000
					-72.65198936731193,-37.50436886922101,0.000
					-72.65208547735705,-37.50439329110866,0.000
					-72.65208655635763,-37.50439359210741,0.000
					-72.65226835946049,-37.50444919889541,0.000
					-72.65227217046338,-37.504450760891004,0.000
					-72.65236847455749,-37.504501417780055,0.000
					-72.65237338756435,-37.50450509977447,0.000
					-72.65244829271222,-37.50458446969077,0.000
					-72.65244834371228,-37.5045845236907,0.000
					-72.65244839571241,-37.504584577690665,0.000
					-72.65272676625213,-37.50487433337913,0.000
					-72.65272878825697,-37.50487692337691,0.000
					-72.65292293783979,-37.50518948016672,0.000
					-72.65300448008517,-37.50532109307849,0.000
					-72.65300549308886,-37.50532305107738,0.000
					-72.65300630309379,-37.50532572207661,0.000
					-72.65300652309787,-37.505327902076445,0.000
					-72.65300775026786,-37.505418911080824,0.000
					-72.65300774626895,-37.50541947408089,0.000
					-72.65300575638757,-37.505482997087285,0.000
					-72.65305155349817,-37.50554231603678,0.000
					-72.65314849560107,-37.50559769892542,0.000
					-72.65315005660294,-37.50559868992361,0.000
					-72.65315243460664,-37.50560068092089,0.000
					-72.6531543426109,-37.50560297091879,0.000
					-72.65315563861523,-37.50560529491741,0.000
					-72.65344122482618,-37.50625436162028,0.000
					-72.65344152682755,-37.50625510761998,0.000
					-72.65355813041397,-37.50656937250181,0.000
					-72.65355836841532,-37.506570073501535,0.000
					-72.65358058854952,-37.50664200347983,0.000
					-72.65358063754987,-37.506642166479786,0.000
					-72.65358068455012,-37.50664233147977,0.000
					-72.65361258076217,-37.50675594044919,0.000
					-72.65367410286377,-37.50681049737971,0.000
					-72.65374731691836,-37.506839929294806,0.000
					-72.65374872191956,-37.506840552293184,0.000
					-72.65375149792256,-37.50684218328999,0.000
					-72.65375351592566,-37.50684382728772,0.000
					-72.6538169070369,-37.50690357821635,0.000
					-72.65381708803723,-37.50690375021614,0.000
					-72.65381917404181,-37.506906214213856,0.000
					-72.65382055404655,-37.50690873221236,0.000
					-72.6538209890487,-37.50690991421192,0.000
					-72.6538393741576,-37.50696825019384,0.000
					-72.6538429031737,-37.50697689519021,0.000
					-72.65384355617671,-37.50697849518955,0.000
					-72.65385543223098,-37.50700759317735,0.000
					-72.65386072125516,-37.507020552171916,0.000
					-72.65386101425653,-37.50702127017159,0.000
					-72.6539105643639,-37.507078903116486,0.000
					-72.65391122936545,-37.5070797281158,0.000
					-72.65395687647899,-37.50714061806553,0.000
					-72.65400677755072,-37.50717919300885,0.000
					-72.65400826855317,-37.50718048200717,0.000
					-72.65405767564214,-37.50722825295163,0.000
					-72.6540583216433,-37.50722887795088,0.000
					-72.65411616470945,-37.50726446588459,0.000
					-72.65411637970969,-37.50726459488435,0.000
					-72.65411659670995,-37.50726472088413,0.000
					-72.6541677157652,-37.507294450825405,0.000
					-72.65424720083982,-37.50733462373374,0.000
					-72.65431927490256,-37.50736842265046,0.000
					-72.65432325290715,-37.50737088064587,0.000
					-72.65441079803738,-37.50744085754657,0.000
					-72.65441451904508,-37.507444994542425,0.000
					-72.65445215615804,-37.50750558150168,0.000
					-72.65451265725831,-37.50755942043336,0.000
					-72.65458726934406,-37.507605548347854,0.000
					-72.65458947534705,-37.50760713634532,0.000
					-72.6546530714462,-37.507660391273326,0.000
					-72.65465420544808,-37.50766142727206,0.000
					-72.65465611345236,-37.50766371726995,0.000
					-72.65465723145596,-37.507665653268724,0.000
					-72.65466190947429,-37.50767545326381,0.000
					-72.65473900739994,-37.50763590516992,0.000
					-72.65493628721008,-37.507534837929576,0.000
					-72.65556945569175,-37.50725922016131,0.000
					-72.65558523366815,-37.507246646141766,0.000
					-72.65559873363208,-37.50722735912454,0.000
					-72.65559980860162,-37.50721106912226,0.000
					-72.6554675506672,-37.506710485247126,0.000
					-72.6553703179803,-37.506342471338904,0.000
					-72.65534689481206,-37.50625234036088,0.000
					-72.65534462270456,-37.50619480035991,0.000
					-72.65535663860851,-37.506143402342396,0.000
					-72.65552002774726,-37.505682815119286,0.000
					-72.65558827240042,-37.505497358026545,0.000
					-72.65560092438113,-37.505487065010904,0.000
					-72.6556270653466,-37.50546865997874,0.000
					-72.65564278927894,-37.505432474957786,0.000
					-72.65573065282096,-37.50518756983801,0.000
					-72.65582254933824,-37.50492940671258,0.000
					-72.65587840004932,-37.50477488463651,0.000
					-72.65591793879555,-37.50463914158098,0.000
					-72.6559378775843,-37.504526080550164,0.000
					-72.65595893129965,-37.50437375051542,0.000
					-72.65598134677836,-37.5040947434711,0.000
					-72.65599739703606,-37.50369737542672,0.000
					-72.65600028325584,-37.5032796513966,0.000
					-72.6559942969379,-37.50310939139284,0.000
					-72.65600638681708,-37.50304474737441,0.000
					-72.6560234477641,-37.50301642835236,0.000
					-72.65605444470971,-37.50298739531378,0.000
					-72.65611508165489,-37.50295823024005,0.000
					-72.65621939459221,-37.50292497511426,0.000
					-72.65662548431254,-37.50277641262338,0.000
					-72.65717146994562,-37.50258160196369,0.000
					-72.65768440759946,-37.502397756343925,0.000
					-72.6572507976877,-37.501908287826744,0.000
					-72.65670996652702,-37.50128518342811,0.000
					-72.65670870652394,-37.501283552429534,0.000
					-72.65670712951861,-37.50128067443118,0.000
					-72.65670657751572,-37.501279142431734,0.000
					-72.65668054735458,-37.501192789457136,0.000
					-72.65668017435176,-37.50119126845745,0.000
					-72.65667992934588,-37.50118813345752,0.000
					-72.65668232120302,-37.501111635449796,0.000
					-72.65650492678769,-37.500888717645886,0.000
					-72.65638250857913,-37.50077667478387,0.000
					-72.65622816543359,-37.50069829196179,0.000
					-72.65612907039821,-37.50067905707802,0.000
					-72.65609432441762,-37.50068933811988,0.000
					-72.6560500965206,-37.500744339175824,0.000
					-72.65597079187384,-37.50093328028188,0.000
					-72.65597039587549,-37.50093414828242,0.000
					-72.65596921887928,-37.50093616328395,0.000
					-72.65591150303773,-37.50102085435776,0.000
					-72.65591092603924,-37.50102165235846,0.000
					-72.65590858504395,-37.50102417936139,0.000
					-72.65590572904803,-37.50102634436494,0.000
					-72.65590370005016,-37.501027493367424,0.000
					-72.65583072611912,-37.50106419345627,0.000
					-72.6558294701202,-37.5010647804578,0.000
					-72.65582590012255,-37.50106602546213,0.000
					-72.65523966742082,-37.50122400416713,0.000
					-72.65467080575544,-37.501401541852765,0.000
					-72.65465834578187,-37.501415656868446,0.000
					-72.65469222291483,-37.50148694183286,0.000
					-72.65486657640838,-37.501751727643025,0.000
					-72.65486798341328,-37.50175435464154,0.000
					-72.6548336464517,-37.50177481868356,0.000
					-72.65483158544943,-37.501773606685944,0.000
					-72.65482886844522,-37.50177133168903,0.000
					-72.65482660544012,-37.50176859169154,0.000
					-72.6546515319445,-37.50150271388209,0.000
					-72.65465040894077,-37.50150072388332,0.000
					-72.65461180078931,-37.50141948492389,0.000
					-72.65461151278808,-37.50141884292416,0.000
					-72.65461058778239,-37.501415789925076,0.000
					-72.65461034277652,-37.501412655925165,0.000
					-72.65461078377069,-37.50140953492441,0.000
					-72.65461189876508,-37.501406521922924,0.000
					-72.65461365275979,-37.50140370992068,0.000
					-72.65461445175801,-37.501402739919655,0.000
					-72.65463772270863,-37.501376377890416,0.000
					-72.65463926470572,-37.50137482088846,0.000
					-72.65464212070164,-37.501372655884914,0.000
					-72.65464540569842,-37.50137091888094,0.000
					-72.65464797269658,-37.50136996587783,0.000
					-72.65522366635795,-37.50119029618391,0.000
					-72.65522466935734,-37.50119000418272,0.000
					-72.65580885806015,-37.50103257648019,0.000
					-72.65587456799808,-37.50099953040019,0.000
					-72.65592852384998,-37.50092035533117,0.000
					-72.65600809149551,-37.50073078922477,0.000
					-72.65600848749389,-37.5007299212242,0.000
					-72.65601036948834,-37.5007269462218,0.000
					-72.65606031937205,-37.50066482515865,0.000
					-72.65606240436787,-37.50066262315601,0.000
					-72.65606526036386,-37.50066045815247,0.000
					-72.65606854536058,-37.50065872214847,0.000
					-72.65607148835855,-37.50065765414496,0.000
					-72.6561198193316,-37.500643354086726,0.000
					-72.65612048933124,-37.50064316608592,0.000
					-72.65612432132987,-37.500642428081356,0.000
					-72.65612825532949,-37.50064223307668,0.000
					-72.65613217333012,-37.50064258407205,0.000
					-72.65613304533039,-37.50064273907103,0.000
					-72.65624251336948,-37.50066398694261,0.000
					-72.65624542237082,-37.500664720939184,0.000
					-72.6562491343736,-37.50066620893488,0.000
					-72.65640957652485,-37.50074768674993,0.000
					-72.65641238452797,-37.50074937074669,0.000
					-72.65641447853112,-37.500751050744284,0.000
					-72.65654016774526,-37.50086608660264,0.000
					-72.65654079074639,-37.50086668260196,0.000
					-72.65654220974933,-37.50086826860036,0.000
					-72.65672420017542,-37.501096963399256,0.000
					-72.6567249611773,-37.50109799439837,0.000
					-72.65672653818271,-37.50110087239673,0.000
					-72.65672746318839,-37.5011039253958,0.000
					-72.65672770819423,-37.50110706039572,0.000
					-72.6567252193429,-37.50118667040374,0.000
					-72.65674957149368,-37.50126745538005,0.000
					-72.65728787664894,-37.5018876497815,0.000
					-72.65772642757108,-37.50238269529315,0.000
					-72.65803080836561,-37.50227359892537,0.000
					-72.65829131720824,-37.50219009161123,0.000
					-72.65834208314914,-37.50215861354905,0.000
					-72.6583478800699,-37.5021161975395,0.000
					-72.65834992100737,-37.50208271253493,0.000
					-72.65835009900383,-37.50208082253463,0.000
					-72.65843416777071,-37.50142079739291,0.000
					-72.65843419677027,-37.50142057039282,0.000
					-72.65843422276987,-37.50142034339278,0.000
					-72.658585090238,-37.50006506912755,0.000
					-72.65868415368844,-37.499235552957266,0.000
					-72.65868416568826,-37.49923545195721,0.000
					-72.65868401168402,-37.499233197957274,0.000
					-72.6586833976692,-37.49922525295753,0.000
					-72.65868081767148,-37.49922646796065,0.000
					-72.65867416567741,-37.49922959996874,0.000
					-72.65866426768612,-37.499234259980774,0.000
					-72.65864552370273,-37.49924308400353,0.000
					-72.65863395571297,-37.49924853101762,0.000
					-72.65862390172184,-37.49925326502979,0.000
					-72.65862288672298,-37.49925387603108,0.000
					-72.65861412073548,-37.49926052004187,0.000
					-72.65858970177017,-37.499279028071975,0.000
					-72.65857964078447,-37.49928665408441,0.000
					-72.65855636681754,-37.49930429511312,0.000
					-72.65855632681756,-37.49930432511318,0.000
					-72.65855628681764,-37.49930435611326,0.000
					-72.65851820386777,-37.49933107916007,0.000
					-72.65847422592562,-37.49936193821414,0.000
					-72.65840143602142,-37.49941301430371,0.000
					-72.65839269903289,-37.49941914531441,0.000
					-72.65839172203391,-37.499419696315655,0.000
					-72.65831032710211,-37.49945597641447,0.000
					-72.65822987116955,-37.49949183751208,0.000
					-72.65822900817011,-37.49949214951311,0.000
					-72.65818324619467,-37.499505140568196,0.000
					-72.65807596125214,-37.4995355966973,0.000
					-72.6580730012537,-37.4995364367009,0.000
					-72.65791753133699,-37.49958057088801,0.000
					-72.65790185034514,-37.49958490390686,0.000
					-72.65784916237264,-37.499599464970245,0.000
					-72.65784569037446,-37.49960042497439,0.000
					-72.65777372441198,-37.49962031406099,0.000
					-72.65777366341203,-37.49962033106106,0.000
					-72.65777360241209,-37.49962035006111,0.000
					-72.65769843445716,-37.49964427015171,0.000
					-72.65764773848755,-37.499660403212886,0.000
					-72.65755912154073,-37.49968860031973,0.000
					-72.65752138956334,-37.499700606365195,0.000
					-72.65748310158777,-37.49971356541139,0.000
					-72.65745532960548,-37.49972296544494,0.000
					-72.65738919164762,-37.49974534952478,0.000
					-72.65736105666487,-37.49975449855872,0.000
					-72.6573411406771,-37.499760975582724,0.000
					-72.65731619069237,-37.499769088612815,0.000
					-72.65729308970651,-37.499776600640686,0.000
					-72.65724405073797,-37.499793316699886,0.000
					-72.65711613482011,-37.49983691985429,0.000
					-72.65697086591341,-37.49988643802962,0.000
					-72.65693876993403,-37.49989737906838,0.000
					-72.65693853693416,-37.499897464068674,0.000
					-72.65693831193433,-37.49989755506896,0.000
					-72.65689291397098,-37.49991704412397,0.000
					-72.65687525998526,-37.49992462314538,0.000
					-72.6568610539967,-37.49993072216264,0.000
					-72.65681220103615,-37.4999516942219,0.000
					-72.65681198203629,-37.499951783222116,0.000
					-72.65681175903647,-37.49995186522244,0.000
					-72.65677327606139,-37.49996510026886,0.000
					-72.65677238306195,-37.49996540726993,0.000
					-72.65673443208657,-37.499978460315745,0.000
					-72.6567333430875,-37.49997895631709,0.000
					-72.65669457012986,-37.50000151636449,0.000
					-72.65665521017283,-37.50002442041259,0.000
					-72.65665517217286,-37.50002444241264,0.000
					-72.6566551351729,-37.500024465412686,0.000
					-72.65660350523326,-37.50005664947593,0.000
					-72.65655204929345,-37.500088727538994,0.000
					-72.65655198929353,-37.50008876453906,0.000
					-72.6565519302936,-37.50008880053916,0.000
					-72.65648234236663,-37.50012768162409,0.000
					-72.65641311543918,-37.50016636170862,0.000
					-72.65641262043967,-37.50016660870921,0.000
					-72.6563003415334,-37.500216439845495,0.000
					-72.65622873459307,-37.50024821993244,0.000
					-72.65620771061063,-37.50025755095796,0.000
					-72.65613933166766,-37.50028789904094,0.000
					-72.65604548174598,-37.500329551154834,0.000
					-72.65604469874656,-37.50032983915573,0.000
					-72.65596846078907,-37.5003523962476,0.000
					-72.65589454583031,-37.500374265336625,0.000
					-72.65574505691374,-37.50041849651657,0.000
					-72.65548727604705,-37.500489141826726,0.000
					-72.65522941418043,-37.50055981113687,0.000
					-72.6552293721805,-37.50055982313691,0.000
					-72.65522933118051,-37.50055983513699,0.000
				</coordinates>
			</LinearRing>
		</outerBoundaryIs>
	</Polygon>
</MultiGeometry>
</Placemark>

<Placemark>
<name>8306011003012</name>
<description><![CDATA[<p><br/>NOM_COMUNA: NACIMIENTO
<br/>MANZENT_CODIGO: 8306011003012
<br/>TOTAL_PERSONAS(2017): 67
<br/>TOTAL_VIVIENDAS(2017): 23</p>]]></description>
<ExtendedData>
	<Data name="fid"><displayName>fid</displayName><value><![CDATA[79]]></value></Data>
	<Data name="NOM_COMUNA"><displayName>NOM_COMUNA</displayName><value><![CDATA[NACIMIENTO]]></value></Data>
	<Data name="MANZENT_I"><displayName>MANZENT_I</displayName><value><![CDATA[8306011003012]]></value></Data>
	<Data name="TOTAL_PERS"><displayName>TOTAL_PERS</displayName><value><![CDATA[67]]></value></Data>
	<Data name="TOTAL_VIVI"><displayName>TOTAL_VIVI</displayName><value><![CDATA[23]]></value></Data>
</ExtendedData>
<styleUrl>#style1</styleUrl>
<MultiGeometry>
	<Polygon>
		<outerBoundaryIs>
			<LinearRing>
				<tessellate>1</tessellate>
				<coordinates>
					-72.68328362542402,-37.50185199396381,0.000
					-72.68330193050708,-37.50189651094492,0.000
					-72.68331963250354,-37.50189469592378,0.000
					-72.68337060349212,-37.50188875686299,0.000
					-72.68341354346717,-37.501875540811305,0.000
					-72.6834474314355,-37.501858722770066,0.000
					-72.68347122040593,-37.50184296874087,0.000
					-72.68348767136185,-37.50181941071988,0.000
					-72.68353798617824,-37.50172126865403,0.000
					-72.68368603565878,-37.50144363746102,0.000
					-72.6837656463451,-37.5012759583561,0.000
					-72.68384009302906,-37.501107007257175,0.000
					-72.68389350975366,-37.50095972218461,0.000
					-72.68394919136185,-37.500750120105344,0.000
					-72.68397502412674,-37.50062428206681,0.000
					-72.68398083506162,-37.50058943605772,0.000
					-72.68398814197973,-37.50054562104632,0.000
					-72.683825876334,-37.500199236216815,0.000
					-72.6837906773336,-37.500198915258494,0.000
					-72.68369079046138,-37.500266963381215,0.000
					-72.68348413872562,-37.50040774163504,0.000
					-72.68343387481735,-37.50045668069772,0.000
					-72.68345917089484,-37.50049827067032,0.000
					-72.68347472000771,-37.5005587736557,0.000
					-72.6834740891073,-37.500612111659834,0.000
					-72.68346413521677,-37.50067067267534,0.000
					-72.68344323439989,-37.5007686707063,0.000
					-72.68337827773014,-37.5009452877944,0.000
					-72.68332058301114,-37.50109555287228,0.000
					-72.68321457639568,-37.50130110301092,0.000
					-72.68317994548586,-37.50134926705498,0.000
					-72.68315125353836,-37.50137727209074,0.000
					-72.68311406258503,-37.50140213513641,0.000
					-72.6830669816348,-37.5014286071939,0.000
					-72.68303153965779,-37.50144079823667,0.000
					-72.6830440277028,-37.50146492422342,0.000
					-72.68307389281173,-37.50152336619168,0.000
					-72.68312985697011,-37.50160836313073,0.000
					-72.68316734008344,-37.501669207090096,0.000
					-72.68321136619099,-37.50172693504156,0.000
					-72.68323518527566,-37.50177237101617,0.000
					-72.68326585036357,-37.5018195639828,0.000
					-72.68328362542402,-37.50185199396381,0.000
				</coordinates>
			</LinearRing>
		</outerBoundaryIs>
	</Polygon>
</MultiGeometry>
</Placemark>

<Placemark>
<name>8306011003006</name>
<description><![CDATA[<p><br/>NOM_COMUNA: NACIMIENTO
<br/>MANZENT_CODIGO: 8306011003006
<br/>TOTAL_PERSONAS(2017): 119
<br/>TOTAL_VIVIENDAS(2017): 38</p>]]></description>
<ExtendedData>
	<Data name="fid"><displayName>fid</displayName><value><![CDATA[80]]></value></Data>
	<Data name="NOM_COMUNA"><displayName>NOM_COMUNA</displayName><value><![CDATA[NACIMIENTO]]></value></Data>
	<Data name="MANZENT_I"><displayName>MANZENT_I</displayName><value><![CDATA[8306011003006]]></value></Data>
	<Data name="TOTAL_PERS"><displayName>TOTAL_PERS</displayName><value><![CDATA[119]]></value></Data>
	<Data name="TOTAL_VIVI"><displayName>TOTAL_VIVI</displayName><value><![CDATA[38]]></value></Data>
</ExtendedData>
<styleUrl>#style1</styleUrl>
<MultiGeometry>
	<Polygon>
		<outerBoundaryIs>
			<LinearRing>
				<tessellate>1</tessellate>
				<coordinates>
					-72.67954389148632,-37.50026575329662,0.000
					-72.67948997760705,-37.50033020936456,0.000
					-72.67945233370148,-37.50038065541243,0.000
					-72.67942184679396,-37.50043007145164,0.000
					-72.67939190793524,-37.50050563249193,0.000
					-72.6793150404513,-37.50078168260045,0.000
					-72.67923443399494,-37.5010725297144,0.000
					-72.67923819405466,-37.501104504711975,0.000
					-72.67925426611538,-37.50113708269499,0.000
					-72.67927241814606,-37.50115357067448,0.000
					-72.67929201016499,-37.5011637786519,0.000
					-72.67936959119945,-37.50118251556113,0.000
					-72.67956082322797,-37.50119844033546,0.000
					-72.6796357372186,-37.50119369424636,0.000
					-72.67967473319958,-37.50118364619951,0.000
					-72.67970846617739,-37.50117187315876,0.000
					-72.6797476511333,-37.50114840211084,0.000
					-72.6797735330866,-37.50112349707857,0.000
					-72.67979703603332,-37.5010950320489,0.000
					-72.67983152691085,-37.50102956300389,0.000
					-72.67986369471694,-37.50092583995922,0.000
					-72.67995434524947,-37.500675832835995,0.000
					-72.67998355610425,-37.50059818479645,0.000
					-72.67999845304483,-37.500566395776794,0.000
					-72.68001398799461,-37.500539575756676,0.000
					-72.680029261967,-37.500524826737625,0.000
					-72.68005804393636,-37.50050853970251,0.000
					-72.6800871489204,-37.50050010066747,0.000
					-72.68014592489526,-37.50048683659694,0.000
					-72.68066994270244,-37.500385385969395,0.000
					-72.68085733462812,-37.500346260744806,0.000
					-72.68097285558432,-37.50032320760641,0.000
					-72.68108335055719,-37.50030906647455,0.000
					-72.68117269655045,-37.50030577436846,0.000
					-72.68122548255239,-37.50030699130593,0.000
					-72.68130578857246,-37.50031803121144,0.000
					-72.68141443060942,-37.50033818808392,0.000
					-72.68157695266412,-37.50036805389322,0.000
					-72.68170450671325,-37.500394799743695,0.000
					-72.68189607476914,-37.50042541651855,0.000
					-72.68204732582146,-37.50045397934108,0.000
					-72.68215203384327,-37.50046603821769,0.000
					-72.68217461604648,-37.500039415164,0.000
					-72.68212397603118,-37.50003103122355,0.000
					-72.68206710800943,-37.50001919129017,0.000
					-72.6820043539675,-37.49999651136311,0.000
					-72.68194774992304,-37.49997250942873,0.000
					-72.68188298785208,-37.49993429050304,0.000
					-72.68182600376913,-37.49988964456776,0.000
					-72.68176780465022,-37.499825780632754,0.000
					-72.6817250125298,-37.49976113667937,0.000
					-72.68170372448353,-37.499736296703055,0.000
					-72.68168941945956,-37.49972339971916,0.000
					-72.6816697724371,-37.4997112987417,0.000
					-72.68165094942644,-37.499705521763644,0.000
					-72.6816187424317,-37.49970822380201,0.000
					-72.68119336657588,-37.499783950310956,0.000
					-72.6807480207649,-37.49988361384518,0.000
					-72.68051918584901,-37.4999278721192,0.000
					-72.68018946298801,-37.5000011485147,0.000
					-72.67988658110426,-37.50006233387757,0.000
					-72.67983315512737,-37.50007453194164,0.000
					-72.6797939161543,-37.500088809989045,0.000
					-72.67974572020296,-37.50011471804786,0.000
					-72.67968924325999,-37.50014505911668,0.000
					-72.6796201643609,-37.50019885320195,0.000
					-72.67954389148632,-37.50026575329662,0.000
				</coordinates>
			</LinearRing>
		</outerBoundaryIs>
	</Polygon>
</MultiGeometry>
</Placemark>

<Placemark>
<name>8306011002001</name>
<description><![CDATA[<p><br/>NOM_COMUNA: NACIMIENTO
<br/>MANZENT_CODIGO: 8306011002001
<br/>TOTAL_PERSONAS(2017): 110
<br/>TOTAL_VIVIENDAS(2017): 40</p>]]></description>
<ExtendedData>
	<Data name="fid"><displayName>fid</displayName><value><![CDATA[81]]></value></Data>
	<Data name="NOM_COMUNA"><displayName>NOM_COMUNA</displayName><value><![CDATA[NACIMIENTO]]></value></Data>
	<Data name="MANZENT_I"><displayName>MANZENT_I</displayName><value><![CDATA[8306011002001]]></value></Data>
	<Data name="TOTAL_PERS"><displayName>TOTAL_PERS</displayName><value><![CDATA[110]]></value></Data>
	<Data name="TOTAL_VIVI"><displayName>TOTAL_VIVI</displayName><value><![CDATA[40]]></value></Data>
</ExtendedData>
<styleUrl>#style1</styleUrl>
<MultiGeometry>
	<Polygon>
		<outerBoundaryIs>
			<LinearRing>
				<tessellate>1</tessellate>
				<coordinates>
					-72.6687498742258,-37.50009009608016,0.000
					-72.66874705324982,-37.500102954084305,0.000
					-72.66871374124821,-37.50010200312379,0.000
					-72.66871494022686,-37.50009057812162,0.000
					-72.66871667819598,-37.5000740301185,0.000
					-72.66873467991574,-37.49992401908766,0.000
					-72.66874610078061,-37.499851683069515,0.000
					-72.668751811713,-37.49981551506046,0.000
					-72.66874990768814,-37.49980219106185,0.000
					-72.66874419765087,-37.49978220306739,0.000
					-72.66872420955322,-37.499729855087715,0.000
					-72.66870136643604,-37.499667037110854,0.000
					-72.66868423435973,-37.49962611012852,0.000
					-72.66866458829752,-37.49959273214974,0.000
					-72.66863686230853,-37.49959852418293,0.000
					-72.66860544832721,-37.4996084482208,0.000
					-72.66847421841086,-37.49965280737917,0.000
					-72.66813169462544,-37.499766626792436,0.000
					-72.66794561974204,-37.499828460016886,0.000
					-72.6679290917565,-37.499836154037006,0.000
					-72.66792053876746,-37.49984202304752,0.000
					-72.66791277578542,-37.49985160205731,0.000
					-72.66790377580973,-37.499864582068774,0.000
					-72.66790233582147,-37.49987086107093,0.000
					-72.6679034288373,-37.49987935407015,0.000
					-72.66791287486824,-37.49989593106002,0.000
					-72.66794783198256,-37.499957281022475,0.000
					-72.66799826913223,-37.500037580967756,0.000
					-72.66803366328193,-37.50011785293089,0.000
					-72.6680555444145,-37.50018893690949,0.000
					-72.66806641857639,-37.5002756649021,0.000
					-72.6680596727369,-37.50036159291557,0.000
					-72.66804858889309,-37.50044518293399,0.000
					-72.66801196806814,-37.500538812983336,0.000
					-72.66791896131487,-37.50067061910195,0.000
					-72.66778392165415,-37.50085188127355,0.000
					-72.6676941618892,-37.50097744338791,0.000
					-72.66763305205427,-37.50106563246595,0.000
					-72.66759925814108,-37.50111200650896,0.000
					-72.66758460419241,-37.501139472528095,0.000
					-72.66758340724392,-37.50116702453127,0.000
					-72.66759347227786,-37.50118524752048,0.000
					-72.6676102122957,-37.50119486950125,0.000
					-72.66800101512294,-37.501103598032174,0.000
					-72.66890782776237,-37.500913427945235,0.000
					-72.66892888873714,-37.5009000019194,0.000
					-72.66881907199023,-37.50049969002415,0.000
					-72.668866185966,-37.50048684096747,0.000
					-72.66896392553016,-37.50078929587084,0.000
					-72.66899610472235,-37.5008923008392,0.000
					-72.66902881872745,-37.5008951448006,0.000
					-72.66905228672279,-37.50089271877265,0.000
					-72.67019351334785,-37.50069564940734,0.000
					-72.67021128433923,-37.50069106238601,0.000
					-72.67022528133238,-37.50068744936918,0.000
					-72.67024068930837,-37.50067465935008,0.000
					-72.67023943925004,-37.50064339534961,0.000
					-72.67022898416376,-37.50059716335909,0.000
					-72.67005781928155,-37.500124209531954,0.000
					-72.66998643496653,-37.49995526760585,0.000
					-72.66987459973618,-37.49983153573059,0.000
					-72.66976038561243,-37.49976491086176,0.000
					-72.66946295237874,-37.49963880020627,0.000
					-72.66920835022033,-37.49955313950267,0.000
					-72.66911348919538,-37.49953949761425,0.000
					-72.6690097441818,-37.49953188373671,0.000
					-72.66890409619667,-37.49953949786245,0.000
					-72.66881938821848,-37.49955091896353,0.000
					-72.66877370223656,-37.49956043701832,0.000
					-72.6687089812636,-37.49957471409593,0.000
					-72.66870327027428,-37.49958042510308,0.000
					-72.66871678431762,-37.49960365408852,0.000
					-72.66873413738253,-37.49963847507019,0.000
					-72.6687498114668,-37.4996836620545,0.000
					-72.66876666356188,-37.49973464103772,0.000
					-72.66878007161681,-37.499764083023656,0.000
					-72.6687898376895,-37.49980304001458,0.000
					-72.66879093670761,-37.499812756013924,0.000
					-72.6687902417446,-37.49983255401599,0.000
					-72.6687813008442,-37.49988587602995,0.000
					-72.668776416923,-37.49992803003845,0.000
					-72.66875252020326,-37.50007803807627,0.000
					-72.6687498742258,-37.50009009608016,0.000
				</coordinates>
			</LinearRing>
		</outerBoundaryIs>
	</Polygon>
</MultiGeometry>
</Placemark>

<Placemark>
<name>8306011003004</name>
<description><![CDATA[<p><br/>NOM_COMUNA: NACIMIENTO
<br/>MANZENT_CODIGO: 8306011003004
<br/>TOTAL_PERSONAS(2017): 78
<br/>TOTAL_VIVIENDAS(2017): 27</p>]]></description>
<ExtendedData>
	<Data name="fid"><displayName>fid</displayName><value><![CDATA[82]]></value></Data>
	<Data name="NOM_COMUNA"><displayName>NOM_COMUNA</displayName><value><![CDATA[NACIMIENTO]]></value></Data>
	<Data name="MANZENT_I"><displayName>MANZENT_I</displayName><value><![CDATA[8306011003004]]></value></Data>
	<Data name="TOTAL_PERS"><displayName>TOTAL_PERS</displayName><value><![CDATA[78]]></value></Data>
	<Data name="TOTAL_VIVI"><displayName>TOTAL_VIVI</displayName><value><![CDATA[27]]></value></Data>
</ExtendedData>
<styleUrl>#style1</styleUrl>
<MultiGeometry>
	<Polygon>
		<outerBoundaryIs>
			<LinearRing>
				<tessellate>1</tessellate>
				<coordinates>
					-72.68238050505028,-37.50004219492017,0.000
					-72.68229410206372,-37.500049060022995,0.000
					-72.68221405805507,-37.50004415411757,0.000
					-72.68219167383992,-37.500464383170595,0.000
					-72.68235770481932,-37.50045394497314,0.000
					-72.68253207475965,-37.50042258176446,0.000
					-72.68267385170114,-37.50039175059451,0.000
					-72.68293685758873,-37.50033247827896,0.000
					-72.68301681255494,-37.500314672183116,0.000
					-72.68307128053719,-37.500305378117915,0.000
					-72.68311926652838,-37.50030082206078,0.000
					-72.68316650053768,-37.500305985005106,0.000
					-72.68321414955612,-37.50031602194929,0.000
					-72.68325913457832,-37.50032807889671,0.000
					-72.68330952661556,-37.50034817283823,0.000
					-72.68334241365118,-37.50036738180047,0.000
					-72.6833710746825,-37.50038425576754,0.000
					-72.68341388376106,-37.50042645971947,0.000
					-72.68345575268454,-37.50038564666726,0.000
					-72.68377627227461,-37.50016727227361,0.000
					-72.68382025927511,-37.50016768422144,0.000
					-72.68376636515568,-37.50010354528133,0.000
					-72.68368206404209,-37.50004241437739,0.000
					-72.68360396295023,-37.49999293946682,0.000
					-72.6835467988849,-37.49995775353238,0.000
					-72.68346798980849,-37.499916555623166,0.000
					-72.68339030372573,-37.499871954712475,0.000
					-72.68333593566233,-37.49983781477475,0.000
					-72.68272133790957,-37.49996804951145,0.000
					-72.68247715701216,-37.500022103804326,0.000
					-72.68238050505028,-37.50004219492017,0.000
				</coordinates>
			</LinearRing>
		</outerBoundaryIs>
	</Polygon>
</MultiGeometry>
</Placemark>

<Placemark>
<name>8306011003007</name>
<description><![CDATA[<p><br/>NOM_COMUNA: NACIMIENTO
<br/>MANZENT_CODIGO: 8306011003007
<br/>TOTAL_PERSONAS(2017): 67
<br/>TOTAL_VIVIENDAS(2017): 21</p>]]></description>
<ExtendedData>
	<Data name="fid"><displayName>fid</displayName><value><![CDATA[83]]></value></Data>
	<Data name="NOM_COMUNA"><displayName>NOM_COMUNA</displayName><value><![CDATA[NACIMIENTO]]></value></Data>
	<Data name="MANZENT_I"><displayName>MANZENT_I</displayName><value><![CDATA[8306011003007]]></value></Data>
	<Data name="TOTAL_PERS"><displayName>TOTAL_PERS</displayName><value><![CDATA[67]]></value></Data>
	<Data name="TOTAL_VIVI"><displayName>TOTAL_VIVI</displayName><value><![CDATA[21]]></value></Data>
</ExtendedData>
<styleUrl>#style1</styleUrl>
<MultiGeometry>
	<Polygon>
		<outerBoundaryIs>
			<LinearRing>
				<tessellate>1</tessellate>
				<coordinates>
					-72.67870260421513,-37.501188599352155,0.000
					-72.67892062123805,-37.50120162609451,0.000
					-72.67899780922119,-37.5011928710025,0.000
					-72.67905391317308,-37.50116729893437,0.000
					-72.67909986911624,-37.501137021877966,0.000
					-72.67913663402716,-37.501089441831375,0.000
					-72.67918418980558,-37.50097097076752,0.000
					-72.6792366704371,-37.500773834692836,0.000
					-72.67927411517742,-37.500634888639695,0.000
					-72.67931116895485,-37.50051585058827,0.000
					-72.67934699079306,-37.500429321540366,0.000
					-72.67939168164192,-37.50034855348224,0.000
					-72.67948318444377,-37.50024275136709,0.000
					-72.67951499534644,-37.500190748326084,0.000
					-72.6795274083004,-37.50016612030987,0.000
					-72.67953117424376,-37.50013582430346,0.000
					-72.67951667521103,-37.50011823731954,0.000
					-72.6794949931954,-37.50010979034473,0.000
					-72.67945920719818,-37.500111159387195,0.000
					-72.67865955438502,-37.50020844734122,0.000
					-72.67857841140176,-37.50021712543798,0.000
					-72.67855007840528,-37.50021891147167,0.000
					-72.67852018141448,-37.50022373050738,0.000
					-72.67850891342556,-37.50022963652112,0.000
					-72.67849500244601,-37.50024053753828,0.000
					-72.67848917049076,-37.500264484546705,0.000
					-72.6785317888261,-37.5004442055076,0.000
					-72.6785585410679,-37.50057377948405,0.000
					-72.67857727330912,-37.50070301547004,0.000
					-72.6786163036972,-37.500910962436905,0.000
					-72.67864421706675,-37.50110895841631,0.000
					-72.67865088812827,-37.50114189241047,0.000
					-72.67866521016485,-37.50116154939472,0.000
					-72.67869402120073,-37.50118086036183,0.000
					-72.67870260421513,-37.501188599352155,0.000
				</coordinates>
			</LinearRing>
		</outerBoundaryIs>
	</Polygon>
</MultiGeometry>
</Placemark>

<Placemark>
<name>8306011003013</name>
<description><![CDATA[<p><br/>NOM_COMUNA: NACIMIENTO
<br/>MANZENT_CODIGO: 8306011003013
<br/>TOTAL_PERSONAS(2017): 115
<br/>TOTAL_VIVIENDAS(2017): 38</p>]]></description>
<ExtendedData>
	<Data name="fid"><displayName>fid</displayName><value><![CDATA[84]]></value></Data>
	<Data name="NOM_COMUNA"><displayName>NOM_COMUNA</displayName><value><![CDATA[NACIMIENTO]]></value></Data>
	<Data name="MANZENT_I"><displayName>MANZENT_I</displayName><value><![CDATA[8306011003013]]></value></Data>
	<Data name="TOTAL_PERS"><displayName>TOTAL_PERS</displayName><value><![CDATA[115]]></value></Data>
	<Data name="TOTAL_VIVI"><displayName>TOTAL_VIVI</displayName><value><![CDATA[38]]></value></Data>
</ExtendedData>
<styleUrl>#style1</styleUrl>
<MultiGeometry>
	<Polygon>
		<outerBoundaryIs>
			<LinearRing>
				<tessellate>1</tessellate>
				<coordinates>
					-72.68392107962121,-37.50195984521497,0.000
					-72.684167972772,-37.50204146792748,0.000
					-72.68419937076787,-37.50203938089009,0.000
					-72.68422360974522,-37.50202732986061,0.000
					-72.68424413871435,-37.502010879835254,0.000
					-72.68426052567413,-37.50198939281445,0.000
					-72.68434103835375,-37.5018181277082,0.000
					-72.6844046590426,-37.50165175662233,0.000
					-72.68445640066334,-37.50144883554822,0.000
					-72.68447836440902,-37.50131273851361,0.000
					-72.68450389010349,-37.50114922547303,0.000
					-72.68451750373181,-37.500950242444326,0.000
					-72.68453488547419,-37.500812343415035,0.000
					-72.68456447019672,-37.500663869370584,0.000
					-72.68463223747075,-37.50027535026579,0.000
					-72.68442916743321,-37.500254515505176,0.000
					-72.6843543744148,-37.50024439759321,0.000
					-72.68412457636124,-37.50021490986376,0.000
					-72.6841037455517,-37.50031680289483,0.000
					-72.68403506728467,-37.50070908800099,0.000
					-72.68399550857696,-37.50086547705774,0.000
					-72.6839599187935,-37.5009813011072,0.000
					-72.68392269999909,-37.50109123515829,0.000
					-72.68386803524064,-37.50122038223121,0.000
					-72.68380460349921,-37.501358640315125,0.000
					-72.68361931517764,-37.50172124155764,0.000
					-72.68358093033062,-37.501803036608315,0.000
					-72.68357835337703,-37.50182785861295,0.000
					-72.68358814041434,-37.5018478756026,0.000
					-72.68360917543498,-37.50185901257838,0.000
					-72.68362920944769,-37.501865894555024,0.000
					-72.68392107962121,-37.50195984521497,0.000
				</coordinates>
			</LinearRing>
		</outerBoundaryIs>
	</Polygon>
</MultiGeometry>
</Placemark>

<Placemark>
<name>8306011003011</name>
<description><![CDATA[<p><br/>NOM_COMUNA: NACIMIENTO
<br/>MANZENT_CODIGO: 8306011003011
<br/>TOTAL_PERSONAS(2017): 13
<br/>TOTAL_VIVIENDAS(2017): 8</p>]]></description>
<ExtendedData>
	<Data name="fid"><displayName>fid</displayName><value><![CDATA[85]]></value></Data>
	<Data name="NOM_COMUNA"><displayName>NOM_COMUNA</displayName><value><![CDATA[NACIMIENTO]]></value></Data>
	<Data name="MANZENT_I"><displayName>MANZENT_I</displayName><value><![CDATA[8306011003011]]></value></Data>
	<Data name="TOTAL_PERS"><displayName>TOTAL_PERS</displayName><value><![CDATA[13]]></value></Data>
	<Data name="TOTAL_VIVI"><displayName>TOTAL_VIVI</displayName><value><![CDATA[8]]></value></Data>
</ExtendedData>
<styleUrl>#style1</styleUrl>
<MultiGeometry>
	<Polygon>
		<outerBoundaryIs>
			<LinearRing>
				<tessellate>1</tessellate>
				<coordinates>
					-72.68281297458591,-37.50140154349329,0.000
					-72.68287187260806,-37.50141360342425,0.000
					-72.68292002860278,-37.50141094436698,0.000
					-72.68298960557426,-37.501395908283534,0.000
					-72.68302950854815,-37.501382092235374,0.000
					-72.68306784050776,-37.5013605851886,0.000
					-72.68309740847064,-37.5013407991523,0.000
					-72.68311782043317,-37.501320833126826,0.000
					-72.68314713135698,-37.501280134089505,0.000
					-72.68325000898376,-37.50108065095501,0.000
					-72.68330659470831,-37.50093333787862,0.000
					-72.68337019638476,-37.50076029879232,0.000
					-72.68339016920984,-37.50066669776274,0.000
					-72.68339930410895,-37.50061271674849,0.000
					-72.68339985402783,-37.50056929074512,0.000
					-72.68338762893964,-37.50052200975664,0.000
					-72.6833685778812,-37.50049063577725,0.000
					-72.68334493482006,-37.50045781980315,0.000
					-72.6833184817715,-37.50043170683287,0.000
					-72.68329748374862,-37.50041939985703,0.000
					-72.68326970771848,-37.50040317388891,0.000
					-72.68322948268887,-37.500387154935595,0.000
					-72.68319167967007,-37.500376950979714,0.000
					-72.68315077165435,-37.500368398027696,0.000
					-72.6831172926476,-37.50036467706717,0.000
					-72.68308201165416,-37.50036804010915,0.000
					-72.68303311567003,-37.50037636216767,0.000
					-72.68295543870282,-37.50039367226081,0.000
					-72.68269220381544,-37.500453030576566,0.000
					-72.68254849087474,-37.50048427374892,0.000
					-72.68236740993677,-37.50051685696562,0.000
					-72.68219594095787,-37.500527549169554,0.000
					-72.68219424295798,-37.50052760617159,0.000
					-72.68218600798399,-37.50054150218221,0.000
					-72.68218436501489,-37.50055805218519,0.000
					-72.68213206149618,-37.500815572263434,0.000
					-72.68211404458702,-37.500864152287846,0.000
					-72.68209732862655,-37.500885271308995,0.000
					-72.68205205773086,-37.50094097636619,0.000
					-72.68200179182952,-37.50099360942909,0.000
					-72.68197519889179,-37.50102688146271,0.000
					-72.68197396591164,-37.50103749146486,0.000
					-72.68202464495201,-37.50105930340616,0.000
					-72.68229050816586,-37.50117473609824,0.000
					-72.68260516643144,-37.50131807173431,0.000
					-72.68272889852706,-37.50136970359093,0.000
					-72.68281297458591,-37.50140154349329,0.000
				</coordinates>
			</LinearRing>
		</outerBoundaryIs>
	</Polygon>
</MultiGeometry>
</Placemark>

<Placemark>
<name>8306011002008</name>
<description><![CDATA[<p><br/>NOM_COMUNA: NACIMIENTO
<br/>MANZENT_CODIGO: 8306011002008
<br/>TOTAL_PERSONAS(2017): 62
<br/>TOTAL_VIVIENDAS(2017): 23</p>]]></description>
<ExtendedData>
	<Data name="fid"><displayName>fid</displayName><value><![CDATA[86]]></value></Data>
	<Data name="NOM_COMUNA"><displayName>NOM_COMUNA</displayName><value><![CDATA[NACIMIENTO]]></value></Data>
	<Data name="MANZENT_I"><displayName>MANZENT_I</displayName><value><![CDATA[8306011002008]]></value></Data>
	<Data name="TOTAL_PERS"><displayName>TOTAL_PERS</displayName><value><![CDATA[62]]></value></Data>
	<Data name="TOTAL_VIVI"><displayName>TOTAL_VIVI</displayName><value><![CDATA[23]]></value></Data>
</ExtendedData>
<styleUrl>#style1</styleUrl>
<MultiGeometry>
	<Polygon>
		<outerBoundaryIs>
			<LinearRing>
				<tessellate>1</tessellate>
				<coordinates>
					-72.67230177720262,-37.50116026593773,0.000
					-72.67231842720804,-37.50116320791822,0.000
					-72.67232996820769,-37.50116307490449,0.000
					-72.67259675110697,-37.50111002858489,0.000
					-72.672912902996,-37.50105164620643,0.000
					-72.67308382993964,-37.50102203200198,0.000
					-72.67360684873967,-37.5009167183753,0.000
					-72.6736297647219,-37.50090725734756,0.000
					-72.6736448406995,-37.500895298328935,0.000
					-72.67365435266474,-37.50087674131645,0.000
					-72.67365237062748,-37.500856786317556,0.000
					-72.67362557648399,-37.50077983834443,0.000
					-72.6735697521477,-37.5005995853992,0.000
					-72.67346405845716,-37.50022946450103,0.000
					-72.67345487142475,-37.50021207051083,0.000
					-72.67344248340113,-37.500199390524706,0.000
					-72.67342985038545,-37.50019094053914,0.000
					-72.67341243237867,-37.50018726355956,0.000
					-72.67334540139012,-37.50019315163937,0.000
					-72.67301107851267,-37.50025766503978,0.000
					-72.67273119360576,-37.50030657937464,0.000
					-72.67241536071134,-37.50036208375253,0.000
					-72.672205873781,-37.500398687003155,0.000
					-72.67213893180738,-37.5004125970834,0.000
					-72.67210921581923,-37.50041886011901,0.000
					-72.67208984283481,-37.50042712914249,0.000
					-72.67207681984938,-37.500434893158435,0.000
					-72.67206689387498,-37.500448575171056,0.000
					-72.672066345908,-37.50046622717282,0.000
					-72.67207266894941,-37.50048843116674,0.000
					-72.67214219135947,-37.50070824609824,0.000
					-72.67228076915335,-37.501133807960976,0.000
					-72.67228584318144,-37.50114886695588,0.000
					-72.67230177720262,-37.50116026593773,0.000
				</coordinates>
			</LinearRing>
		</outerBoundaryIs>
	</Polygon>
</MultiGeometry>
</Placemark>

<Placemark>
<name>8306011003010</name>
<description><![CDATA[<p><br/>NOM_COMUNA: NACIMIENTO
<br/>MANZENT_CODIGO: 8306011003010
<br/>TOTAL_PERSONAS(2017): 54
<br/>TOTAL_VIVIENDAS(2017): 16</p>]]></description>
<ExtendedData>
	<Data name="fid"><displayName>fid</displayName><value><![CDATA[87]]></value></Data>
	<Data name="NOM_COMUNA"><displayName>NOM_COMUNA</displayName><value><![CDATA[NACIMIENTO]]></value></Data>
	<Data name="MANZENT_I"><displayName>MANZENT_I</displayName><value><![CDATA[8306011003010]]></value></Data>
	<Data name="TOTAL_PERS"><displayName>TOTAL_PERS</displayName><value><![CDATA[54]]></value></Data>
	<Data name="TOTAL_VIVI"><displayName>TOTAL_VIVI</displayName><value><![CDATA[16]]></value></Data>
</ExtendedData>
<styleUrl>#style1</styleUrl>
<MultiGeometry>
	<Polygon>
		<outerBoundaryIs>
			<LinearRing>
				<tessellate>1</tessellate>
				<coordinates>
					-72.68000744934814,-37.5007288737764,0.000
					-72.6798646700606,-37.50110987796967,0.000
					-72.67987103809952,-37.501130729963464,0.000
					-72.67988239012426,-37.50114402095086,0.000
					-72.67990302114187,-37.501153527926974,0.000
					-72.67992394214887,-37.50115736290245,0.000
					-72.67995032415388,-37.501160134871306,0.000
					-72.68000505516127,-37.50116427380676,0.000
					-72.68017651513397,-37.501150250602606,0.000
					-72.68046261008233,-37.50112360926177,0.000
					-72.68102491198186,-37.50107175359198,0.000
					-72.68133398992873,-37.501044390223875,0.000
					-72.68150613989383,-37.50102632301868,0.000
					-72.68173485185143,-37.50100440974618,0.000
					-72.68181236084247,-37.50099989365401,0.000
					-72.68185553184446,-37.501001101602945,0.000
					-72.68189029585557,-37.501007190562056,0.000
					-72.68193735288243,-37.50102172250725,0.000
					-72.68195160486873,-37.50101443248989,0.000
					-72.68197854980559,-37.5009807174558,0.000
					-72.6820289317068,-37.50092799639278,0.000
					-72.68207349760411,-37.50087317833648,0.000
					-72.68208809156971,-37.50085481131802,0.000
					-72.68210439148693,-37.50081052229594,0.000
					-72.68215628501001,-37.50055533821831,0.000
					-72.68215777598148,-37.500540047215566,0.000
					-72.68215579195785,-37.50052739121715,0.000
					-72.6821260469578,-37.50052725825237,0.000
					-72.68203227393816,-37.50051640536285,0.000
					-72.68187899888507,-37.50048744254268,0.000
					-72.68168652882896,-37.50045671876888,0.000
					-72.68155796377948,-37.500429771919606,0.000
					-72.68139645372516,-37.50040010610918,0.000
					-72.6812898376888,-37.50038025923428,0.000
					-72.68121685067061,-37.500370264320175,0.000
					-72.68117197866893,-37.500369203373275,0.000
					-72.68108953867517,-37.50037226947124,0.000
					-72.68098631170048,-37.50038547259438,0.000
					-72.68087420474303,-37.50040787272873,0.000
					-72.68068726781719,-37.50044691595276,0.000
					-72.68021226599367,-37.50053977752169,0.000
					-72.68014721102236,-37.50055490059973,0.000
					-72.68011513004733,-37.50056814763863,0.000
					-72.68009093407416,-37.50058245166818,0.000
					-72.68006911010802,-37.50060049669519,0.000
					-72.68004621816539,-37.50063113772428,0.000
					-72.68000744934814,-37.5007288737764,0.000
				</coordinates>
			</LinearRing>
		</outerBoundaryIs>
	</Polygon>
</MultiGeometry>
</Placemark>

<Placemark>
<name>8306011002007</name>
<description><![CDATA[<p><br/>NOM_COMUNA: NACIMIENTO
<br/>MANZENT_CODIGO: 8306011002007
<br/>TOTAL_PERSONAS(2017): 66
<br/>TOTAL_VIVIENDAS(2017): 23</p>]]></description>
<ExtendedData>
	<Data name="fid"><displayName>fid</displayName><value><![CDATA[88]]></value></Data>
	<Data name="NOM_COMUNA"><displayName>NOM_COMUNA</displayName><value><![CDATA[NACIMIENTO]]></value></Data>
	<Data name="MANZENT_I"><displayName>MANZENT_I</displayName><value><![CDATA[8306011002007]]></value></Data>
	<Data name="TOTAL_PERS"><displayName>TOTAL_PERS</displayName><value><![CDATA[66]]></value></Data>
	<Data name="TOTAL_VIVI"><displayName>TOTAL_VIVI</displayName><value><![CDATA[23]]></value></Data>
</ExtendedData>
<styleUrl>#style1</styleUrl>
<MultiGeometry>
	<Polygon>
		<outerBoundaryIs>
			<LinearRing>
				<tessellate>1</tessellate>
				<coordinates>
					-72.67063396285018,-37.50150153993636,0.000
					-72.67065591885608,-37.50150476591053,0.000
					-72.67109213067377,-37.50140856538738,0.000
					-72.6715475654984,-37.50131616584163,0.000
					-72.6717444644378,-37.501284362606256,0.000
					-72.67206271231643,-37.501220437224944,0.000
					-72.67211052029809,-37.50121074616765,0.000
					-72.67214389328399,-37.501203293127595,0.000
					-72.67216764727021,-37.50119601109898,0.000
					-72.67218968125101,-37.501185812072244,0.000
					-72.67220487322838,-37.50117376505349,0.000
					-72.6722166482005,-37.50115885803853,0.000
					-72.67221631416616,-37.50114046703781,0.000
					-72.67221118812071,-37.501116125042316,0.000
					-72.67214293476353,-37.5009246321111,0.000
					-72.6720359731021,-37.50057007421539,0.000
					-72.67200401291566,-37.50047013524695,0.000
					-72.67199451288842,-37.5004555292573,0.000
					-72.67198264687427,-37.50044790527085,0.000
					-72.67196450486348,-37.500442050292015,0.000
					-72.67195203986493,-37.500442796306835,0.000
					-72.67175071492655,-37.50047514354754,0.000
					-72.6715217350121,-37.50052019182182,0.000
					-72.67127153211567,-37.50057482512186,0.000
					-72.67108187019682,-37.5006176743494,0.000
					-72.67086498926895,-37.500655570608856,0.000
					-72.67059845136173,-37.500704382927886,0.000
					-72.67047718039736,-37.500723078072824,0.000
					-72.67042261640714,-37.50072812913784,0.000
					-72.6704009844157,-37.50073265916378,0.000
					-72.6703871904291,-37.500739776180595,0.000
					-72.67037807745336,-37.50075275319219,0.000
					-72.67037438447817,-37.5007660181974,0.000
					-72.6703789015194,-37.50078809619349,0.000
					-72.6704184637382,-37.50090539815402,0.000
					-72.6704738810849,-37.50109123110009,0.000
					-72.67061074581127,-37.50148062496258,0.000
					-72.6706171018303,-37.50149084295569,0.000
					-72.67063396285018,-37.50150153993636,0.000
				</coordinates>
			</LinearRing>
		</outerBoundaryIs>
	</Polygon>
</MultiGeometry>
</Placemark>

<Placemark>
<name>8306011003009</name>
<description><![CDATA[<p><br/>NOM_COMUNA: NACIMIENTO
<br/>MANZENT_CODIGO: 8306011003009
<br/>TOTAL_PERSONAS(2017): 103
<br/>TOTAL_VIVIENDAS(2017): 38</p>]]></description>
<ExtendedData>
	<Data name="fid"><displayName>fid</displayName><value><![CDATA[89]]></value></Data>
	<Data name="NOM_COMUNA"><displayName>NOM_COMUNA</displayName><value><![CDATA[NACIMIENTO]]></value></Data>
	<Data name="MANZENT_I"><displayName>MANZENT_I</displayName><value><![CDATA[8306011003009]]></value></Data>
	<Data name="TOTAL_PERS"><displayName>TOTAL_PERS</displayName><value><![CDATA[103]]></value></Data>
	<Data name="TOTAL_VIVI"><displayName>TOTAL_VIVI</displayName><value><![CDATA[38]]></value></Data>
</ExtendedData>
<styleUrl>#style1</styleUrl>
<MultiGeometry>
	<Polygon>
		<outerBoundaryIs>
			<LinearRing>
				<tessellate>1</tessellate>
				<coordinates>
					-72.67410288066738,-37.5019505838528,0.000
					-72.67412671066944,-37.501951773824594,0.000
					-72.6741551636656,-37.501949810790755,0.000
					-72.67426018562776,-37.50192989166501,0.000
					-72.67438127759608,-37.5019133525204,0.000
					-72.67454453154555,-37.50188682932522,0.000
					-72.6746776205134,-37.501870075166394,0.000
					-72.67482865247007,-37.501847365985924,0.000
					-72.67496620043505,-37.5018290778217,0.000
					-72.67509570540287,-37.50181230466714,0.000
					-72.67512565139548,-37.50180842663137,0.000
					-72.67529391235668,-37.50178821943066,0.000
					-72.67543376231576,-37.501766785263506,0.000
					-72.67547596428358,-37.50174968121241,0.000
					-72.67547963527286,-37.50174399420769,0.000
					-72.67548913218207,-37.50169539519339,0.000
					-72.67552321275289,-37.50146569413844,0.000
					-72.6755595878669,-37.50099140606529,0.000
					-72.67558227118175,-37.50062457601522,0.000
					-72.67557348313878,-37.500601530024156,0.000
					-72.67554085610286,-37.5005821810616,0.000
					-72.67552891809913,-37.50058014907562,0.000
					-72.67539693615093,-37.50060745823381,0.000
					-72.6750991582659,-37.50066801159064,0.000
					-72.67504877228622,-37.500678723651056,0.000
					-72.6747026884258,-37.50075230406593,0.000
					-72.67440865753294,-37.500808693418044,0.000
					-72.67389830673292,-37.500914080029645,0.000
					-72.67379015176887,-37.500932946159054,0.000
					-72.67376444578437,-37.50094118119003,0.000
					-72.67375227381585,-37.50095797320554,0.000
					-72.67374962485277,-37.50097774720994,0.000
					-72.67375906793791,-37.50102335220161,0.000
					-72.67406469661705,-37.50192351689633,0.000
					-72.67407437564717,-37.501939658885874,0.000
					-72.67410288066738,-37.5019505838528,0.000
				</coordinates>
			</LinearRing>
		</outerBoundaryIs>
	</Polygon>
</MultiGeometry>
</Placemark>

<Placemark>
<name>8306011002006</name>
<description><![CDATA[<p><br/>NOM_COMUNA: NACIMIENTO
<br/>MANZENT_CODIGO: 8306011002006
<br/>TOTAL_PERSONAS(2017): 41
<br/>TOTAL_VIVIENDAS(2017): 19</p>]]></description>
<ExtendedData>
	<Data name="fid"><displayName>fid</displayName><value><![CDATA[90]]></value></Data>
	<Data name="NOM_COMUNA"><displayName>NOM_COMUNA</displayName><value><![CDATA[NACIMIENTO]]></value></Data>
	<Data name="MANZENT_I"><displayName>MANZENT_I</displayName><value><![CDATA[8306011002006]]></value></Data>
	<Data name="TOTAL_PERS"><displayName>TOTAL_PERS</displayName><value><![CDATA[41]]></value></Data>
	<Data name="TOTAL_VIVI"><displayName>TOTAL_VIVI</displayName><value><![CDATA[19]]></value></Data>
</ExtendedData>
<styleUrl>#style1</styleUrl>
<MultiGeometry>
	<Polygon>
		<outerBoundaryIs>
			<LinearRing>
				<tessellate>1</tessellate>
				<coordinates>
					-72.6692780033201,-37.501748764559395,0.000
					-72.66928980232203,-37.5017498085455,0.000
					-72.66929802431858,-37.501748005535596,0.000
					-72.6704149088764,-37.5015148361969,0.000
					-72.67045054186227,-37.5015073971542,0.000
					-72.67047132984172,-37.501496478128814,0.000
					-72.67047005276545,-37.50145562112777,0.000
					-72.67045331062744,-37.50138167114291,0.000
					-72.67041696141472,-37.50126766717876,0.000
					-72.67029322854901,-37.50080367229599,0.000
					-72.67028041551318,-37.50078445330998,0.000
					-72.67025938049909,-37.50077682733443,0.000
					-72.67021232650947,-37.50078225739055,0.000
					-72.67009150654552,-37.500801140534946,0.000
					-72.66912469483357,-37.500952246690616,0.000
					-72.66907358984952,-37.50096063075167,0.000
					-72.66905821086975,-37.500971410770624,0.000
					-72.66904881390425,-37.50098987978292,0.000
					-72.66905356097912,-37.50102998577988,0.000
					-72.66910408932264,-37.501214084731615,0.000
					-72.66920098894336,-37.50154677863788,0.000
					-72.66925782128457,-37.50172964658213,0.000
					-72.6692780033201,-37.501748764559395,0.000
				</coordinates>
			</LinearRing>
		</outerBoundaryIs>
	</Polygon>
</MultiGeometry>
</Placemark>

<Placemark>
<name>8306011003014</name>
<description><![CDATA[<p><br/>NOM_COMUNA: NACIMIENTO
<br/>MANZENT_CODIGO: 8306011003014
<br/>TOTAL_PERSONAS(2017): 69
<br/>TOTAL_VIVIENDAS(2017): 23</p>]]></description>
<ExtendedData>
	<Data name="fid"><displayName>fid</displayName><value><![CDATA[91]]></value></Data>
	<Data name="NOM_COMUNA"><displayName>NOM_COMUNA</displayName><value><![CDATA[NACIMIENTO]]></value></Data>
	<Data name="MANZENT_I"><displayName>MANZENT_I</displayName><value><![CDATA[8306011003014]]></value></Data>
	<Data name="TOTAL_PERS"><displayName>TOTAL_PERS</displayName><value><![CDATA[69]]></value></Data>
	<Data name="TOTAL_VIVI"><displayName>TOTAL_VIVI</displayName><value><![CDATA[23]]></value></Data>
</ExtendedData>
<styleUrl>#style1</styleUrl>
<MultiGeometry>
	<Polygon>
		<outerBoundaryIs>
			<LinearRing>
				<tessellate>1</tessellate>
				<coordinates>
					-72.68172094849285,-37.50134784378434,0.000
					-72.681622779759,-37.501490013909674,0.000
					-72.68166209480263,-37.501513495864586,0.000
					-72.68176425880738,-37.50151640274366,0.000
					-72.68184392482523,-37.50152625764983,0.000
					-72.68191415584603,-37.50153763956732,0.000
					-72.68197527987716,-37.50155452049591,0.000
					-72.68205342393235,-37.501584351405164,0.000
					-72.68216095901573,-37.50162935828051,0.000
					-72.68251133629633,-37.50178087487474,0.000
					-72.6826077393758,-37.50182377076322,0.000
					-72.68265121640034,-37.50183705971249,0.000
					-72.68270698942001,-37.501847797647066,0.000
					-72.68280916543776,-37.50185764252659,0.000
					-72.68299404546755,-37.501874248308475,0.000
					-72.68310198049264,-37.50188808118142,0.000
					-72.68318127850546,-37.501895225087864,0.000
					-72.68323750451137,-37.50189858102141,0.000
					-72.68326124951172,-37.50189886699326,0.000
					-72.6832466284453,-37.501863254008384,0.000
					-72.68323014038913,-37.501833102026005,0.000
					-72.68319925530088,-37.50178572505965,0.000
					-72.68317597021803,-37.501741290084446,0.000
					-72.68313259711202,-37.501684386132254,0.000
					-72.68309457699696,-37.50162263017343,0.000
					-72.68303796483676,-37.501536629235126,0.000
					-72.68300735072522,-37.501476821267616,0.000
					-72.68299412067724,-37.50145105828169,0.000
					-72.68293365470197,-37.50146411035417,0.000
					-72.6828663507094,-37.501467835434184,0.000
					-72.68278913168034,-37.501451991524696,0.000
					-72.68269745161614,-37.50141729963119,0.000
					-72.68257115051857,-37.50136462477759,0.000
					-72.68225604825246,-37.50122101114208,0.000
					-72.68199085203935,-37.50110595144911,0.000
					-72.68193157999195,-37.50108036551778,0.000
					-72.68191834199912,-37.501084161533754,0.000
					-72.68190753802321,-37.501097016547334,0.000
					-72.68181249125799,-37.5012223956679,0.000
					-72.68172094849285,-37.50134784378434,0.000
				</coordinates>
			</LinearRing>
		</outerBoundaryIs>
	</Polygon>
</MultiGeometry>
</Placemark>

<Placemark>
<name>8306011002009</name>
<description><![CDATA[<p><br/>NOM_COMUNA: NACIMIENTO
<br/>MANZENT_CODIGO: 8306011002009
<br/>TOTAL_PERSONAS(2017): 15
<br/>TOTAL_VIVIENDAS(2017): 10</p>]]></description>
<ExtendedData>
	<Data name="fid"><displayName>fid</displayName><value><![CDATA[92]]></value></Data>
	<Data name="NOM_COMUNA"><displayName>NOM_COMUNA</displayName><value><![CDATA[NACIMIENTO]]></value></Data>
	<Data name="MANZENT_I"><displayName>MANZENT_I</displayName><value><![CDATA[8306011002009]]></value></Data>
	<Data name="TOTAL_PERS"><displayName>TOTAL_PERS</displayName><value><![CDATA[15]]></value></Data>
	<Data name="TOTAL_VIVI"><displayName>TOTAL_VIVI</displayName><value><![CDATA[10]]></value></Data>
</ExtendedData>
<styleUrl>#style1</styleUrl>
<MultiGeometry>
	<Polygon>
		<outerBoundaryIs>
			<LinearRing>
				<tessellate>1</tessellate>
				<coordinates>
					-72.67265421105208,-37.50215174458276,0.000
					-72.67266438905897,-37.502155459570936,0.000
					-72.67267583405763,-37.50215478455734,0.000
					-72.67269953905362,-37.5021527285291,0.000
					-72.67306925495927,-37.50210342208772,0.000
					-72.67364738180576,-37.50202316539732,0.000
					-72.67393765872743,-37.50198220405068,0.000
					-72.67396464070319,-37.501969308017834,0.000
					-72.67397446668363,-37.50195886800553,0.000
					-72.67397913364773,-37.501939674998766,0.000
					-72.67389484411186,-37.501652432080505,0.000
					-72.67368568790249,-37.50100415328741,0.000
					-72.67367565087359,-37.50098863529832,0.000
					-72.67366587785591,-37.50097916130928,0.000
					-72.67364531084807,-37.50097488033342,0.000
					-72.67360586585325,-37.500977528380304,0.000
					-72.673185082006,-37.5010579118842,0.000
					-72.67237653733181,-37.50122968785352,0.000
					-72.67235622034296,-37.50123559587797,0.000
					-72.6723465263546,-37.50124180288986,0.000
					-72.67233318437474,-37.50125253490634,0.000
					-72.67232951040528,-37.501268862911736,0.000
					-72.67252876839302,-37.5017984457091,0.000
					-72.67262592199162,-37.5021192856143,0.000
					-72.67263609501923,-37.50213408460316,0.000
					-72.67264334203912,-37.50214477159523,0.000
					-72.67265421105208,-37.50215174458276,0.000
				</coordinates>
			</LinearRing>
		</outerBoundaryIs>
	</Polygon>
</MultiGeometry>
</Placemark>

<Placemark>
<name>8306011003016</name>
<description><![CDATA[<p><br/>NOM_COMUNA: NACIMIENTO
<br/>MANZENT_CODIGO: 8306011003016
<br/>TOTAL_PERSONAS(2017): 53
<br/>TOTAL_VIVIENDAS(2017): 20</p>]]></description>
<ExtendedData>
	<Data name="fid"><displayName>fid</displayName><value><![CDATA[93]]></value></Data>
	<Data name="NOM_COMUNA"><displayName>NOM_COMUNA</displayName><value><![CDATA[NACIMIENTO]]></value></Data>
	<Data name="MANZENT_I"><displayName>MANZENT_I</displayName><value><![CDATA[8306011003016]]></value></Data>
	<Data name="TOTAL_PERS"><displayName>TOTAL_PERS</displayName><value><![CDATA[53]]></value></Data>
	<Data name="TOTAL_VIVI"><displayName>TOTAL_VIVI</displayName><value><![CDATA[20]]></value></Data>
</ExtendedData>
<styleUrl>#style1</styleUrl>
<MultiGeometry>
	<Polygon>
		<outerBoundaryIs>
			<LinearRing>
				<tessellate>1</tessellate>
				<coordinates>
					-72.67980417131926,-37.50124819105015,0.000
					-72.67969298132687,-37.501251863182176,0.000
					-72.6794272493168,-37.501245559496766,0.000
					-72.67933494729704,-37.50123464360547,0.000
					-72.67930840729468,-37.501233310636856,0.000
					-72.67928682030062,-37.50123640066264,0.000
					-72.6792737953154,-37.50124425567862,0.000
					-72.67926552134377,-37.50125941268933,0.000
					-72.67926834346687,-37.5013253436902,0.000
					-72.67926844561076,-37.50140239669493,0.000
					-72.67927130271129,-37.50145625269492,0.000
					-72.67927696878567,-37.50149610569074,0.000
					-72.67929738887061,-37.501541655669406,0.000
					-72.67938714715976,-37.50169679957282,0.000
					-72.67941037621856,-37.50172834654726,0.000
					-72.6794323012468,-37.50174355752224,0.000
					-72.67945482525941,-37.501750398496,0.000
					-72.67948048626019,-37.50175090246557,0.000
					-72.67957518224472,-37.50174294135282,0.000
					-72.67971708222682,-37.501733834184066,0.000
					-72.67986257320379,-37.50172200401086,0.000
					-72.68011549616111,-37.50170002870965,0.000
					-72.68028856413922,-37.50168892050379,0.000
					-72.68067269205504,-37.50164519004568,0.000
					-72.68082750402237,-37.5016282258611,0.000
					-72.6808786100096,-37.50162156980011,0.000
					-72.68091282399934,-37.50161620375923,0.000
					-72.68094438998499,-37.50160862272131,0.000
					-72.68096087197317,-37.501602367701416,0.000
					-72.68096742395318,-37.50159168269296,0.000
					-72.68096420982636,-37.50152376169244,0.000
					-72.68095608367516,-37.501442766697,0.000
					-72.68095282461246,-37.50140917869873,0.000
					-72.68093333136225,-37.50127515171337,0.000
					-72.68089218421764,-37.501197563757245,0.000
					-72.68088066417573,-37.501175077769496,0.000
					-72.68086642415462,-37.501163713785694,0.000
					-72.68084132212695,-37.50114880181444,0.000
					-72.68050643918109,-37.501176648213175,0.000
					-72.68008500326451,-37.50121982571549,0.000
					-72.67980417131926,-37.50124819105015,0.000
				</coordinates>
			</LinearRing>
		</outerBoundaryIs>
	</Polygon>
</MultiGeometry>
</Placemark>

<Placemark>
<name>8306011003019</name>
<description><![CDATA[<p><br/>NOM_COMUNA: NACIMIENTO
<br/>MANZENT_CODIGO: 8306011003019
<br/>TOTAL_PERSONAS(2017): 75
<br/>TOTAL_VIVIENDAS(2017): 23</p>]]></description>
<ExtendedData>
	<Data name="fid"><displayName>fid</displayName><value><![CDATA[94]]></value></Data>
	<Data name="NOM_COMUNA"><displayName>NOM_COMUNA</displayName><value><![CDATA[NACIMIENTO]]></value></Data>
	<Data name="MANZENT_I"><displayName>MANZENT_I</displayName><value><![CDATA[8306011003019]]></value></Data>
	<Data name="TOTAL_PERS"><displayName>TOTAL_PERS</displayName><value><![CDATA[75]]></value></Data>
	<Data name="TOTAL_VIVI"><displayName>TOTAL_VIVI</displayName><value><![CDATA[23]]></value></Data>
</ExtendedData>
<styleUrl>#style1</styleUrl>
<MultiGeometry>
	<Polygon>
		<outerBoundaryIs>
			<LinearRing>
				<tessellate>1</tessellate>
				<coordinates>
					-72.67770216709366,-37.50219103560139,0.000
					-72.67767533826554,-37.50228296863904,0.000
					-72.67763460825374,-37.50227652368691,0.000
					-72.67763205325302,-37.50227611868993,0.000
					-72.67760747724587,-37.5022722297188,0.000
					-72.67759080824106,-37.50226959173838,0.000
					-72.67756412623335,-37.502265370769756,0.000
					-72.67758666205447,-37.50216965873697,0.000
					-72.67761267875431,-37.50200904069598,0.000
					-72.67761239757358,-37.501912249690214,0.000
					-72.67760103439954,-37.501819024697795,0.000
					-72.67757879921272,-37.50171891771778,0.000
					-72.67755743408937,-37.501652801738956,0.000
					-72.67752218393717,-37.50157118277557,0.000
					-72.67748785978371,-37.50148886181107,0.000
					-72.67744273165425,-37.50141939486016,0.000
					-72.67741145057637,-37.50137759589458,0.000
					-72.67738988554004,-37.50135806691891,0.000
					-72.67737528652697,-37.501351020935765,0.000
					-72.6773589525162,-37.501345201954784,0.000
					-72.67732432751717,-37.50134560199584,0.000
					-72.67710794864085,-37.50141109625649,0.000
					-72.67703851868774,-37.501435954340366,0.000
					-72.67693552577381,-37.501481690465305,0.000
					-72.6768752578234,-37.50150804953841,0.000
					-72.6767949438895,-37.501543177635874,0.000
					-72.67662011303804,-37.501622104848124,0.000
					-72.67645151518572,-37.501700613052925,0.000
					-72.67632859230046,-37.5017616362025,0.000
					-72.67617643143905,-37.50183533138751,0.000
					-72.67611283649553,-37.501865350464804,0.000
					-72.6760665245192,-37.50187786652053,0.000
					-72.67600403252962,-37.50188321459493,0.000
					-72.6758971125388,-37.50188777872195,0.000
					-72.6757659395577,-37.501897452878,0.000
					-72.67570163956802,-37.501902764954615,0.000
					-72.67566645758211,-37.501910182996774,0.000
					-72.67564045160887,-37.50192445002849,0.000
					-72.67562466064714,-37.5019448660485,0.000
					-72.67562022171012,-37.50197857305588,0.000
					-72.67562859674386,-37.501996671047095,0.000
					-72.67564658475717,-37.50200387402622,0.000
					-72.67565754675853,-37.5020046240133,0.000
					-72.6758168027622,-37.50200711482465,0.000
					-72.67666219778151,-37.50202033082338,0.000
					-72.67665585088194,-37.50207409083432,0.000
					-72.6762880538662,-37.5020644262697,0.000
					-72.67624887286456,-37.502063397316086,0.000
					-72.67573878284446,-37.50205092791995,0.000
					-72.67564649384434,-37.50205055302932,0.000
					-72.67561001784779,-37.50205226807265,0.000
					-72.67559498686754,-37.502062786091166,0.000
					-72.67548314958144,-37.50244466424788,0.000
					-72.67543676786127,-37.50259433731236,0.000
					-72.6754243889522,-37.50264298533012,0.000
					-72.67540585108837,-37.50271583735666,0.000
					-72.67537235029403,-37.50282584140334,0.000
					-72.67534699845166,-37.502910142438765,0.000
					-72.67532246465537,-37.50301915247471,0.000
					-72.67529771392665,-37.50316429451324,0.000
					-72.6752569583852,-37.503409692577094,0.000
					-72.67522077773859,-37.503598766631924,0.000
					-72.67519844701391,-37.503746119667724,0.000
					-72.67517189028497,-37.50389113570839,0.000
					-72.6751513784984,-37.50400536073997,0.000
					-72.6751529615461,-37.50403089573966,0.000
					-72.67516210558122,-37.50404972973002,0.000
					-72.67517654759698,-37.50405821471346,0.000
					-72.67520330061377,-37.50406730268234,0.000
					-72.67563215573186,-37.504131980178045,0.000
					-72.6758588707832,-37.504160233911044,0.000
					-72.67627403484717,-37.50419589142113,0.000
					-72.67663192387974,-37.50421455999803,0.000
					-72.67694142690418,-37.50422867063208,0.000
					-72.67720499590204,-37.50422844931961,0.000
					-72.67766464990235,-37.504230192774806,0.000
					-72.67853959687703,-37.50421964373695,0.000
					-72.67882149986067,-37.50421184940228,0.000
					-72.67903729785425,-37.504209152146274,0.000
					-72.67923725788889,-37.50422840291042,0.000
					-72.67972801301215,-37.50429608433292,0.000
					-72.67974429300571,-37.50429270931342,0.000
					-72.67976611797188,-37.50427466428641,0.000
					-72.67978374791132,-37.50424229826351,0.000
					-72.67980265984168,-37.50420509123875,0.000
					-72.67982341174975,-37.504155934211006,0.000
					-72.67985927061297,-37.50408283316388,0.000
					-72.67989999648964,-37.50401694711142,0.000
					-72.67993688441366,-37.503976398065184,0.000
					-72.67997662935628,-37.503945818016106,0.000
					-72.68002575130643,-37.50391929795618,0.000
					-72.68006133328194,-37.50390629891321,0.000
					-72.68010451426979,-37.50389993786164,0.000
					-72.68016624827787,-37.50390448578874,0.000
					-72.68024207030943,-37.50392165569992,0.000
					-72.68085436855819,-37.50405696498264,0.000
					-72.68140822378456,-37.50418012933385,0.000
					-72.68191529496073,-37.50427623873883,0.000
					-72.6819861219866,-37.5042903356557,0.000
					-72.68204239199689,-37.50429603658938,0.000
					-72.68209309899473,-37.5042950495292,0.000
					-72.68213849799204,-37.504293778475315,0.000
					-72.68218099697332,-37.50428388842429,0.000
					-72.68222662994283,-37.50426775236919,0.000
					-72.68227394489276,-37.504241105311394,0.000
					-72.68231337484077,-37.50421340226292,0.000
					-72.68234929176862,-37.504174906217884,0.000
					-72.68237571768911,-37.50413243918393,0.000
					-72.68239373559824,-37.5040838591595,0.000
					-72.68240861049908,-37.5040308011385,0.000
					-72.68241307841369,-37.50398510913033,0.000
					-72.6824003283162,-37.503932861142104,0.000
					-72.682379493222,-37.503882347163625,0.000
					-72.68236033417006,-37.50385448518462,0.000
					-72.6823301441081,-37.503821180218324,0.000
					-72.68227597702548,-37.50377677027967,0.000
					-72.68218098392214,-37.503721105388784,0.000
					-72.6820783088115,-37.503661504506766,0.000
					-72.68194619862055,-37.50355879065684,0.000
					-72.68176765435145,-37.50341407085939,0.000
					-72.68163175212315,-37.50329136601272,0.000
					-72.68157979703003,-37.503241322071176,0.000
					-72.6815477879481,-37.50319734710635,0.000
					-72.68153239889396,-37.50316829712274,0.000
					-72.68152626382725,-37.50313258012776,0.000
					-72.68153105775639,-37.50309464511973,0.000
					-72.68154505867587,-37.503051574100425,0.000
					-72.68157002556839,-37.50299411806716,0.000
					-72.68159791343479,-37.50292266202958,0.000
					-72.6816209552454,-37.50282137199591,0.000
					-72.68164248509277,-37.50273969796521,0.000
					-72.68164602900852,-37.50269461895816,0.000
					-72.681635276968,-37.502672869969544,0.000
					-72.68162119194437,-37.50266015698546,0.000
					-72.68157555989282,-37.50263240603779,0.000
					-72.68145514176095,-37.50256137217601,0.000
					-72.68143062875227,-37.50255665520483,0.000
					-72.68139232775671,-37.50255887625034,0.000
					-72.6813190627688,-37.50256509733756,0.000
					-72.68102982883212,-37.50259798768249,0.000
					-72.68058472890972,-37.50263799721268,0.000
					-72.6798357450201,-37.502694474104096,0.000
					-72.67954836108093,-37.502726044446725,0.000
					-72.67941046006901,-37.50271918860979,0.000
					-72.67938171207709,-37.50272339964412,0.000
					-72.67936261308976,-37.5027301436672,0.000
					-72.67934634011624,-37.502744242687385,0.000
					-72.6793386351512,-37.50276292569771,0.000
					-72.67932124614852,-37.5027614497182,0.000
					-72.6793078971465,-37.50276031673394,0.000
					-72.67928734814338,-37.50275857275821,0.000
					-72.67927782614191,-37.50275776576946,0.000
					-72.67934163072496,-37.50253471767971,0.000
					-72.6793848944144,-37.50236858061793,0.000
					-72.67939012231056,-37.50231299060824,0.000
					-72.6794026222047,-37.50225637258982,0.000
					-72.67940929810898,-37.50220513657866,0.000
					-72.67941670093533,-37.50211219056403,0.000
					-72.67941614073723,-37.50200611155801,0.000
					-72.67939724655338,-37.50190760257419,0.000
					-72.67937915839599,-37.5018232575903,0.000
					-72.67935962031244,-37.501778445610626,0.000
					-72.67932624119732,-37.50171669064625,0.000
					-72.67923632591085,-37.501562984743124,0.000
					-72.67921344382434,-37.50151657576731,0.000
					-72.67920618176439,-37.501484440773936,0.000
					-72.67919946867127,-37.501434563778695,0.000
					-72.67919259858087,-37.50138612678381,0.000
					-72.67917943755604,-37.501372800798585,0.000
					-72.67916841054581,-37.50136726681127,0.000
					-72.67913696253257,-37.50136006984808,0.000
					-72.67909899353056,-37.50135887289302,0.000
					-72.67905564852538,-37.50135594894422,0.000
					-72.67903492851313,-37.501349322968395,0.000
					-72.67902507249363,-37.50133885597937,0.000
					-72.67902308545658,-37.50131899098052,0.000
					-72.67902200337859,-37.50127724497914,0.000
					-72.67901822136118,-37.501267888983016,0.000
					-72.67900554334814,-37.501260880997634,0.000
					-72.67898431334615,-37.50125974302272,0.000
					-72.67878051233897,-37.50125519526402,0.000
					-72.67874090235411,-37.50126315831144,0.000
					-72.67870335538127,-37.501277559356865,0.000
					-72.67868009542664,-37.50130179438595,0.000
					-72.67866721650081,-37.50134146340374,0.000
					-72.678672280591,-37.50138977540082,0.000
					-72.67871523691964,-37.501565898360994,0.000
					-72.67874130333246,-37.50178701834407,0.000
					-72.67874483860349,-37.501932176349065,0.000
					-72.67874484181473,-37.50204527335621,0.000
					-72.67873354801837,-37.50215427337649,0.000
					-72.67871155924627,-37.502276220410266,0.000
					-72.67867986953394,-37.50243014845754,0.000
					-72.67870914061713,-37.5024747914257,0.000
					-72.67866246484006,-37.50259400048855,0.000
					-72.67854839378933,-37.502566434622,0.000
					-72.6786018415127,-37.50241852154933,0.000
					-72.67861708450745,-37.50241575753109,0.000
					-72.67866189003588,-37.50216340846204,0.000
					-72.67867875778258,-37.50202784343346,0.000
					-72.67867930153838,-37.50189709342453,0.000
					-72.678666250091,-37.50165748542483,0.000
					-72.6786374568904,-37.501549950452194,0.000
					-72.67860408963138,-37.50141114448299,0.000
					-72.67859114353908,-37.50136168549523,0.000
					-72.67857450647159,-37.50132549151264,0.000
					-72.67855829043323,-37.50130489653055,0.000
					-72.6785394103987,-37.5012863215518,0.000
					-72.67851671936887,-37.50127028557765,0.000
					-72.67847259234266,-37.50125608062903,0.000
					-72.6783817873281,-37.50124798673615,0.000
					-72.67795764930833,-37.50123595123817,0.000
					-72.67772191430355,-37.5012325755174,0.000
					-72.67763803331484,-37.50123831561719,0.000
					-72.67758492133254,-37.501247634680745,0.000
					-72.67753197336766,-37.5012662387447,0.000
					-72.67750443239154,-37.50127894377816,0.000
					-72.67748615442294,-37.50129570680085,0.000
					-72.67748210545565,-37.50131319980678,0.000
					-72.67750285957491,-37.501377140786225,0.000
					-72.67758161983144,-37.50151476770153,0.000
					-72.67762562204919,-37.50163152365675,0.000
					-72.67764698717255,-37.501697639635644,0.000
					-72.67767662939696,-37.50181789860808,0.000
					-72.67768751555884,-37.50190462460066,0.000
					-72.67768888767381,-37.501966202602915,0.000
					-72.67767926183816,-37.5020541476199,0.000
					-72.6776580980026,-37.50214213665056,0.000
					-72.67769397201495,-37.50214887960843,0.000
					-72.67768660208425,-37.502185953619545,0.000
					-72.67770216709366,-37.50219103560139,0.000
				</coordinates>
			</LinearRing>
		</outerBoundaryIs>
	</Polygon>
</MultiGeometry>
</Placemark>

<Placemark>
<name>8306011002010</name>
<description><![CDATA[<p><br/>NOM_COMUNA: NACIMIENTO
<br/>MANZENT_CODIGO: 8306011002010
<br/>TOTAL_PERSONAS(2017): 27
<br/>TOTAL_VIVIENDAS(2017): 9</p>]]></description>
<ExtendedData>
	<Data name="fid"><displayName>fid</displayName><value><![CDATA[95]]></value></Data>
	<Data name="NOM_COMUNA"><displayName>NOM_COMUNA</displayName><value><![CDATA[NACIMIENTO]]></value></Data>
	<Data name="MANZENT_I"><displayName>MANZENT_I</displayName><value><![CDATA[8306011002010]]></value></Data>
	<Data name="TOTAL_PERS"><displayName>TOTAL_PERS</displayName><value><![CDATA[27]]></value></Data>
	<Data name="TOTAL_VIVI"><displayName>TOTAL_VIVI</displayName><value><![CDATA[9]]></value></Data>
</ExtendedData>
<styleUrl>#style1</styleUrl>
<MultiGeometry>
	<Polygon>
		<outerBoundaryIs>
			<LinearRing>
				<tessellate>1</tessellate>
				<coordinates>
					-72.67092938553574,-37.50240502464345,0.000
					-72.67094544653573,-37.50240507162442,0.000
					-72.6715366513714,-37.502319045918185,0.000
					-72.67249439812007,-37.502187614774506,0.000
					-72.67251371810768,-37.502181056751205,0.000
					-72.67252838309633,-37.502175037733444,0.000
					-72.67254138307639,-37.50216438971735,0.000
					-72.67255004605192,-37.50215131370622,0.000
					-72.67255207102536,-37.502137114702904,0.000
					-72.67238437811174,-37.5016473558707,0.000
					-72.67224526641107,-37.50127170801177,0.000
					-72.67223787238646,-37.50125849501969,0.000
					-72.67222487136569,-37.501247335034414,0.000
					-72.67220684636148,-37.50124499705564,0.000
					-72.67155984359655,-37.5013687668304,0.000
					-72.67066600494326,-37.501551465901535,0.000
					-72.67064849395568,-37.50155805892273,0.000
					-72.67063480998956,-37.501576172940084,0.000
					-72.67063330102587,-37.50159560894312,0.000
					-72.67088707948848,-37.502379588692,0.000
					-72.67089831451337,-37.502392966679544,0.000
					-72.67091385152449,-37.50239895066147,0.000
					-72.67092938553574,-37.50240502464345,0.000
				</coordinates>
			</LinearRing>
		</outerBoundaryIs>
	</Polygon>
</MultiGeometry>
</Placemark>

<Placemark>
<name>8306011003017</name>
<description><![CDATA[<p><br/>NOM_COMUNA: NACIMIENTO
<br/>MANZENT_CODIGO: 8306011003017
<br/>TOTAL_PERSONAS(2017): 60
<br/>TOTAL_VIVIENDAS(2017): 25</p>]]></description>
<ExtendedData>
	<Data name="fid"><displayName>fid</displayName><value><![CDATA[96]]></value></Data>
	<Data name="NOM_COMUNA"><displayName>NOM_COMUNA</displayName><value><![CDATA[NACIMIENTO]]></value></Data>
	<Data name="MANZENT_I"><displayName>MANZENT_I</displayName><value><![CDATA[8306011003017]]></value></Data>
	<Data name="TOTAL_PERS"><displayName>TOTAL_PERS</displayName><value><![CDATA[60]]></value></Data>
	<Data name="TOTAL_VIVI"><displayName>TOTAL_VIVI</displayName><value><![CDATA[25]]></value></Data>
</ExtendedData>
<styleUrl>#style1</styleUrl>
<MultiGeometry>
	<Polygon>
		<outerBoundaryIs>
			<LinearRing>
				<tessellate>1</tessellate>
				<coordinates>
					-72.67957586411099,-37.502206788381315,0.000
					-72.67960055411575,-37.50220943635222,0.000
					-72.67978754010039,-37.5022018461301,0.000
					-72.67995884807561,-37.50218917192622,0.000
					-72.68015643904137,-37.50217151669088,0.000
					-72.68043048300048,-37.502150586364756,0.000
					-72.68084444390439,-37.50210059287088,0.000
					-72.6809866328759,-37.502085812701374,0.000
					-72.68102547385938,-37.50207711365481,0.000
					-72.68106229382833,-37.50206062461011,0.000
					-72.68107626678362,-37.50203674759206,0.000
					-72.68103707252111,-37.501896025629605,0.000
					-72.68097667816603,-37.501705682689185,0.000
					-72.68097666814617,-37.50169504868849,0.000
					-72.68096700812166,-37.501681881699156,0.000
					-72.68095344810726,-37.501674135714744,0.000
					-72.68093623209512,-37.50166757973471,0.000
					-72.68091334809053,-37.501665057761684,0.000
					-72.6803114492256,-37.5017352404796,0.000
					-72.67987620330261,-37.50177499099803,0.000
					-72.6795426903422,-37.50179502139462,0.000
					-72.6795093593538,-37.50180112443455,0.000
					-72.67948860636395,-37.501806484459465,0.000
					-72.67947284837979,-37.50181491647869,0.000
					-72.67946385040409,-37.501827896490184,0.000
					-72.67945634543383,-37.50184378950011,0.000
					-72.67948792084194,-37.50206240447647,0.000
					-72.67947938200223,-37.50214820849201,0.000
					-72.6794810110472,-37.502172301491576,0.000
					-72.67948778107548,-37.50218748448452,0.000
					-72.6795115980988,-37.5022000284571,0.000
					-72.67954505310705,-37.50220456041771,0.000
					-72.67957586411099,-37.502206788381315,0.000
				</coordinates>
			</LinearRing>
		</outerBoundaryIs>
	</Polygon>
</MultiGeometry>
</Placemark>

<Placemark>
<name>8306011002011</name>
<description><![CDATA[<p><br/>NOM_COMUNA: NACIMIENTO
<br/>MANZENT_CODIGO: 8306011002011
<br/>TOTAL_PERSONAS(2017): 19
<br/>TOTAL_VIVIENDAS(2017): 10</p>]]></description>
<ExtendedData>
	<Data name="fid"><displayName>fid</displayName><value><![CDATA[97]]></value></Data>
	<Data name="NOM_COMUNA"><displayName>NOM_COMUNA</displayName><value><![CDATA[NACIMIENTO]]></value></Data>
	<Data name="MANZENT_I"><displayName>MANZENT_I</displayName><value><![CDATA[8306011002011]]></value></Data>
	<Data name="TOTAL_PERS"><displayName>TOTAL_PERS</displayName><value><![CDATA[19]]></value></Data>
	<Data name="TOTAL_VIVI"><displayName>TOTAL_VIVI</displayName><value><![CDATA[10]]></value></Data>
</ExtendedData>
<styleUrl>#style1</styleUrl>
<MultiGeometry>
	<Polygon>
		<outerBoundaryIs>
			<LinearRing>
				<tessellate>1</tessellate>
				<coordinates>
					-72.66953300787975,-37.502584700310166,0.000
					-72.66954642990544,-37.50259849429512,0.000
					-72.6695878889003,-37.50259584524578,0.000
					-72.66968591687173,-37.502580890128655,0.000
					-72.67074835456255,-37.50241879985894,0.000
					-72.67076489454965,-37.502411949838894,0.000
					-72.67076699951903,-37.50239554983539,0.000
					-72.67052399106855,-37.50161809107414,0.000
					-72.67051592103695,-37.5016011690826,0.000
					-72.6705064400229,-37.5015936180934,0.000
					-72.6704936340279,-37.501596239108714,0.000
					-72.66935572245215,-37.50181970347176,0.000
					-72.66930337448359,-37.501836359534884,0.000
					-72.66930099554135,-37.50186729253968,0.000
					-72.66933906678999,-37.50200054250298,0.000
					-72.66953300787975,-37.502584700310166,0.000
				</coordinates>
			</LinearRing>
		</outerBoundaryIs>
	</Polygon>
</MultiGeometry>
</Placemark>

<Placemark>
<name>8306011003020</name>
<description><![CDATA[<p><br/>NOM_COMUNA: NACIMIENTO
<br/>MANZENT_CODIGO: 8306011003020
<br/>TOTAL_PERSONAS(2017): 75
<br/>TOTAL_VIVIENDAS(2017): 29</p>]]></description>
<ExtendedData>
	<Data name="fid"><displayName>fid</displayName><value><![CDATA[98]]></value></Data>
	<Data name="NOM_COMUNA"><displayName>NOM_COMUNA</displayName><value><![CDATA[NACIMIENTO]]></value></Data>
	<Data name="MANZENT_I"><displayName>MANZENT_I</displayName><value><![CDATA[8306011003020]]></value></Data>
	<Data name="TOTAL_PERS"><displayName>TOTAL_PERS</displayName><value><![CDATA[75]]></value></Data>
	<Data name="TOTAL_VIVI"><displayName>TOTAL_VIVI</displayName><value><![CDATA[29]]></value></Data>
</ExtendedData>
<styleUrl>#style1</styleUrl>
<MultiGeometry>
	<Polygon>
		<outerBoundaryIs>
			<LinearRing>
				<tessellate>1</tessellate>
				<coordinates>
					-72.67409560581926,-37.50203190586653,0.000
					-72.67418200133746,-37.50230963778175,0.000
					-72.67428775805864,-37.50269616068083,0.000
					-72.67439910572253,-37.50305197457134,0.000
					-72.67440650474005,-37.50306140156318,0.000
					-72.67442211875333,-37.503068558545166,0.000
					-72.6744357217583,-37.503071259529186,0.000
					-72.67444639875556,-37.50306984751648,0.000
					-72.67465122566723,-37.503023236270685,0.000
					-72.67484988858912,-37.502982090032575,0.000
					-72.67504399650603,-37.50293824079969,0.000
					-72.6751159244724,-37.50292046271333,0.000
					-72.67513997246134,-37.50291462768444,0.000
					-72.67515781844234,-37.502904525662665,0.000
					-72.67518148539982,-37.50288183163312,0.000
					-72.6751960183624,-37.50286184061465,0.000
					-72.67520950931282,-37.502835341596985,0.000
					-72.67523229019417,-37.50277189756599,0.000
					-72.67528763683968,-37.50258228048837,0.000
					-72.67532060262855,-37.50246934044215,0.000
					-72.67495272360665,-37.50245638687741,0.000
					-72.6749512965587,-37.50243068887749,0.000
					-72.67532775558276,-37.50244483543211,0.000
					-72.67534569346785,-37.50238338140697,0.000
					-72.67544200287179,-37.5020645502726,0.000
					-72.67542453386807,-37.502062494293156,0.000
					-72.67538902787437,-37.5020657603355,0.000
					-72.67527243388717,-37.50207220647409,0.000
					-72.67517784790282,-37.50208025658672,0.000
					-72.67506700993505,-37.50209714671917,0.000
					-72.6750615829366,-37.50209797372567,0.000
					-72.67505627289538,-37.5020758797306,0.000
					-72.67506195089376,-37.502075010723786,0.000
					-72.67517367686112,-37.5020579155903,0.000
					-72.67526996184536,-37.502049808475604,0.000
					-72.67538644283255,-37.50204336033715,0.000
					-72.67542920882497,-37.502039426286196,0.000
					-72.67545209080917,-37.502031045258555,0.000
					-72.67546317874084,-37.501994496243086,0.000
					-72.67548484059424,-37.50191607021243,0.000
					-72.67549231853219,-37.50188287320147,0.000
					-72.67549810049047,-37.50186054819318,0.000
					-72.67549119946331,-37.50184599320048,0.000
					-72.67548383944343,-37.50183530520851,0.000
					-72.67547135243255,-37.501829472222944,0.000
					-72.67545770743017,-37.50182812223904,0.000
					-72.67534962845461,-37.50184086336795,0.000
					-72.6752127584897,-37.50185916553136,0.000
					-72.67508689151819,-37.50187400168149,0.000
					-72.67503588152974,-37.50188001474232,0.000
					-72.67484481857943,-37.501905989970496,0.000
					-72.67469345862213,-37.5019283321513,0.000
					-72.67465516363289,-37.50193397619706,0.000
					-72.67463891463746,-37.50193636021649,0.000
					-72.67449194368145,-37.501959419392186,0.000
					-72.67421982274936,-37.501994881716946,0.000
					-72.67412492677,-37.50200562883016,0.000
					-72.67410650278295,-37.50201247485241,0.000
					-72.6740964957998,-37.502021469864864,0.000
					-72.67409560581926,-37.50203190586653,0.000
				</coordinates>
			</LinearRing>
		</outerBoundaryIs>
	</Polygon>
</MultiGeometry>
</Placemark>

<Placemark>
<name>8306011003023</name>
<description><![CDATA[<p><br/>NOM_COMUNA: NACIMIENTO
<br/>MANZENT_CODIGO: 8306011003023
<br/>TOTAL_PERSONAS(2017): 100
<br/>TOTAL_VIVIENDAS(2017): 31</p>]]></description>
<ExtendedData>
	<Data name="fid"><displayName>fid</displayName><value><![CDATA[99]]></value></Data>
	<Data name="NOM_COMUNA"><displayName>NOM_COMUNA</displayName><value><![CDATA[NACIMIENTO]]></value></Data>
	<Data name="MANZENT_I"><displayName>MANZENT_I</displayName><value><![CDATA[8306011003023]]></value></Data>
	<Data name="TOTAL_PERS"><displayName>TOTAL_PERS</displayName><value><![CDATA[100]]></value></Data>
	<Data name="TOTAL_VIVI"><displayName>TOTAL_VIVI</displayName><value><![CDATA[31]]></value></Data>
</ExtendedData>
<styleUrl>#style1</styleUrl>
<MultiGeometry>
	<Polygon>
		<outerBoundaryIs>
			<LinearRing>
				<tessellate>1</tessellate>
				<coordinates>
					-72.68312744746137,-37.50401318828526,0.000
					-72.6831764504733,-37.50401973722755,0.000
					-72.68320738844916,-37.50400691719008,0.000
					-72.68323534135259,-37.503955288153705,0.000
					-72.68370957569243,-37.50306810553559,0.000
					-72.68409710128894,-37.50231800002892,0.000
					-72.68409148223891,-37.50229121503391,0.000
					-72.68408580321304,-37.50227731603975,0.000
					-72.6840687251925,-37.502266257059254,0.000
					-72.6840456391728,-37.50225562108594,0.000
					-72.68350851687225,-37.50209278471243,0.000
					-72.68347586287716,-37.50209529875126,0.000
					-72.68344266289448,-37.50210446979118,0.000
					-72.6834110939363,-37.50212673983004,0.000
					-72.68339235297528,-37.50214754985354,0.000
					-72.68337115105359,-37.50218939888133,0.000
					-72.68303657929134,-37.50285096431968,0.000
					-72.68281317811946,-37.503293561612395,0.000
					-72.68278969021284,-37.503343476643415,0.000
					-72.68277411927883,-37.503378767664046,0.000
					-72.68277355835374,-37.503418858667274,0.000
					-72.68280173843468,-37.503462307636575,0.000
					-72.68287868859619,-37.50354906855088,0.000
					-72.68292092668891,-37.50359883150392,0.000
					-72.68296283680814,-37.50366282645828,0.000
					-72.68300305796791,-37.50374850641602,0.000
					-72.68302314308006,-37.50380864839597,0.000
					-72.68303726219057,-37.50386786238302,0.000
					-72.68304720532099,-37.503937717375614,0.000
					-72.68305436337374,-37.50396597536892,0.000
					-72.68306941842077,-37.50399123335265,0.000
					-72.683095694446,-37.50400481532237,0.000
					-72.68312744746137,-37.50401318828526,0.000
				</coordinates>
			</LinearRing>
		</outerBoundaryIs>
	</Polygon>
</MultiGeometry>
</Placemark>

<Placemark>
<name>8306011002012</name>
<description><![CDATA[<p><br/>NOM_COMUNA: NACIMIENTO
<br/>MANZENT_CODIGO: 8306011002012
<br/>TOTAL_PERSONAS(2017): 42
<br/>TOTAL_VIVIENDAS(2017): 20</p>]]></description>
<ExtendedData>
	<Data name="fid"><displayName>fid</displayName><value><![CDATA[100]]></value></Data>
	<Data name="NOM_COMUNA"><displayName>NOM_COMUNA</displayName><value><![CDATA[NACIMIENTO]]></value></Data>
	<Data name="MANZENT_I"><displayName>MANZENT_I</displayName><value><![CDATA[8306011002012]]></value></Data>
	<Data name="TOTAL_PERS"><displayName>TOTAL_PERS</displayName><value><![CDATA[42]]></value></Data>
	<Data name="TOTAL_VIVI"><displayName>TOTAL_VIVI</displayName><value><![CDATA[20]]></value></Data>
</ExtendedData>
<styleUrl>#style1</styleUrl>
<MultiGeometry>
	<Polygon>
		<outerBoundaryIs>
			<LinearRing>
				<tessellate>1</tessellate>
				<coordinates>
					-72.66839756635294,-37.50229893963799,0.000
					-72.66841820046564,-37.50235934761738,0.000
					-72.66843058953333,-37.502395613605,0.000
					-72.66873873440413,-37.502327457235396,0.000
					-72.66874383841876,-37.502335296229795,0.000
					-72.66874407442205,-37.50233704822964,0.000
					-72.66874753347004,-37.50236277622721,0.000
					-72.66844321459526,-37.50242884659214,0.000
					-72.66846124769143,-37.50248039757399,0.000
					-72.66855777620624,-37.50275634347713,0.000
					-72.66856523122964,-37.502768895469075,0.000
					-72.66859762824154,-37.50277537543105,0.000
					-72.66866758421446,-37.50276109834723,0.000
					-72.66880044516653,-37.502735857188114,0.000
					-72.66900805710307,-37.50270255593992,0.000
					-72.66932245399404,-37.50264519156361,0.000
					-72.66943995695384,-37.50262404042299,0.000
					-72.66944995092976,-37.50261119141028,0.000
					-72.66944995089244,-37.502591203409,0.000
					-72.66922433862365,-37.5019111236333,0.000
					-72.66921841858627,-37.50189107463904,0.000
					-72.66921004455251,-37.501872976647824,0.000
					-72.66919503752999,-37.50186087466488,0.000
					-72.66917420451773,-37.50185424568915,0.000
					-72.66915405751232,-37.50185127071284,0.000
					-72.66910800952961,-37.501860380768,0.000
					-72.6683149468274,-37.50201727871807,0.000
					-72.66831129183254,-37.50202001972257,0.000
					-72.6683073898631,-37.50203637172824,0.000
					-72.6683547761039,-37.50216545568022,0.000
					-72.66839756635294,-37.50229893963799,0.000
				</coordinates>
			</LinearRing>
		</outerBoundaryIs>
	</Polygon>
</MultiGeometry>
</Placemark>

<Placemark>
<name>8306011003018</name>
<description><![CDATA[<p><br/>NOM_COMUNA: NACIMIENTO
<br/>MANZENT_CODIGO: 8306011003018
<br/>TOTAL_PERSONAS(2017): 58
<br/>TOTAL_VIVIENDAS(2017): 21</p>]]></description>
<ExtendedData>
	<Data name="fid"><displayName>fid</displayName><value><![CDATA[101]]></value></Data>
	<Data name="NOM_COMUNA"><displayName>NOM_COMUNA</displayName><value><![CDATA[NACIMIENTO]]></value></Data>
	<Data name="MANZENT_I"><displayName>MANZENT_I</displayName><value><![CDATA[8306011003018]]></value></Data>
	<Data name="TOTAL_PERS"><displayName>TOTAL_PERS</displayName><value><![CDATA[58]]></value></Data>
	<Data name="TOTAL_VIVI"><displayName>TOTAL_VIVI</displayName><value><![CDATA[21]]></value></Data>
</ExtendedData>
<styleUrl>#style1</styleUrl>
<MultiGeometry>
	<Polygon>
		<outerBoundaryIs>
			<LinearRing>
				<tessellate>1</tessellate>
				<coordinates>
					-72.67946657499985,-37.502682352540916,0.000
					-72.67951619900151,-37.502683417482196,0.000
					-72.67956581098349,-37.50267393942274,0.000
					-72.67971970997182,-37.50266822223998,0.000
					-72.67987588895234,-37.50265831505423,0.000
					-72.68011603391646,-37.50263996376836,0.000
					-72.68055530884912,-37.50260542824545,0.000
					-72.68099818876215,-37.50256041771767,0.000
					-72.68120096770834,-37.50253231847552,0.000
					-72.68128251568776,-37.50252157437815,0.000
					-72.68130683568073,-37.50251790634911,0.000
					-72.68134041166121,-37.50250757130864,0.000
					-72.68136481062895,-37.50249038727864,0.000
					-72.68136808959488,-37.50247215827357,0.000
					-72.68136393956547,-37.50245639627751,0.000
					-72.68135604354369,-37.50244470628613,0.000
					-72.68129050241048,-37.50237312735929,0.000
					-72.68118907616994,-37.50224398047137,0.000
					-72.68113166501706,-37.502161927534274,0.000
					-72.68110297998034,-37.50214216856705,0.000
					-72.68106791095154,-37.502126614607626,0.000
					-72.68066937204033,-37.50217276208293,0.000
					-72.68028162912402,-37.50221624154531,0.000
					-72.67975449219045,-37.502249950172285,0.000
					-72.6795155852199,-37.50226490045647,0.000
					-72.67949307122716,-37.50226869348341,0.000
					-72.67947418125449,-37.50228328150673,0.000
					-72.67946121128641,-37.50230032952314,0.000
					-72.67945416437036,-37.50234524953432,0.000
					-72.67938875791137,-37.502634682630166,0.000
					-72.67938821394411,-37.50265224463192,0.000
					-72.67939863897021,-37.50266623762042,0.000
					-72.67941838898643,-37.502675006597606,0.000
					-72.67943761399344,-37.50267880957502,0.000
					-72.67946657499985,-37.502682352540916,0.000
				</coordinates>
			</LinearRing>
		</outerBoundaryIs>
	</Polygon>
</MultiGeometry>
</Placemark>

<Placemark>
<name>8306011002019</name>
<description><![CDATA[<p><br/>NOM_COMUNA: NACIMIENTO
<br/>MANZENT_CODIGO: 8306011002019
<br/>TOTAL_PERSONAS(2017): 92
<br/>TOTAL_VIVIENDAS(2017): 33</p>]]></description>
<ExtendedData>
	<Data name="fid"><displayName>fid</displayName><value><![CDATA[102]]></value></Data>
	<Data name="NOM_COMUNA"><displayName>NOM_COMUNA</displayName><value><![CDATA[NACIMIENTO]]></value></Data>
	<Data name="MANZENT_I"><displayName>MANZENT_I</displayName><value><![CDATA[8306011002019]]></value></Data>
	<Data name="TOTAL_PERS"><displayName>TOTAL_PERS</displayName><value><![CDATA[92]]></value></Data>
	<Data name="TOTAL_VIVI"><displayName>TOTAL_VIVI</displayName><value><![CDATA[33]]></value></Data>
</ExtendedData>
<styleUrl>#style1</styleUrl>
<MultiGeometry>
	<Polygon>
		<outerBoundaryIs>
			<LinearRing>
				<tessellate>1</tessellate>
				<coordinates>
					-72.67307747731529,-37.503364954157874,0.000
					-72.6730830623195,-37.5033672271514,0.000
					-72.67310854131085,-37.50336268312095,0.000
					-72.67328519323698,-37.503323718909066,0.000
					-72.67343721616822,-37.503287423726526,0.000
					-72.67366012307426,-37.503237836459164,0.000
					-72.67425302082187,-37.503104698747855,0.000
					-72.67427672779738,-37.50309164871896,0.000
					-72.67429491777133,-37.5030777676965,0.000
					-72.67430482674669,-37.50306462568394,0.000
					-72.67430629269255,-37.503035636680366,0.000
					-72.67424443229737,-37.50282381474032,0.000
					-72.67415424766679,-37.502485900825825,0.000
					-72.67403538783577,-37.50204054293847,0.000
					-72.67402799181805,-37.502031024946625,0.000
					-72.67401723280531,-37.502024143958955,0.000
					-72.67398304580709,-37.50202500299954,0.000
					-72.6738845498334,-37.50203874211718,0.000
					-72.67374904587469,-37.50206040427916,0.000
					-72.67348000694777,-37.50209862960054,0.000
					-72.67307174205457,-37.50215447708803,0.000
					-72.67275486714753,-37.50220320346673,0.000
					-72.67272279815799,-37.50220869850507,0.000
					-72.67270865516517,-37.5022124755221,0.000
					-72.67269855617393,-37.502217142534334,0.000
					-72.6726846021969,-37.50222939355166,0.000
					-72.67267434922859,-37.50224631356488,0.000
					-72.67267365426353,-37.50226504456691,0.000
					-72.67286334335782,-37.50285157137921,0.000
					-72.67293336971746,-37.50304436130843,0.000
					-72.67304055125055,-37.50333016219944,0.000
					-72.67304960928396,-37.50334809418988,0.000
					-72.67305639129782,-37.50335552718226,0.000
					-72.67306811030726,-37.50336062416876,0.000
					-72.67307747731529,-37.503364954157874,0.000
				</coordinates>
			</LinearRing>
		</outerBoundaryIs>
	</Polygon>
</MultiGeometry>
</Placemark>

<Placemark>
<name>8306011002023</name>
<description><![CDATA[<p><br/>NOM_COMUNA: NACIMIENTO
<br/>MANZENT_CODIGO: 8306011002023
<br/>TOTAL_PERSONAS(2017): 295
<br/>TOTAL_VIVIENDAS(2017): 93</p>]]></description>
<ExtendedData>
	<Data name="fid"><displayName>fid</displayName><value><![CDATA[103]]></value></Data>
	<Data name="NOM_COMUNA"><displayName>NOM_COMUNA</displayName><value><![CDATA[NACIMIENTO]]></value></Data>
	<Data name="MANZENT_I"><displayName>MANZENT_I</displayName><value><![CDATA[8306011002023]]></value></Data>
	<Data name="TOTAL_PERS"><displayName>TOTAL_PERS</displayName><value><![CDATA[295]]></value></Data>
	<Data name="TOTAL_VIVI"><displayName>TOTAL_VIVI</displayName><value><![CDATA[93]]></value></Data>
</ExtendedData>
<styleUrl>#style1</styleUrl>
<MultiGeometry>
	<Polygon>
		<outerBoundaryIs>
			<LinearRing>
				<tessellate>1</tessellate>
				<coordinates>
					-72.66650804211652,-37.50377257197149,0.000
					-72.66663316690175,-37.504193368849876,0.000
					-72.66683258897963,-37.50477108565017,0.000
					-72.66698008812595,-37.505385264514295,0.000
					-72.66714829295984,-37.50583223434331,0.000
					-72.66738681527117,-37.506534994105124,0.000
					-72.66768522430608,-37.5076252688206,0.000
					-72.66776134973367,-37.50785440874487,0.000
					-72.66788084829392,-37.50815469562226,0.000
					-72.66799565496618,-37.50851490850898,0.000
					-72.66805014472854,-37.50892313347031,0.000
					-72.66813849514897,-37.50914846037987,0.000
					-72.66813905715144,-37.50914979937928,0.000
					-72.66813933915272,-37.50915046737904,0.000
					-72.668146392184,-37.509167238371724,0.000
					-72.66844305211156,-37.50912942301756,0.000
					-72.66880169703222,-37.50908811258976,0.000
					-72.6694498218793,-37.50900836381628,0.000
					-72.66968211782446,-37.508979780539086,0.000
					-72.67048291762961,-37.50887807258324,0.000
					-72.67115451045696,-37.50878786778127,0.000
					-72.67142793637576,-37.50874531545438,0.000
					-72.6714715223307,-37.50872133340117,0.000
					-72.67148640029986,-37.50870488138248,0.000
					-72.67150305626421,-37.508685846361544,0.000
					-72.67152399520937,-37.50865657833487,0.000
					-72.67154683812656,-37.50861232030498,0.000
					-72.671688177755,-37.50841387312483,0.000
					-72.67196942909445,-37.50806123676904,0.000
					-72.67197916304762,-37.5080362007559,0.000
					-72.67197085703044,-37.508026972765194,0.000
					-72.67196514603046,-37.50802697277198,0.000
					-72.67196086303048,-37.50802697277705,0.000
					-72.671933737044,-37.50803411080962,0.000
					-72.67100204148693,-37.508268136929075,0.000
					-72.67096960049884,-37.50827441796791,0.000
					-72.67068610262582,-37.5083414593083,0.000
					-72.67047663873552,-37.50839947556027,0.000
					-72.67045066762743,-37.50834153958745,0.000
					-72.67073740548706,-37.50826732824275,0.000
					-72.67053159045511,-37.50771428145172,0.000
					-72.670365480661,-37.507288627621634,0.000
					-72.67025840424382,-37.50706495873441,0.000
					-72.67028219907922,-37.50697691870057,0.000
					-72.67032978774552,-37.50679845863286,0.000
					-72.67035596160761,-37.50672469559717,0.000
					-72.6703749975319,-37.506684244572014,0.000
					-72.67036547918086,-37.50649626757139,0.000
					-72.67037499678072,-37.506282115546504,0.000
					-72.67040830790938,-37.50581574147745,0.000
					-72.67041663670928,-37.50570866546078,0.000
					-72.67039997956053,-37.50562895347549,0.000
					-72.67036190827852,-37.50547785751106,0.000
					-72.67029290383225,-37.505238722577694,0.000
					-72.67027624672568,-37.505181614593795,0.000
					-72.67025982969422,-37.50516470261222,0.000
					-72.67023718570516,-37.50517049763942,0.000
					-72.66999138882417,-37.50523340793478,0.000
					-72.66981601393643,-37.50529293914644,0.000
					-72.6697686559557,-37.50530312620327,0.000
					-72.66977186599728,-37.50532536020085,0.000
					-72.6698701455832,-37.505639372104255,0.000
					-72.66984063959758,-37.50564698613972,0.000
					-72.66973807598784,-37.50532020924061,0.000
					-72.6697275139725,-37.50531197725256,0.000
					-72.66935479812453,-37.50539215569953,0.000
					-72.66935043712868,-37.50539436270486,0.000
					-72.66923509216903,-37.50541557884295,0.000
					-72.6691319441774,-37.50541971996547,0.000
					-72.66905669217344,-37.505417352054565,0.000
					-72.66900459316307,-37.5054116381159,0.000
					-72.66901461411628,-37.50538663310244,0.000
					-72.66902214511958,-37.505388430093674,0.000
					-72.66906162412894,-37.505393565047164,0.000
					-72.66913315112856,-37.50539359896235,0.000
					-72.66922032311051,-37.50538420985848,0.000
					-72.66930019307476,-37.50536531076258,0.000
					-72.66977348687273,-37.50525870619474,0.000
					-72.67022187963212,-37.50513135865505,0.000
					-72.67023865158816,-37.50510785163369,0.000
					-72.67023484455258,-37.505088815636974,0.000
					-72.67022839451649,-37.505069465643395,0.000
					-72.67018654925909,-37.50493153068426,0.000
					-72.67015775008194,-37.504836598712394,0.000
					-72.66995471483311,-37.50416733291066,0.000
					-72.66990343751772,-37.503998303960714,0.000
					-72.66988465741616,-37.50394387497954,0.000
					-72.66983937620913,-37.50383287802614,0.000
					-72.66983452120351,-37.50382984403174,0.000
					-72.66981310620588,-37.503831033057175,0.000
					-72.66976075824398,-37.50385125912054,0.000
					-72.66945737749244,-37.50398331948854,0.000
					-72.66915621864649,-37.50406481985075,0.000
					-72.66895226268117,-37.50408273709365,0.000
					-72.66883626364854,-37.50406489123004,0.000
					-72.66872323958813,-37.50403217336193,0.000
					-72.66841985733564,-37.50389602371296,0.000
					-72.66808554304436,-37.50373898009931,0.000
					-72.66807840504438,-37.50373898010776,0.000
					-72.6680665070445,-37.503738980121874,0.000
					-72.66805580005565,-37.503744929134896,0.000
					-72.66804271307352,-37.503754447151024,0.000
					-72.66804152311798,-37.50377824115397,0.000
					-72.66804747219345,-37.50381869214949,0.000
					-72.66806174831781,-37.50388531713679,0.000
					-72.66813432280625,-37.504147058067346,0.000
					-72.66816829994735,-37.5042226880319,0.000
					-72.66820094810139,-37.504305291998435,0.000
					-72.66824139938116,-37.50445519795999,0.000
					-72.66824020940341,-37.504467094962145,0.000
					-72.6682235534146,-37.504473043982266,0.000
					-72.66820451742358,-37.504477803005116,0.000
					-72.66819024040812,-37.50446947502154,0.000
					-72.66815573814166,-37.504326707053394,0.000
					-72.66812956402184,-37.504262461080316,0.000
					-72.66809343391382,-37.50420452211949,0.000
					-72.66793206897634,-37.50423747731286,0.000
					-72.66792445491954,-37.50420702031997,0.000
					-72.66795323990702,-37.50420041428544,0.000
					-72.66808435385101,-37.50417085212811,0.000
					-72.66806548472219,-37.5041018321461,0.000
					-72.66800828521454,-37.50382984619665,0.000
					-72.6679916290702,-37.503752513211474,0.000
					-72.66797446396701,-37.503697205228335,0.000
					-72.66796028893727,-37.50368125324412,0.000
					-72.66794933593273,-37.50367876425693,0.000
					-72.6678526399342,-37.50367924737161,0.000
					-72.66781661893928,-37.50368187641447,0.000
					-72.66767827297438,-37.50370021257962,0.000
					-72.6675849290091,-37.50371848769144,0.000
					-72.66758206201013,-37.50371904869485,0.000
					-72.66744275706127,-37.50374598586173,0.000
					-72.66737788309227,-37.50376236593966,0.000
					-72.66727832812998,-37.503782249058936,0.000
					-72.66704310123149,-37.503835825341206,0.000
					-72.66700693322814,-37.503833922383954,0.000
					-72.66696523121863,-37.503828709433066,0.000
					-72.66692489015288,-37.50379337647862,0.000
					-72.66691365909004,-37.503759682489815,0.000
					-72.66683561146657,-37.50342560656111,0.000
					-72.66680705843112,-37.50340657059375,0.000
					-72.66666238625778,-37.50331329575934,0.000
					-72.66656530409836,-37.50322763586902,0.000
					-72.666460607875,-37.50310771098547,0.000
					-72.66638256168703,-37.50300682207157,0.000
					-72.66631022547419,-37.502892608150056,0.000
					-72.66626454027887,-37.50278791119758,0.000
					-72.6662283720871,-37.50268511923391,0.000
					-72.6662036247993,-37.50253093025346,0.000
					-72.66619601047584,-37.50235770525151,0.000
					-72.66621812887195,-37.50203442820474,0.000
					-72.6661452099351,-37.50206800029332,0.000
					-72.66576085126783,-37.50224495976017,0.000
					-72.66576711429616,-37.50226015175369,0.000
					-72.66576716429637,-37.502260273753656,0.000
					-72.66576721429664,-37.50226039575363,0.000
					-72.66577807734578,-37.50228674374244,0.000
					-72.66585331468615,-37.50246924266484,0.000
					-72.66598224120233,-37.50274601852957,0.000
					-72.66617865390384,-37.50312226432066,0.000
					-72.66636578747014,-37.50342605411809,0.000
					-72.66650804211652,-37.50377257197149,0.000
				</coordinates>
			</LinearRing>
		</outerBoundaryIs>
	</Polygon>
</MultiGeometry>
</Placemark>

<Placemark>
<name>8306011002013</name>
<description><![CDATA[<p><br/>NOM_COMUNA: NACIMIENTO
<br/>MANZENT_CODIGO: 8306011002013
<br/>TOTAL_PERSONAS(2017): 33
<br/>TOTAL_VIVIENDAS(2017): 12</p>]]></description>
<ExtendedData>
	<Data name="fid"><displayName>fid</displayName><value><![CDATA[104]]></value></Data>
	<Data name="NOM_COMUNA"><displayName>NOM_COMUNA</displayName><value><![CDATA[NACIMIENTO]]></value></Data>
	<Data name="MANZENT_I"><displayName>MANZENT_I</displayName><value><![CDATA[8306011002013]]></value></Data>
	<Data name="TOTAL_PERS"><displayName>TOTAL_PERS</displayName><value><![CDATA[33]]></value></Data>
	<Data name="TOTAL_VIVI"><displayName>TOTAL_VIVI</displayName><value><![CDATA[12]]></value></Data>
</ExtendedData>
<styleUrl>#style1</styleUrl>
<MultiGeometry>
	<Polygon>
		<outerBoundaryIs>
			<LinearRing>
				<tessellate>1</tessellate>
				<coordinates>
					-72.66811126637235,-37.502843857011975,0.000
					-72.66813982039,-37.50285337397874,0.000
					-72.66820882438066,-37.502848614896614,0.000
					-72.66844677030814,-37.50281054361212,0.000
					-72.66847770329018,-37.50280102557483,0.000
					-72.66848365226794,-37.502789128567045,0.000
					-72.66848126223972,-37.50277401956892,0.000
					-72.66847890821192,-37.502759137570756,0.000
					-72.66847651319017,-37.50274748757287,0.000
					-72.66846699513029,-37.50271536558212,0.000
					-72.66842892390385,-37.502594012619554,0.000
					-72.6683515914955,-37.50237510269733,0.000
					-72.66823410186176,-37.50203541881505,0.000
					-72.66823403286145,-37.50203523481508,0.000
					-72.66822386885285,-37.502030594826856,0.000
					-72.66791958498276,-37.50209919719191,0.000
					-72.6678541180107,-37.50211395727046,0.000
					-72.66784934801701,-37.50211730527633,0.000
					-72.66784517502987,-37.502124162281724,0.000
					-72.66784127906001,-37.50214030628735,0.000
					-72.66784604009334,-37.50215815328288,0.000
					-72.66785434815117,-37.50218916927496,0.000
					-72.66801965709739,-37.50269633011117,0.000
					-72.66806795029028,-37.50279974406051,0.000
					-72.66809032434338,-37.502828271035796,0.000
					-72.66810218435815,-37.502836202022245,0.000
					-72.66811126637235,-37.502843857011975,0.000
				</coordinates>
			</LinearRing>
		</outerBoundaryIs>
	</Polygon>
</MultiGeometry>
</Placemark>

<Placemark>
<name>8306011002018</name>
<description><![CDATA[<p><br/>NOM_COMUNA: NACIMIENTO
<br/>MANZENT_CODIGO: 8306011002018
<br/>TOTAL_PERSONAS(2017): 52
<br/>TOTAL_VIVIENDAS(2017): 26</p>]]></description>
<ExtendedData>
	<Data name="fid"><displayName>fid</displayName><value><![CDATA[105]]></value></Data>
	<Data name="NOM_COMUNA"><displayName>NOM_COMUNA</displayName><value><![CDATA[NACIMIENTO]]></value></Data>
	<Data name="MANZENT_I"><displayName>MANZENT_I</displayName><value><![CDATA[8306011002018]]></value></Data>
	<Data name="TOTAL_PERS"><displayName>TOTAL_PERS</displayName><value><![CDATA[52]]></value></Data>
	<Data name="TOTAL_VIVI"><displayName>TOTAL_VIVI</displayName><value><![CDATA[26]]></value></Data>
</ExtendedData>
<styleUrl>#style1</styleUrl>
<MultiGeometry>
	<Polygon>
		<outerBoundaryIs>
			<LinearRing>
				<tessellate>1</tessellate>
				<coordinates>
					-72.67135326092985,-37.50368828722233,0.000
					-72.67139716295351,-37.50370109117109,0.000
					-72.67290832339194,-37.50340541636098,0.000
					-72.67292728337624,-37.50339709433799,0.000
					-72.67295174433359,-37.50337432630756,0.000
					-72.67295381630417,-37.50335859730409,0.000
					-72.67289665400757,-37.50319958536175,0.000
					-72.67283809969945,-37.503034417420736,0.000
					-72.6728036425338,-37.50294560345592,0.000
					-72.67277028434287,-37.50284329348899,0.000
					-72.67258070727593,-37.50227136767753,0.000
					-72.6725651812438,-37.50225411969483,0.000
					-72.67255533823037,-37.50224689670602,0.000
					-72.67254260522073,-37.50224168872079,0.000
					-72.67251084921234,-37.50223709775815,0.000
					-72.6721524993101,-37.50228824918616,0.000
					-72.67181879740153,-37.50233609958477,0.000
					-72.67137823352566,-37.502401127111135,0.000
					-72.67095766264451,-37.50246339261363,0.000
					-72.67093709766375,-37.50247362163864,0.000
					-72.67091668270116,-37.50249358466413,0.000
					-72.67091329873459,-37.502511451669264,0.000
					-72.67091428075719,-37.50252354666891,0.000
					-72.67108854071748,-37.50303830949492,0.000
					-72.67115030401611,-37.503198403431874,0.000
					-72.67124389445475,-37.50343356333584,0.000
					-72.67135326092985,-37.50368828722233,0.000
				</coordinates>
			</LinearRing>
		</outerBoundaryIs>
	</Polygon>
</MultiGeometry>
</Placemark>

<Placemark>
<name>8306061001014</name>
<description><![CDATA[<p><br/>NOM_COMUNA: NACIMIENTO
<br/>MANZENT_CODIGO: 8306061001014
<br/>TOTAL_PERSONAS(2017): 114
<br/>TOTAL_VIVIENDAS(2017): 39</p>]]></description>
<ExtendedData>
	<Data name="fid"><displayName>fid</displayName><value><![CDATA[106]]></value></Data>
	<Data name="NOM_COMUNA"><displayName>NOM_COMUNA</displayName><value><![CDATA[NACIMIENTO]]></value></Data>
	<Data name="MANZENT_I"><displayName>MANZENT_I</displayName><value><![CDATA[8306061001014]]></value></Data>
	<Data name="TOTAL_PERS"><displayName>TOTAL_PERS</displayName><value><![CDATA[114]]></value></Data>
	<Data name="TOTAL_VIVI"><displayName>TOTAL_VIVI</displayName><value><![CDATA[39]]></value></Data>
</ExtendedData>
<styleUrl>#style1</styleUrl>
<MultiGeometry>
	<Polygon>
		<outerBoundaryIs>
			<LinearRing>
				<tessellate>1</tessellate>
				<coordinates>
					-72.6580773830648,-37.50425430299642,0.000
					-72.65810493806734,-37.504255749963896,0.000
					-72.65812029205556,-37.504249475945244,0.000
					-72.65812862004452,-37.50424360393503,0.000
					-72.65813711203047,-37.50423611192449,0.000
					-72.6581415990192,-37.50423007291874,0.000
					-72.65825176116694,-37.50323871872501,0.000
					-72.6583516953446,-37.50226329254434,0.000
					-72.65835001431661,-37.5022482995454,0.000
					-72.65834197829666,-37.502237596554195,0.000
					-72.6583319212881,-37.50223297856583,0.000
					-72.65833049228688,-37.50223232256749,0.000
					-72.65831999827864,-37.502227878579625,0.000
					-72.65829914528116,-37.502229177604455,0.000
					-72.65827604828937,-37.50223349563209,0.000
					-72.65768328668743,-37.502444866348284,0.000
					-72.6576661457182,-37.50246128836965,0.000
					-72.65766190274873,-37.50247760537574,0.000
					-72.65765533580993,-37.50251036738559,0.000
					-72.65764778149116,-37.502875101417814,0.000
					-72.65761393587836,-37.503617714505296,0.000
					-72.65759052274345,-37.50408081156253,0.000
					-72.65759818677215,-37.504096193554446,0.000
					-72.65761792279584,-37.504108930531885,0.000
					-72.65763407581065,-37.50411691151321,0.000
					-72.6580773830648,-37.50425430299642,0.000
				</coordinates>
			</LinearRing>
		</outerBoundaryIs>
	</Polygon>
</MultiGeometry>
</Placemark>

<Placemark>
<name>8306011002017</name>
<description><![CDATA[<p><br/>NOM_COMUNA: NACIMIENTO
<br/>MANZENT_CODIGO: 8306011002017
<br/>TOTAL_PERSONAS(2017): 55
<br/>TOTAL_VIVIENDAS(2017): 19</p>]]></description>
<ExtendedData>
	<Data name="fid"><displayName>fid</displayName><value><![CDATA[107]]></value></Data>
	<Data name="NOM_COMUNA"><displayName>NOM_COMUNA</displayName><value><![CDATA[NACIMIENTO]]></value></Data>
	<Data name="MANZENT_I"><displayName>MANZENT_I</displayName><value><![CDATA[8306011002017]]></value></Data>
	<Data name="TOTAL_PERS"><displayName>TOTAL_PERS</displayName><value><![CDATA[55]]></value></Data>
	<Data name="TOTAL_VIVI"><displayName>TOTAL_VIVI</displayName><value><![CDATA[19]]></value></Data>
</ExtendedData>
<styleUrl>#style1</styleUrl>
<MultiGeometry>
	<Polygon>
		<outerBoundaryIs>
			<LinearRing>
				<tessellate>1</tessellate>
				<coordinates>
					-72.66989878297481,-37.5037076199478,0.000
					-72.66991162898447,-37.503712829932894,0.000
					-72.66992577098424,-37.50371274791615,0.000
					-72.67008159286809,-37.50365106772747,0.000
					-72.67014881680944,-37.503619880645815,0.000
					-72.67034855564113,-37.50353041540337,0.000
					-72.67080625309491,-37.50323947284235,0.000
					-72.67097863590487,-37.503138279631564,0.000
					-72.67099386485498,-37.50311162961183,0.000
					-72.67099236377652,-37.50306960061096,0.000
					-72.67097786169585,-37.50302637162536,0.000
					-72.67082063882151,-37.50255769178205,0.000
					-72.67081971681844,-37.50255606078305,0.000
					-72.67080146772342,-37.50250512180146,0.000
					-72.67077941270936,-37.502497513827095,0.000
					-72.66973243399649,-37.50264785007773,0.000
					-72.66968330601178,-37.5026558791365,0.000
					-72.66961057403445,-37.50266776422345,0.000
					-72.66957666405357,-37.50267789826434,0.000
					-72.6695751300556,-37.5026789712662,0.000
					-72.6695664020887,-37.50269667827769,0.000
					-72.66956618709222,-37.50269855727804,0.000
					-72.66956618713132,-37.5027194962794,0.000
					-72.66956880516753,-37.50273889327749,0.000
					-72.66981111454504,-37.503477225037095,0.000
					-72.66986595385683,-37.5036443239827,0.000
					-72.66987295889543,-37.50366502497569,0.000
					-72.66989273296456,-37.50370209295458,0.000
					-72.66989878297481,-37.5037076199478,0.000
				</coordinates>
			</LinearRing>
		</outerBoundaryIs>
	</Polygon>
</MultiGeometry>
</Placemark>

<Placemark>
<name>8306011003024</name>
<description><![CDATA[<p><br/>NOM_COMUNA: NACIMIENTO
<br/>MANZENT_CODIGO: 8306011003024
<br/>TOTAL_PERSONAS(2017): 54
<br/>TOTAL_VIVIENDAS(2017): 20</p>]]></description>
<ExtendedData>
	<Data name="fid"><displayName>fid</displayName><value><![CDATA[108]]></value></Data>
	<Data name="NOM_COMUNA"><displayName>NOM_COMUNA</displayName><value><![CDATA[NACIMIENTO]]></value></Data>
	<Data name="MANZENT_I"><displayName>MANZENT_I</displayName><value><![CDATA[8306011003024]]></value></Data>
	<Data name="TOTAL_PERS"><displayName>TOTAL_PERS</displayName><value><![CDATA[54]]></value></Data>
	<Data name="TOTAL_VIVI"><displayName>TOTAL_VIVI</displayName><value><![CDATA[20]]></value></Data>
</ExtendedData>
<styleUrl>#style1</styleUrl>
<MultiGeometry>
	<Polygon>
		<outerBoundaryIs>
			<LinearRing>
				<tessellate>1</tessellate>
				<coordinates>
					-72.68222342884516,-37.50368003433587,0.000
					-72.68232830596631,-37.50374526521568,0.000
					-72.68237132589553,-37.50370753916227,0.000
					-72.68243689380193,-37.503657640081435,0.000
					-72.68252841366416,-37.503584187968336,0.000
					-72.68264163250005,-37.503496743828585,0.000
					-72.68268275943433,-37.50346168477765,0.000
					-72.68263433738049,-37.50343270783323,0.000
					-72.68249488321645,-37.503344358992926,0.000
					-72.68235365102989,-37.50324398915398,0.000
					-72.68225667188949,-37.503168459264224,0.000
					-72.68216588475073,-37.50309386236711,0.000
					-72.68210261563055,-37.50302926743806,0.000
					-72.68200947444275,-37.502928400542096,0.000
					-72.6819061382833,-37.50284265265916,0.000
					-72.68189334727026,-37.50283564267391,0.000
					-72.68188304426411,-37.50283228568587,0.000
					-72.68186619426393,-37.50283213570585,0.000
					-72.68183894027739,-37.502839260738625,0.000
					-72.68181031530533,-37.502854108773455,0.000
					-72.68177474434971,-37.50287774181713,0.000
					-72.6817219744218,-37.50291617688214,0.000
					-72.68166805052269,-37.50296999894944,0.000
					-72.68161281065518,-37.50304073801941,0.000
					-72.68158672878906,-37.503112320054825,0.000
					-72.68159915587192,-37.50315672104292,0.000
					-72.68164231498393,-37.50321686599551,0.000
					-72.68174067717743,-37.503320810885505,0.000
					-72.6819059074241,-37.503453463698,0.000
					-72.68202207759406,-37.50354487056607,0.000
					-72.68210996671652,-37.503610759466014,0.000
					-72.68222342884516,-37.50368003433587,0.000
				</coordinates>
			</LinearRing>
		</outerBoundaryIs>
	</Polygon>
</MultiGeometry>
</Placemark>

<Placemark>
<name>8306011002016</name>
<description><![CDATA[<p><br/>NOM_COMUNA: NACIMIENTO
<br/>MANZENT_CODIGO: 8306011002016
<br/>TOTAL_PERSONAS(2017): 17
<br/>TOTAL_VIVIENDAS(2017): 14</p>]]></description>
<ExtendedData>
	<Data name="fid"><displayName>fid</displayName><value><![CDATA[109]]></value></Data>
	<Data name="NOM_COMUNA"><displayName>NOM_COMUNA</displayName><value><![CDATA[NACIMIENTO]]></value></Data>
	<Data name="MANZENT_I"><displayName>MANZENT_I</displayName><value><![CDATA[8306011002016]]></value></Data>
	<Data name="TOTAL_PERS"><displayName>TOTAL_PERS</displayName><value><![CDATA[17]]></value></Data>
	<Data name="TOTAL_VIVI"><displayName>TOTAL_VIVI</displayName><value><![CDATA[14]]></value></Data>
</ExtendedData>
<styleUrl>#style1</styleUrl>
<MultiGeometry>
	<Polygon>
		<outerBoundaryIs>
			<LinearRing>
				<tessellate>1</tessellate>
				<coordinates>
					-72.66904693551861,-37.50399599297593,0.000
					-72.66911807852655,-37.50400046689185,0.000
					-72.66920146651196,-37.50399294479254,0.000
					-72.6693875384137,-37.50394093656867,0.000
					-72.66948127436063,-37.50391282345571,0.000
					-72.66970669716574,-37.5038092021819,0.000
					-72.66976380411559,-37.50378255211254,0.000
					-72.66979549607234,-37.50375950307351,0.000
					-72.66980415004055,-37.50374251806217,0.000
					-72.66979806796964,-37.50370450606697,0.000
					-72.66977332182401,-37.50362645909136,0.000
					-72.66975183170024,-37.503560122112596,0.000
					-72.6697187375181,-37.50346250214567,0.000
					-72.66946372811475,-37.50271028540025,0.000
					-72.66946209111235,-37.50270898040209,0.000
					-72.66946066111022,-37.50270783940373,0.000
					-72.66945305209892,-37.502701771412355,0.000
					-72.66942812109183,-37.50269788344168,0.000
					-72.66940182510093,-37.50270267147313,0.000
					-72.66907676021351,-37.50276191286224,0.000
					-72.6685937973808,-37.50284993144034,0.000
					-72.66858618339687,-37.502858497449935,0.000
					-72.66858427941999,-37.50287087045297,0.000
					-72.66862132460506,-37.50297006841535,0.000
					-72.66868984996961,-37.50316550234649,0.000
					-72.66880291654911,-37.50347611623217,0.000
					-72.66886435590091,-37.50366468217132,0.000
					-72.66891965218592,-37.50381744811544,0.000
					-72.66895897640543,-37.50393510607631,0.000
					-72.66896647245109,-37.503959586068966,0.000
					-72.66898003248585,-37.50397823805405,0.000
					-72.66899976251004,-37.503991243031535,0.000
					-72.66901605951519,-37.50399405101237,0.000
					-72.66904693551861,-37.50399599297593,0.000
				</coordinates>
			</LinearRing>
		</outerBoundaryIs>
	</Polygon>
</MultiGeometry>
</Placemark>

<Placemark>
<name>8306061001016</name>
<description><![CDATA[<p><br/>NOM_COMUNA: NACIMIENTO
<br/>MANZENT_CODIGO: 8306061001016
<br/>TOTAL_PERSONAS(2017): 63
<br/>TOTAL_VIVIENDAS(2017): 25</p>]]></description>
<ExtendedData>
	<Data name="fid"><displayName>fid</displayName><value><![CDATA[110]]></value></Data>
	<Data name="NOM_COMUNA"><displayName>NOM_COMUNA</displayName><value><![CDATA[NACIMIENTO]]></value></Data>
	<Data name="MANZENT_I"><displayName>MANZENT_I</displayName><value><![CDATA[8306061001016]]></value></Data>
	<Data name="TOTAL_PERS"><displayName>TOTAL_PERS</displayName><value><![CDATA[63]]></value></Data>
	<Data name="TOTAL_VIVI"><displayName>TOTAL_VIVI</displayName><value><![CDATA[25]]></value></Data>
</ExtendedData>
<styleUrl>#style1</styleUrl>
<MultiGeometry>
	<Polygon>
		<outerBoundaryIs>
			<LinearRing>
				<tessellate>1</tessellate>
				<coordinates>
					-72.65607835623372,-37.50326804430334,0.000
					-72.65609811923554,-37.503269067279966,0.000
					-72.65693566504605,-37.50317007228078,0.000
					-72.6575271109095,-37.50309872057512,0.000
					-72.65755437389569,-37.503091421542344,0.000
					-72.65756823187189,-37.50307871952505,0.000
					-72.65756964386185,-37.50307334052308,0.000
					-72.65760217578301,-37.50249579544769,0.000
					-72.65760104976242,-37.50248477844829,0.000
					-72.65759093074531,-37.50247556645969,0.000
					-72.65758043773702,-37.50247112247184,0.000
					-72.65756353773986,-37.502472589491965,0.000
					-72.65751899976539,-37.50248612454568,0.000
					-72.65693622216143,-37.50269642824991,0.000
					-72.65651198245114,-37.50285030876266,0.000
					-72.65608582174063,-37.50300405927766,0.000
					-72.65605265877582,-37.50302277631814,0.000
					-72.65603351783137,-37.50305249534272,0.000
					-72.65602475994237,-37.5031118883569,0.000
					-72.65602263113033,-37.503212507365866,0.000
					-72.65603026718092,-37.503239603358544,0.000
					-72.65604188420988,-37.503255154345744,0.000
					-72.65606198922495,-37.50326330332244,0.000
					-72.65607835623372,-37.50326804430334,0.000
				</coordinates>
			</LinearRing>
		</outerBoundaryIs>
	</Polygon>
</MultiGeometry>
</Placemark>

<Placemark>
<name>8306061001043</name>
<description><![CDATA[<p><br/>NOM_COMUNA: NACIMIENTO
<br/>MANZENT_CODIGO: 8306061001043
<br/>TOTAL_PERSONAS(2017): 141
<br/>TOTAL_VIVIENDAS(2017): 45</p>]]></description>
<ExtendedData>
	<Data name="fid"><displayName>fid</displayName><value><![CDATA[111]]></value></Data>
	<Data name="NOM_COMUNA"><displayName>NOM_COMUNA</displayName><value><![CDATA[NACIMIENTO]]></value></Data>
	<Data name="MANZENT_I"><displayName>MANZENT_I</displayName><value><![CDATA[8306061001043]]></value></Data>
	<Data name="TOTAL_PERS"><displayName>TOTAL_PERS</displayName><value><![CDATA[141]]></value></Data>
	<Data name="TOTAL_VIVI"><displayName>TOTAL_VIVI</displayName><value><![CDATA[45]]></value></Data>
</ExtendedData>
<styleUrl>#style1</styleUrl>
<MultiGeometry>
	<Polygon>
		<outerBoundaryIs>
			<LinearRing>
				<tessellate>1</tessellate>
				<coordinates>
					-72.66189434985178,-37.505222561533095,0.000
					-72.6618600858662,-37.50523017557422,0.000
					-72.66166337708599,-37.50481186578081,0.000
					-72.66094279692864,-37.50526078666364,0.000
					-72.66093927493245,-37.5052628386679,0.000
					-72.66084344503047,-37.50531499278483,0.000
					-72.66084168903224,-37.50531594878698,0.000
					-72.6608393790348,-37.50531732278983,0.000
					-72.660496514418,-37.50552142720928,0.000
					-72.66049474041976,-37.50552236021145,0.000
					-72.66049385442064,-37.505522825212516,0.000
					-72.66048671345746,-37.50554249922229,0.000
					-72.66048833251517,-37.50557341422231,0.000
					-72.66049511757305,-37.50560443321623,0.000
					-72.66063484210073,-37.50588734706863,0.000
					-72.66068230529383,-37.50599086201892,0.000
					-72.6606823202939,-37.50599089401892,0.000
					-72.66068233529397,-37.505990926018896,0.000
					-72.66070107637023,-37.50603179899928,0.000
					-72.66072524646853,-37.506084514974006,0.000
					-72.66091767416141,-37.5064560247695,0.000
					-72.6610859057278,-37.506759717589375,0.000
					-72.66118544809974,-37.50695913548408,0.000
					-72.66122041327489,-37.507053009448626,0.000
					-72.66124181848986,-37.50716815243053,0.000
					-72.66125991378118,-37.507324142418994,0.000
					-72.66129596250752,-37.50771308040104,0.000
					-72.66130726358939,-37.50775692139047,0.000
					-72.66131238960753,-37.50776666538496,0.000
					-72.6613187186214,-37.50777409037798,0.000
					-72.66132713063243,-37.507780024368365,0.000
					-72.66216159944672,-37.50768318437285,0.000
					-72.66217799643344,-37.507676119352986,0.000
					-72.66218357441782,-37.50766775934586,0.000
					-72.66218931239928,-37.50765786933843,0.000
					-72.66219313438037,-37.50764776233322,0.000
					-72.66219371836576,-37.50763993333205,0.000
					-72.66217308006408,-37.50747839534626,0.000
					-72.66213583743603,-37.507142062369,0.000
					-72.66215661143487,-37.507141526344334,0.000
					-72.66217738643374,-37.50714099331966,0.000
					-72.66220541491772,-37.507400143302895,0.000
					-72.66223593043894,-37.50767924928448,0.000
					-72.6622374684415,-37.50768063028274,0.000
					-72.6624360403961,-37.50765695304582,0.000
					-72.66285600730875,-37.507611465545075,0.000
					-72.66285930637041,-37.50764447854325,0.000
					-72.66253568343672,-37.507678995929105,0.000
					-72.6622139855031,-37.507713539312704,0.000
					-72.66219470252354,-37.50772439233626,0.000
					-72.66218829653458,-37.507730303344246,0.000
					-72.66218750155511,-37.50774128234584,0.000
					-72.66224818487927,-37.50845026231904,0.000
					-72.66222618988606,-37.508453825345335,0.000
					-72.66220406989285,-37.508457409371815,0.000
					-72.6621971457115,-37.5083603063738,0.000
					-72.66214242859229,-37.50776102640052,0.000
					-72.6621374275463,-37.50773641540494,0.000
					-72.6621279755366,-37.507731182415775,0.000
					-72.66134741368438,-37.50780791134609,0.000
					-72.66133118069466,-37.50781335736566,0.000
					-72.66131561271253,-37.507822872384715,0.000
					-72.6613106257605,-37.50784854639229,0.000
					-72.66134936074597,-37.50837613737993,0.000
					-72.66140726678903,-37.50893465834685,0.000
					-72.66141612700791,-37.509051829343804,0.000
					-72.66144466071268,-37.509429149333975,0.000
					-72.66148943960054,-37.50990450231116,0.000
					-72.66149469568539,-37.50994993530783,0.000
					-72.66150402872253,-37.50996985529803,0.000
					-72.66152280874267,-37.50998068127646,0.000
					-72.66155700274746,-37.50998334123609,0.000
					-72.66161449873861,-37.50997880316759,0.000
					-72.66181071369358,-37.509955293933494,0.000
					-72.66233616056938,-37.50989042530635,0.000
					-72.6627404514738,-37.50984051082385,0.000
					-72.66284640245095,-37.50982864269747,0.000
					-72.66305808740543,-37.50980492644501,0.000
					-72.66324289936567,-37.50978422122456,0.000
					-72.66371975625243,-37.50972508065541,0.000
					-72.66467711703086,-37.50960947751299,0.000
					-72.66577031776204,-37.50946906720798,0.000
					-72.66675668952323,-37.509344378030576,0.000
					-72.66698100546849,-37.509315786762826,0.000
					-72.66697743443493,-37.50929780176592,0.000
					-72.66697739343451,-37.50929759376593,0.000
					-72.66697735243416,-37.509297386766015,0.000
					-72.66697718743261,-37.50929655776615,0.000
					-72.66694921516994,-37.50915587279037,0.000
					-72.66693575877602,-37.50894500379293,0.000
					-72.66690135943071,-37.50876003482194,0.000
					-72.66682676705378,-37.508558049897545,0.000
					-72.66674242973217,-37.50838561098659,0.000
					-72.66669259539678,-37.508205924034264,0.000
					-72.66659281472597,-37.507846548129734,0.000
					-72.66654310229512,-37.50761576717405,0.000
					-72.66647219674465,-37.50732085423936,0.000
					-72.66637805929864,-37.507081805335766,0.000
					-72.66630381282648,-37.50682882140774,0.000
					-72.66620979528523,-37.506538768500754,0.000
					-72.66614030288072,-37.50632201456937,0.000
					-72.6660432913224,-37.506022800665384,0.000
					-72.66589915772067,-37.50570021581577,0.000
					-72.66580332004455,-37.50533794290636,0.000
					-72.66571669141986,-37.50500324798778,0.000
					-72.66564427408247,-37.50482239306215,0.000
					-72.66549803662079,-37.50457474321976,0.000
					-72.66544251524014,-37.50437079227261,0.000
					-72.66538235979156,-37.504130431328655,0.000
					-72.66530900647655,-37.503961543404934,0.000
					-72.66521875420494,-37.50381584150265,0.000
					-72.66510074887492,-37.503638770631305,0.000
					-72.6649720044429,-37.50340705676911,0.000
					-72.66486749206345,-37.5032035778801,0.000
					-72.664799303805,-37.503064980952146,0.000
					-72.66470999351102,-37.50290731204801,0.000
					-72.66466190928351,-37.5027853180972,0.000
					-72.66465141123383,-37.50275868510795,0.000
					-72.66465135723352,-37.50275854910803,0.000
					-72.66465130423332,-37.50275841310811,0.000
					-72.66465000822713,-37.50275512410941,0.000
					-72.66464720221386,-37.50274800511226,0.000
					-72.66464608220637,-37.50274398111339,0.000
					-72.6641762435883,-37.50294700468322,0.000
					-72.66395087780359,-37.50306157395767,0.000
					-72.66385224993108,-37.50312952007893,0.000
					-72.66368784123,-37.50328904828394,0.000
					-72.6636865182323,-37.503290293285616,0.000
					-72.66310989321865,-37.50381659900264,0.000
					-72.66310823622138,-37.50381805700469,0.000
					-72.66273365581706,-37.50413582446897,0.000
					-72.66262919095243,-37.50420797159743,0.000
					-72.66262701595517,-37.50420941160011,0.000
					-72.66244595217078,-37.50432428882204,0.000
					-72.66244548317128,-37.50432458382263,0.000
					-72.66219389046556,-37.504481339130855,0.000
					-72.66215913350622,-37.50450299517342,0.000
					-72.66213238153745,-37.504519662206214,0.000
					-72.66211296056018,-37.50453176222999,0.000
					-72.66169539004855,-37.50479192074158,0.000
					-72.66189390185004,-37.50522163853362,0.000
					-72.66189434985178,-37.505222561533095,0.000
				</coordinates>
			</LinearRing>
		</outerBoundaryIs>
	</Polygon>
</MultiGeometry>
</Placemark>

<Placemark>
<name>8306011003021</name>
<description><![CDATA[<p><br/>NOM_COMUNA: NACIMIENTO
<br/>MANZENT_CODIGO: 8306011003021
<br/>TOTAL_PERSONAS(2017): 20
<br/>TOTAL_VIVIENDAS(2017): 9</p>]]></description>
<ExtendedData>
	<Data name="fid"><displayName>fid</displayName><value><![CDATA[112]]></value></Data>
	<Data name="NOM_COMUNA"><displayName>NOM_COMUNA</displayName><value><![CDATA[NACIMIENTO]]></value></Data>
	<Data name="MANZENT_I"><displayName>MANZENT_I</displayName><value><![CDATA[8306011003021]]></value></Data>
	<Data name="TOTAL_PERS"><displayName>TOTAL_PERS</displayName><value><![CDATA[20]]></value></Data>
	<Data name="TOTAL_VIVI"><displayName>TOTAL_VIVI</displayName><value><![CDATA[9]]></value></Data>
</ExtendedData>
<styleUrl>#style1</styleUrl>
<MultiGeometry>
	<Polygon>
		<outerBoundaryIs>
			<LinearRing>
				<tessellate>1</tessellate>
				<coordinates>
					-72.67472547367261,-37.50409718425067,0.000
					-72.67474561468566,-37.50410424922721,0.000
					-72.67492521465228,-37.504086969013244,0.000
					-72.67494437764259,-37.50408184899019,0.000
					-72.67496116762595,-37.5040729879697,0.000
					-72.6749813775941,-37.5040559939447,0.000
					-72.67499438655307,-37.50403408092789,0.000
					-72.67509271656317,-37.50350441577779,0.000
					-72.67515213089375,-37.50314619768467,0.000
					-72.67518238264542,-37.50301332964042,0.000
					-72.67517064058964,-37.50298345065244,0.000
					-72.67514982456954,-37.50297258667643,0.000
					-72.6751273955648,-37.50296998270283,0.000
					-72.67485424567411,-37.503027595030304,0.000
					-72.67458165279065,-37.50308909335731,0.000
					-72.67447706883613,-37.50311307748281,0.000
					-72.67445862785002,-37.50312046450516,0.000
					-72.67443401687457,-37.503133496535135,0.000
					-72.67442250790008,-37.50314714854966,0.000
					-72.67441872192373,-37.50315978055494,0.000
					-72.67451927750884,-37.5034733864556,0.000
					-72.6745815538859,-37.50367548439458,0.000
					-72.67467688248614,-37.50399718830191,0.000
					-72.67469379259843,-37.504057359285696,0.000
					-72.67470678164716,-37.50408347827195,0.000
					-72.67472547367261,-37.50409718425067,0.000
				</coordinates>
			</LinearRing>
		</outerBoundaryIs>
	</Polygon>
</MultiGeometry>
</Placemark>

<Placemark>
<name>8306011002015</name>
<description><![CDATA[<p><br/>NOM_COMUNA: NACIMIENTO
<br/>MANZENT_CODIGO: 8306011002015
<br/>TOTAL_PERSONAS(2017): 26
<br/>TOTAL_VIVIENDAS(2017): 10</p>]]></description>
<ExtendedData>
	<Data name="fid"><displayName>fid</displayName><value><![CDATA[113]]></value></Data>
	<Data name="NOM_COMUNA"><displayName>NOM_COMUNA</displayName><value><![CDATA[NACIMIENTO]]></value></Data>
	<Data name="MANZENT_I"><displayName>MANZENT_I</displayName><value><![CDATA[8306011002015]]></value></Data>
	<Data name="TOTAL_PERS"><displayName>TOTAL_PERS</displayName><value><![CDATA[26]]></value></Data>
	<Data name="TOTAL_VIVI"><displayName>TOTAL_VIVI</displayName><value><![CDATA[10]]></value></Data>
</ExtendedData>
<styleUrl>#style1</styleUrl>
<MultiGeometry>
	<Polygon>
		<outerBoundaryIs>
			<LinearRing>
				<tessellate>1</tessellate>
				<coordinates>
					-72.66884057351228,-37.50399194522031,0.000
					-72.66889577651911,-37.503995753155074,0.000
					-72.66890148749414,-37.503982428147474,0.000
					-72.66887359634478,-37.50390236917543,0.000
					-72.66885199421712,-37.50383394919671,0.000
					-72.66874920169508,-37.50355412530085,0.000
					-72.66859120385702,-37.50310488245958,0.000
					-72.66851874649981,-37.502913388533344,0.000
					-72.66849968145078,-37.50288708255428,0.000
					-72.66849226844305,-37.502882916562804,0.000
					-72.66845737842829,-37.50287492160363,0.000
					-72.66839308744161,-37.502881852680304,0.000
					-72.6680309035076,-37.502916008111804,0.000
					-72.6679743575085,-37.502916302178875,0.000
					-72.66784690352104,-37.50292260333034,0.000
					-72.66784392052253,-37.50292339933392,0.000
					-72.6678191525428,-37.50293417436399,0.000
					-72.66780545557067,-37.50294904338116,0.000
					-72.66780027760986,-37.50297002838861,0.000
					-72.6678007396238,-37.502977492388574,0.000
					-72.6678267377758,-37.50305895336288,0.000
					-72.66797761861493,-37.50350869821261,0.000
					-72.66798753366068,-37.503533246202416,0.000
					-72.66801366978403,-37.503599357175666,0.000
					-72.66803518684259,-37.50363078315211,0.000
					-72.66807858391486,-37.503669611103135,0.000
					-72.66812292695839,-37.50369308605203,0.000
					-72.6683247061314,-37.50378636081881,0.000
					-72.66864831238544,-37.503923417443836,0.000
					-72.66884057351228,-37.50399194522031,0.000
				</coordinates>
			</LinearRing>
		</outerBoundaryIs>
	</Polygon>
</MultiGeometry>
</Placemark>

<Placemark>
<name>8306011002014</name>
<description><![CDATA[<p><br/>NOM_COMUNA: NACIMIENTO
<br/>MANZENT_CODIGO: 8306011002014
<br/>TOTAL_PERSONAS(2017): 31
<br/>TOTAL_VIVIENDAS(2017): 10</p>]]></description>
<ExtendedData>
	<Data name="fid"><displayName>fid</displayName><value><![CDATA[114]]></value></Data>
	<Data name="NOM_COMUNA"><displayName>NOM_COMUNA</displayName><value><![CDATA[NACIMIENTO]]></value></Data>
	<Data name="MANZENT_I"><displayName>MANZENT_I</displayName><value><![CDATA[8306011002014]]></value></Data>
	<Data name="TOTAL_PERS"><displayName>TOTAL_PERS</displayName><value><![CDATA[31]]></value></Data>
	<Data name="TOTAL_VIVI"><displayName>TOTAL_VIVI</displayName><value><![CDATA[10]]></value></Data>
</ExtendedData>
<styleUrl>#style1</styleUrl>
<MultiGeometry>
	<Polygon>
		<outerBoundaryIs>
			<LinearRing>
				<tessellate>1</tessellate>
				<coordinates>
					-72.66755213316188,-37.503264791701504,0.000
					-72.6675200111754,-37.50327192974002,0.000
					-72.66740683152432,-37.50292295985202,0.000
					-72.66726033053584,-37.50292866802605,0.000
					-72.66724712653921,-37.50293040904183,0.000
					-72.66718529955476,-37.502938560115666,0.000
					-72.66714841759948,-37.50296235516092,0.000
					-72.66714246861504,-37.502970683168456,0.000
					-72.66714365866834,-37.50299923616886,0.000
					-72.66717935084144,-37.50309203513244,0.000
					-72.66721266399236,-37.5031729370981,0.000
					-72.66723407909221,-37.503226475076126,0.000
					-72.66723645812333,-37.50324313107433,0.000
					-72.66724132815831,-37.50326187606978,0.000
					-72.66723777117267,-37.50326955507451,0.000
					-72.66722303519788,-37.503282994092814,0.000
					-72.66716447925026,-37.50331085516398,0.000
					-72.6669530733968,-37.503388636419544,0.000
					-72.66691939944195,-37.50341271946094,0.000
					-72.6669189274435,-37.50341354546158,0.000
					-72.66691490450306,-37.503445404468366,0.000
					-72.66693955773188,-37.50356801944694,0.000
					-72.66695147284251,-37.503627282436604,0.000
					-72.66699154808464,-37.50375703239731,0.000
					-72.66700084010391,-37.50376739938697,0.000
					-72.66700787310954,-37.503770422378814,0.000
					-72.66702758311453,-37.503773154355606,0.000
					-72.66709639810485,-37.503768206273755,0.000
					-72.66716509307884,-37.503754480191425,0.000
					-72.66730777002472,-37.50372597202045,0.000
					-72.6674617989512,-37.50368711083538,0.000
					-72.66765904887684,-37.503647931599076,0.000
					-72.66785847884238,-37.50363011836153,0.000
					-72.66792107885011,-37.5036344392876,0.000
					-72.66793967983044,-37.503623988264906,0.000
					-72.66793899978751,-37.50360097726424,0.000
					-72.66787163250024,-37.50344698633433,0.000
					-72.66779634505332,-37.50320743840836,0.000
					-72.66771782263159,-37.50298138948712,0.000
					-72.66771150554162,-37.50293318949155,0.000
					-72.66770878050055,-37.50291119549337,0.000
					-72.6674390915218,-37.50292170281376,0.000
					-72.66755213316188,-37.503264791701504,0.000
				</coordinates>
			</LinearRing>
		</outerBoundaryIs>
	</Polygon>
</MultiGeometry>
</Placemark>

<Placemark>
<name>8306011002020</name>
<description><![CDATA[<p><br/>NOM_COMUNA: NACIMIENTO
<br/>MANZENT_CODIGO: 8306011002020
<br/>TOTAL_PERSONAS(2017): 88
<br/>TOTAL_VIVIENDAS(2017): 28</p>]]></description>
<ExtendedData>
	<Data name="fid"><displayName>fid</displayName><value><![CDATA[115]]></value></Data>
	<Data name="NOM_COMUNA"><displayName>NOM_COMUNA</displayName><value><![CDATA[NACIMIENTO]]></value></Data>
	<Data name="MANZENT_I"><displayName>MANZENT_I</displayName><value><![CDATA[8306011002020]]></value></Data>
	<Data name="TOTAL_PERS"><displayName>TOTAL_PERS</displayName><value><![CDATA[88]]></value></Data>
	<Data name="TOTAL_VIVI"><displayName>TOTAL_VIVI</displayName><value><![CDATA[28]]></value></Data>
</ExtendedData>
<styleUrl>#style1</styleUrl>
<MultiGeometry>
	<Polygon>
		<outerBoundaryIs>
			<LinearRing>
				<tessellate>1</tessellate>
				<coordinates>
					-72.67349545221724,-37.50438466772697,0.000
					-72.67354019522689,-37.50438996467429,0.000
					-72.67366794316932,-37.50435958952094,0.000
					-72.67419090194714,-37.50424237689356,0.000
					-72.674506904805,-37.504167315514174,0.000
					-72.67455783078277,-37.50415561245307,0.000
					-72.67458864976591,-37.504146666415984,0.000
					-72.67461305674695,-37.50413660338644,0.000
					-72.67462657971585,-37.50412001836933,0.000
					-72.67462948468399,-37.5041029533648,0.000
					-72.6746216996284,-37.50407315137217,0.000
					-72.67455149619738,-37.50384214944075,0.000
					-72.6744789757493,-37.50360200051152,0.000
					-72.67434194995622,-37.50317692264702,0.000
					-72.6743376619352,-37.50316566365143,0.000
					-72.67432506091076,-37.503152528665524,0.000
					-72.67431264490249,-37.50314804867991,0.000
					-72.6742618179255,-37.50316020374098,0.000
					-72.67353783023243,-37.50332211960945,0.000
					-72.67314470539425,-37.5034074630809,0.000
					-72.67312842542101,-37.50342174110107,0.000
					-72.67311738545926,-37.503442160115476,0.000
					-72.67311318849397,-37.503460732121624,0.000
					-72.67312000455343,-37.50349258811558,0.000
					-72.67325813923175,-37.50385622897484,0.000
					-72.67344966716148,-37.50435465677938,0.000
					-72.67346991419544,-37.504372899756525,0.000
					-72.67349545221724,-37.50438466772697,0.000
				</coordinates>
			</LinearRing>
		</outerBoundaryIs>
	</Polygon>
</MultiGeometry>
</Placemark>

<Placemark>
<name>8306011002022</name>
<description><![CDATA[<p><br/>NOM_COMUNA: NACIMIENTO
<br/>MANZENT_CODIGO: 8306011002022
<br/>TOTAL_PERSONAS(2017): 76
<br/>TOTAL_VIVIENDAS(2017): 33</p>]]></description>
<ExtendedData>
	<Data name="fid"><displayName>fid</displayName><value><![CDATA[116]]></value></Data>
	<Data name="NOM_COMUNA"><displayName>NOM_COMUNA</displayName><value><![CDATA[NACIMIENTO]]></value></Data>
	<Data name="MANZENT_I"><displayName>MANZENT_I</displayName><value><![CDATA[8306011002022]]></value></Data>
	<Data name="TOTAL_PERS"><displayName>TOTAL_PERS</displayName><value><![CDATA[76]]></value></Data>
	<Data name="TOTAL_VIVI"><displayName>TOTAL_VIVI</displayName><value><![CDATA[33]]></value></Data>
</ExtendedData>
<styleUrl>#style1</styleUrl>
<MultiGeometry>
	<Polygon>
		<outerBoundaryIs>
			<LinearRing>
				<tessellate>1</tessellate>
				<coordinates>
					-72.67034288553012,-37.505077127508166,0.000
					-72.6703551935332,-37.50507881749366,0.000
					-72.67041115052032,-37.50507211942693,0.000
					-72.67153371799034,-37.504792044078386,0.000
					-72.6715440659625,-37.5047771750652,0.000
					-72.67154268188473,-37.50473555306417,0.000
					-72.67146899939704,-37.504474198134986,0.000
					-72.67142706609616,-37.50431296317448,0.000
					-72.67132186048528,-37.5039855652784,0.000
					-72.67125247003321,-37.503743313345296,0.000
					-72.67120849380079,-37.50361871438958,0.000
					-72.67115138254894,-37.50348367444869,0.000
					-72.67109700329597,-37.50334805650456,0.000
					-72.67108151022637,-37.50331076152058,0.000
					-72.6710660891699,-37.50328047053691,0.000
					-72.67103399905237,-37.50321743657098,0.000
					-72.67101377302139,-37.503200780593886,0.000
					-72.67098640902599,-37.503203159626466,0.000
					-72.67071872035649,-37.503379239954974,0.000
					-72.67049029263124,-37.50352557723505,0.000
					-72.67036775077416,-37.50360172038514,0.000
					-72.67021308589514,-37.50366596557255,0.000
					-72.67003343604289,-37.50374448779051,0.000
					-72.66997038110105,-37.503775420867214,0.000
					-72.66993706814124,-37.50379683690805,0.000
					-72.66993468917906,-37.50381706191217,0.000
					-72.66994063726564,-37.503863460908065,0.000
					-72.66994261227596,-37.50386897490608,0.000
					-72.67030624140395,-37.50500947654734,0.000
					-72.67032529251549,-37.505069229528566,0.000
					-72.67034288553012,-37.505077127508166,0.000
				</coordinates>
			</LinearRing>
		</outerBoundaryIs>
	</Polygon>
</MultiGeometry>
</Placemark>

<Placemark>
<name>8306021001024</name>
<description><![CDATA[<p><br/>NOM_COMUNA: NACIMIENTO
<br/>MANZENT_CODIGO: 8306021001024
<br/>TOTAL_PERSONAS(2017): 60
<br/>TOTAL_VIVIENDAS(2017): 22</p>]]></description>
<ExtendedData>
	<Data name="fid"><displayName>fid</displayName><value><![CDATA[117]]></value></Data>
	<Data name="NOM_COMUNA"><displayName>NOM_COMUNA</displayName><value><![CDATA[NACIMIENTO]]></value></Data>
	<Data name="MANZENT_I"><displayName>MANZENT_I</displayName><value><![CDATA[8306021001024]]></value></Data>
	<Data name="TOTAL_PERS"><displayName>TOTAL_PERS</displayName><value><![CDATA[60]]></value></Data>
	<Data name="TOTAL_VIVI"><displayName>TOTAL_VIVI</displayName><value><![CDATA[22]]></value></Data>
</ExtendedData>
<styleUrl>#style1</styleUrl>
<MultiGeometry>
	<Polygon>
		<outerBoundaryIs>
			<LinearRing>
				<tessellate>1</tessellate>
				<coordinates>
					-72.68532456636693,-37.50450587971176,0.000
					-72.68535091236743,-37.50450621668052,0.000
					-72.68537142835788,-37.5045012116559,0.000
					-72.68538617233493,-37.50448897463766,0.000
					-72.68563138249364,-37.504039409318665,0.000
					-72.68564261843656,-37.50400889930339,0.000
					-72.68563923339504,-37.50398666430605,0.000
					-72.68561786536715,-37.50397164633042,0.000
					-72.68557998233943,-37.503956665374375,0.000
					-72.6854482812739,-37.503921100528245,0.000
					-72.68523895016986,-37.503864638772825,0.000
					-72.68449833975986,-37.50364248563679,0.000
					-72.68415255856588,-37.50353736304002,0.000
					-72.6840414585035,-37.5035035741696,0.000
					-72.68399940348861,-37.50349545021897,0.000
					-72.68396317948367,-37.50349266726172,0.000
					-72.68393752149635,-37.50349937329258,0.000
					-72.68392017751927,-37.50351155931391,0.000
					-72.68390518457768,-37.503542806333634,0.000
					-72.68372658220721,-37.503879224566596,0.000
					-72.68366957543287,-37.503999854641734,0.000
					-72.683679031463,-37.504015991631526,0.000
					-72.68369723948355,-37.50402707261068,0.000
					-72.68378568453839,-37.50405674450769,0.000
					-72.6838629675843,-37.50408160041768,0.000
					-72.68391877961749,-37.50409958735263,0.000
					-72.68394752863463,-37.50410885231915,0.000
					-72.68472240403821,-37.50432771641434,0.000
					-72.68532456636693,-37.50450587971176,0.000
				</coordinates>
			</LinearRing>
		</outerBoundaryIs>
	</Polygon>
</MultiGeometry>
</Placemark>

<Placemark>
<name>8306011003025</name>
<description><![CDATA[<p><br/>NOM_COMUNA: NACIMIENTO
<br/>MANZENT_CODIGO: 8306011003025
<br/>TOTAL_PERSONAS(2017): 72
<br/>TOTAL_VIVIENDAS(2017): 24</p>]]></description>
<ExtendedData>
	<Data name="fid"><displayName>fid</displayName><value><![CDATA[118]]></value></Data>
	<Data name="NOM_COMUNA"><displayName>NOM_COMUNA</displayName><value><![CDATA[NACIMIENTO]]></value></Data>
	<Data name="MANZENT_I"><displayName>MANZENT_I</displayName><value><![CDATA[8306011003025]]></value></Data>
	<Data name="TOTAL_PERS"><displayName>TOTAL_PERS</displayName><value><![CDATA[72]]></value></Data>
	<Data name="TOTAL_VIVI"><displayName>TOTAL_VIVI</displayName><value><![CDATA[24]]></value></Data>
</ExtendedData>
<styleUrl>#style1</styleUrl>
<MultiGeometry>
	<Polygon>
		<outerBoundaryIs>
			<LinearRing>
				<tessellate>1</tessellate>
				<coordinates>
					-72.68210774809361,-37.5043480555152,0.000
					-72.6820513311059,-37.50435442858244,0.000
					-72.68200371409907,-37.504350609638664,0.000
					-72.68196068008871,-37.50434489768929,0.000
					-72.68193685007971,-37.50434001471729,0.000
					-72.68193268314693,-37.504375979724486,0.000
					-72.68193361222743,-37.50441907372607,0.000
					-72.6819397014471,-37.50453670672628,0.000
					-72.68195005762765,-37.50463342572011,0.000
					-72.68195137080109,-37.504726272724426,0.000
					-72.68195136287665,-37.50476673472701,0.000
					-72.68197863788254,-37.50476997369485,0.000
					-72.68213446087107,-37.50476438150978,0.000
					-72.68227624283321,-37.50474463634044,0.000
					-72.68244077576027,-37.50470614114301,0.000
					-72.68255077067485,-37.504660809009735,0.000
					-72.68266142755631,-37.5045977358746,0.000
					-72.68275623341137,-37.504520473757275,0.000
					-72.68282446728654,-37.50445386467222,0.000
					-72.68288280716484,-37.50438895359897,0.000
					-72.68291561406201,-37.504333994556596,0.000
					-72.68294121191632,-37.50425609552132,0.000
					-72.68296092174371,-37.504163751492165,0.000
					-72.68297606853244,-37.504050680467074,0.000
					-72.68298005235327,-37.50395478345631,0.000
					-72.6829671541964,-37.503870721466306,0.000
					-72.68293997102106,-37.50377673649257,0.000
					-72.68291333789452,-37.50370889651987,0.000
					-72.6828717837879,-37.50365166656553,0.000
					-72.68283574769639,-37.50360256660515,0.000
					-72.68278362258613,-37.50354332766321,0.000
					-72.68274229251386,-37.50350448670976,0.000
					-72.68270960146627,-37.50347888274687,0.000
					-72.68267331551971,-37.503507368791695,0.000
					-72.68253582171535,-37.50361163896128,0.000
					-72.68235359399648,-37.50376153218671,0.000
					-72.68238513605202,-37.50379134915124,0.000
					-72.68242229513712,-37.50383704711008,0.000
					-72.68245044622664,-37.503885092079706,0.000
					-72.68247124634341,-37.50394768105898,0.000
					-72.6824782974709,-37.50401594805496,0.000
					-72.68246669359795,-37.50408393907297,0.000
					-72.68244171668555,-37.50413076110553,0.000
					-72.68241215677676,-37.50417947414367,0.000
					-72.68238113783995,-37.50421320018259,0.000
					-72.68234319889753,-37.50424390622947,0.000
					-72.68230767293922,-37.50426609927299,0.000
					-72.68226308998818,-37.50429216932747,0.000
					-72.68221128003648,-37.50431782639056,0.000
					-72.68215024607483,-37.50433816646418,0.000
					-72.68210774809361,-37.5043480555152,0.000
				</coordinates>
			</LinearRing>
		</outerBoundaryIs>
	</Polygon>
</MultiGeometry>
</Placemark>

<Placemark>
<name>8306061001065</name>
<description><![CDATA[<p><br/>NOM_COMUNA: NACIMIENTO
<br/>MANZENT_CODIGO: 8306061001065
<br/>TOTAL_PERSONAS(2017): 43
<br/>TOTAL_VIVIENDAS(2017): 20</p>]]></description>
<ExtendedData>
	<Data name="fid"><displayName>fid</displayName><value><![CDATA[119]]></value></Data>
	<Data name="NOM_COMUNA"><displayName>NOM_COMUNA</displayName><value><![CDATA[NACIMIENTO]]></value></Data>
	<Data name="MANZENT_I"><displayName>MANZENT_I</displayName><value><![CDATA[8306061001065]]></value></Data>
	<Data name="TOTAL_PERS"><displayName>TOTAL_PERS</displayName><value><![CDATA[43]]></value></Data>
	<Data name="TOTAL_VIVI"><displayName>TOTAL_VIVI</displayName><value><![CDATA[20]]></value></Data>
</ExtendedData>
<styleUrl>#style1</styleUrl>
<MultiGeometry>
	<Polygon>
		<outerBoundaryIs>
			<LinearRing>
				<tessellate>1</tessellate>
				<coordinates>
					-72.64144492600997,-37.50792570894984,0.000
					-72.64121494845294,-37.50816221023771,0.000
					-72.64121397345437,-37.5081629932389,0.000
					-72.64118621348702,-37.508180379272915,0.000
					-72.64114669053346,-37.50820513232134,0.000
					-72.6410810706105,-37.50824623040179,0.000
					-72.64106155763344,-37.50825845142572,0.000
					-72.64106148963351,-37.50825849442581,0.000
					-72.64106144563358,-37.50825852242586,0.000
					-72.6410669946485,-37.508266507419805,0.000
					-72.64116447691785,-37.50841093131349,0.000
					-72.6414030595682,-37.50875968605301,0.000
					-72.64140355256966,-37.508760455052474,0.000
					-72.64153203297082,-37.50897550891395,0.000
					-72.64160025205744,-37.50902205283606,0.000
					-72.64160104405849,-37.50902262383513,0.000
					-72.6420670767184,-37.50937704530532,0.000
					-72.64207051072488,-37.50938051130149,0.000
					-72.6420979707949,-37.50941805627133,0.000
					-72.64209811379523,-37.509418254271175,0.000
					-72.64209963380031,-37.50942097226958,0.000
					-72.64210035880456,-37.50942323526887,0.000
					-72.64210164981534,-37.50942902926771,0.000
					-72.64210168982528,-37.50943435826796,0.000
					-72.6420960238763,-37.509461640276456,0.000
					-72.64209589687736,-37.50946219327665,0.000
					-72.64209491988227,-37.50946482927795,0.000
					-72.64209338488685,-37.509467290279936,0.000
					-72.64209133489102,-37.5094695002825,0.000
					-72.6420898108933,-37.50947073328438,0.000
					-72.64192003912383,-37.509593670493565,0.000
					-72.64179826730555,-37.509690607644174,0.000
					-72.64179722130703,-37.509691381645474,0.000
					-72.64140202181748,-37.50996356313154,0.000
					-72.64140182781775,-37.50996369813176,0.000
					-72.641401635818,-37.509963838132,0.000
					-72.64110124022702,-37.510181971502135,0.000
					-72.64110074722764,-37.51018231750279,0.000
					-72.64082400658017,-37.51037026684292,0.000
					-72.64082327058105,-37.510370743843836,0.000
					-72.64070167872157,-37.51044561699283,0.000
					-72.64070119772208,-37.51044590399341,0.000
					-72.64061155381937,-37.51049772010302,0.000
					-72.6406105288204,-37.510498274104265,0.000
					-72.64054075188658,-37.51053352118928,0.000
					-72.64053980788745,-37.51053396919041,0.000
					-72.6404706229453,-37.51056476527445,0.000
					-72.64046875494671,-37.51056549627672,0.000
					-72.64006383820653,-37.510703522765695,0.000
					-72.64000327333959,-37.510774586842054,0.000
					-72.63998799137316,-37.51079251686128,0.000
					-72.6399878983734,-37.51079262586143,0.000
					-72.63998780337357,-37.51079273286157,0.000
					-72.63979560778112,-37.5110103571034,0.000
					-72.63917189468565,-37.51202801590832,0.000
					-72.63843180026944,-37.513408808874615,0.000
					-72.6385419132875,-37.51341877274464,0.000
					-72.63872395731745,-37.51343524552987,0.000
					-72.63872409431744,-37.51343525752968,0.000
					-72.63872423231747,-37.51343526852953,0.000
					-72.6419582688009,-37.51370235171188,0.000
					-72.64566913935512,-37.51400881633131,0.000
					-72.64576998621476,-37.513933986206986,0.000
					-72.64675196882993,-37.513195593995285,0.000
					-72.6474929197925,-37.51264244708128,0.000
					-72.6478344003161,-37.512388453660115,0.000
					-72.64810030298852,-37.51221387833368,0.000
					-72.64818800287884,-37.512155428225945,0.000
					-72.64830405975106,-37.51208735908396,0.000
					-72.64831038574486,-37.51208406007628,0.000
					-72.64833021569565,-37.51205778105108,0.000
					-72.6483549616434,-37.51202988701993,0.000
					-72.64851920939421,-37.51189699281669,0.000
					-72.64916251345791,-37.511397671021975,0.000
					-72.64925445933102,-37.511330021908606,0.000
					-72.64926894729676,-37.511311746890264,0.000
					-72.64925542823288,-37.51127750390414,0.000
					-72.64919845019044,-37.51125465097022,0.000
					-72.64876162095977,-37.51112997148018,0.000
					-72.64824634671226,-37.51099606708257,0.000
					-72.64783021150434,-37.510883662568766,0.000
					-72.64779214848537,-37.51087338161326,0.000
					-72.64712965515378,-37.51069409438726,0.000
					-72.64664600493631,-37.51057640395315,0.000
					-72.64613741670196,-37.510449563548065,0.000
					-72.64583815255155,-37.51036825889771,0.000
					-72.64533833730678,-37.510235912481804,0.000
					-72.64452488693915,-37.51003692843352,0.000
					-72.64449485388849,-37.51000974846741,0.000
					-72.64418740003552,-37.50955239580264,0.000
					-72.64411957885785,-37.50945714087693,0.000
					-72.64389449328594,-37.50915039712413,0.000
					-72.64385140717779,-37.50909240317152,0.000
					-72.64384102714261,-37.50907354218262,0.000
					-72.64383308110394,-37.509052837190715,0.000
					-72.64383789506657,-37.509032837183724,0.000
					-72.64384788203776,-37.509017446170866,0.000
					-72.64386415101202,-37.50900371315069,0.000
					-72.64391570195995,-37.508975994087784,0.000
					-72.64428575460036,-37.50878449163681,0.000
					-72.64469486118507,-37.50856330713753,0.000
					-72.64471155416773,-37.50855408811716,0.000
					-72.64471506214075,-37.508539649112095,0.000
					-72.64470950612137,-37.50852926511801,0.000
					-72.6445777738028,-37.50835838926328,0.000
					-72.64441587438814,-37.50813599544092,0.000
					-72.64444044736827,-37.508125418411154,0.000
					-72.64446449534881,-37.50811506638196,0.000
					-72.64452868450022,-37.508196281311044,0.000
					-72.64453778751042,-37.50820177930061,0.000
					-72.64455417751783,-37.50820580128143,0.000
					-72.64460688547767,-37.508184414217624,0.000
					-72.64500537213524,-37.5080022097335,0.000
					-72.64485423774747,-37.50779424789928,0.000
					-72.64369154376455,-37.50619437617521,0.000
					-72.64365393879442,-37.506210253220814,0.000
					-72.64361374182627,-37.50622722426956,0.000
					-72.6435097089089,-37.50627114839572,0.000
					-72.6433865610107,-37.5063253225452,0.000
					-72.64337462002055,-37.50633057555967,0.000
					-72.64326286011296,-37.50637974169533,0.000
					-72.6432621751136,-37.506380098696134,0.000
					-72.6431913841945,-37.50642320778289,0.000
					-72.64313878625457,-37.506455237847284,0.000
					-72.64313823825525,-37.50645557184795,0.000
					-72.64309187330821,-37.50648380590474,0.000
					-72.64303763837013,-37.50651683297113,0.000
					-72.64301413839698,-37.50653114199991,0.000
					-72.6430139643972,-37.50653124400012,0.000
					-72.64301378439741,-37.50653134000034,0.000
					-72.64301275139836,-37.50653187700163,0.000
					-72.64290780750034,-37.50658617412954,0.000
					-72.64283319657281,-37.50662477922045,0.000
					-72.64280241760272,-37.506640703257936,0.000
					-72.64280236560276,-37.506640730258,0.000
					-72.64280231460283,-37.506640754258086,0.000
					-72.64275478164481,-37.50666312231585,0.000
					-72.64270660168744,-37.50668579537442,0.000
					-72.64270527168902,-37.50668666237608,0.000
					-72.64259862286633,-37.50678127550859,0.000
					-72.642581393895,-37.50679656053002,0.000
					-72.64249176804394,-37.50687607364138,0.000
					-72.642491721044,-37.5068761146414,0.000
					-72.64249167304412,-37.50687615564148,0.000
					-72.6423956761887,-37.506953299760234,0.000
					-72.64239131119528,-37.50695680776565,0.000
					-72.6423169823072,-37.50701653785758,0.000
					-72.64229074934673,-37.50703761889004,0.000
					-72.64229022234765,-37.507038108890676,0.000
					-72.6422673853938,-37.507062759919386,0.000
					-72.64224881443134,-37.50708280494268,0.000
					-72.642182704565,-37.507154166025614,0.000
					-72.64215721661651,-37.50718167805763,0.000
					-72.64207504178258,-37.50727038016071,0.000
					-72.64200534191922,-37.50734333724801,0.000
					-72.64187518617437,-37.50747957441106,0.000
					-72.64186223119977,-37.50749313442731,0.000
					-72.64178848134434,-37.5075703305197,0.000
					-72.64175363441265,-37.507606805563356,0.000
					-72.6416925615324,-37.50767073263986,0.000
					-72.64167538856606,-37.50768870766137,0.000
					-72.6416753675661,-37.507688729661425,0.000
					-72.64154754881228,-37.50782017582138,0.000
					-72.64144492600997,-37.50792570894984,0.000
				</coordinates>
			</LinearRing>
		</outerBoundaryIs>
	</Polygon>
</MultiGeometry>
</Placemark>

<Placemark>
<name>8306061001015</name>
<description><![CDATA[<p><br/>NOM_COMUNA: NACIMIENTO
<br/>MANZENT_CODIGO: 8306061001015
<br/>TOTAL_PERSONAS(2017): 69
<br/>TOTAL_VIVIENDAS(2017): 25</p>]]></description>
<ExtendedData>
	<Data name="fid"><displayName>fid</displayName><value><![CDATA[120]]></value></Data>
	<Data name="NOM_COMUNA"><displayName>NOM_COMUNA</displayName><value><![CDATA[NACIMIENTO]]></value></Data>
	<Data name="MANZENT_I"><displayName>MANZENT_I</displayName><value><![CDATA[8306061001015]]></value></Data>
	<Data name="TOTAL_PERS"><displayName>TOTAL_PERS</displayName><value><![CDATA[69]]></value></Data>
	<Data name="TOTAL_VIVI"><displayName>TOTAL_VIVI</displayName><value><![CDATA[25]]></value></Data>
</ExtendedData>
<styleUrl>#style1</styleUrl>
<MultiGeometry>
	<Polygon>
		<outerBoundaryIs>
			<LinearRing>
				<tessellate>1</tessellate>
				<coordinates>
					-72.65745234872077,-37.50406824672552,0.000
					-72.65747562772874,-37.50407258369821,0.000
					-72.65749164872435,-37.504070288679074,0.000
					-72.65750825670519,-37.504060074658746,0.000
					-72.657521283677,-37.50404501264234,0.000
					-72.6575249426611,-37.50403652463748,0.000
					-72.65752502063621,-37.50402318863653,0.000
					-72.6575633779862,-37.50313990253469,0.000
					-72.65754542495735,-37.503124406555,0.000
					-72.65606383629708,-37.50330191032273,0.000
					-72.6560470673191,-37.50331365234332,0.000
					-72.65603695134907,-37.50332967335637,0.000
					-72.65603597339398,-37.503353714359015,0.000
					-72.65603765091515,-37.50363275037482,0.000
					-72.65604828393532,-37.50364359536294,0.000
					-72.6560594909483,-37.503650576350104,0.000
					-72.65608345696253,-37.5036582613222,0.000
					-72.65692495742222,-37.50390683534047,0.000
					-72.65745234872077,-37.50406824672552,0.000
				</coordinates>
			</LinearRing>
		</outerBoundaryIs>
	</Polygon>
</MultiGeometry>
</Placemark>

<Placemark>
<name>8306011002021</name>
<description><![CDATA[<p><br/>NOM_COMUNA: NACIMIENTO
<br/>MANZENT_CODIGO: 8306011002021
<br/>TOTAL_PERSONAS(2017): 75
<br/>TOTAL_VIVIENDAS(2017): 39</p>]]></description>
<ExtendedData>
	<Data name="fid"><displayName>fid</displayName><value><![CDATA[121]]></value></Data>
	<Data name="NOM_COMUNA"><displayName>NOM_COMUNA</displayName><value><![CDATA[NACIMIENTO]]></value></Data>
	<Data name="MANZENT_I"><displayName>MANZENT_I</displayName><value><![CDATA[8306011002021]]></value></Data>
	<Data name="TOTAL_PERS"><displayName>TOTAL_PERS</displayName><value><![CDATA[75]]></value></Data>
	<Data name="TOTAL_VIVI"><displayName>TOTAL_VIVI</displayName><value><![CDATA[39]]></value></Data>
</ExtendedData>
<styleUrl>#style1</styleUrl>
<MultiGeometry>
	<Polygon>
		<outerBoundaryIs>
			<LinearRing>
				<tessellate>1</tessellate>
				<coordinates>
					-72.67163766091389,-37.50475145695259,0.000
					-72.67166514794214,-37.50476669092097,0.000
					-72.67329507630242,-37.504429580967376,0.000
					-72.67330513329634,-37.50442634995525,0.000
					-72.67332477227836,-37.50441682393138,0.000
					-72.67333617125263,-37.50440307991698,0.000
					-72.6733427552308,-37.50439140490845,0.000
					-72.67334653820737,-37.50437886290313,0.000
					-72.67321591255347,-37.50402834603584,0.000
					-72.67300529254082,-37.50348547425108,0.000
					-72.67299298250488,-37.50346617926448,0.000
					-72.67297297948171,-37.503453702287366,0.000
					-72.67140073709237,-37.503775449171584,0.000
					-72.67138998910214,-37.50378066218467,0.000
					-72.6713769891221,-37.503791309200764,0.000
					-72.67136884115635,-37.50380962321156,0.000
					-72.67136960720553,-37.5038359522123,0.000
					-72.67141786051401,-37.50400127816559,0.000
					-72.67146284480829,-37.50415896912228,0.000
					-72.67151094809863,-37.50431455907514,0.000
					-72.67156130544386,-37.50449957102715,0.000
					-72.67163766091389,-37.50475145695259,0.000
				</coordinates>
			</LinearRing>
		</outerBoundaryIs>
	</Polygon>
</MultiGeometry>
</Placemark>

<Placemark>
<name>8306021001015</name>
<description><![CDATA[<p><br/>NOM_COMUNA: NACIMIENTO
<br/>MANZENT_CODIGO: 8306021001015
<br/>TOTAL_PERSONAS(2017): 48
<br/>TOTAL_VIVIENDAS(2017): 16</p>]]></description>
<ExtendedData>
	<Data name="fid"><displayName>fid</displayName><value><![CDATA[122]]></value></Data>
	<Data name="NOM_COMUNA"><displayName>NOM_COMUNA</displayName><value><![CDATA[NACIMIENTO]]></value></Data>
	<Data name="MANZENT_I"><displayName>MANZENT_I</displayName><value><![CDATA[8306021001015]]></value></Data>
	<Data name="TOTAL_PERS"><displayName>TOTAL_PERS</displayName><value><![CDATA[48]]></value></Data>
	<Data name="TOTAL_VIVI"><displayName>TOTAL_VIVI</displayName><value><![CDATA[16]]></value></Data>
</ExtendedData>
<styleUrl>#style1</styleUrl>
<MultiGeometry>
	<Polygon>
		<outerBoundaryIs>
			<LinearRing>
				<tessellate>1</tessellate>
				<coordinates>
					-72.68882560818925,-37.50442352055627,0.000
					-72.68914411023727,-37.50445039218038,0.000
					-72.68916179323494,-37.50444920615938,0.000
					-72.68917612722304,-37.504442908141975,0.000
					-72.68919197917407,-37.504416724121555,0.000
					-72.68929079476528,-37.50419823099063,0.000
					-72.68929532271709,-37.504172455983664,0.000
					-72.68928441967876,-37.50415187599529,0.000
					-72.68927264265903,-37.504141282008575,0.000
					-72.68924919264757,-37.50413505503601,0.000
					-72.68916420563666,-37.50412888613634,0.000
					-72.68830084451557,-37.504060888155514,0.000
					-72.6879323724595,-37.504029520590336,0.000
					-72.68786876344852,-37.504023408665354,0.000
					-72.68784044646472,-37.50403195669951,0.000
					-72.6878213065005,-37.50405104672336,0.000
					-72.68768525695826,-37.50429566490005,0.000
					-72.68768535798638,-37.50431071590087,0.000
					-72.68769326300769,-37.50432213589226,0.000
					-72.68771110902975,-37.50433401987183,0.000
					-72.68772837603882,-37.504338954851676,0.000
					-72.68853818614959,-37.50440122189557,0.000
					-72.68882560818925,-37.50442352055627,0.000
				</coordinates>
			</LinearRing>
		</outerBoundaryIs>
	</Polygon>
</MultiGeometry>
</Placemark>

<Placemark>
<name>8306021001023</name>
<description><![CDATA[<p><br/>NOM_COMUNA: NACIMIENTO
<br/>MANZENT_CODIGO: 8306021001023
<br/>TOTAL_PERSONAS(2017): 35
<br/>TOTAL_VIVIENDAS(2017): 14</p>]]></description>
<ExtendedData>
	<Data name="fid"><displayName>fid</displayName><value><![CDATA[123]]></value></Data>
	<Data name="NOM_COMUNA"><displayName>NOM_COMUNA</displayName><value><![CDATA[NACIMIENTO]]></value></Data>
	<Data name="MANZENT_I"><displayName>MANZENT_I</displayName><value><![CDATA[8306021001023]]></value></Data>
	<Data name="TOTAL_PERS"><displayName>TOTAL_PERS</displayName><value><![CDATA[35]]></value></Data>
	<Data name="TOTAL_VIVI"><displayName>TOTAL_VIVI</displayName><value><![CDATA[14]]></value></Data>
</ExtendedData>
<styleUrl>#style1</styleUrl>
<MultiGeometry>
	<Polygon>
		<outerBoundaryIs>
			<LinearRing>
				<tessellate>1</tessellate>
				<coordinates>
					-72.68548455835642,-37.504500816521784,0.000
					-72.68616679945269,-37.50455483171642,0.000
					-72.68621221544899,-37.50455301866248,0.000
					-72.68623400243781,-37.504547136636305,0.000
					-72.68624377741442,-37.50453462162388,0.000
					-72.68631002661573,-37.50410723151843,0.000
					-72.6863050305553,-37.50407487152229,0.000
					-72.68629626052471,-37.5040584785317,0.000
					-72.68627709250059,-37.50404548655356,0.000
					-72.68574870442325,-37.50400214817719,0.000
					-72.68573043844034,-37.50401125219944,0.000
					-72.68570511547377,-37.50402904923058,0.000
					-72.6854685713177,-37.50448004653944,0.000
					-72.68548455835642,-37.504500816521784,0.000
				</coordinates>
			</LinearRing>
		</outerBoundaryIs>
	</Polygon>
</MultiGeometry>
</Placemark>

<Placemark>
<name>8306011003026</name>
<description><![CDATA[<p><br/>NOM_COMUNA: NACIMIENTO
<br/>MANZENT_CODIGO: 8306011003026
<br/>TOTAL_PERSONAS(2017): 93
<br/>TOTAL_VIVIENDAS(2017): 32</p>]]></description>
<ExtendedData>
	<Data name="fid"><displayName>fid</displayName><value><![CDATA[124]]></value></Data>
	<Data name="NOM_COMUNA"><displayName>NOM_COMUNA</displayName><value><![CDATA[NACIMIENTO]]></value></Data>
	<Data name="MANZENT_I"><displayName>MANZENT_I</displayName><value><![CDATA[8306011003026]]></value></Data>
	<Data name="TOTAL_PERS"><displayName>TOTAL_PERS</displayName><value><![CDATA[93]]></value></Data>
	<Data name="TOTAL_VIVI"><displayName>TOTAL_VIVI</displayName><value><![CDATA[32]]></value></Data>
</ExtendedData>
<styleUrl>#style1</styleUrl>
<MultiGeometry>
	<Polygon>
		<outerBoundaryIs>
			<LinearRing>
				<tessellate>1</tessellate>
				<coordinates>
					-72.68184587285394,-37.50475420985124,0.000
					-72.68191507286885,-37.504762417769754,0.000
					-72.68191529180098,-37.5047261047672,0.000
					-72.6819148646697,-37.50465580476327,0.000
					-72.68190921447815,-37.504553230763456,0.000
					-72.68191063430365,-37.50445980675588,0.000
					-72.68190855316978,-37.50438812275385,0.000
					-72.68190682806906,-37.5043341987525,0.000
					-72.68187769905911,-37.50432875978668,0.000
					-72.68181837103543,-37.50431587985622,0.000
					-72.68167260597919,-37.50428526102705,0.000
					-72.68135110983893,-37.50420901740334,0.000
					-72.68095850970322,-37.5041349798641,0.000
					-72.68047512651054,-37.504030139430505,0.000
					-72.68015045438463,-37.503961579811055,0.000
					-72.6801239133823,-37.50396024684243,0.000
					-72.6800878043977,-37.50396836888577,0.000
					-72.6800445494348,-37.503988065938245,0.000
					-72.68001159447819,-37.5040112089788,0.000
					-72.67997799654,-37.504044163020716,0.000
					-72.67994485460834,-37.504080640062284,0.000
					-72.67989693875599,-37.50415954212404,0.000
					-72.67984655998409,-37.50428147219152,0.000
					-72.67984766401979,-37.50430059919139,0.000
					-72.67985716304717,-37.504315294181055,0.000
					-72.67987160606292,-37.50432377916449,0.000
					-72.68060807035411,-37.50448225730143,0.000
					-72.6814327517005,-37.50467057933568,0.000
					-72.68184587285394,-37.50475420985124,0.000
				</coordinates>
			</LinearRing>
		</outerBoundaryIs>
	</Polygon>
</MultiGeometry>
</Placemark>

<Placemark>
<name>8306021001025</name>
<description><![CDATA[<p><br/>NOM_COMUNA: NACIMIENTO
<br/>MANZENT_CODIGO: 8306021001025
<br/>TOTAL_PERSONAS(2017): 72
<br/>TOTAL_VIVIENDAS(2017): 24</p>]]></description>
<ExtendedData>
	<Data name="fid"><displayName>fid</displayName><value><![CDATA[125]]></value></Data>
	<Data name="NOM_COMUNA"><displayName>NOM_COMUNA</displayName><value><![CDATA[NACIMIENTO]]></value></Data>
	<Data name="MANZENT_I"><displayName>MANZENT_I</displayName><value><![CDATA[8306021001025]]></value></Data>
	<Data name="TOTAL_PERS"><displayName>TOTAL_PERS</displayName><value><![CDATA[72]]></value></Data>
	<Data name="TOTAL_VIVI"><displayName>TOTAL_VIVI</displayName><value><![CDATA[24]]></value></Data>
</ExtendedData>
<styleUrl>#style1</styleUrl>
<MultiGeometry>
	<Polygon>
		<outerBoundaryIs>
			<LinearRing>
				<tessellate>1</tessellate>
				<coordinates>
					-72.68400455378664,-37.50526122132421,0.000
					-72.68483872090233,-37.50532615533939,0.000
					-72.68487354288955,-37.50531944829772,0.000
					-72.68489393986678,-37.50530732127274,0.000
					-72.68495565072588,-37.505232112194854,0.000
					-72.685083389354,-37.50503347503091,0.000
					-72.68532799452898,-37.50459264071315,0.000
					-72.68532965748996,-37.50457176570991,0.000
					-72.68531751246522,-37.50455846072342,0.000
					-72.68529831344982,-37.50455015374569,0.000
					-72.68473148715918,-37.504392508407705,0.000
					-72.68394554774748,-37.50416928232527,0.000
					-72.68388952571408,-37.50415117739056,0.000
					-72.68385292469219,-37.50413934943322,0.000
					-72.68371903062256,-37.50410157658953,0.000
					-72.68368205860126,-37.50409003663264,0.000
					-72.68366132459657,-37.50408746765705,0.000
					-72.68363443160185,-37.50409018368909,0.000
					-72.68361793561448,-37.504096889709096,0.000
					-72.68360797064936,-37.50411552872208,0.000
					-72.68349600705199,-37.50433069486837,0.000
					-72.68343317626048,-37.504442108949874,0.000
					-72.68336493550203,-37.504571170038915,0.000
					-72.68330252269892,-37.50467637311958,0.000
					-72.68321430694456,-37.50480756523238,0.000
					-72.68313029015512,-37.50492000533908,0.000
					-72.68303963936333,-37.505031143453586,0.000
					-72.68298038148575,-37.50509648752795,0.000
					-72.68295572154055,-37.505125741559,0.000
					-72.68295205556383,-37.50513819656413,0.000
					-72.68295491158955,-37.50515195056162,0.000
					-72.68297062262437,-37.50517064254419,0.000
					-72.6830010026544,-37.50518682950918,0.000
					-72.68307186466457,-37.505192545425565,0.000
					-72.68332226070004,-37.505212418129965,0.000
					-72.68353872572857,-37.50522847087434,0.000
					-72.68372784274888,-37.505240021650856,0.000
					-72.68400455378664,-37.50526122132421,0.000
				</coordinates>
			</LinearRing>
		</outerBoundaryIs>
	</Polygon>
</MultiGeometry>
</Placemark>

<Placemark>
<name>8306061001011</name>
<description><![CDATA[<p><br/>NOM_COMUNA: NACIMIENTO
<br/>MANZENT_CODIGO: 8306061001011
<br/>TOTAL_PERSONAS(2017): 94
<br/>TOTAL_VIVIENDAS(2017): 33</p>]]></description>
<ExtendedData>
	<Data name="fid"><displayName>fid</displayName><value><![CDATA[126]]></value></Data>
	<Data name="NOM_COMUNA"><displayName>NOM_COMUNA</displayName><value><![CDATA[NACIMIENTO]]></value></Data>
	<Data name="MANZENT_I"><displayName>MANZENT_I</displayName><value><![CDATA[8306061001011]]></value></Data>
	<Data name="TOTAL_PERS"><displayName>TOTAL_PERS</displayName><value><![CDATA[94]]></value></Data>
	<Data name="TOTAL_VIVI"><displayName>TOTAL_VIVI</displayName><value><![CDATA[33]]></value></Data>
</ExtendedData>
<styleUrl>#style1</styleUrl>
<MultiGeometry>
	<Polygon>
		<outerBoundaryIs>
			<LinearRing>
				<tessellate>1</tessellate>
				<coordinates>
					-72.65570017630345,-37.505445779890586,0.000
					-72.65571291430606,-37.50544720487563,0.000
					-72.65641753297098,-37.50526987602896,0.000
					-72.6564447959572,-37.505262576996174,0.000
					-72.6564707219287,-37.505247410964444,0.000
					-72.65648204189438,-37.50522907194986,0.000
					-72.65648532284031,-37.505200118944146,0.000
					-72.65650412919665,-37.504855614899895,0.000
					-72.65653111824668,-37.504347079835455,0.000
					-72.65655821743202,-37.5039110017755,0.000
					-72.65655928436149,-37.50387326377184,0.000
					-72.65654991132685,-37.50385469378175,0.000
					-72.65653121730169,-37.50384116580303,0.000
					-72.65609183906987,-37.50371574231591,0.000
					-72.65607630406546,-37.50371336133419,0.000
					-72.65606132306856,-37.50371495635202,0.000
					-72.65604471708758,-37.50372508037238,0.000
					-72.6560359041073,-37.503735629383506,0.000
					-72.65603149714082,-37.50375356438984,0.000
					-72.6559896194393,-37.504448616483856,0.000
					-72.65595032684728,-37.504666910544344,0.000
					-72.6558919911698,-37.504839407624516,0.000
					-72.6556857262478,-37.50541593490585,0.000
					-72.65568664027427,-37.50543010190569,0.000
					-72.65568885429067,-37.505438886903605,0.000
					-72.65570017630345,-37.505445779890586,0.000
				</coordinates>
			</LinearRing>
		</outerBoundaryIs>
	</Polygon>
</MultiGeometry>
</Placemark>

<Placemark>
<name>8306021001016</name>
<description><![CDATA[<p><br/>NOM_COMUNA: NACIMIENTO
<br/>MANZENT_CODIGO: 8306021001016
<br/>TOTAL_PERSONAS(2017): 98
<br/>TOTAL_VIVIENDAS(2017): 33</p>]]></description>
<ExtendedData>
	<Data name="fid"><displayName>fid</displayName><value><![CDATA[127]]></value></Data>
	<Data name="NOM_COMUNA"><displayName>NOM_COMUNA</displayName><value><![CDATA[NACIMIENTO]]></value></Data>
	<Data name="MANZENT_I"><displayName>MANZENT_I</displayName><value><![CDATA[8306021001016]]></value></Data>
	<Data name="TOTAL_PERS"><displayName>TOTAL_PERS</displayName><value><![CDATA[98]]></value></Data>
	<Data name="TOTAL_VIVI"><displayName>TOTAL_VIVI</displayName><value><![CDATA[33]]></value></Data>
</ExtendedData>
<styleUrl>#style1</styleUrl>
<MultiGeometry>
	<Polygon>
		<outerBoundaryIs>
			<LinearRing>
				<tessellate>1</tessellate>
				<coordinates>
					-72.68754324655782,-37.504616134088536,0.000
					-72.68899544575383,-37.504726395373986,0.000
					-72.68902583774899,-37.50472392633783,0.000
					-72.68903612574239,-37.5047204333254,0.000
					-72.68904687572841,-37.5047129833122,0.000
					-72.68914337034377,-37.50450742218489,0.000
					-72.68914009630228,-37.504485189187335,0.000
					-72.68912421029174,-37.504479471205784,0.000
					-72.68818724615502,-37.50440282231171,0.000
					-72.68767086608999,-37.504366124921546,0.000
					-72.68764907910115,-37.50437200694774,0.000
					-72.68752449949446,-37.50458215310867,0.000
					-72.68752217751863,-37.50459508511221,0.000
					-72.68753233154756,-37.50461060410117,0.000
					-72.68754324655782,-37.504616134088536,0.000
				</coordinates>
			</LinearRing>
		</outerBoundaryIs>
	</Polygon>
</MultiGeometry>
</Placemark>

<Placemark>
<name>8306011003027</name>
<description><![CDATA[<p><br/>NOM_COMUNA: NACIMIENTO
<br/>MANZENT_CODIGO: 8306011003027
<br/>TOTAL_PERSONAS(2017): 277
<br/>TOTAL_VIVIENDAS(2017): 110</p>]]></description>
<ExtendedData>
	<Data name="fid"><displayName>fid</displayName><value><![CDATA[128]]></value></Data>
	<Data name="NOM_COMUNA"><displayName>NOM_COMUNA</displayName><value><![CDATA[NACIMIENTO]]></value></Data>
	<Data name="MANZENT_I"><displayName>MANZENT_I</displayName><value><![CDATA[8306011003027]]></value></Data>
	<Data name="TOTAL_PERS"><displayName>TOTAL_PERS</displayName><value><![CDATA[277]]></value></Data>
	<Data name="TOTAL_VIVI"><displayName>TOTAL_VIVI</displayName><value><![CDATA[110]]></value></Data>
</ExtendedData>
<styleUrl>#style1</styleUrl>
<MultiGeometry>
	<Polygon>
		<outerBoundaryIs>
			<LinearRing>
				<tessellate>1</tessellate>
				<coordinates>
					-72.6751236728046,-37.50416918878316,0.000
					-72.67511278826244,-37.50441427381159,0.000
					-72.67511744330905,-37.50443923780763,0.000
					-72.6751271263253,-37.50444798979668,0.000
					-72.67514354333797,-37.5044548017777,0.000
					-72.67554341239675,-37.504487637305736,0.000
					-72.67596234945157,-37.50451841381106,0.000
					-72.67629608549474,-37.50454264641696,0.000
					-72.67658822551591,-37.504554974071425,0.000
					-72.67675309353871,-37.50456777087675,0.000
					-72.67675044157912,-37.5045893748813,0.000
					-72.67674779361951,-37.50461101288576,0.000
					-72.67632936857468,-37.5045855663802,0.000
					-72.67592084251952,-37.50455463586256,0.000
					-72.67556214946717,-37.504525405285904,0.000
					-72.67517465042626,-37.5045021847438,0.000
					-72.67515662242889,-37.504503541765295,0.000
					-72.67513538344102,-37.50450997279085,0.000
					-72.67512791746148,-37.5045209098004,0.000
					-72.67511272695388,-37.50478447483512,0.000
					-72.67508289395617,-37.5047856018705,0.000
					-72.6750531569585,-37.504786725905824,0.000
					-72.67505414008897,-37.50432119987523,0.000
					-72.67504734589201,-37.504215718876615,0.000
					-72.67503679385308,-37.504194873887805,0.000
					-72.67502166983078,-37.504182860904955,0.000
					-72.67499976681479,-37.504174228930374,0.000
					-72.67497133479691,-37.50416456696345,0.000
					-72.67493460479513,-37.50416348300697,0.000
					-72.67487711579706,-37.50416433407515,0.000
					-72.67480831881922,-37.50417595615742,0.000
					-72.67477329284425,-37.504189234199764,0.000
					-72.67474795288537,-37.50421117423121,0.000
					-72.67472784293847,-37.50423952525687,0.000
					-72.67470606803056,-37.504288751285785,0.000
					-72.67465692243567,-37.504505506357766,0.000
					-72.67458117491024,-37.50475931646364,0.000
					-72.67449003050821,-37.50507914959192,0.000
					-72.67446943163841,-37.50514876562077,0.000
					-72.67446081370778,-37.50518590363332,0.000
					-72.67446012976939,-37.50521887363623,0.000
					-72.67447109484463,-37.50525919162577,0.000
					-72.67449852192982,-37.50530488059616,0.000
					-72.67455908910352,-37.50539808353026,0.000
					-72.67485606197107,-37.50586353020766,0.000
					-72.67497076631074,-37.506045753083185,0.000
					-72.6750896686633,-37.50623490795424,0.000
					-72.67518465993686,-37.50638168685091,0.000
					-72.67524335710752,-37.50647322978709,0.000
					-72.67532772140804,-37.506634398697315,0.000
					-72.67533351842675,-37.50664442569104,0.000
					-72.67534440243882,-37.50665094867856,0.000
					-72.67535801844988,-37.506656893662814,0.000
					-72.67537215844976,-37.50665690164602,0.000
					-72.67542364743471,-37.506648993584484,0.000
					-72.67553420438404,-37.50662224345171,0.000
					-72.67603837218391,-37.506516818847366,0.000
					-72.6761020941473,-37.50649743577061,0.000
					-72.67612950712439,-37.50648526873731,0.000
					-72.67614069810436,-37.50647458472336,0.000
					-72.67614479907537,-37.50645907571753,0.000
					-72.67608217261677,-37.50621335477624,0.000
					-72.67596244576875,-37.50575896988941,0.000
					-72.67587282112417,-37.505413588973816,0.000
					-72.67580537469034,-37.50518111003909,0.000
					-72.67579265659116,-37.50512796105074,0.000
					-72.67579262152522,-37.50509263404858,0.000
					-72.67580210847836,-37.505067588035736,0.000
					-72.67581703743755,-37.5050458040167,0.000
					-72.67583849139885,-37.50502513798995,0.000
					-72.67586398537573,-37.50501284395896,0.000
					-72.67589744536328,-37.505006292918885,0.000
					-72.6760655933317,-37.5049899577185,0.000
					-72.6764306992568,-37.50495109328319,0.000
					-72.67669224219974,-37.504921455971306,0.000
					-72.67679584717929,-37.50491087784781,0.000
					-72.67697916616724,-37.50490502263008,0.000
					-72.67713336915118,-37.504896972446815,0.000
					-72.67739884613654,-37.504890029131644,0.000
					-72.67761630311891,-37.50488132987327,0.000
					-72.67790286109475,-37.50486939353283,0.000
					-72.67824593607281,-37.50485883912544,0.000
					-72.67856533805288,-37.504849258746205,0.000
					-72.67879605203376,-37.5048398264721,0.000
					-72.67888374603153,-37.5048389373681,0.000
					-72.67891912701916,-37.504832423325745,0.000
					-72.67894000999438,-37.50481922630017,0.000
					-72.67895244496746,-37.50480487228449,0.000
					-72.67895887992724,-37.504783370275526,0.000
					-72.67897064613587,-37.504359690234836,0.000
					-72.67897226705172,-37.50431466323006,0.000
					-72.67896227302012,-37.50429770524084,0.000
					-72.67894358099463,-37.504284000262096,0.000
					-72.6789140639808,-37.504276480296625,0.000
					-72.67886635897247,-37.504271848352865,0.000
					-72.67876524797902,-37.50427499647294,0.000
					-72.678411402989,-37.50427912389269,0.000
					-72.67797783601152,-37.50428970240733,0.000
					-72.67752127902226,-37.50429387894882,0.000
					-72.6771902320284,-37.50429601734136,0.000
					-72.67690585802323,-37.50429231467823,0.000
					-72.67650468599527,-37.50427594915281,0.000
					-72.67611190494561,-37.504248032616665,0.000
					-72.67579511988296,-37.50421340998997,0.000
					-72.6754951758006,-37.504168303342695,0.000
					-72.67517698574763,-37.50413887871804,0.000
					-72.67515579075034,-37.50414026274328,0.000
					-72.67514160775988,-37.504145300760406,0.000
					-72.67512973977298,-37.50415227677493,0.000
					-72.6751236728046,-37.50416918878316,0.000
				</coordinates>
			</LinearRing>
		</outerBoundaryIs>
	</Polygon>
</MultiGeometry>
</Placemark>

<Placemark>
<name>8306011002026</name>
<description><![CDATA[<p><br/>NOM_COMUNA: NACIMIENTO
<br/>MANZENT_CODIGO: 8306011002026
<br/>TOTAL_PERSONAS(2017): 45
<br/>TOTAL_VIVIENDAS(2017): 16</p>]]></description>
<ExtendedData>
	<Data name="fid"><displayName>fid</displayName><value><![CDATA[129]]></value></Data>
	<Data name="NOM_COMUNA"><displayName>NOM_COMUNA</displayName><value><![CDATA[NACIMIENTO]]></value></Data>
	<Data name="MANZENT_I"><displayName>MANZENT_I</displayName><value><![CDATA[8306011002026]]></value></Data>
	<Data name="TOTAL_PERS"><displayName>TOTAL_PERS</displayName><value><![CDATA[45]]></value></Data>
	<Data name="TOTAL_VIVI"><displayName>TOTAL_VIVI</displayName><value><![CDATA[16]]></value></Data>
</ExtendedData>
<styleUrl>#style1</styleUrl>
<MultiGeometry>
	<Polygon>
		<outerBoundaryIs>
			<LinearRing>
				<tessellate>1</tessellate>
				<coordinates>
					-72.67388540513195,-37.50541103632974,0.000
					-72.67390026613606,-37.50541331131226,0.000
					-72.67431978693142,-37.505305144808055,0.000
					-72.67433979190511,-37.505291119783465,0.000
					-72.67435720087164,-37.50527325876169,0.000
					-72.67436715683742,-37.50525498174875,0.000
					-72.67436711179245,-37.50523091874726,0.000
					-72.67436334872617,-37.50519542874945,0.000
					-72.67437502862907,-37.5051434807323,0.000
					-72.67443031832394,-37.50498028665645,0.000
					-72.67458300029662,-37.5044307854407,0.000
					-72.67462181400273,-37.50427357438468,0.000
					-72.67462244296487,-37.50425331038266,0.000
					-72.67461245193309,-37.50423626139341,0.000
					-72.67459723291648,-37.50422731041091,0.000
					-72.6745815849052,-37.5042212344291,0.000
					-72.67450036293317,-37.50423594652631,0.000
					-72.674033615142,-37.50434615708661,0.000
					-72.67356659933272,-37.50444671864662,0.000
					-72.67353946035279,-37.50445735767944,0.000
					-72.67352463436697,-37.50446490569747,0.000
					-72.6735156734025,-37.504483924709334,0.000
					-72.67351545742909,-37.5044981587105,0.000
					-72.67359193478187,-37.50468728963175,0.000
					-72.6738511780952,-37.50539125636906,0.000
					-72.67385966011565,-37.5054022373597,0.000
					-72.67388540513195,-37.50541103632974,0.000
				</coordinates>
			</LinearRing>
		</outerBoundaryIs>
	</Polygon>
</MultiGeometry>
</Placemark>

<Placemark>
<name>8306021001022</name>
<description><![CDATA[<p><br/>NOM_COMUNA: NACIMIENTO
<br/>MANZENT_CODIGO: 8306021001022
<br/>TOTAL_PERSONAS(2017): 57
<br/>TOTAL_VIVIENDAS(2017): 18</p>]]></description>
<ExtendedData>
	<Data name="fid"><displayName>fid</displayName><value><![CDATA[130]]></value></Data>
	<Data name="NOM_COMUNA"><displayName>NOM_COMUNA</displayName><value><![CDATA[NACIMIENTO]]></value></Data>
	<Data name="MANZENT_I"><displayName>MANZENT_I</displayName><value><![CDATA[8306021001022]]></value></Data>
	<Data name="TOTAL_PERS"><displayName>TOTAL_PERS</displayName><value><![CDATA[57]]></value></Data>
	<Data name="TOTAL_VIVI"><displayName>TOTAL_VIVI</displayName><value><![CDATA[18]]></value></Data>
</ExtendedData>
<styleUrl>#style1</styleUrl>
<MultiGeometry>
	<Polygon>
		<outerBoundaryIs>
			<LinearRing>
				<tessellate>1</tessellate>
				<coordinates>
					-72.6852067942579,-37.504982454881414,0.000
					-72.68616007037978,-37.50505115675568,0.000
					-72.686169084375,-37.50504862974485,0.000
					-72.68617862435896,-37.50504007573296,0.000
					-72.68618135632369,-37.505021204728536,0.000
					-72.68623515957998,-37.504623218639686,0.000
					-72.68623130154651,-37.504605299643174,0.000
					-72.68622594152869,-37.504595732648895,0.000
					-72.68621363151387,-37.50458774166298,0.000
					-72.68545305640782,-37.50452822456084,0.000
					-72.68544138141624,-37.504532682574954,0.000
					-72.68543507642815,-37.504539047582874,0.000
					-72.68519346921558,-37.50495975489579,0.000
					-72.68519161023909,-37.50497233489876,0.000
					-72.68519818925155,-37.504979041891396,0.000
					-72.6852067942579,-37.504982454881414,0.000
				</coordinates>
			</LinearRing>
		</outerBoundaryIs>
	</Polygon>
</MultiGeometry>
</Placemark>

<Placemark>
<name>8306021001020</name>
<description><![CDATA[<p><br/>NOM_COMUNA: NACIMIENTO
<br/>MANZENT_CODIGO: 8306021001020
<br/>TOTAL_PERSONAS(2017): 85
<br/>TOTAL_VIVIENDAS(2017): 29</p>]]></description>
<ExtendedData>
	<Data name="fid"><displayName>fid</displayName><value><![CDATA[131]]></value></Data>
	<Data name="NOM_COMUNA"><displayName>NOM_COMUNA</displayName><value><![CDATA[NACIMIENTO]]></value></Data>
	<Data name="MANZENT_I"><displayName>MANZENT_I</displayName><value><![CDATA[8306021001020]]></value></Data>
	<Data name="TOTAL_PERS"><displayName>TOTAL_PERS</displayName><value><![CDATA[85]]></value></Data>
	<Data name="TOTAL_VIVI"><displayName>TOTAL_VIVI</displayName><value><![CDATA[29]]></value></Data>
</ExtendedData>
<styleUrl>#style1</styleUrl>
<MultiGeometry>
	<Polygon>
		<outerBoundaryIs>
			<LinearRing>
				<tessellate>1</tessellate>
				<coordinates>
					-72.68693187152863,-37.50513365884593,0.000
					-72.6869290555658,-37.50515354885049,0.000
					-72.68626038147636,-37.50510322764002,0.000
					-72.6862524034869,-37.50510883864984,0.000
					-72.68624673550134,-37.50511656865704,0.000
					-72.68623211090707,-37.50533373468807,0.000
					-72.68626022697154,-37.50536835065691,0.000
					-72.68628994100087,-37.5053841626227,0.000
					-72.68693810409962,-37.50543939885779,0.000
					-72.68695330009723,-37.50543816383967,0.000
					-72.68697156708014,-37.50542905981749,0.000
					-72.68710147067968,-37.50521514265002,0.000
					-72.68722553926943,-37.50499597448914,0.000
					-72.68738150472909,-37.50470722928602,0.000
					-72.68738654569776,-37.504690476279,0.000
					-72.68737725367828,-37.50468002028937,0.000
					-72.68736402866412,-37.50467237230455,0.000
					-72.68734808465703,-37.50466854532321,0.000
					-72.68634270753297,-37.50459847151063,0.000
					-72.68633016953197,-37.50459786552544,0.000
					-72.68631438754934,-37.50460710854475,0.000
					-72.68630674758039,-37.50462372055488,0.000
					-72.68625528238798,-37.50505590664308,0.000
					-72.68626754440571,-37.505065428629145,0.000
					-72.68628349141254,-37.505069165610465,0.000
					-72.68693469649143,-37.50511373784133,0.000
					-72.68693187152863,-37.50513365884593,0.000
				</coordinates>
			</LinearRing>
		</outerBoundaryIs>
	</Polygon>
</MultiGeometry>
</Placemark>

<Placemark>
<name>8306021001017</name>
<description><![CDATA[<p><br/>NOM_COMUNA: NACIMIENTO
<br/>MANZENT_CODIGO: 8306021001017
<br/>TOTAL_PERSONAS(2017): 106
<br/>TOTAL_VIVIENDAS(2017): 37</p>]]></description>
<ExtendedData>
	<Data name="fid"><displayName>fid</displayName><value><![CDATA[132]]></value></Data>
	<Data name="NOM_COMUNA"><displayName>NOM_COMUNA</displayName><value><![CDATA[NACIMIENTO]]></value></Data>
	<Data name="MANZENT_I"><displayName>MANZENT_I</displayName><value><![CDATA[8306021001017]]></value></Data>
	<Data name="TOTAL_PERS"><displayName>TOTAL_PERS</displayName><value><![CDATA[106]]></value></Data>
	<Data name="TOTAL_VIVI"><displayName>TOTAL_VIVI</displayName><value><![CDATA[37]]></value></Data>
</ExtendedData>
<styleUrl>#style1</styleUrl>
<MultiGeometry>
	<Polygon>
		<outerBoundaryIs>
			<LinearRing>
				<tessellate>1</tessellate>
				<coordinates>
					-72.68739861806928,-37.504889421277234,0.000
					-72.68887067930251,-37.50501971954039,0.000
					-72.68889119429303,-37.50501471351572,0.000
					-72.689008214871,-37.50478918736279,0.000
					-72.68900828683921,-37.504772156361675,0.000
					-72.68900038181792,-37.5047607373703,0.000
					-72.68899050581321,-37.504758200381836,0.000
					-72.68750531362201,-37.50465035713566,0.000
					-72.68748497462764,-37.50465329316002,0.000
					-72.68737044502194,-37.50486399730904,0.000
					-72.6873781760469,-37.504877396300714,0.000
					-72.68739001306295,-37.50488600828721,0.000
					-72.68739861806928,-37.504889421277234,0.000
				</coordinates>
			</LinearRing>
		</outerBoundaryIs>
	</Polygon>
</MultiGeometry>
</Placemark>

<Placemark>
<name>8306011002025</name>
<description><![CDATA[<p><br/>NOM_COMUNA: NACIMIENTO
<br/>MANZENT_CODIGO: 8306011002025
<br/>TOTAL_PERSONAS(2017): 104
<br/>TOTAL_VIVIENDAS(2017): 41</p>]]></description>
<ExtendedData>
	<Data name="fid"><displayName>fid</displayName><value><![CDATA[133]]></value></Data>
	<Data name="NOM_COMUNA"><displayName>NOM_COMUNA</displayName><value><![CDATA[NACIMIENTO]]></value></Data>
	<Data name="MANZENT_I"><displayName>MANZENT_I</displayName><value><![CDATA[8306011002025]]></value></Data>
	<Data name="TOTAL_PERS"><displayName>TOTAL_PERS</displayName><value><![CDATA[104]]></value></Data>
	<Data name="TOTAL_VIVI"><displayName>TOTAL_VIVI</displayName><value><![CDATA[41]]></value></Data>
</ExtendedData>
<styleUrl>#style1</styleUrl>
<MultiGeometry>
	<Polygon>
		<outerBoundaryIs>
			<LinearRing>
				<tessellate>1</tessellate>
				<coordinates>
					-72.67203083800672,-37.5058731815576,0.000
					-72.67205787501327,-37.50587677852576,0.000
					-72.67228431691802,-37.505826542254134,0.000
					-72.67306445654162,-37.505627622316645,0.000
					-72.67370715022744,-37.50546158554424,0.000
					-72.67372466221502,-37.50545499152306,0.000
					-72.67374347717185,-37.50543193149931,0.000
					-72.67374570613975,-37.505414763495565,0.000
					-72.67371182195993,-37.5053183905296,0.000
					-72.67357115227732,-37.504952446673194,0.000
					-72.67341439846003,-37.50451436183127,0.000
					-72.67340332043241,-37.504499544843526,0.000
					-72.67338711241403,-37.50448967286209,0.000
					-72.67336877640123,-37.5044827328834,0.000
					-72.67334245839909,-37.504481493914476,0.000
					-72.67275998464957,-37.504613660613366,0.000
					-72.67222230788592,-37.50473841625868,0.000
					-72.67175876608509,-37.50484354481483,0.000
					-72.67173451710137,-37.504852168844174,0.000
					-72.67171860611958,-37.504861857863645,0.000
					-72.67170404215193,-37.504879142881975,0.000
					-72.67170025917542,-37.5048916848873,0.000
					-72.6717021671967,-37.50490307788572,0.000
					-72.67174923248832,-37.505059367839834,0.000
					-72.67180524781304,-37.50523340678447,0.000
					-72.67184015103348,-37.50535151775057,0.000
					-72.67189198432408,-37.505507271699,0.000
					-72.672008476957,-37.5058465165824,0.000
					-72.67201742699015,-37.505864265572924,0.000
					-72.67203083800672,-37.5058731815576,0.000
				</coordinates>
			</LinearRing>
		</outerBoundaryIs>
	</Polygon>
</MultiGeometry>
</Placemark>

<Placemark>
<name>8306061001013</name>
<description><![CDATA[<p><br/>NOM_COMUNA: NACIMIENTO
<br/>MANZENT_CODIGO: 8306061001013
<br/>TOTAL_PERSONAS(2017): 45
<br/>TOTAL_VIVIENDAS(2017): 14</p>]]></description>
<ExtendedData>
	<Data name="fid"><displayName>fid</displayName><value><![CDATA[134]]></value></Data>
	<Data name="NOM_COMUNA"><displayName>NOM_COMUNA</displayName><value><![CDATA[NACIMIENTO]]></value></Data>
	<Data name="MANZENT_I"><displayName>MANZENT_I</displayName><value><![CDATA[8306061001013]]></value></Data>
	<Data name="TOTAL_PERS"><displayName>TOTAL_PERS</displayName><value><![CDATA[45]]></value></Data>
	<Data name="TOTAL_VIVI"><displayName>TOTAL_VIVI</displayName><value><![CDATA[14]]></value></Data>
</ExtendedData>
<styleUrl>#style1</styleUrl>
<MultiGeometry>
	<Polygon>
		<outerBoundaryIs>
			<LinearRing>
				<tessellate>1</tessellate>
				<coordinates>
					-72.65753059239165,-37.50496303868986,0.000
					-72.65755561543068,-37.50498399166152,0.000
					-72.65801685122199,-37.50487364710769,0.000
					-72.65805172419279,-37.50485811806536,0.000
					-72.65807473916256,-37.50484199303705,0.000
					-72.6580833081236,-37.50482116602555,0.000
					-72.65813340923152,-37.50434372893575,0.000
					-72.6581261181941,-37.504323667943076,0.000
					-72.65811599617707,-37.50431454595449,0.000
					-72.65763672190936,-37.504169772513464,0.000
					-72.65760163994426,-37.50418836155621,0.000
					-72.65753059239165,-37.50496303868986,0.000
				</coordinates>
			</LinearRing>
		</outerBoundaryIs>
	</Polygon>
</MultiGeometry>
</Placemark>

<Placemark>
<name>8306021001018</name>
<description><![CDATA[<p><br/>NOM_COMUNA: NACIMIENTO
<br/>MANZENT_CODIGO: 8306021001018
<br/>TOTAL_PERSONAS(2017): 115
<br/>TOTAL_VIVIENDAS(2017): 38</p>]]></description>
<ExtendedData>
	<Data name="fid"><displayName>fid</displayName><value><![CDATA[135]]></value></Data>
	<Data name="NOM_COMUNA"><displayName>NOM_COMUNA</displayName><value><![CDATA[NACIMIENTO]]></value></Data>
	<Data name="MANZENT_I"><displayName>MANZENT_I</displayName><value><![CDATA[8306021001018]]></value></Data>
	<Data name="TOTAL_PERS"><displayName>TOTAL_PERS</displayName><value><![CDATA[115]]></value></Data>
	<Data name="TOTAL_VIVI"><displayName>TOTAL_VIVI</displayName><value><![CDATA[38]]></value></Data>
</ExtendedData>
<styleUrl>#style1</styleUrl>
<MultiGeometry>
	<Polygon>
		<outerBoundaryIs>
			<LinearRing>
				<tessellate>1</tessellate>
				<coordinates>
					-72.6872577475791,-37.50516188046136,0.000
					-72.68875292680316,-37.50528731569678,0.000
					-72.68876836079316,-37.50528203067815,0.000
					-72.68877813576974,-37.505269515665816,0.000
					-72.68887843838743,-37.505065200534034,0.000
					-72.68887671536851,-37.50505507353544,0.000
					-72.68886348935435,-37.50504742455064,0.000
					-72.68885026733997,-37.505039685565805,0.000
					-72.6873548551235,-37.50491830333091,0.000
					-72.68734353012435,-37.50491871234436,0.000
					-72.68733185513275,-37.50492316935851,0.000
					-72.68722004651974,-37.505129961504046,0.000
					-72.68721662654187,-37.50514178950889,0.000
					-72.68722719055967,-37.50515136949694,0.000
					-72.68724428657231,-37.50515819247709,0.000
					-72.6872577475791,-37.50516188046136,0.000
				</coordinates>
			</LinearRing>
		</outerBoundaryIs>
	</Polygon>
</MultiGeometry>
</Placemark>

<Placemark>
<name>8306061001002</name>
<description><![CDATA[<p><br/>NOM_COMUNA: NACIMIENTO
<br/>MANZENT_CODIGO: 8306061001002
<br/>TOTAL_PERSONAS(2017): 82
<br/>TOTAL_VIVIENDAS(2017): 24</p>]]></description>
<ExtendedData>
	<Data name="fid"><displayName>fid</displayName><value><![CDATA[136]]></value></Data>
	<Data name="NOM_COMUNA"><displayName>NOM_COMUNA</displayName><value><![CDATA[NACIMIENTO]]></value></Data>
	<Data name="MANZENT_I"><displayName>MANZENT_I</displayName><value><![CDATA[8306061001002]]></value></Data>
	<Data name="TOTAL_PERS"><displayName>TOTAL_PERS</displayName><value><![CDATA[82]]></value></Data>
	<Data name="TOTAL_VIVI"><displayName>TOTAL_VIVI</displayName><value><![CDATA[24]]></value></Data>
</ExtendedData>
<styleUrl>#style1</styleUrl>
<MultiGeometry>
	<Polygon>
		<outerBoundaryIs>
			<LinearRing>
				<tessellate>1</tessellate>
				<coordinates>
					-72.6604278262298,-37.50542046228428,0.000
					-72.66043497823472,-37.50542310127596,0.000
					-72.66071919291694,-37.50525386192825,0.000
					-72.66072312690638,-37.50524821392321,0.000
					-72.6607251578784,-37.50523323591988,0.000
					-72.66012046252217,-37.50450532559037,0.000
					-72.66010690350107,-37.50449397260575,0.000
					-72.6600911214911,-37.50448861262412,0.000
					-72.66008141948963,-37.50448778963558,0.000
					-72.659807898762,-37.50463277396904,0.000
					-72.6597962197773,-37.504640922983405,0.000
					-72.65979671481539,-37.50466129898412,0.000
					-72.65980079983485,-37.50467174397995,0.000
					-72.66041941922443,-37.50541755529404,0.000
					-72.6604278262298,-37.50542046228428,0.000
				</coordinates>
			</LinearRing>
		</outerBoundaryIs>
	</Polygon>
</MultiGeometry>
</Placemark>

<Placemark>
<name>8306011003032</name>
<description><![CDATA[<p><br/>NOM_COMUNA: NACIMIENTO
<br/>MANZENT_CODIGO: 8306011003032
<br/>TOTAL_PERSONAS(2017): 58
<br/>TOTAL_VIVIENDAS(2017): 23</p>]]></description>
<ExtendedData>
	<Data name="fid"><displayName>fid</displayName><value><![CDATA[137]]></value></Data>
	<Data name="NOM_COMUNA"><displayName>NOM_COMUNA</displayName><value><![CDATA[NACIMIENTO]]></value></Data>
	<Data name="MANZENT_I"><displayName>MANZENT_I</displayName><value><![CDATA[8306011003032]]></value></Data>
	<Data name="TOTAL_PERS"><displayName>TOTAL_PERS</displayName><value><![CDATA[58]]></value></Data>
	<Data name="TOTAL_VIVI"><displayName>TOTAL_VIVI</displayName><value><![CDATA[23]]></value></Data>
</ExtendedData>
<styleUrl>#style1</styleUrl>
<MultiGeometry>
	<Polygon>
		<outerBoundaryIs>
			<LinearRing>
				<tessellate>1</tessellate>
				<coordinates>
					-72.67775232243748,-37.505587731756734,0.000
					-72.67777542644927,-37.50559413372974,0.000
					-72.67780567544634,-37.505592655693775,0.000
					-72.67816990032237,-37.505527545257834,0.000
					-72.67848548221241,-37.505469767880086,0.000
					-72.6786529661527,-37.50543836667953,0.000
					-72.67885162508867,-37.50540478344191,0.000
					-72.6788842060747,-37.50539740340282,0.000
					-72.67890151206777,-37.5053937783821,0.000
					-72.67891513805776,-37.50538845936559,0.000
					-72.67892115004989,-37.50538425135824,0.000
					-72.67892685402647,-37.505371747350665,0.000
					-72.67893933250589,-37.50509307931829,0.000
					-72.67894322823688,-37.50494905830453,0.000
					-72.67893841419294,-37.50492553330878,0.000
					-72.67892749216266,-37.50490927832066,0.000
					-72.67891040414278,-37.50489857834028,0.000
					-72.67888657812674,-37.50488990936797,0.000
					-72.67872216613775,-37.50489523856319,0.000
					-72.6780542671791,-37.50491508735623,0.000
					-72.67779583320562,-37.50492838866346,0.000
					-72.67777630722354,-37.504937916687176,0.000
					-72.67776796324249,-37.504948026697704,0.000
					-72.6777633462617,-37.50495829870385,0.000
					-72.67775324052316,-37.50509823272467,0.000
					-72.67774515775804,-37.50522396774218,0.000
					-72.67774278994855,-37.50532593375148,0.000
					-72.67773652521026,-37.50546603276773,0.000
					-72.67772969536962,-37.505551329781206,0.000
					-72.67773647641091,-37.50557345177458,0.000
					-72.67775232243748,-37.505587731756734,0.000
				</coordinates>
			</LinearRing>
		</outerBoundaryIs>
	</Polygon>
</MultiGeometry>
</Placemark>

<Placemark>
<name>8306021001021</name>
<description><![CDATA[<p><br/>NOM_COMUNA: NACIMIENTO
<br/>MANZENT_CODIGO: 8306021001021
<br/>TOTAL_PERSONAS(2017): 58
<br/>TOTAL_VIVIENDAS(2017): 16</p>]]></description>
<ExtendedData>
	<Data name="fid"><displayName>fid</displayName><value><![CDATA[138]]></value></Data>
	<Data name="NOM_COMUNA"><displayName>NOM_COMUNA</displayName><value><![CDATA[NACIMIENTO]]></value></Data>
	<Data name="MANZENT_I"><displayName>MANZENT_I</displayName><value><![CDATA[8306021001021]]></value></Data>
	<Data name="TOTAL_PERS"><displayName>TOTAL_PERS</displayName><value><![CDATA[58]]></value></Data>
	<Data name="TOTAL_VIVI"><displayName>TOTAL_VIVI</displayName><value><![CDATA[16]]></value></Data>
</ExtendedData>
<styleUrl>#style1</styleUrl>
<MultiGeometry>
	<Polygon>
		<outerBoundaryIs>
			<LinearRing>
				<tessellate>1</tessellate>
				<coordinates>
					-72.68510918989358,-37.505322447018564,0.000
					-72.68610382703153,-37.50539988984433,0.000
					-72.68612306902388,-37.50539585182122,0.000
					-72.68614451999198,-37.505378879794755,0.000
					-72.68615824093519,-37.50534850877653,0.000
					-72.68618271550149,-37.50511639473293,0.000
					-72.68617539746522,-37.50509696674036,0.000
					-72.68615478044659,-37.50508691976418,0.000
					-72.68519936933073,-37.50502141989264,0.000
					-72.6851841733331,-37.50502265491075,0.000
					-72.68516735434473,-37.5050288129311,0.000
					-72.68510979650124,-37.50511239500461,0.000
					-72.68506462662678,-37.50517945806233,0.000
					-72.68501959175104,-37.50524580211992,0.000
					-72.68500373580021,-37.50527207614036,0.000
					-72.68500158682068,-37.50528302814361,0.000
					-72.68500573684335,-37.505295185139495,0.000
					-72.68501981986716,-37.50530798812361,0.000
					-72.68503588087404,-37.50531172710476,0.000
					-72.68510918989358,-37.505322447018564,0.000
				</coordinates>
			</LinearRing>
		</outerBoundaryIs>
	</Polygon>
</MultiGeometry>
</Placemark>

<Placemark>
<name>8306011003029</name>
<description><![CDATA[<p><br/>NOM_COMUNA: NACIMIENTO
<br/>MANZENT_CODIGO: 8306011003029
<br/>TOTAL_PERSONAS(2017): 57
<br/>TOTAL_VIVIENDAS(2017): 21</p>]]></description>
<ExtendedData>
	<Data name="fid"><displayName>fid</displayName><value><![CDATA[139]]></value></Data>
	<Data name="NOM_COMUNA"><displayName>NOM_COMUNA</displayName><value><![CDATA[NACIMIENTO]]></value></Data>
	<Data name="MANZENT_I"><displayName>MANZENT_I</displayName><value><![CDATA[8306011003029]]></value></Data>
	<Data name="TOTAL_PERS"><displayName>TOTAL_PERS</displayName><value><![CDATA[57]]></value></Data>
	<Data name="TOTAL_VIVI"><displayName>TOTAL_VIVI</displayName><value><![CDATA[21]]></value></Data>
</ExtendedData>
<styleUrl>#style1</styleUrl>
<MultiGeometry>
	<Polygon>
		<outerBoundaryIs>
			<LinearRing>
				<tessellate>1</tessellate>
				<coordinates>
					-72.67699397870095,-37.505726192664454,0.000
					-72.67700603870352,-37.505727600650246,0.000
					-72.67735923459675,-37.50567164822802,0.000
					-72.67760809950633,-37.505624095929974,0.000
					-72.67765508546267,-37.505600868872826,0.000
					-72.67767524743365,-37.50558540484795,0.000
					-72.67768664640786,-37.50557166083358,0.000
					-72.67769058838158,-37.505557589828,0.000
					-72.67769555019844,-37.505459549815896,0.000
					-72.67769879103035,-37.50536958580639,0.000
					-72.67770930880548,-37.505249215786314,0.000
					-72.67771143555451,-37.50511489277531,0.000
					-72.67771932125648,-37.504955360755865,0.000
					-72.67771088323337,-37.50494293876503,0.000
					-72.67770171622684,-37.504939423775724,0.000
					-72.67767664621768,-37.504934424805136,0.000
					-72.6774795492216,-37.504935865038846,0.000
					-72.6772669082354,-37.50494249529137,0.000
					-72.67691737225806,-37.50495346170641,0.000
					-72.67685319526088,-37.504954721782546,0.000
					-72.67682651426696,-37.50495789181439,0.000
					-72.67680418828327,-37.504966553841435,0.000
					-72.67679339831325,-37.504982562855204,0.000
					-72.6767934483511,-37.50500283985648,0.000
					-72.67682730664856,-37.50516220282638,0.000
					-72.6768629948971,-37.50529537779253,0.000
					-72.67688848511955,-37.505414563769854,0.000
					-72.67694985860604,-37.50567521871355,0.000
					-72.67695819465578,-37.50570187770537,0.000
					-72.6769703576794,-37.50571455269176,0.000
					-72.67699397870095,-37.505726192664454,0.000
				</coordinates>
			</LinearRing>
		</outerBoundaryIs>
	</Polygon>
</MultiGeometry>
</Placemark>

<Placemark>
<name>8306011003028</name>
<description><![CDATA[<p><br/>NOM_COMUNA: NACIMIENTO
<br/>MANZENT_CODIGO: 8306011003028
<br/>TOTAL_PERSONAS(2017): 86
<br/>TOTAL_VIVIENDAS(2017): 36</p>]]></description>
<ExtendedData>
	<Data name="fid"><displayName>fid</displayName><value><![CDATA[140]]></value></Data>
	<Data name="NOM_COMUNA"><displayName>NOM_COMUNA</displayName><value><![CDATA[NACIMIENTO]]></value></Data>
	<Data name="MANZENT_I"><displayName>MANZENT_I</displayName><value><![CDATA[8306011003028]]></value></Data>
	<Data name="TOTAL_PERS"><displayName>TOTAL_PERS</displayName><value><![CDATA[86]]></value></Data>
	<Data name="TOTAL_VIVI"><displayName>TOTAL_VIVI</displayName><value><![CDATA[36]]></value></Data>
</ExtendedData>
<styleUrl>#style1</styleUrl>
<MultiGeometry>
	<Polygon>
		<outerBoundaryIs>
			<LinearRing>
				<tessellate>1</tessellate>
				<coordinates>
					-72.6762878992038,-37.50652830855223,0.000
					-72.67634021221394,-37.506533934490605,0.000
					-72.6765222551427,-37.5064964232724,0.000
					-72.67698952994361,-37.506391440711816,0.000
					-72.67703200891933,-37.50637857866063,0.000
					-72.67705786588799,-37.506361874628915,0.000
					-72.67706063082356,-37.50632741462346,0.000
					-72.67696417414058,-37.50596144271466,0.000
					-72.67690649676533,-37.50576033777035,0.000
					-72.67686010641191,-37.50557098981337,0.000
					-72.67682427712414,-37.50541681484608,0.000
					-72.676802046937,-37.505316527866064,0.000
					-72.67676832568583,-37.50518194989757,0.000
					-72.6767415884704,-37.50506652392198,0.000
					-72.67672504234969,-37.50500185493747,0.000
					-72.67671432931367,-37.504982538948965,0.000
					-72.67669795929822,-37.50497419696785,0.000
					-72.6766718022932,-37.50497142899867,0.000
					-72.6761408944151,-37.50503487563203,0.000
					-72.67593648245767,-37.505056986875786,0.000
					-72.67591135747226,-37.50506469290607,0.000
					-72.67588799048991,-37.50507405493438,0.000
					-72.67587270651804,-37.505089073953435,0.000
					-72.67586389357194,-37.505117918965695,0.000
					-72.6759281800122,-37.50535384890444,0.000
					-72.67605839694369,-37.50585295878161,0.000
					-72.67614859257435,-37.50619087169606,0.000
					-72.67623119511735,-37.506481863616585,0.000
					-72.6762397811589,-37.506504111607796,0.000
					-72.67625671518127,-37.50651615958846,0.000
					-72.6762878992038,-37.50652830855223,0.000
				</coordinates>
			</LinearRing>
		</outerBoundaryIs>
	</Polygon>
</MultiGeometry>
</Placemark>

<Placemark>
<name>8306011002024</name>
<description><![CDATA[<p><br/>NOM_COMUNA: NACIMIENTO
<br/>MANZENT_CODIGO: 8306011002024
<br/>TOTAL_PERSONAS(2017): 200
<br/>TOTAL_VIVIENDAS(2017): 72</p>]]></description>
<ExtendedData>
	<Data name="fid"><displayName>fid</displayName><value><![CDATA[141]]></value></Data>
	<Data name="NOM_COMUNA"><displayName>NOM_COMUNA</displayName><value><![CDATA[NACIMIENTO]]></value></Data>
	<Data name="MANZENT_I"><displayName>MANZENT_I</displayName><value><![CDATA[8306011002024]]></value></Data>
	<Data name="TOTAL_PERS"><displayName>TOTAL_PERS</displayName><value><![CDATA[200]]></value></Data>
	<Data name="TOTAL_VIVI"><displayName>TOTAL_VIVI</displayName><value><![CDATA[72]]></value></Data>
</ExtendedData>
<styleUrl>#style1</styleUrl>
<MultiGeometry>
	<Polygon>
		<outerBoundaryIs>
			<LinearRing>
				<tessellate>1</tessellate>
				<coordinates>
					-72.67080666629678,-37.50602445501842,0.000
					-72.67078763035026,-37.506053009042795,0.000
					-72.6704837421005,-37.505918311394545,0.000
					-72.67047206809889,-37.50591741640831,0.000
					-72.67045465611818,-37.505927673429596,0.000
					-72.67045117415256,-37.50594607643492,0.000
					-72.6704465094729,-37.50611754545131,0.000
					-72.6704405407136,-37.50624637146653,0.000
					-72.67044139896105,-37.50637886047394,0.000
					-72.6704327222106,-37.50651242349271,0.000
					-72.67043912034704,-37.50658548748974,0.000
					-72.67044276754825,-37.506693204492244,0.000
					-72.67043945658365,-37.50671213949739,0.000
					-72.67042855161732,-37.506730139511475,0.000
					-72.67040534267265,-37.50675968254084,0.000
					-72.67039148069424,-37.506771196558006,0.000
					-72.67037195475967,-37.50680616758335,0.000
					-72.67031367016388,-37.50702234366621,0.000
					-72.67031531723687,-37.50706142866669,0.000
					-72.67032041528016,-37.50708460066211,0.000
					-72.67041215459253,-37.50725212956398,0.000
					-72.67056102422032,-37.50758869340885,0.000
					-72.67061384945124,-37.50771248235406,0.000
					-72.67061994046422,-37.50771944334726,0.000
					-72.6706361894795,-37.50772767132854,0.000
					-72.67155500904987,-37.50750069722484,0.000
					-72.67157151002826,-37.50748918720453,0.000
					-72.67157371099202,-37.50746979520072,0.000
					-72.67157342499014,-37.507468786200974,0.000
					-72.67157273898664,-37.507466928201666,0.000
					-72.67149145957555,-37.50724657928411,0.000
					-72.671526870554,-37.50723516624135,0.000
					-72.67178954076513,-37.50788435097107,0.000
					-72.67183793792017,-37.50796750791897,0.000
					-72.67186397594604,-37.507981448889026,0.000
					-72.67194313289966,-37.50795687579358,0.000
					-72.67198593486967,-37.50794095774185,0.000
					-72.672019246839,-37.50792467270131,0.000
					-72.67204515280478,-37.50790643866947,0.000
					-72.67206769676187,-37.50788354364126,0.000
					-72.67213378660348,-37.50779896455757,0.000
					-72.67224486133821,-37.507657327416915,0.000
					-72.6723154071634,-37.507564005327346,0.000
					-72.67232826810421,-37.507532357310104,0.000
					-72.67233068795866,-37.50745445430231,0.000
					-72.67228446660255,-37.507263665344965,0.000
					-72.67223673528274,-37.50709231339072,0.000
					-72.67216790283754,-37.50685376745722,0.000
					-72.67208564522026,-37.50652303753382,0.000
					-72.6719338592406,-37.50599808668048,0.000
					-72.67192858921068,-37.50598203168571,0.000
					-72.67192115119094,-37.50597145269382,0.000
					-72.67143567934134,-37.50605035827436,0.000
					-72.6714289182628,-37.50600830027974,0.000
					-72.6714379862594,-37.50600650026887,0.000
					-72.67188454511155,-37.505928820734525,0.000
					-72.67189863609954,-37.50592245871739,0.000
					-72.67190030209332,-37.50591912671527,0.000
					-72.67190120006141,-37.5059020477131,0.000
					-72.67189467300926,-37.50587410371905,0.000
					-72.67188774395392,-37.5058444427254,0.000
					-72.6718577407264,-37.505722549753216,0.000
					-72.67180913443632,-37.505567096800995,0.000
					-72.67171368791836,-37.505289478896565,0.000
					-72.67159717624457,-37.5049283600118,0.000
					-72.67156217920069,-37.50490476305181,0.000
					-72.67151480318753,-37.50489755410754,0.000
					-72.6713976292407,-37.5049256452482,0.000
					-72.67116198533901,-37.504977494530834,0.000
					-72.67038896666841,-37.50515132045825,0.000
					-72.67037681867515,-37.505154885472855,0.000
					-72.67034885669065,-37.50516309050656,0.000
					-72.67034314571912,-37.50517831951427,0.000
					-72.67035361581506,-37.50522971550513,0.000
					-72.67041451422816,-37.50545105844698,0.000
					-72.67044626446489,-37.50557789841739,0.000
					-72.67046021562493,-37.50566363440626,0.000
					-72.67046687885424,-37.505786414406174,0.000
					-72.67046579990931,-37.505815897409285,0.000
					-72.67047479101271,-37.50587127940213,0.000
					-72.67047786001633,-37.50587322239864,0.000
					-72.67049520703672,-37.505884208378774,0.000
					-72.67080666629678,-37.50602445501842,0.000
				</coordinates>
			</LinearRing>
		</outerBoundaryIs>
	</Polygon>
</MultiGeometry>
</Placemark>

<Placemark>
<name>8306021001019</name>
<description><![CDATA[<p><br/>NOM_COMUNA: NACIMIENTO
<br/>MANZENT_CODIGO: 8306021001019
<br/>TOTAL_PERSONAS(2017): 98
<br/>TOTAL_VIVIENDAS(2017): 30</p>]]></description>
<ExtendedData>
	<Data name="fid"><displayName>fid</displayName><value><![CDATA[142]]></value></Data>
	<Data name="NOM_COMUNA"><displayName>NOM_COMUNA</displayName><value><![CDATA[NACIMIENTO]]></value></Data>
	<Data name="MANZENT_I"><displayName>MANZENT_I</displayName><value><![CDATA[8306021001019]]></value></Data>
	<Data name="TOTAL_PERS"><displayName>TOTAL_PERS</displayName><value><![CDATA[98]]></value></Data>
	<Data name="TOTAL_VIVI"><displayName>TOTAL_VIVI</displayName><value><![CDATA[30]]></value></Data>
</ExtendedData>
<styleUrl>#style1</styleUrl>
<MultiGeometry>
	<Polygon>
		<outerBoundaryIs>
			<LinearRing>
				<tessellate>1</tessellate>
				<coordinates>
					-72.68707312411512,-37.50544817169825,0.000
					-72.68858170734971,-37.50557927891811,0.000
					-72.68860580734231,-37.50557542488931,0.000
					-72.68862152632883,-37.50556825287023,0.000
					-72.68863095331275,-37.50555969585852,0.000
					-72.68872977190397,-37.50534120372764,0.000
					-72.68872428888665,-37.50533190373356,0.000
					-72.68871268686325,-37.50531933074654,0.000
					-72.68870650486083,-37.505318037753774,0.000
					-72.68720455764944,-37.505199318526806,0.000
					-72.68718525466076,-37.505205338550084,0.000
					-72.68706194605231,-37.50541451870938,0.000
					-72.6870592110878,-37.50543348071384,0.000
					-72.68706832911094,-37.505445914703785,0.000
					-72.68707312411512,-37.50544817169825,0.000
				</coordinates>
			</LinearRing>
		</outerBoundaryIs>
	</Polygon>
</MultiGeometry>
</Placemark>

<Placemark>
<name>8306061001003</name>
<description><![CDATA[<p><br/>NOM_COMUNA: NACIMIENTO
<br/>MANZENT_CODIGO: 8306061001003
<br/>TOTAL_PERSONAS(2017): 88
<br/>TOTAL_VIVIENDAS(2017): 24</p>]]></description>
<ExtendedData>
	<Data name="fid"><displayName>fid</displayName><value><![CDATA[143]]></value></Data>
	<Data name="NOM_COMUNA"><displayName>NOM_COMUNA</displayName><value><![CDATA[NACIMIENTO]]></value></Data>
	<Data name="MANZENT_I"><displayName>MANZENT_I</displayName><value><![CDATA[8306061001003]]></value></Data>
	<Data name="TOTAL_PERS"><displayName>TOTAL_PERS</displayName><value><![CDATA[88]]></value></Data>
	<Data name="TOTAL_VIVI"><displayName>TOTAL_VIVI</displayName><value><![CDATA[24]]></value></Data>
</ExtendedData>
<styleUrl>#style1</styleUrl>
<MultiGeometry>
	<Polygon>
		<outerBoundaryIs>
			<LinearRing>
				<tessellate>1</tessellate>
				<coordinates>
					-72.66010228657707,-37.50560538368201,0.000
					-72.6601310165973,-37.505616316648656,0.000
					-72.66021967250997,-37.5055698165406,0.000
					-72.6602263014828,-37.5055552715318,0.000
					-72.66022691748033,-37.50555397253096,0.000
					-72.66023218046453,-37.505545534524195,0.000
					-72.66023920345036,-37.50553795351539,0.000
					-72.66024777143816,-37.5055314585048,0.000
					-72.6602503124353,-37.50552992150173,0.000
					-72.66039735227619,-37.50544518732197,0.000
					-72.65976662384939,-37.50467944702094,0.000
					-72.65973773083219,-37.50467013305465,0.000
					-72.65948277309018,-37.5048074643656,0.000
					-72.6594735630998,-37.50481259837684,0.000
					-72.65947388013497,-37.50483143937771,0.000
					-72.65947449914525,-37.50483694837732,0.000
					-72.66010228657707,-37.50560538368201,0.000
				</coordinates>
			</LinearRing>
		</outerBoundaryIs>
	</Polygon>
</MultiGeometry>
</Placemark>

<Placemark>
<name>8306021001037</name>
<description><![CDATA[<p><br/>NOM_COMUNA: NACIMIENTO
<br/>MANZENT_CODIGO: 8306021001037
<br/>TOTAL_PERSONAS(2017): 686
<br/>TOTAL_VIVIENDAS(2017): 232</p>]]></description>
<ExtendedData>
	<Data name="fid"><displayName>fid</displayName><value><![CDATA[144]]></value></Data>
	<Data name="NOM_COMUNA"><displayName>NOM_COMUNA</displayName><value><![CDATA[NACIMIENTO]]></value></Data>
	<Data name="MANZENT_I"><displayName>MANZENT_I</displayName><value><![CDATA[8306021001037]]></value></Data>
	<Data name="TOTAL_PERS"><displayName>TOTAL_PERS</displayName><value><![CDATA[686]]></value></Data>
	<Data name="TOTAL_VIVI"><displayName>TOTAL_VIVI</displayName><value><![CDATA[232]]></value></Data>
</ExtendedData>
<styleUrl>#style1</styleUrl>
<MultiGeometry>
	<Polygon>
		<outerBoundaryIs>
			<LinearRing>
				<tessellate>1</tessellate>
				<coordinates>
					-72.68231585068315,-37.505735172356005,0.000
					-72.68213134892368,-37.50586330158283,0.000
					-72.68187267421752,-37.506019686899336,0.000
					-72.68199011547719,-37.5061591257689,0.000
					-72.6820098304837,-37.50616267174576,0.000
					-72.68205845242565,-37.506131771686164,0.000
					-72.68212304834985,-37.50609140560702,0.000
					-72.68220224825275,-37.506039701509884,0.000
					-72.68229184515613,-37.50598829140048,0.000
					-72.68238342004257,-37.50592781828806,0.000
					-72.68245083295365,-37.50588047820519,0.000
					-72.68249736088286,-37.505842731147624,0.000
					-72.68253298382854,-37.505813781103555,0.000
					-72.68256125986964,-37.50583587407143,0.000
					-72.68252563692391,-37.50586482411549,0.000
					-72.68247806499625,-37.50590336117433,0.000
					-72.68240914908706,-37.505951753259076,0.000
					-72.68231607220261,-37.50601327837328,0.000
					-72.68222636129926,-37.50606468648285,0.000
					-72.68214785139568,-37.50611604457919,0.000
					-72.68208302647169,-37.50615649565861,0.000
					-72.68200640856317,-37.506205186752545,0.000
					-72.6819189626664,-37.50626015385966,0.000
					-72.68183726275737,-37.50630856495959,0.000
					-72.68175133384413,-37.50635473006432,0.000
					-72.68164492097262,-37.50642311219481,0.000
					-72.68156322006358,-37.506471522294746,0.000
					-72.68151177112414,-37.50650376535772,0.000
					-72.68145143317498,-37.506530787431004,0.000
					-72.68138548321646,-37.506552742510536,0.000
					-72.68134688723852,-37.50656442055705,0.000
					-72.68131561724854,-37.50656966459446,0.000
					-72.68129048523615,-37.50656295262384,0.000
					-72.68126480219567,-37.50654118065288,0.000
					-72.68121752709982,-37.5064896957057,0.000
					-72.68116882001533,-37.50644431176056,0.000
					-72.68100903319753,-37.506541293956104,0.000
					-72.68098259940719,-37.50665342099454,0.000
					-72.68095075249293,-37.50669920603518,0.000
					-72.6809153336031,-37.50675807708092,0.000
					-72.68088466172037,-37.50682073712122,0.000
					-72.68085125781816,-37.50687298016412,0.000
					-72.68081222190774,-37.50692078621342,0.000
					-72.68074821500936,-37.506974951292705,0.000
					-72.68065282013491,-37.50704183640999,0.000
					-72.68053526324631,-37.50710107755314,0.000
					-72.68040484136277,-37.50716294871168,0.000
					-72.68027593548324,-37.50722701286851,0.000
					-72.68015768860897,-37.50729389901293,0.000
					-72.68003136666916,-37.50732566116468,0.000
					-72.67989801364844,-37.50731411932206,0.000
					-72.67980616763492,-37.50730654643048,0.000
					-72.67970018691454,-37.50745586056553,0.000
					-72.67964560806823,-37.5075379666354,0.000
					-72.6796163152046,-37.50761083667473,0.000
					-72.67960753334539,-37.507686181689934,0.000
					-72.67962084158654,-37.507815311682315,0.000
					-72.67964077591927,-37.50799350466996,0.000
					-72.67966645249244,-37.50830040765887,0.000
					-72.67969878797777,-37.50856031063698,0.000
					-72.67972106547624,-37.50882722562742,0.000
					-72.67973708492242,-37.50906608062348,0.000
					-72.67976867351426,-37.50938301260608,0.000
					-72.67980485912904,-37.509712201583994,0.000
					-72.67981314128454,-37.509795452579404,0.000
					-72.67986142232661,-37.50981811952359,0.000
					-72.68014717742714,-37.50987293918827,0.000
					-72.6803884735075,-37.50991679090493,0.000
					-72.68067054763907,-37.50998820857502,0.000
					-72.68090784673545,-37.51004063229703,0.000
					-72.6813448229471,-37.51015544678616,0.000
					-72.68133863797974,-37.510172903794604,0.000
					-72.68133060402218,-37.51019557780554,0.000
					-72.6813273960079,-37.51018792480891,0.000
					-72.68089416780323,-37.510076861315525,0.000
					-72.68065698170685,-37.510024439593415,0.000
					-72.68037603057583,-37.50995331392199,0.000
					-72.68013630749604,-37.509909763203474,0.000
					-72.67985032739547,-37.50985493953907,0.000
					-72.67981951040528,-37.50986010157596,0.000
					-72.67982271446446,-37.50989179557412,0.000
					-72.67985670224604,-37.51031024656029,0.000
					-72.67988278861039,-37.510505322541654,0.000
					-72.67989578165908,-37.510531441527945,0.000
					-72.67991494169735,-37.51055200450648,0.000
					-72.67993208171421,-37.510561082486745,0.000
					-72.6800874548331,-37.510625235306556,0.000
					-72.68066150427718,-37.51086496164108,0.000
					-72.68130360975805,-37.51112458689619,0.000
					-72.68178645212971,-37.511325207336405,0.000
					-72.68211100238803,-37.511464592960415,0.000
					-72.68212267539516,-37.511468449946776,0.000
					-72.68242701858105,-37.5115690255923,0.000
					-72.6827616467571,-37.511664437201574,0.000
					-72.68278876577136,-37.511672170169874,0.000
					-72.68324997601266,-37.51180294263131,0.000
					-72.68372549012037,-37.51186230707129,0.000
					-72.68372750212095,-37.51186260806893,0.000
					-72.68411418424454,-37.51193013461471,0.000
					-72.68514711627542,-37.5119503923913,0.000
					-72.68514852827553,-37.511950444389605,0.000
					-72.68545120930335,-37.51196644203176,0.000
					-72.68545135030337,-37.51196644903159,0.000
					-72.68545149130335,-37.51196645603139,0.000
					-72.6858299893335,-37.51198393958375,0.000
					-72.68583608933477,-37.511984669576556,0.000
					-72.6862370664781,-37.512062821106085,0.000
					-72.68658841456357,-37.51210985469244,0.000
					-72.68659008456406,-37.5121101126905,0.000
					-72.68704234170914,-37.512189404159265,0.000
					-72.68704258070919,-37.512189446158985,0.000
					-72.68704282070928,-37.5121894861587,0.000
					-72.6875324478553,-37.51226943558319,0.000
					-72.68753258185534,-37.51226945758304,0.000
					-72.68753271685539,-37.51226947858287,0.000
					-72.68753298785548,-37.512269521582546,0.000
					-72.68807364100313,-37.51235054394663,0.000
					-72.68886387121415,-37.512466388017025,0.000
					-72.68888973621492,-37.512466893986385,0.000
					-72.68916447222307,-37.512472272660915,0.000
					-72.6891663792232,-37.512472352658676,0.000
					-72.6900592673247,-37.512529977603656,0.000
					-72.6904618202619,-37.512497868124385,0.000
					-72.69046346926166,-37.5124977691224,0.000
					-72.69093288422268,-37.512478658564646,0.000
					-72.69105964821216,-37.512473497414035,0.000
					-72.69129809619236,-37.5124637891307,0.000
					-72.69177890511264,-37.51242292855806,0.000
					-72.69178333711231,-37.5124227845528,0.000
					-72.69207154112082,-37.51242841921143,0.000
					-72.6920386560834,-37.511873067215504,0.000
					-72.69202670670643,-37.51167127221698,0.000
					-72.69185914842075,-37.50884147923783,0.000
					-72.69183937779712,-37.50850758724034,0.000
					-72.69171202078044,-37.506356881256146,0.000
					-72.69167839771949,-37.50578878226029,0.000
					-72.69167736368689,-37.505771320260386,0.000
					-72.69165245368225,-37.50576873828978,0.000
					-72.69150034067778,-37.50576576446994,0.000
					-72.69149672867722,-37.50576546247416,0.000
					-72.6914160206553,-37.505753409569095,0.000
					-72.69141394365454,-37.50575301757152,0.000
					-72.69136425463367,-37.50574164862972,0.000
					-72.69136407463357,-37.50574160762992,0.000
					-72.69136389463353,-37.50574156763017,0.000
					-72.69128588160278,-37.5057248237216,0.000
					-72.69112674758847,-37.5057165639097,0.000
					-72.69107490858741,-37.505715788971116,0.000
					-72.69100388960369,-37.505724253055845,0.000
					-72.69099995160407,-37.50572444906052,0.000
					-72.69092507760185,-37.505722985149205,0.000
					-72.69092405160184,-37.50572294715042,0.000
					-72.69083315359295,-37.50571787225781,0.000
					-72.69071786158956,-37.5057156163944,0.000
					-72.6906499985935,-37.50571746647495,0.000
					-72.69059166161476,-37.50572864554481,0.000
					-72.69052637566085,-37.50575307362371,0.000
					-72.69052082866352,-37.5057544896304,0.000
					-72.69042048569155,-37.50576910575026,0.000
					-72.69041586269212,-37.50576939375579,0.000
					-72.69024947568717,-37.5057661389528,0.000
					-72.6902437396859,-37.505765432959585,0.000
					-72.69016621965304,-37.5057475490503,0.000
					-72.69009267563256,-37.505736299136785,0.000
					-72.69009196163232,-37.505736181137685,0.000
					-72.68998936759859,-37.50571773625812,0.000
					-72.68992145858465,-37.5057100203381,0.000
					-72.68986917960103,-37.50571859340062,0.000
					-72.68986864260266,-37.50571945740135,0.000
					-72.6888538214948,-37.50565796160052,0.000
					-72.68871261647709,-37.505647987767254,0.000
					-72.68870377647822,-37.50564853577777,0.000
					-72.68868011653423,-37.5056784418077,0.000
					-72.68870614347193,-37.5061805448085,0.000
					-72.68867830647515,-37.50618216384158,0.000
					-72.68865050147835,-37.50618378187463,0.000
					-72.68861588250626,-37.505663215882876,0.000
					-72.68860117146558,-37.505641389899,0.000
					-72.68831888742267,-37.50561738923213,0.000
					-72.68830241642691,-37.50561959025177,0.000
					-72.68829039244271,-37.50562800626657,0.000
					-72.6882830404701,-37.50564264127622,0.000
					-72.6883624552637,-37.50660313524249,0.000
					-72.68836064730468,-37.50662508924605,0.000
					-72.6883547433266,-37.50663677825374,0.000
					-72.68834144534421,-37.506646161270126,0.000
					-72.6876846962989,-37.506619512047024,0.000
					-72.68765516531317,-37.50662704408251,0.000
					-72.68764591232555,-37.5066336210939,0.000
					-72.68763723735088,-37.50664714910499,0.000
					-72.68763201838607,-37.50666597211236,0.000
					-72.68771566425863,-37.50766872407638,0.000
					-72.68768043225938,-37.50766897811813,0.000
					-72.6876451732601,-37.507669236159956,0.000
					-72.6876400560837,-37.5075747831601,0.000
					-72.68763180006997,-37.507567412169394,0.000
					-72.68761540204235,-37.5075525821879,0.000
					-72.68760286704115,-37.50755188620274,0.000
					-72.68701984697597,-37.507514871891566,0.000
					-72.68701048098835,-37.50752144690313,0.000
					-72.68700322904385,-37.50755113391359,0.000
					-72.6870103192035,-37.507636613910556,0.000
					-72.68699070020652,-37.50763816393389,0.000
					-72.68697108320954,-37.507639719957275,0.000
					-72.68690105164305,-37.50680088698743,0.000
					-72.68688964122477,-37.50657690198686,0.000
					-72.68688139618294,-37.50655448199524,0.000
					-72.68687521518056,-37.50655318900251,0.000
					-72.68655594415115,-37.506536299379896,0.000
					-72.68654392016697,-37.506544715394696,0.000
					-72.6865328701922,-37.50655819640865,0.000
					-72.68652523022331,-37.50657480841877,0.000
					-72.68662754780016,-37.50741932035061,0.000
					-72.68656732980965,-37.50742417842233,0.000
					-72.68655576764013,-37.507333384430304,0.000
					-72.68654525659859,-37.50731109944136,0.000
					-72.68652712358018,-37.50730119146225,0.000
					-72.68650205157104,-37.50729619449163,0.000
					-72.68643839456276,-37.50729152256681,0.000
					-72.68591817747549,-37.5072429371805,0.000
					-72.68561602244377,-37.5072248485376,0.000
					-72.6856040064385,-37.50722199955167,0.000
					-72.68558194142538,-37.50721489857737,0.000
					-72.68557065540338,-37.50720305159002,0.000
					-72.6855647073663,-37.50718319959577,0.000
					-72.68554588216408,-37.50707486961129,0.000
					-72.68550825758014,-37.50676214563615,0.000
					-72.68546928802971,-37.50646732866377,0.000
					-72.68545784201054,-37.5064570116767,0.000
					-72.68544442999392,-37.50644809669202,0.000
					-72.68542039798345,-37.50644239872017,0.000
					-72.68519263495392,-37.506425767989136,0.000
					-72.68507645196206,-37.50642970812713,0.000
					-72.68506178597345,-37.50643572814489,0.000
					-72.68505111400323,-37.50645165015854,0.000
					-72.68504851206477,-37.5064845821637,0.000
					-72.68507611246135,-37.50669698914435,0.000
					-72.6850998178814,-37.50692193613048,0.000
					-72.68512338552866,-37.50726853912436,0.000
					-72.68508473852953,-37.5072688611702,0.000
					-72.68504610353044,-37.50726918721604,0.000
					-72.68502205296019,-37.506963848225276,0.000
					-72.68501589792886,-37.506947056231525,0.000
					-72.68500465990394,-37.506933678244025,0.000
					-72.68498067489062,-37.50692644927198,0.000
					-72.68494622888069,-37.50692099731249,0.000
					-72.68463673484817,-37.50690249167821,0.000
					-72.68434214781716,-37.50688481902635,0.000
					-72.68434043979032,-37.50687044702745,0.000
					-72.6843387377635,-37.50685609502859,0.000
					-72.68478939380256,-37.506878630495756,0.000
					-72.68499229181738,-37.506887295255765,0.000
					-72.68500871880902,-37.50688284123599,0.000
					-72.6850178297916,-37.5068735582246,0.000
					-72.68502047877496,-37.50686468822091,0.000
					-72.68500458143681,-37.50668360122837,0.000
					-72.68499486826501,-37.506591581234055,0.000
					-72.68497245383524,-37.50636143224612,0.000
					-72.68497059979008,-37.506337244246794,0.000
					-72.68494905776585,-37.5063242052715,0.000
					-72.68492026075626,-37.506318955305304,0.000
					-72.68487239375077,-37.50631585336187,0.000
					-72.68462567572523,-37.50630128265341,0.000
					-72.68462365968286,-37.50627859065441,0.000
					-72.68462164664058,-37.50625596465534,0.000
					-72.68493746765964,-37.50626729428166,0.000
					-72.68495125364676,-37.5062604452649,0.000
					-72.68495834963484,-37.5062540962561,0.000
					-72.68496109461255,-37.506242164252086,0.000
					-72.68492958411044,-37.50597326727249,0.000
					-72.68490069338844,-37.505586638282374,0.000
					-72.68488047810628,-37.50543547529682,0.000
					-72.6848710070634,-37.50541248930655,0.000
					-72.68485532003396,-37.505396682324196,0.000
					-72.68481755801248,-37.505385037368214,0.000
					-72.68457193098273,-37.505368234658334,0.000
					-72.68456499199195,-37.50537314466684,0.000
					-72.68455965400693,-37.5053811506737,0.000
					-72.68455198803281,-37.50539496868367,0.000
					-72.68458011595122,-37.50588675068131,0.000
					-72.68454738295327,-37.505887735720165,0.000
					-72.6845148979553,-37.50588871575878,0.000
					-72.68449911981513,-37.50581360877271,0.000
					-72.68453818180585,-37.505808787726096,0.000
					-72.68450453401604,-37.50538583773934,0.000
					-72.68449765698053,-37.505366777746296,0.000
					-72.6844879729642,-37.50535802675723,0.000
					-72.68423779490877,-37.50532743605189,0.000
					-72.68422437391322,-37.505329787067936,0.000
					-72.68420825593714,-37.50534253708784,0.000
					-72.68419882796009,-37.50535478909976,0.000
					-72.68424081201847,-37.505921549085755,0.000
					-72.68421499101694,-37.50592063811628,0.000
					-72.68418917301541,-37.50591972514688,0.000
					-72.68415520701251,-37.50538268015324,0.000
					-72.6841521529715,-37.50536072215547,0.000
					-72.68413310293343,-37.5053402521768,0.000
					-72.68411284392053,-37.50533327620036,0.000
					-72.68406974791385,-37.5053295472512,0.000
					-72.68372358485581,-37.50529725265954,0.000
					-72.68347987682631,-37.5052805759474,0.000
					-72.68316126778457,-37.50525711132365,0.000
					-72.682938276754,-37.5052399385869,0.000
					-72.6828983357617,-37.50524393063446,0.000
					-72.68286434978543,-37.50525651167556,0.000
					-72.68283404581229,-37.505270785712426,0.000
					-72.68274176098929,-37.50536521982779,0.000
					-72.68254304734374,-37.505554261075275,0.000
					-72.68231585068315,-37.505735172356005,0.000
				</coordinates>
			</LinearRing>
		</outerBoundaryIs>
	</Polygon>
</MultiGeometry>
</Placemark>

<Placemark>
<name>8306061001004</name>
<description><![CDATA[<p><br/>NOM_COMUNA: NACIMIENTO
<br/>MANZENT_CODIGO: 8306061001004
<br/>TOTAL_PERSONAS(2017): 56
<br/>TOTAL_VIVIENDAS(2017): 26</p>]]></description>
<ExtendedData>
	<Data name="fid"><displayName>fid</displayName><value><![CDATA[145]]></value></Data>
	<Data name="NOM_COMUNA"><displayName>NOM_COMUNA</displayName><value><![CDATA[NACIMIENTO]]></value></Data>
	<Data name="MANZENT_I"><displayName>MANZENT_I</displayName><value><![CDATA[8306061001004]]></value></Data>
	<Data name="TOTAL_PERS"><displayName>TOTAL_PERS</displayName><value><![CDATA[56]]></value></Data>
	<Data name="TOTAL_VIVI"><displayName>TOTAL_VIVI</displayName><value><![CDATA[26]]></value></Data>
</ExtendedData>
<styleUrl>#style1</styleUrl>
<MultiGeometry>
	<Polygon>
		<outerBoundaryIs>
			<LinearRing>
				<tessellate>1</tessellate>
				<coordinates>
					-72.65978049089523,-37.505774733074276,0.000
					-72.65980709092116,-37.50578868804361,0.000
					-72.66006090167107,-37.50565556973427,0.000
					-72.66006220761321,-37.50562459573073,0.000
					-72.65980142899468,-37.505292662018775,0.000
					-72.65943583617114,-37.50485069042401,0.000
					-72.6594119371529,-37.50484084445169,0.000
					-72.65914279641345,-37.50497951577958,0.000
					-72.65914480146266,-37.505005869778905,0.000
					-72.65978049089523,-37.505774733074276,0.000
				</coordinates>
			</LinearRing>
		</outerBoundaryIs>
	</Polygon>
</MultiGeometry>
</Placemark>

<Placemark>
<name>8306021001026</name>
<description><![CDATA[<p><br/>NOM_COMUNA: NACIMIENTO
<br/>MANZENT_CODIGO: 8306021001026
<br/>TOTAL_PERSONAS(2017): 69
<br/>TOTAL_VIVIENDAS(2017): 19</p>]]></description>
<ExtendedData>
	<Data name="fid"><displayName>fid</displayName><value><![CDATA[146]]></value></Data>
	<Data name="NOM_COMUNA"><displayName>NOM_COMUNA</displayName><value><![CDATA[NACIMIENTO]]></value></Data>
	<Data name="MANZENT_I"><displayName>MANZENT_I</displayName><value><![CDATA[8306021001026]]></value></Data>
	<Data name="TOTAL_PERS"><displayName>TOTAL_PERS</displayName><value><![CDATA[69]]></value></Data>
	<Data name="TOTAL_VIVI"><displayName>TOTAL_VIVI</displayName><value><![CDATA[19]]></value></Data>
</ExtendedData>
<styleUrl>#style1</styleUrl>
<MultiGeometry>
	<Polygon>
		<outerBoundaryIs>
			<LinearRing>
				<tessellate>1</tessellate>
				<coordinates>
					-72.68507028785599,-37.50637290313087,0.000
					-72.68510318085734,-37.50637372809189,0.000
					-72.68520024885603,-37.50637337897686,0.000
					-72.68527479785537,-37.50637330788843,0.000
					-72.6853581958668,-37.50637971978996,0.000
					-72.68543469888473,-37.50638960069993,0.000
					-72.68545832583766,-37.50636447067029,0.000
					-72.68543379239232,-37.506125989684364,0.000
					-72.6853492030918,-37.50542943574074,0.000
					-72.68533309304689,-37.50540532875832,0.000
					-72.68501220499256,-37.50537506613683,0.000
					-72.6849854790013,-37.50537967916879,0.000
					-72.68496620401099,-37.50538479819199,0.000
					-72.68494724403587,-37.5053980342153,0.000
					-72.6849430950679,-37.50541516522127,0.000
					-72.68499592009344,-37.50596438519325,0.000
					-72.68503895081534,-37.50635102116663,0.000
					-72.68504910484425,-37.506366540155554,0.000
					-72.68507028785599,-37.50637290313087,0.000
				</coordinates>
			</LinearRing>
		</outerBoundaryIs>
	</Polygon>
</MultiGeometry>
</Placemark>

<Placemark>
<name>8306021001027</name>
<description><![CDATA[<p><br/>NOM_COMUNA: NACIMIENTO
<br/>MANZENT_CODIGO: 8306021001027
<br/>TOTAL_PERSONAS(2017): 79
<br/>TOTAL_VIVIENDAS(2017): 21</p>]]></description>
<ExtendedData>
	<Data name="fid"><displayName>fid</displayName><value><![CDATA[147]]></value></Data>
	<Data name="NOM_COMUNA"><displayName>NOM_COMUNA</displayName><value><![CDATA[NACIMIENTO]]></value></Data>
	<Data name="MANZENT_I"><displayName>MANZENT_I</displayName><value><![CDATA[8306021001027]]></value></Data>
	<Data name="TOTAL_PERS"><displayName>TOTAL_PERS</displayName><value><![CDATA[79]]></value></Data>
	<Data name="TOTAL_VIVI"><displayName>TOTAL_VIVI</displayName><value><![CDATA[21]]></value></Data>
</ExtendedData>
<styleUrl>#style1</styleUrl>
<MultiGeometry>
	<Polygon>
		<outerBoundaryIs>
			<LinearRing>
				<tessellate>1</tessellate>
				<coordinates>
					-72.68555103389477,-37.50639539556238,0.000
					-72.68592952894731,-37.506424894115526,0.000
					-72.68594160890764,-37.50640368209983,0.000
					-72.68582485918495,-37.50548102518012,0.000
					-72.68580062711136,-37.50544152920635,0.000
					-72.68540530605748,-37.50541125067309,0.000
					-72.68539416407464,-37.50542040468688,0.000
					-72.68538488511597,-37.50544248169925,0.000
					-72.68549878183985,-37.50636580362243,0.000
					-72.68551850688506,-37.50639007160057,0.000
					-72.68555103389477,-37.50639539556238,0.000
				</coordinates>
			</LinearRing>
		</outerBoundaryIs>
	</Polygon>
</MultiGeometry>
</Placemark>

<Placemark>
<name>8306021001029</name>
<description><![CDATA[<p><br/>NOM_COMUNA: NACIMIENTO
<br/>MANZENT_CODIGO: 8306021001029
<br/>TOTAL_PERSONAS(2017): 87
<br/>TOTAL_VIVIENDAS(2017): 28</p>]]></description>
<ExtendedData>
	<Data name="fid"><displayName>fid</displayName><value><![CDATA[148]]></value></Data>
	<Data name="NOM_COMUNA"><displayName>NOM_COMUNA</displayName><value><![CDATA[NACIMIENTO]]></value></Data>
	<Data name="MANZENT_I"><displayName>MANZENT_I</displayName><value><![CDATA[8306021001029]]></value></Data>
	<Data name="TOTAL_PERS"><displayName>TOTAL_PERS</displayName><value><![CDATA[87]]></value></Data>
	<Data name="TOTAL_VIVI"><displayName>TOTAL_VIVI</displayName><value><![CDATA[28]]></value></Data>
</ExtendedData>
<styleUrl>#style1</styleUrl>
<MultiGeometry>
	<Polygon>
		<outerBoundaryIs>
			<LinearRing>
				<tessellate>1</tessellate>
				<coordinates>
					-72.6865270150195,-37.50646571140977,0.000
					-72.68684061706337,-37.50649033003953,0.000
					-72.6868498090547,-37.50648573402835,0.000
					-72.68685923603867,-37.506477177016635,0.000
					-72.68686815000575,-37.50645959900499,0.000
					-72.68677545522979,-37.50550848605494,0.000
					-72.68677245821273,-37.505499325057905,0.000
					-72.68675923319849,-37.50549167607312,0.000
					-72.68674565919173,-37.50548798608896,0.000
					-72.68637238713146,-37.50545435752937,0.000
					-72.68634175614382,-37.5054608765661,0.000
					-72.68632666117436,-37.50547716258503,0.000
					-72.6863336922143,-37.50549856757804,0.000
					-72.68636635130498,-37.50554724054235,0.000
					-72.68640656742436,-37.50561129049878,0.000
					-72.68650698498594,-37.50644765543239,0.000
					-72.6865161030091,-37.50646009042235,0.000
					-72.6865270150195,-37.50646571140977,0.000
				</coordinates>
			</LinearRing>
		</outerBoundaryIs>
	</Polygon>
</MultiGeometry>
</Placemark>

<Placemark>
<name>8306021001028</name>
<description><![CDATA[<p><br/>NOM_COMUNA: NACIMIENTO
<br/>MANZENT_CODIGO: 8306021001028
<br/>TOTAL_PERSONAS(2017): 56
<br/>TOTAL_VIVIENDAS(2017): 21</p>]]></description>
<ExtendedData>
	<Data name="fid"><displayName>fid</displayName><value><![CDATA[149]]></value></Data>
	<Data name="NOM_COMUNA"><displayName>NOM_COMUNA</displayName><value><![CDATA[NACIMIENTO]]></value></Data>
	<Data name="MANZENT_I"><displayName>MANZENT_I</displayName><value><![CDATA[8306021001028]]></value></Data>
	<Data name="TOTAL_PERS"><displayName>TOTAL_PERS</displayName><value><![CDATA[56]]></value></Data>
	<Data name="TOTAL_VIVI"><displayName>TOTAL_VIVI</displayName><value><![CDATA[21]]></value></Data>
</ExtendedData>
<styleUrl>#style1</styleUrl>
<MultiGeometry>
	<Polygon>
		<outerBoundaryIs>
			<LinearRing>
				<tessellate>1</tessellate>
				<coordinates>
					-72.6863379110051,-37.50645731963339,0.000
					-72.68637556800556,-37.50645769658881,0.000
					-72.68641126798761,-37.50644821354585,0.000
					-72.68642638996229,-37.50643472152709,0.000
					-72.68643100594308,-37.506424448520995,0.000
					-72.68636790500479,-37.50592188856414,0.000
					-72.68633238457399,-37.50569112259171,0.000
					-72.686311988453,-37.5056262896118,0.000
					-72.6862709882853,-37.50553635965475,0.000
					-72.68624505018491,-37.505482501682096,0.000
					-72.68622879316942,-37.505474162700864,0.000
					-72.68617596214948,-37.505463304762806,0.000
					-72.68588469812985,-37.505451738107375,0.000
					-72.68586759319989,-37.50548916212998,0.000
					-72.6859777098996,-37.5063995240568,0.000
					-72.68599350295005,-37.50642659803978,0.000
					-72.68623949099242,-37.50645016374963,0.000
					-72.6863379110051,-37.50645731963339,0.000
				</coordinates>
			</LinearRing>
		</outerBoundaryIs>
	</Polygon>
</MultiGeometry>
</Placemark>

<Placemark>
<name>8306021001030</name>
<description><![CDATA[<p><br/>NOM_COMUNA: NACIMIENTO
<br/>MANZENT_CODIGO: 8306021001030
<br/>TOTAL_PERSONAS(2017): 117
<br/>TOTAL_VIVIENDAS(2017): 36</p>]]></description>
<ExtendedData>
	<Data name="fid"><displayName>fid</displayName><value><![CDATA[150]]></value></Data>
	<Data name="NOM_COMUNA"><displayName>NOM_COMUNA</displayName><value><![CDATA[NACIMIENTO]]></value></Data>
	<Data name="MANZENT_I"><displayName>MANZENT_I</displayName><value><![CDATA[8306021001030]]></value></Data>
	<Data name="TOTAL_PERS"><displayName>TOTAL_PERS</displayName><value><![CDATA[117]]></value></Data>
	<Data name="TOTAL_VIVI"><displayName>TOTAL_VIVI</displayName><value><![CDATA[36]]></value></Data>
</ExtendedData>
<styleUrl>#style1</styleUrl>
<MultiGeometry>
	<Polygon>
		<outerBoundaryIs>
			<LinearRing>
				<tessellate>1</tessellate>
				<coordinates>
					-72.68682190823188,-37.50550975599998,0.000
					-72.6869222610646,-37.50649129894279,0.000
					-72.68693617109211,-37.50650607992725,0.000
					-72.6869482991043,-37.50651262591329,0.000
					-72.68749352417002,-37.506549801269244,0.000
					-72.6875173861702,-37.50654999824097,0.000
					-72.68753662816253,-37.50654595921795,0.000
					-72.68754726814839,-37.50653841820485,0.000
					-72.68755231011707,-37.5065216651978,0.000
					-72.68746637632846,-37.50556383523936,0.000
					-72.68746002930189,-37.50554956324601,0.000
					-72.68745050128982,-37.505543068256856,0.000
					-72.6874371022793,-37.505537398272445,0.000
					-72.68718321024313,-37.5055171055721,0.000
					-72.68716033131345,-37.50555468660161,0.000
					-72.68719889698457,-37.50591410957848,0.000
					-72.68717392398065,-37.50591190960799,0.000
					-72.68714892097672,-37.505909705637485,0.000
					-72.6871068932961,-37.50554516866434,0.000
					-72.68708139323755,-37.50551375869257,0.000
					-72.68684232019442,-37.5054897899745,0.000
					-72.68683700320133,-37.50549347098106,0.000
					-72.68682509221715,-37.50550188899569,0.000
					-72.68682190823188,-37.50550975599998,0.000
				</coordinates>
			</LinearRing>
		</outerBoundaryIs>
	</Polygon>
</MultiGeometry>
</Placemark>

<Placemark>
<name>8306061001010</name>
<description><![CDATA[<p><br/>NOM_COMUNA: NACIMIENTO
<br/>MANZENT_CODIGO: 8306061001010
<br/>TOTAL_PERSONAS(2017): 128
<br/>TOTAL_VIVIENDAS(2017): 36</p>]]></description>
<ExtendedData>
	<Data name="fid"><displayName>fid</displayName><value><![CDATA[151]]></value></Data>
	<Data name="NOM_COMUNA"><displayName>NOM_COMUNA</displayName><value><![CDATA[NACIMIENTO]]></value></Data>
	<Data name="MANZENT_I"><displayName>MANZENT_I</displayName><value><![CDATA[8306061001010]]></value></Data>
	<Data name="TOTAL_PERS"><displayName>TOTAL_PERS</displayName><value><![CDATA[128]]></value></Data>
	<Data name="TOTAL_VIVI"><displayName>TOTAL_VIVI</displayName><value><![CDATA[36]]></value></Data>
</ExtendedData>
<styleUrl>#style1</styleUrl>
<MultiGeometry>
	<Polygon>
		<outerBoundaryIs>
			<LinearRing>
				<tessellate>1</tessellate>
				<coordinates>
					-72.65558852692546,-37.50577843804424,0.000
					-72.65560126492807,-37.5057798620292,0.000
					-72.65594785085925,-37.50574402861602,0.000
					-72.65738725656932,-37.505593085899925,0.000
					-72.65793231445502,-37.50553351824996,0.000
					-72.65796528744482,-37.50552813521055,0.000
					-72.65799079242795,-37.50551917817971,0.000
					-72.6580064084072,-37.505508133160475,0.000
					-72.65801351238152,-37.50549439615122,0.000
					-72.65806521740714,-37.50497292405669,0.000
					-72.65805979637284,-37.50495452306192,0.000
					-72.65804681235119,-37.504942910076586,0.000
					-72.65802769733764,-37.50493559209875,0.000
					-72.65799822033502,-37.50493410613363,0.000
					-72.65696840781312,-37.505186998370625,0.000
					-72.65638808408147,-37.50532894906763,0.000
					-72.65570370040373,-37.50549946988986,0.000
					-72.65567742841907,-37.505507598921554,0.000
					-72.65566186243676,-37.5055170229406,0.000
					-72.6556480554575,-37.505528102957655,0.000
					-72.65564039447597,-37.50553795396737,0.000
					-72.65556574888085,-37.505754465069714,0.000
					-72.65556828689134,-37.505760102067015,0.000
					-72.65557241990798,-37.505769016062715,0.000
					-72.65558852692546,-37.50577843804424,0.000
				</coordinates>
			</LinearRing>
		</outerBoundaryIs>
	</Polygon>
</MultiGeometry>
</Placemark>

<Placemark>
<name>8306021001031</name>
<description><![CDATA[<p><br/>NOM_COMUNA: NACIMIENTO
<br/>MANZENT_CODIGO: 8306021001031
<br/>TOTAL_PERSONAS(2017): 114
<br/>TOTAL_VIVIENDAS(2017): 36</p>]]></description>
<ExtendedData>
	<Data name="fid"><displayName>fid</displayName><value><![CDATA[152]]></value></Data>
	<Data name="NOM_COMUNA"><displayName>NOM_COMUNA</displayName><value><![CDATA[NACIMIENTO]]></value></Data>
	<Data name="MANZENT_I"><displayName>MANZENT_I</displayName><value><![CDATA[8306021001031]]></value></Data>
	<Data name="TOTAL_PERS"><displayName>TOTAL_PERS</displayName><value><![CDATA[114]]></value></Data>
	<Data name="TOTAL_VIVI"><displayName>TOTAL_VIVI</displayName><value><![CDATA[36]]></value></Data>
</ExtendedData>
<styleUrl>#style1</styleUrl>
<MultiGeometry>
	<Polygon>
		<outerBoundaryIs>
			<LinearRing>
				<tessellate>1</tessellate>
				<coordinates>
					-72.68762986021545,-37.50657464110921,0.000
					-72.68793152623556,-37.50658649675235,0.000
					-72.687953754232,-37.50658467872584,0.000
					-72.68796528721856,-37.5065775147117,0.000
					-72.68797227817194,-37.506552599701855,0.000
					-72.68788592539467,-37.505600800744304,0.000
					-72.68788068136978,-37.505587450749736,0.000
					-72.6878686663576,-37.505580906763534,0.000
					-72.68758818230165,-37.50554991009406,0.000
					-72.6875703283075,-37.505552985115436,0.000
					-72.68755437132856,-37.505564207135066,0.000
					-72.68754314735752,-37.50557966814938,0.000
					-72.68761467518976,-37.506560826126346,0.000
					-72.68762154520527,-37.5065691611187,0.000
					-72.68762986021545,-37.50657464110921,0.000
				</coordinates>
			</LinearRing>
		</outerBoundaryIs>
	</Polygon>
</MultiGeometry>
</Placemark>

<Placemark>
<name>8306061001005</name>
<description><![CDATA[<p><br/>NOM_COMUNA: NACIMIENTO
<br/>MANZENT_CODIGO: 8306061001005
<br/>TOTAL_PERSONAS(2017): 94
<br/>TOTAL_VIVIENDAS(2017): 28</p>]]></description>
<ExtendedData>
	<Data name="fid"><displayName>fid</displayName><value><![CDATA[153]]></value></Data>
	<Data name="NOM_COMUNA"><displayName>NOM_COMUNA</displayName><value><![CDATA[NACIMIENTO]]></value></Data>
	<Data name="MANZENT_I"><displayName>MANZENT_I</displayName><value><![CDATA[8306061001005]]></value></Data>
	<Data name="TOTAL_PERS"><displayName>TOTAL_PERS</displayName><value><![CDATA[94]]></value></Data>
	<Data name="TOTAL_VIVI"><displayName>TOTAL_VIVI</displayName><value><![CDATA[28]]></value></Data>
</ExtendedData>
<styleUrl>#style1</styleUrl>
<MultiGeometry>
	<Polygon>
		<outerBoundaryIs>
			<LinearRing>
				<tessellate>1</tessellate>
				<coordinates>
					-72.65937523227358,-37.505976041567514,0.000
					-72.65940825930741,-37.50599426852953,0.000
					-72.65972760100081,-37.50583108914058,0.000
					-72.6597290389216,-37.50578867313617,0.000
					-72.65958522456626,-37.50559801829449,0.000
					-72.65932191598415,-37.50528558958678,0.000
					-72.65910472349873,-37.50502508082763,0.000
					-72.65907407447824,-37.50501401986332,0.000
					-72.65875398680251,-37.50518664425373,0.000
					-72.6587489988505,-37.505212319261304,0.000
					-72.65937523227358,-37.505976041567514,0.000
				</coordinates>
			</LinearRing>
		</outerBoundaryIs>
	</Polygon>
</MultiGeometry>
</Placemark>

<Placemark>
<name>8306021001032</name>
<description><![CDATA[<p><br/>NOM_COMUNA: NACIMIENTO
<br/>MANZENT_CODIGO: 8306021001032
<br/>TOTAL_PERSONAS(2017): 103
<br/>TOTAL_VIVIENDAS(2017): 32</p>]]></description>
<ExtendedData>
	<Data name="fid"><displayName>fid</displayName><value><![CDATA[154]]></value></Data>
	<Data name="NOM_COMUNA"><displayName>NOM_COMUNA</displayName><value><![CDATA[NACIMIENTO]]></value></Data>
	<Data name="MANZENT_I"><displayName>MANZENT_I</displayName><value><![CDATA[8306021001032]]></value></Data>
	<Data name="TOTAL_PERS"><displayName>TOTAL_PERS</displayName><value><![CDATA[103]]></value></Data>
	<Data name="TOTAL_VIVI"><displayName>TOTAL_VIVI</displayName><value><![CDATA[32]]></value></Data>
</ExtendedData>
<styleUrl>#style1</styleUrl>
<MultiGeometry>
	<Polygon>
		<outerBoundaryIs>
			<LinearRing>
				<tessellate>1</tessellate>
				<coordinates>
					-72.68804613324757,-37.50659333661688,0.000
					-72.68829223026277,-37.506602391325735,0.000
					-72.68830350025837,-37.50660008931217,0.000
					-72.68830856125334,-37.50659739430604,0.000
					-72.68822543643101,-37.50562150734316,0.000
					-72.68821436940256,-37.5056062403553,0.000
					-72.68819597639309,-37.505601104376794,0.000
					-72.68796255136411,-37.50558472765248,0.000
					-72.6879488603644,-37.5055848206687,0.000
					-72.68793804638224,-37.505594341682155,0.000
					-72.68793427641194,-37.505610218687565,0.000
					-72.68801668722242,-37.50657978365096,0.000
					-72.68801997622874,-37.50658318164727,0.000
					-72.68803283724445,-37.50659163463253,0.000
					-72.68804613324757,-37.50659333661688,0.000
				</coordinates>
			</LinearRing>
		</outerBoundaryIs>
	</Polygon>
</MultiGeometry>
</Placemark>

<Placemark>
<name>8306011003031</name>
<description><![CDATA[<p><br/>NOM_COMUNA: NACIMIENTO
<br/>MANZENT_CODIGO: 8306011003031
<br/>TOTAL_PERSONAS(2017): 48
<br/>TOTAL_VIVIENDAS(2017): 17</p>]]></description>
<ExtendedData>
	<Data name="fid"><displayName>fid</displayName><value><![CDATA[155]]></value></Data>
	<Data name="NOM_COMUNA"><displayName>NOM_COMUNA</displayName><value><![CDATA[NACIMIENTO]]></value></Data>
	<Data name="MANZENT_I"><displayName>MANZENT_I</displayName><value><![CDATA[8306011003031]]></value></Data>
	<Data name="TOTAL_PERS"><displayName>TOTAL_PERS</displayName><value><![CDATA[48]]></value></Data>
	<Data name="TOTAL_VIVI"><displayName>TOTAL_VIVI</displayName><value><![CDATA[17]]></value></Data>
</ExtendedData>
<styleUrl>#style1</styleUrl>
<MultiGeometry>
	<Polygon>
		<outerBoundaryIs>
			<LinearRing>
				<tessellate>1</tessellate>
				<coordinates>
					-72.67788212156536,-37.506191997641025,0.000
					-72.67789579357304,-37.5061961416251,0.000
					-72.67827140144482,-37.50612882117551,0.000
					-72.67868308028999,-37.506047339682326,0.000
					-72.67897903517691,-37.50598782332776,0.000
					-72.67899427215164,-37.505974335308785,0.000
					-72.67900090312689,-37.50596112830009,0.000
					-72.67899992708347,-37.5059378592998,0.000
					-72.67897835892437,-37.505852634320014,0.000
					-72.67895658377105,-37.50577047034059,0.000
					-72.67893092262014,-37.5056895813659,0.000
					-72.6789185685125,-37.505631933376904,0.000
					-72.678918663309,-37.50552298336994,0.000
					-72.67892888817666,-37.50545217235335,0.000
					-72.67892433515111,-37.50543847435785,0.000
					-72.67891569113353,-37.50542902236752,0.000
					-72.67890652412704,-37.505425508378146,0.000
					-72.67888653013232,-37.50542826940204,0.000
					-72.67873827118538,-37.505456174579535,0.000
					-72.67863870322158,-37.50547521369877,0.000
					-72.67834151432051,-37.50552713505439,0.000
					-72.67774950352558,-37.505634897763045,0.000
					-72.67773354554669,-37.50564611878264,0.000
					-72.67773073561375,-37.50568201978823,0.000
					-72.67776751085829,-37.50581305275293,0.000
					-72.67786050651155,-37.506163095664824,0.000
					-72.67786697753732,-37.50617692065803,0.000
					-72.67787260855243,-37.506185051651876,0.000
					-72.67788212156536,-37.506191997641025,0.000
				</coordinates>
			</LinearRing>
		</outerBoundaryIs>
	</Polygon>
</MultiGeometry>
</Placemark>

<Placemark>
<name>8306011002027</name>
<description><![CDATA[<p><br/>NOM_COMUNA: NACIMIENTO
<br/>MANZENT_CODIGO: 8306011002027
<br/>TOTAL_PERSONAS(2017): 189
<br/>TOTAL_VIVIENDAS(2017): 74</p>]]></description>
<ExtendedData>
	<Data name="fid"><displayName>fid</displayName><value><![CDATA[156]]></value></Data>
	<Data name="NOM_COMUNA"><displayName>NOM_COMUNA</displayName><value><![CDATA[NACIMIENTO]]></value></Data>
	<Data name="MANZENT_I"><displayName>MANZENT_I</displayName><value><![CDATA[8306011002027]]></value></Data>
	<Data name="TOTAL_PERS"><displayName>TOTAL_PERS</displayName><value><![CDATA[189]]></value></Data>
	<Data name="TOTAL_VIVI"><displayName>TOTAL_VIVI</displayName><value><![CDATA[74]]></value></Data>
</ExtendedData>
<styleUrl>#style1</styleUrl>
<MultiGeometry>
	<Polygon>
		<outerBoundaryIs>
			<LinearRing>
				<tessellate>1</tessellate>
				<coordinates>
					-72.6743367536363,-37.50835918998128,0.000
					-72.6743800596373,-37.50835986292997,0.000
					-72.67460379858254,-37.508331286662944,0.000
					-72.67486748152001,-37.50829872134823,0.000
					-72.67558625834563,-37.508207798490346,0.000
					-72.67559812333268,-37.50820091347584,0.000
					-72.6756157412935,-37.508179992453655,0.000
					-72.67562270124219,-37.508152553443644,0.000
					-72.67562225213979,-37.50809775344072,0.000
					-72.67558850580158,-37.507916584469235,0.000
					-72.67550110494811,-37.50745941154396,0.000
					-72.67541408724196,-37.50708109762314,0.000
					-72.67539144606603,-37.50698684064401,0.000
					-72.67530958068305,-37.50678156372811,0.000
					-72.6752123793518,-37.50660392083208,0.000
					-72.6750701389061,-37.506364831985586,0.000
					-72.67477772304322,-37.50590190930295,0.000
					-72.67445953209813,-37.50539486064807,0.000
					-72.6744412060642,-37.505376656668666,0.000
					-72.67442038704424,-37.50536588269263,0.000
					-72.67437636503887,-37.50536285274462,0.000
					-72.6743507230436,-37.505365321775194,0.000
					-72.67393881524615,-37.505472376270305,0.000
					-72.67391741526119,-37.50548033629614,0.000
					-72.67390317328783,-37.50549456431398,0.000
					-72.67389870332543,-37.505514662320536,0.000
					-72.67401200289916,-37.505822211205654,0.000
					-72.67405148010323,-37.50593158016579,0.000
					-72.67408168827973,-37.50602616813594,0.000
					-72.67410398242194,-37.50610239611436,0.000
					-72.6741153475548,-37.50617354210543,0.000
					-72.67411085768211,-37.50624167211506,0.000
					-72.67409460484338,-37.50632795413977,0.000
					-72.67405760511645,-37.506474026192876,0.000
					-72.67400214549302,-37.50667542727135,0.000
					-72.6739557117892,-37.50683383933645,0.000
					-72.67392542197162,-37.50693138037856,0.000
					-72.6739026971071,-37.50700383741006,0.000
					-72.67389277520729,-37.507057441425225,0.000
					-72.67389916834674,-37.50713209442239,0.000
					-72.67391766853346,-37.5072321284068,0.000
					-72.67394093671918,-37.50733162638552,0.000
					-72.6739757969425,-37.50745126735175,0.000
					-72.67400376217232,-37.50757437832636,0.000
					-72.67405595747556,-37.50773689627481,0.000
					-72.67408896365386,-37.50783244024171,0.000
					-72.67417142210992,-37.508076840159454,0.000
					-72.67422201640738,-37.508236263109524,0.000
					-72.674247259522,-37.50829767908347,0.000
					-72.6742660545685,-37.50832265106279,0.000
					-72.67428558159821,-37.50833862604064,0.000
					-72.67430996862134,-37.50835109201257,0.000
					-72.6743367536363,-37.50835918998128,0.000
				</coordinates>
			</LinearRing>
		</outerBoundaryIs>
	</Polygon>
</MultiGeometry>
</Placemark>

<Placemark>
<name>8306011002028</name>
<description><![CDATA[<p><br/>NOM_COMUNA: NACIMIENTO
<br/>MANZENT_CODIGO: 8306011002028
<br/>TOTAL_PERSONAS(2017): 288
<br/>TOTAL_VIVIENDAS(2017): 96</p>]]></description>
<ExtendedData>
	<Data name="fid"><displayName>fid</displayName><value><![CDATA[157]]></value></Data>
	<Data name="NOM_COMUNA"><displayName>NOM_COMUNA</displayName><value><![CDATA[NACIMIENTO]]></value></Data>
	<Data name="MANZENT_I"><displayName>MANZENT_I</displayName><value><![CDATA[8306011002028]]></value></Data>
	<Data name="TOTAL_PERS"><displayName>TOTAL_PERS</displayName><value><![CDATA[288]]></value></Data>
	<Data name="TOTAL_VIVI"><displayName>TOTAL_VIVI</displayName><value><![CDATA[96]]></value></Data>
</ExtendedData>
<styleUrl>#style1</styleUrl>
<MultiGeometry>
	<Polygon>
		<outerBoundaryIs>
			<LinearRing>
				<tessellate>1</tessellate>
				<coordinates>
					-72.67242773606287,-37.50751053819081,0.000
					-72.67240394217858,-37.50757240422295,0.000
					-72.67233969635674,-37.50766758230513,0.000
					-72.67212554588707,-37.50795073857699,0.000
					-72.67164013709026,-37.508593193193185,0.000
					-72.67161158319716,-37.50865030123062,0.000
					-72.67162586026816,-37.50868837221611,0.000
					-72.67166340431294,-37.50871244017314,0.000
					-72.67167933233188,-37.50872265115491,0.000
					-72.67169078433403,-37.50872382814138,0.000
					-72.67307193898355,-37.50854081549231,0.000
					-72.67398416276025,-37.50842433740341,0.000
					-72.67407068072012,-37.50840315229952,0.000
					-72.67411741668485,-37.50838442724291,0.000
					-72.67415301564587,-37.50836368119943,0.000
					-72.67416255258924,-37.5083334091862,0.000
					-72.67385638765566,-37.50836792955135,0.000
					-72.67368455168409,-37.508382567756,0.000
					-72.67342646774995,-37.508416953064135,0.000
					-72.67313485382554,-37.508456444412424,0.000
					-72.67283138489303,-37.5084915567744,0.000
					-72.67260728893514,-37.50851336304147,0.000
					-72.67242280699614,-37.50854541226218,0.000
					-72.67234214403105,-37.508563827358984,0.000
					-72.67233823301082,-37.50855297236298,0.000
					-72.67233433299057,-37.5085421353669,0.000
					-72.67241590695541,-37.50852355826904,0.000
					-72.6726025508936,-37.50849110004568,0.000
					-72.6728276668513,-37.50846922377739,0.000
					-72.67313045478399,-37.508434189416185,0.000
					-72.67342172670857,-37.50839478106834,0.000
					-72.6736807206424,-37.50836023275914,0.000
					-72.67385289561396,-37.50834560155408,0.000
					-72.67416632654593,-37.50831023318025,0.000
					-72.67410283116034,-37.50810360524244,0.000
					-72.6740354668374,-37.50793051431135,0.000
					-72.67395952440441,-37.507698498386695,0.000
					-72.67389724702728,-37.50749640044772,0.000
					-72.67388850098865,-37.507475681456775,0.000
					-72.67387669397765,-37.50746977147042,0.000
					-72.67385280998555,-37.50747389649897,0.000
					-72.67327884347823,-37.50773573219602,0.000
					-72.67288477081819,-37.50791639967466,0.000
					-72.67287494378374,-37.50789792268518,0.000
					-72.67286510474928,-37.50787942469563,0.000
					-72.6734272082695,-37.507624477013096,0.000
					-72.6738327809248,-37.507441330520635,0.000
					-72.67385651389878,-37.50742746949166,0.000
					-72.67387232285954,-37.50740651347159,0.000
					-72.6738654958211,-37.50738592247836,0.000
					-72.67383156259652,-37.50726557851099,0.000
					-72.67381325747287,-37.50719934152852,0.000
					-72.67381161644909,-37.507186602529636,0.000
					-72.67380148545298,-37.507188656541786,0.000
					-72.67370573153848,-37.50723408065817,0.000
					-72.67351610669814,-37.507318929888314,0.000
					-72.67330082086376,-37.50740687714911,0.000
					-72.673263813899,-37.507425612194204,0.000
					-72.67311311400329,-37.50748094837638,0.000
					-72.67296910409301,-37.50752848555012,0.000
					-72.6729673250777,-37.5075202945517,0.000
					-72.67296554006242,-37.50751210355329,0.000
					-72.67310943397291,-37.50746465437974,0.000
					-72.67325704487068,-37.50741043020125,0.000
					-72.67329336283612,-37.50739204015705,0.000
					-72.67350956466983,-37.50730375089512,0.000
					-72.67369815751098,-37.50721933266622,0.000
					-72.6737982744216,-37.50717183154455,0.000
					-72.67380858540692,-37.50716401353177,0.000
					-72.67380500135714,-37.507137358534344,0.000
					-72.67379978825561,-37.5070830055371,0.000
					-72.67380101323742,-37.50707326353505,0.000
					-72.67380691416324,-37.50703357152552,0.000
					-72.67382175704995,-37.506972954504086,0.000
					-72.67384151891567,-37.506901160476104,0.000
					-72.67391181945605,-37.50665535337721,0.000
					-72.67400639586961,-37.50634171724523,0.000
					-72.67401730972333,-37.50626344022735,0.000
					-72.67401992659309,-37.50619374021979,0.000
					-72.67400701743064,-37.506106703229634,0.000
					-72.67396982521838,-37.50599296326649,0.000
					-72.67389387780636,-37.50577212234255,0.000
					-72.67380938739792,-37.50555318442881,0.000
					-72.67379950936615,-37.50553613843946,0.000
					-72.67378489935373,-37.505529452456344,0.000
					-72.67375418135768,-37.50553146049292,0.000
					-72.67309070567,-37.505696457289886,0.000
					-72.67222911207541,-37.50591063332487,0.000
					-72.67207199813949,-37.50594440951327,0.000
					-72.67204092116228,-37.50595651555094,0.000
					-72.67202757018956,-37.50597105456763,0.000
					-72.67203512224947,-37.506003149560776,0.000
					-72.67208271159582,-37.50618874751608,0.000
					-72.67228258797918,-37.50692994932607,0.000
					-72.67242297699174,-37.50747246619404,0.000
					-72.67242773606287,-37.50751053819081,0.000
				</coordinates>
			</LinearRing>
		</outerBoundaryIs>
	</Polygon>
</MultiGeometry>
</Placemark>

<Placemark>
<name>8306011003030</name>
<description><![CDATA[<p><br/>NOM_COMUNA: NACIMIENTO
<br/>MANZENT_CODIGO: 8306011003030
<br/>TOTAL_PERSONAS(2017): 26
<br/>TOTAL_VIVIENDAS(2017): 11</p>]]></description>
<ExtendedData>
	<Data name="fid"><displayName>fid</displayName><value><![CDATA[158]]></value></Data>
	<Data name="NOM_COMUNA"><displayName>NOM_COMUNA</displayName><value><![CDATA[NACIMIENTO]]></value></Data>
	<Data name="MANZENT_I"><displayName>MANZENT_I</displayName><value><![CDATA[8306011003030]]></value></Data>
	<Data name="TOTAL_PERS"><displayName>TOTAL_PERS</displayName><value><![CDATA[26]]></value></Data>
	<Data name="TOTAL_VIVI"><displayName>TOTAL_VIVI</displayName><value><![CDATA[11]]></value></Data>
</ExtendedData>
<styleUrl>#style1</styleUrl>
<MultiGeometry>
	<Polygon>
		<outerBoundaryIs>
			<LinearRing>
				<tessellate>1</tessellate>
				<coordinates>
					-72.67713731185805,-37.50634613553373,0.000
					-72.67714648186438,-37.50634955952309,0.000
					-72.67733188280201,-37.506316800301256,0.000
					-72.67777553662899,-37.506225677769514,0.000
					-72.67780952260523,-37.50621309872844,0.000
					-72.67782460158264,-37.50620104970978,0.000
					-72.67783211255946,-37.50618867070011,0.000
					-72.67783040753265,-37.50617430870122,0.000
					-72.67774801496302,-37.50586908277957,0.000
					-72.67769380061749,-37.50568390683213,0.000
					-72.67768324457879,-37.50566315284335,0.000
					-72.67767143756785,-37.505657242857,0.000
					-72.67765185356203,-37.50565406387997,0.000
					-72.6770079487724,-37.50576449665035,0.000
					-72.67700089678162,-37.50576940465903,0.000
					-72.67699187779347,-37.5057757156701,0.000
					-72.67698364881223,-37.505785736680465,0.000
					-72.67698011582746,-37.5057938676852,0.000
					-72.67708888759987,-37.5062077535824,0.000
					-72.6771221868357,-37.5063341225509,0.000
					-72.67712830284886,-37.50634118154416,0.000
					-72.67713731185805,-37.50634613553373,0.000
				</coordinates>
			</LinearRing>
		</outerBoundaryIs>
	</Polygon>
</MultiGeometry>
</Placemark>

<Placemark>
<name>8306061001009</name>
<description><![CDATA[<p><br/>NOM_COMUNA: NACIMIENTO
<br/>MANZENT_CODIGO: 8306061001009
<br/>TOTAL_PERSONAS(2017): 110
<br/>TOTAL_VIVIENDAS(2017): 39</p>]]></description>
<ExtendedData>
	<Data name="fid"><displayName>fid</displayName><value><![CDATA[159]]></value></Data>
	<Data name="NOM_COMUNA"><displayName>NOM_COMUNA</displayName><value><![CDATA[NACIMIENTO]]></value></Data>
	<Data name="MANZENT_I"><displayName>MANZENT_I</displayName><value><![CDATA[8306061001009]]></value></Data>
	<Data name="TOTAL_PERS"><displayName>TOTAL_PERS</displayName><value><![CDATA[110]]></value></Data>
	<Data name="TOTAL_VIVI"><displayName>TOTAL_VIVI</displayName><value><![CDATA[39]]></value></Data>
</ExtendedData>
<styleUrl>#style1</styleUrl>
<MultiGeometry>
	<Polygon>
		<outerBoundaryIs>
			<LinearRing>
				<tessellate>1</tessellate>
				<coordinates>
					-72.65541439880663,-37.5062496252807,0.000
					-72.65544125982362,-37.506258810249435,0.000
					-72.65664311447489,-37.50607567281294,0.000
					-72.65793370813564,-37.505897889271516,0.000
					-72.65795867610825,-37.50588331324103,0.000
					-72.65797207609359,-37.50587549022462,0.000
					-72.65799496465178,-37.5056390261824,0.000
					-72.65799058461612,-37.50561992518641,0.000
					-72.65798375159186,-37.50560690319365,0.000
					-72.65796951557739,-37.50559914121005,0.000
					-72.65796193557077,-37.505595566218815,0.000
					-72.65795007656975,-37.50559497023281,0.000
					-72.65691781576106,-37.505694343462956,0.000
					-72.65563362600165,-37.505819344993334,0.000
					-72.65556602101313,-37.50582530207385,0.000
					-72.65554014203877,-37.505838936105434,0.000
					-72.65552466007847,-37.50586016712514,0.000
					-72.65542509957972,-37.50612818026026,0.000
					-72.65541001672378,-37.50620529128307,0.000
					-72.65541439880663,-37.5062496252807,0.000
				</coordinates>
			</LinearRing>
		</outerBoundaryIs>
	</Polygon>
</MultiGeometry>
</Placemark>

<Placemark>
<name>8306061001006</name>
<description><![CDATA[<p><br/>NOM_COMUNA: NACIMIENTO
<br/>MANZENT_CODIGO: 8306061001006
<br/>TOTAL_PERSONAS(2017): 80
<br/>TOTAL_VIVIENDAS(2017): 26</p>]]></description>
<ExtendedData>
	<Data name="fid"><displayName>fid</displayName><value><![CDATA[160]]></value></Data>
	<Data name="NOM_COMUNA"><displayName>NOM_COMUNA</displayName><value><![CDATA[NACIMIENTO]]></value></Data>
	<Data name="MANZENT_I"><displayName>MANZENT_I</displayName><value><![CDATA[8306061001006]]></value></Data>
	<Data name="TOTAL_PERS"><displayName>TOTAL_PERS</displayName><value><![CDATA[80]]></value></Data>
	<Data name="TOTAL_VIVI"><displayName>TOTAL_VIVI</displayName><value><![CDATA[26]]></value></Data>
</ExtendedData>
<styleUrl>#style1</styleUrl>
<MultiGeometry>
	<Polygon>
		<outerBoundaryIs>
			<LinearRing>
				<tessellate>1</tessellate>
				<coordinates>
					-72.65801706313655,-37.50643393620689,0.000
					-72.65804771215701,-37.50644499717127,0.000
					-72.65807548215349,-37.50644320513821,0.000
					-72.65934972336501,-37.50602491960091,0.000
					-72.65934184129526,-37.50598754560788,0.000
					-72.65908266572971,-37.50568402889579,0.000
					-72.65904253272176,-37.50567962894307,0.000
					-72.65807167729926,-37.505985876113584,0.000
					-72.65803871035644,-37.5060164031546,0.000
					-72.65799740608777,-37.50640777222851,0.000
					-72.65800028811161,-37.50642053622593,0.000
					-72.65801706313655,-37.50643393620689,0.000
				</coordinates>
			</LinearRing>
		</outerBoundaryIs>
	</Polygon>
</MultiGeometry>
</Placemark>

<Placemark>
<name>8306061001042</name>
<description><![CDATA[<p><br/>NOM_COMUNA: NACIMIENTO
<br/>MANZENT_CODIGO: 8306061001042
<br/>TOTAL_PERSONAS(2017): 91
<br/>TOTAL_VIVIENDAS(2017): 24</p>]]></description>
<ExtendedData>
	<Data name="fid"><displayName>fid</displayName><value><![CDATA[161]]></value></Data>
	<Data name="NOM_COMUNA"><displayName>NOM_COMUNA</displayName><value><![CDATA[NACIMIENTO]]></value></Data>
	<Data name="MANZENT_I"><displayName>MANZENT_I</displayName><value><![CDATA[8306061001042]]></value></Data>
	<Data name="TOTAL_PERS"><displayName>TOTAL_PERS</displayName><value><![CDATA[91]]></value></Data>
	<Data name="TOTAL_VIVI"><displayName>TOTAL_VIVI</displayName><value><![CDATA[24]]></value></Data>
</ExtendedData>
<styleUrl>#style1</styleUrl>
<MultiGeometry>
	<Polygon>
		<outerBoundaryIs>
			<LinearRing>
				<tessellate>1</tessellate>
				<coordinates>
					-72.65986035547648,-37.50608613899945,0.000
					-72.66006071419116,-37.50646932178633,0.000
					-72.66009682027088,-37.506512122746265,0.000
					-72.6601796134605,-37.50661388265453,0.000
					-72.66023190362087,-37.50669989959802,0.000
					-72.66036222306657,-37.506938859458785,0.000
					-72.66038607309459,-37.50695393043143,0.000
					-72.6606153419595,-37.50688232515509,0.000
					-72.66082008583676,-37.506817262908186,0.000
					-72.66087914779507,-37.50679509283679,0.000
					-72.66093359174543,-37.50676868577055,0.000
					-72.66095551571946,-37.50675488174369,0.000
					-72.66097099667978,-37.506733649723984,0.000
					-72.66096290561568,-37.5066993357314,0.000
					-72.66076483289253,-37.50631160294151,0.000
					-72.66067509359058,-37.50614968703762,0.000
					-72.66063621457519,-37.50614134608318,0.000
					-72.66032557777388,-37.50624675545813,0.000
					-72.66031983879236,-37.50625664446555,0.000
					-72.66023746684824,-37.50628628356508,0.000
					-72.66022268780452,-37.506262849581155,0.000
					-72.66021289277558,-37.506247316591775,0.000
					-72.66062603851411,-37.506108613093126,0.000
					-72.66064475547024,-37.506085193069474,0.000
					-72.66061767336488,-37.50602869309794,0.000
					-72.66058960025794,-37.50597136312756,0.000
					-72.6605626001748,-37.50592676115673,0.000
					-72.66053381511044,-37.50589221718871,0.000
					-72.66049530203938,-37.50585405523193,0.000
					-72.66045636598008,-37.50582219327604,0.000
					-72.66041275991591,-37.50578771532556,0.000
					-72.66036124985101,-37.505752810384394,0.000
					-72.66031104482303,-37.50573766744292,0.000
					-72.66023905979884,-37.50572452552741,0.000
					-72.66019735080393,-37.50572712357707,0.000
					-72.66012712683003,-37.50574087166121,0.000
					-72.65978693818613,-37.505930493076534,0.000
					-72.65979207025129,-37.50596538007269,0.000
					-72.65986035547648,-37.50608613899945,0.000
				</coordinates>
			</LinearRing>
		</outerBoundaryIs>
	</Polygon>
</MultiGeometry>
</Placemark>

<Placemark>
<name>8306021001035</name>
<description><![CDATA[<p><br/>NOM_COMUNA: NACIMIENTO
<br/>MANZENT_CODIGO: 8306021001035
<br/>TOTAL_PERSONAS(2017): 61
<br/>TOTAL_VIVIENDAS(2017): 23</p>]]></description>
<ExtendedData>
	<Data name="fid"><displayName>fid</displayName><value><![CDATA[162]]></value></Data>
	<Data name="NOM_COMUNA"><displayName>NOM_COMUNA</displayName><value><![CDATA[NACIMIENTO]]></value></Data>
	<Data name="MANZENT_I"><displayName>MANZENT_I</displayName><value><![CDATA[8306021001035]]></value></Data>
	<Data name="TOTAL_PERS"><displayName>TOTAL_PERS</displayName><value><![CDATA[61]]></value></Data>
	<Data name="TOTAL_VIVI"><displayName>TOTAL_VIVI</displayName><value><![CDATA[23]]></value></Data>
</ExtendedData>
<styleUrl>#style1</styleUrl>
<MultiGeometry>
	<Polygon>
		<outerBoundaryIs>
			<LinearRing>
				<tessellate>1</tessellate>
				<coordinates>
					-72.68557003167493,-37.50681310156617,0.000
					-72.68645963078431,-37.50687487551539,0.000
					-72.68647501877713,-37.50687112149693,0.000
					-72.6864890097587,-37.50686130247972,0.000
					-72.68649134074768,-37.50685540047658,0.000
					-72.68645014516065,-37.506540984505634,0.000
					-72.68643999013175,-37.50652546551673,0.000
					-72.68641223112094,-37.506519604549226,0.000
					-72.68552589299924,-37.5064512265957,0.000
					-72.68551309403455,-37.50647007961202,0.000
					-72.68555770565415,-37.50680195558007,0.000
					-72.68557003167493,-37.50681310156617,0.000
				</coordinates>
			</LinearRing>
		</outerBoundaryIs>
	</Polygon>
</MultiGeometry>
</Placemark>

<Placemark>
<name>8306061001041</name>
<description><![CDATA[<p><br/>NOM_COMUNA: NACIMIENTO
<br/>MANZENT_CODIGO: 8306061001041
<br/>TOTAL_PERSONAS(2017): 116
<br/>TOTAL_VIVIENDAS(2017): 36</p>]]></description>
<ExtendedData>
	<Data name="fid"><displayName>fid</displayName><value><![CDATA[163]]></value></Data>
	<Data name="NOM_COMUNA"><displayName>NOM_COMUNA</displayName><value><![CDATA[NACIMIENTO]]></value></Data>
	<Data name="MANZENT_I"><displayName>MANZENT_I</displayName><value><![CDATA[8306061001041]]></value></Data>
	<Data name="TOTAL_PERS"><displayName>TOTAL_PERS</displayName><value><![CDATA[116]]></value></Data>
	<Data name="TOTAL_VIVI"><displayName>TOTAL_VIVI</displayName><value><![CDATA[36]]></value></Data>
</ExtendedData>
<styleUrl>#style1</styleUrl>
<MultiGeometry>
	<Polygon>
		<outerBoundaryIs>
			<LinearRing>
				<tessellate>1</tessellate>
				<coordinates>
					-72.65998619930608,-37.50706595091265,0.000
					-72.66000910833625,-37.50708217588653,0.000
					-72.66031631614004,-37.50697805151568,0.000
					-72.66032175910532,-37.506959505508064,0.000
					-72.66026975991397,-37.50685691256318,0.000
					-72.66020152168595,-37.50673462363631,0.000
					-72.6601498685077,-37.50663906669145,0.000
					-72.66009301138371,-37.50657251575458,0.000
					-72.66002832823388,-37.50649211082613,0.000
					-72.66000175413876,-37.50644111885444,0.000
					-72.65986322466343,-37.506186225002416,0.000
					-72.65975527528046,-37.5059808721173,0.000
					-72.65971901225068,-37.50596483315927,0.000
					-72.65949710247332,-37.50608335342991,0.000
					-72.65948500654737,-37.50612294544676,0.000
					-72.65949945860301,-37.50615279043156,0.000
					-72.65974439045239,-37.50660823017018,0.000
					-72.65998619930608,-37.50706595091265,0.000
				</coordinates>
			</LinearRing>
		</outerBoundaryIs>
	</Polygon>
</MultiGeometry>
</Placemark>

<Placemark>
<name>8306061001007</name>
<description><![CDATA[<p><br/>NOM_COMUNA: NACIMIENTO
<br/>MANZENT_CODIGO: 8306061001007
<br/>TOTAL_PERSONAS(2017): 51
<br/>TOTAL_VIVIENDAS(2017): 18</p>]]></description>
<ExtendedData>
	<Data name="fid"><displayName>fid</displayName><value><![CDATA[164]]></value></Data>
	<Data name="NOM_COMUNA"><displayName>NOM_COMUNA</displayName><value><![CDATA[NACIMIENTO]]></value></Data>
	<Data name="MANZENT_I"><displayName>MANZENT_I</displayName><value><![CDATA[8306061001007]]></value></Data>
	<Data name="TOTAL_PERS"><displayName>TOTAL_PERS</displayName><value><![CDATA[51]]></value></Data>
	<Data name="TOTAL_VIVI"><displayName>TOTAL_VIVI</displayName><value><![CDATA[18]]></value></Data>
</ExtendedData>
<styleUrl>#style1</styleUrl>
<MultiGeometry>
	<Polygon>
		<outerBoundaryIs>
			<LinearRing>
				<tessellate>1</tessellate>
				<coordinates>
					-72.65684434188671,-37.50683205262259,0.000
					-72.65686868189223,-37.506835059593904,0.000
					-72.65757796645916,-37.50660534273839,0.000
					-72.65788072327435,-37.506507289373204,0.000
					-72.6579071852341,-37.50648582634048,0.000
					-72.6579115081785,-37.50645608333343,0.000
					-72.65795896923476,-37.50595101824498,0.000
					-72.65792703319653,-37.505930469281545,0.000
					-72.65665514954652,-37.50611403180109,0.000
					-72.65663809059261,-37.506138654822884,0.000
					-72.65665304171614,-37.506204847809386,0.000
					-72.65673645840556,-37.50657415973402,0.000
					-72.65681151082089,-37.50679670665925,0.000
					-72.6568291358694,-37.506822739640015,0.000
					-72.65684434188671,-37.50683205262259,0.000
				</coordinates>
			</LinearRing>
		</outerBoundaryIs>
	</Polygon>
</MultiGeometry>
</Placemark>

<Placemark>
<name>8306021001034</name>
<description><![CDATA[<p><br/>NOM_COMUNA: NACIMIENTO
<br/>MANZENT_CODIGO: 8306021001034
<br/>TOTAL_PERSONAS(2017): 94
<br/>TOTAL_VIVIENDAS(2017): 35</p>]]></description>
<ExtendedData>
	<Data name="fid"><displayName>fid</displayName><value><![CDATA[165]]></value></Data>
	<Data name="NOM_COMUNA"><displayName>NOM_COMUNA</displayName><value><![CDATA[NACIMIENTO]]></value></Data>
	<Data name="MANZENT_I"><displayName>MANZENT_I</displayName><value><![CDATA[8306021001034]]></value></Data>
	<Data name="TOTAL_PERS"><displayName>TOTAL_PERS</displayName><value><![CDATA[94]]></value></Data>
	<Data name="TOTAL_VIVI"><displayName>TOTAL_VIVI</displayName><value><![CDATA[35]]></value></Data>
</ExtendedData>
<styleUrl>#style1</styleUrl>
<MultiGeometry>
	<Polygon>
		<outerBoundaryIs>
			<LinearRing>
				<tessellate>1</tessellate>
				<coordinates>
					-72.68700630592609,-37.507488111905964,0.000
					-72.68727133493212,-37.50749231259199,0.000
					-72.68728591688476,-37.50746700457314,0.000
					-72.68721267327291,-37.50660386760562,0.000
					-72.68718773422236,-37.50657671963344,0.000
					-72.68694617818468,-37.50655566091849,0.000
					-72.68693640320815,-37.50656817593088,0.000
					-72.68692790222975,-37.506579723941684,0.000
					-72.68699978790303,-37.50747572791291,0.000
					-72.68700630592609,-37.507488111905964,0.000
				</coordinates>
			</LinearRing>
		</outerBoundaryIs>
	</Polygon>
</MultiGeometry>
</Placemark>

<Placemark>
<name>8306021001033</name>
<description><![CDATA[<p><br/>NOM_COMUNA: NACIMIENTO
<br/>MANZENT_CODIGO: 8306021001033
<br/>TOTAL_PERSONAS(2017): 114
<br/>TOTAL_VIVIENDAS(2017): 36</p>]]></description>
<ExtendedData>
	<Data name="fid"><displayName>fid</displayName><value><![CDATA[166]]></value></Data>
	<Data name="NOM_COMUNA"><displayName>NOM_COMUNA</displayName><value><![CDATA[NACIMIENTO]]></value></Data>
	<Data name="MANZENT_I"><displayName>MANZENT_I</displayName><value><![CDATA[8306021001033]]></value></Data>
	<Data name="TOTAL_PERS"><displayName>TOTAL_PERS</displayName><value><![CDATA[114]]></value></Data>
	<Data name="TOTAL_VIVI"><displayName>TOTAL_VIVI</displayName><value><![CDATA[36]]></value></Data>
</ExtendedData>
<styleUrl>#style1</styleUrl>
<MultiGeometry>
	<Polygon>
		<outerBoundaryIs>
			<LinearRing>
				<tessellate>1</tessellate>
				<coordinates>
					-72.68734603694966,-37.507501976504045,0.000
					-72.68760590998703,-37.50752292719728,0.000
					-72.68761285297076,-37.50751423218849,0.000
					-72.68762383794937,-37.5075028221748,0.000
					-72.68761816648475,-37.50725407716584,0.000
					-72.68756460239314,-37.50666951819254,0.000
					-72.68755925434029,-37.506641206197095,0.000
					-72.68755187130793,-37.506623849204786,0.000
					-72.68752542327934,-37.50660846223514,0.000
					-72.68749614025809,-37.50659698426916,0.000
					-72.68725815823774,-37.506585203550536,0.000
					-72.68724109228486,-37.506610371572336,0.000
					-72.6873302869034,-37.50747715652119,0.000
					-72.68734603694966,-37.507501976504045,0.000
				</coordinates>
			</LinearRing>
		</outerBoundaryIs>
	</Polygon>
</MultiGeometry>
</Placemark>

<Placemark>
<name>8306061001040</name>
<description><![CDATA[<p><br/>NOM_COMUNA: NACIMIENTO
<br/>MANZENT_CODIGO: 8306061001040
<br/>TOTAL_PERSONAS(2017): 143
<br/>TOTAL_VIVIENDAS(2017): 37</p>]]></description>
<ExtendedData>
	<Data name="fid"><displayName>fid</displayName><value><![CDATA[167]]></value></Data>
	<Data name="NOM_COMUNA"><displayName>NOM_COMUNA</displayName><value><![CDATA[NACIMIENTO]]></value></Data>
	<Data name="MANZENT_I"><displayName>MANZENT_I</displayName><value><![CDATA[8306061001040]]></value></Data>
	<Data name="TOTAL_PERS"><displayName>TOTAL_PERS</displayName><value><![CDATA[143]]></value></Data>
	<Data name="TOTAL_VIVI"><displayName>TOTAL_VIVI</displayName><value><![CDATA[37]]></value></Data>
</ExtendedData>
<styleUrl>#style1</styleUrl>
<MultiGeometry>
	<Polygon>
		<outerBoundaryIs>
			<LinearRing>
				<tessellate>1</tessellate>
				<coordinates>
					-72.65965924653997,-37.507190140308204,0.000
					-72.65967507856045,-37.50720117729013,0.000
					-72.65994441938305,-37.5071070279648,0.000
					-72.65994470134588,-37.507087116963206,0.000
					-72.65981562888663,-37.5068408831005,0.000
					-72.65965180628692,-37.50651934227431,0.000
					-72.65943871156966,-37.50613473450237,0.000
					-72.65940811054631,-37.50612214153791,0.000
					-72.65915829470615,-37.506206945839445,0.000
					-72.65914932177601,-37.50624434585248,0.000
					-72.65965924653997,-37.507190140308204,0.000
				</coordinates>
			</LinearRing>
		</outerBoundaryIs>
	</Polygon>
</MultiGeometry>
</Placemark>

<Placemark>
<name>8306061001008</name>
<description><![CDATA[<p><br/>NOM_COMUNA: NACIMIENTO
<br/>MANZENT_CODIGO: 8306061001008
<br/>TOTAL_PERSONAS(2017): 108
<br/>TOTAL_VIVIENDAS(2017): 37</p>]]></description>
<ExtendedData>
	<Data name="fid"><displayName>fid</displayName><value><![CDATA[168]]></value></Data>
	<Data name="NOM_COMUNA"><displayName>NOM_COMUNA</displayName><value><![CDATA[NACIMIENTO]]></value></Data>
	<Data name="MANZENT_I"><displayName>MANZENT_I</displayName><value><![CDATA[8306061001008]]></value></Data>
	<Data name="TOTAL_PERS"><displayName>TOTAL_PERS</displayName><value><![CDATA[108]]></value></Data>
	<Data name="TOTAL_VIVI"><displayName>TOTAL_VIVI</displayName><value><![CDATA[37]]></value></Data>
</ExtendedData>
<styleUrl>#style1</styleUrl>
<MultiGeometry>
	<Polygon>
		<outerBoundaryIs>
			<LinearRing>
				<tessellate>1</tessellate>
				<coordinates>
					-72.65542788592656,-37.50631387626882,0.000
					-72.65552492963049,-37.50669099817782,0.000
					-72.6556191093137,-37.50705699208951,0.000
					-72.65566125057327,-37.50719606804845,0.000
					-72.65568254261215,-37.50721694802451,0.000
					-72.65570075461876,-37.507220554003176,0.000
					-72.65572385361061,-37.50721623597553,0.000
					-72.65663083202612,-37.50690603688042,0.000
					-72.65670508897544,-37.50687912379068,0.000
					-72.65672855894506,-37.50686291776183,0.000
					-72.65672577290874,-37.506843487763874,0.000
					-72.6566812445417,-37.506646869804165,0.000
					-72.65664856052112,-37.506635767842184,0.000
					-72.65639887556479,-37.50665838713963,0.000
					-72.65621871055015,-37.50665003435269,0.000
					-72.65598691254557,-37.506646873627304,0.000
					-72.65599148849644,-37.506620596620245,0.000
					-72.65599601344788,-37.50659460661316,0.000
					-72.65640693951553,-37.506632053128406,0.000
					-72.65664129946168,-37.506603901848756,0.000
					-72.65666623643148,-37.506587815818165,0.000
					-72.65658888475244,-37.50622409488667,0.000
					-72.65657235360737,-37.50614636190132,0.000
					-72.65654700557424,-37.5061285569302,0.000
					-72.65545971487653,-37.50628720322936,0.000
					-72.65542788592656,-37.50631387626882,0.000
				</coordinates>
			</LinearRing>
		</outerBoundaryIs>
	</Polygon>
</MultiGeometry>
</Placemark>

<Placemark>
<name>8306061001039</name>
<description><![CDATA[<p><br/>NOM_COMUNA: NACIMIENTO
<br/>MANZENT_CODIGO: 8306061001039
<br/>TOTAL_PERSONAS(2017): 101
<br/>TOTAL_VIVIENDAS(2017): 34</p>]]></description>
<ExtendedData>
	<Data name="fid"><displayName>fid</displayName><value><![CDATA[169]]></value></Data>
	<Data name="NOM_COMUNA"><displayName>NOM_COMUNA</displayName><value><![CDATA[NACIMIENTO]]></value></Data>
	<Data name="MANZENT_I"><displayName>MANZENT_I</displayName><value><![CDATA[8306061001039]]></value></Data>
	<Data name="TOTAL_PERS"><displayName>TOTAL_PERS</displayName><value><![CDATA[101]]></value></Data>
	<Data name="TOTAL_VIVI"><displayName>TOTAL_VIVI</displayName><value><![CDATA[34]]></value></Data>
</ExtendedData>
<styleUrl>#style1</styleUrl>
<MultiGeometry>
	<Polygon>
		<outerBoundaryIs>
			<LinearRing>
				<tessellate>1</tessellate>
				<coordinates>
					-72.65932451374523,-37.507299033712,0.000
					-72.65934408777196,-37.5073133896897,0.000
					-72.6596101426017,-37.50722305036853,0.000
					-72.65961174058202,-37.50721253136597,0.000
					-72.65961441454915,-37.50719492836168,0.000
					-72.6594837640964,-37.506952176501066,0.000
					-72.65911359778164,-37.50624724289501,0.000
					-72.65908726874632,-37.506228246925026,0.000
					-72.65880757491392,-37.50631714326224,0.000
					-72.65880167497583,-37.506350279271366,0.000
					-72.65909611897233,-37.506884583956364,0.000
					-72.65932451374523,-37.507299033712,0.000
				</coordinates>
			</LinearRing>
		</outerBoundaryIs>
	</Polygon>
</MultiGeometry>
</Placemark>

<Placemark>
<name>8306021001036</name>
<description><![CDATA[<p><br/>NOM_COMUNA: NACIMIENTO
<br/>MANZENT_CODIGO: 8306021001036
<br/>TOTAL_PERSONAS(2017): 56
<br/>TOTAL_VIVIENDAS(2017): 19</p>]]></description>
<ExtendedData>
	<Data name="fid"><displayName>fid</displayName><value><![CDATA[170]]></value></Data>
	<Data name="NOM_COMUNA"><displayName>NOM_COMUNA</displayName><value><![CDATA[NACIMIENTO]]></value></Data>
	<Data name="MANZENT_I"><displayName>MANZENT_I</displayName><value><![CDATA[8306021001036]]></value></Data>
	<Data name="TOTAL_PERS"><displayName>TOTAL_PERS</displayName><value><![CDATA[56]]></value></Data>
	<Data name="TOTAL_VIVI"><displayName>TOTAL_VIVI</displayName><value><![CDATA[19]]></value></Data>
</ExtendedData>
<styleUrl>#style1</styleUrl>
<MultiGeometry>
	<Polygon>
		<outerBoundaryIs>
			<LinearRing>
				<tessellate>1</tessellate>
				<coordinates>
					-72.68566961739704,-37.50720003547246,0.000
					-72.6864867075071,-37.50726191950771,0.000
					-72.68649913250127,-37.507258828492795,0.000
					-72.68651208448411,-37.50724971047682,0.000
					-72.68651633447331,-37.50724393547145,0.000
					-72.68651992945335,-37.5072332564665,0.000
					-72.68648907589156,-37.50693240648415,0.000
					-72.68648327687286,-37.50692238049036,0.000
					-72.68646669886313,-37.50691709850972,0.000
					-72.68604805980299,-37.50688339100389,0.000
					-72.6855937297398,-37.50684790054027,0.000
					-72.68557533975064,-37.50685366856243,0.000
					-72.68556803476828,-37.506863077571666,0.000
					-72.68556357678483,-37.506871911577534,0.000
					-72.68560057435879,-37.50717930655301,0.000
					-72.68561025837504,-37.50718805754209,0.000
					-72.68561662737979,-37.507190615534704,0.000
					-72.68563885139022,-37.50719627850867,0.000
					-72.68566961739704,-37.50720003547246,0.000
				</coordinates>
			</LinearRing>
		</outerBoundaryIs>
	</Polygon>
</MultiGeometry>
</Placemark>

<Placemark>
<name>8306061001038</name>
<description><![CDATA[<p><br/>NOM_COMUNA: NACIMIENTO
<br/>MANZENT_CODIGO: 8306061001038
<br/>TOTAL_PERSONAS(2017): 122
<br/>TOTAL_VIVIENDAS(2017): 35</p>]]></description>
<ExtendedData>
	<Data name="fid"><displayName>fid</displayName><value><![CDATA[171]]></value></Data>
	<Data name="NOM_COMUNA"><displayName>NOM_COMUNA</displayName><value><![CDATA[NACIMIENTO]]></value></Data>
	<Data name="MANZENT_I"><displayName>MANZENT_I</displayName><value><![CDATA[8306061001038]]></value></Data>
	<Data name="TOTAL_PERS"><displayName>TOTAL_PERS</displayName><value><![CDATA[122]]></value></Data>
	<Data name="TOTAL_VIVI"><displayName>TOTAL_VIVI</displayName><value><![CDATA[35]]></value></Data>
</ExtendedData>
<styleUrl>#style1</styleUrl>
<MultiGeometry>
	<Polygon>
		<outerBoundaryIs>
			<LinearRing>
				<tessellate>1</tessellate>
				<coordinates>
					-72.65896746396601,-37.507416135142755,0.000
					-72.65899290799342,-37.50743087811354,0.000
					-72.65926303882966,-37.50734404178771,0.000
					-72.65927015176968,-37.507311923777245,0.000
					-72.65902972792517,-37.50685915803341,0.000
					-72.65876471799442,-37.506360090315795,0.000
					-72.65873574295492,-37.5063388783488,0.000
					-72.6584959410908,-37.50641090263771,0.000
					-72.65847708911565,-37.50642413566091,0.000
					-72.65846681214848,-37.50644168567421,0.000
					-72.65846291219233,-37.5064651286803,0.000
					-72.65846657722338,-37.50648178267705,0.000
					-72.65861106372606,-37.5067513075229,0.000
					-72.65896746396601,-37.507416135142755,0.000
				</coordinates>
			</LinearRing>
		</outerBoundaryIs>
	</Polygon>
</MultiGeometry>
</Placemark>

<Placemark>
<name>8306061001037</name>
<description><![CDATA[<p><br/>NOM_COMUNA: NACIMIENTO
<br/>MANZENT_CODIGO: 8306061001037
<br/>TOTAL_PERSONAS(2017): 93
<br/>TOTAL_VIVIENDAS(2017): 35</p>]]></description>
<ExtendedData>
	<Data name="fid"><displayName>fid</displayName><value><![CDATA[172]]></value></Data>
	<Data name="NOM_COMUNA"><displayName>NOM_COMUNA</displayName><value><![CDATA[NACIMIENTO]]></value></Data>
	<Data name="MANZENT_I"><displayName>MANZENT_I</displayName><value><![CDATA[8306061001037]]></value></Data>
	<Data name="TOTAL_PERS"><displayName>TOTAL_PERS</displayName><value><![CDATA[93]]></value></Data>
	<Data name="TOTAL_VIVI"><displayName>TOTAL_VIVI</displayName><value><![CDATA[35]]></value></Data>
</ExtendedData>
<styleUrl>#style1</styleUrl>
<MultiGeometry>
	<Polygon>
		<outerBoundaryIs>
			<LinearRing>
				<tessellate>1</tessellate>
				<coordinates>
					-72.65859180819683,-37.5075385445959,0.000
					-72.6586173772303,-37.50755653356672,0.000
					-72.65883992809131,-37.50748281629815,0.000
					-72.65886704007313,-37.507473170265456,0.000
					-72.65888385206208,-37.507467286245124,0.000
					-72.65889149701077,-37.50743986223431,0.000
					-72.65868827829141,-37.50705418645067,0.000
					-72.65852286370702,-37.50674084362678,0.000
					-72.65838732122813,-37.50648408577113,0.000
					-72.65837861420091,-37.506469494780504,0.000
					-72.65836553318503,-37.5064609437955,0.000
					-72.6583459301804,-37.50645839281857,0.000
					-72.65808866335277,-37.50654989512935,0.000
					-72.65807772242529,-37.50658869814482,0.000
					-72.6581351736233,-37.506694847083494,0.000
					-72.65859180819683,-37.5075385445959,0.000
				</coordinates>
			</LinearRing>
		</outerBoundaryIs>
	</Polygon>
</MultiGeometry>
</Placemark>

<Placemark>
<name>8306061001036</name>
<description><![CDATA[<p><br/>NOM_COMUNA: NACIMIENTO
<br/>MANZENT_CODIGO: 8306061001036
<br/>TOTAL_PERSONAS(2017): 107
<br/>TOTAL_VIVIENDAS(2017): 36</p>]]></description>
<ExtendedData>
	<Data name="fid"><displayName>fid</displayName><value><![CDATA[173]]></value></Data>
	<Data name="NOM_COMUNA"><displayName>NOM_COMUNA</displayName><value><![CDATA[NACIMIENTO]]></value></Data>
	<Data name="MANZENT_I"><displayName>MANZENT_I</displayName><value><![CDATA[8306061001036]]></value></Data>
	<Data name="TOTAL_PERS"><displayName>TOTAL_PERS</displayName><value><![CDATA[107]]></value></Data>
	<Data name="TOTAL_VIVI"><displayName>TOTAL_VIVI</displayName><value><![CDATA[36]]></value></Data>
</ExtendedData>
<styleUrl>#style1</styleUrl>
<MultiGeometry>
	<Polygon>
		<outerBoundaryIs>
			<LinearRing>
				<tessellate>1</tessellate>
				<coordinates>
					-72.6582438744202,-37.50765708601595,0.000
					-72.65827102845354,-37.507675016984905,0.000
					-72.65854406427863,-37.507582205655275,0.000
					-72.65854760422255,-37.50755217664916,0.000
					-72.65831821637724,-37.507099024892256,0.000
					-72.6580866586128,-37.50668909114064,0.000
					-72.65803630744654,-37.506599952194655,0.000
					-72.65800437140837,-37.50657940323121,0.000
					-72.6577835605473,-37.5066531304977,0.000
					-72.65774247957314,-37.50666684754728,0.000
					-72.65773725064906,-37.50670747655604,0.000
					-72.6582438744202,-37.50765708601595,0.000
				</coordinates>
			</LinearRing>
		</outerBoundaryIs>
	</Polygon>
</MultiGeometry>
</Placemark>

<Placemark>
<name>8306061001035</name>
<description><![CDATA[<p><br/>NOM_COMUNA: NACIMIENTO
<br/>MANZENT_CODIGO: 8306061001035
<br/>TOTAL_PERSONAS(2017): 144
<br/>TOTAL_VIVIENDAS(2017): 36</p>]]></description>
<ExtendedData>
	<Data name="fid"><displayName>fid</displayName><value><![CDATA[174]]></value></Data>
	<Data name="NOM_COMUNA"><displayName>NOM_COMUNA</displayName><value><![CDATA[NACIMIENTO]]></value></Data>
	<Data name="MANZENT_I"><displayName>MANZENT_I</displayName><value><![CDATA[8306061001035]]></value></Data>
	<Data name="TOTAL_PERS"><displayName>TOTAL_PERS</displayName><value><![CDATA[144]]></value></Data>
	<Data name="TOTAL_VIVI"><displayName>TOTAL_VIVI</displayName><value><![CDATA[36]]></value></Data>
</ExtendedData>
<styleUrl>#style1</styleUrl>
<MultiGeometry>
	<Polygon>
		<outerBoundaryIs>
			<LinearRing>
				<tessellate>1</tessellate>
				<coordinates>
					-72.65789997963196,-37.50776939843083,0.000
					-72.6579253426642,-37.50778675340188,0.000
					-72.65819638950003,-37.507699671074974,0.000
					-72.65820275043758,-37.50766627306528,0.000
					-72.658088603033,-37.5074493501868,0.000
					-72.65775140987087,-37.506826261546856,0.000
					-72.65769466165263,-37.50670924560667,0.000
					-72.65766755561641,-37.506689782637594,0.000
					-72.65740187577775,-37.50677534895801,0.000
					-72.65738251785302,-37.50681560798352,0.000
					-72.65789997963196,-37.50776939843083,0.000
				</coordinates>
			</LinearRing>
		</outerBoundaryIs>
	</Polygon>
</MultiGeometry>
</Placemark>

<Placemark>
<name>8306061001044</name>
<description><![CDATA[<p><br/>NOM_COMUNA: NACIMIENTO
<br/>MANZENT_CODIGO: 8306061001044
<br/>TOTAL_PERSONAS(2017): 64
<br/>TOTAL_VIVIENDAS(2017): 17</p>]]></description>
<ExtendedData>
	<Data name="fid"><displayName>fid</displayName><value><![CDATA[175]]></value></Data>
	<Data name="NOM_COMUNA"><displayName>NOM_COMUNA</displayName><value><![CDATA[NACIMIENTO]]></value></Data>
	<Data name="MANZENT_I"><displayName>MANZENT_I</displayName><value><![CDATA[8306061001044]]></value></Data>
	<Data name="TOTAL_PERS"><displayName>TOTAL_PERS</displayName><value><![CDATA[64]]></value></Data>
	<Data name="TOTAL_VIVI"><displayName>TOTAL_VIVI</displayName><value><![CDATA[17]]></value></Data>
</ExtendedData>
<styleUrl>#style1</styleUrl>
<MultiGeometry>
	<Polygon>
		<outerBoundaryIs>
			<LinearRing>
				<tessellate>1</tessellate>
				<coordinates>
					-72.66033950079141,-37.50786210754452,0.000
					-72.66036102679615,-37.507864697519175,0.000
					-72.66039082679302,-37.50786312448371,0.000
					-72.66114927560801,-37.50776640757833,0.000
					-72.66116738260067,-37.50776253155662,0.000
					-72.66118273758883,-37.50775625653803,0.000
					-72.66119127657194,-37.507747233527326,0.000
					-72.66119701555346,-37.50773734451989,0.000
					-72.66116812670994,-37.50728573652539,0.000
					-72.66114559747425,-37.50715948754405,0.000
					-72.6611195222544,-37.5070417285675,0.000
					-72.66104401491972,-37.506862341645586,0.000
					-72.6610247288622,-37.506831500666486,0.000
					-72.66101356684653,-37.50682307867916,0.000
					-72.660997111843,-37.506821130698576,0.000
					-72.66098125985077,-37.506825231717634,0.000
					-72.6608660769613,-37.5068840488579,0.000
					-72.66020914138039,-37.50710641665095,0.000
					-72.66018411741585,-37.50712529568178,0.000
					-72.66017800847,-37.50715428269089,0.000
					-72.66031138273448,-37.50783154157588,0.000
					-72.66031971777039,-37.50785081156722,0.000
					-72.66033950079141,-37.50786210754452,0.000
				</coordinates>
			</LinearRing>
		</outerBoundaryIs>
	</Polygon>
</MultiGeometry>
</Placemark>

<Placemark>
<name>8306061001034</name>
<description><![CDATA[<p><br/>NOM_COMUNA: NACIMIENTO
<br/>MANZENT_CODIGO: 8306061001034
<br/>TOTAL_PERSONAS(2017): 106
<br/>TOTAL_VIVIENDAS(2017): 35</p>]]></description>
<ExtendedData>
	<Data name="fid"><displayName>fid</displayName><value><![CDATA[176]]></value></Data>
	<Data name="NOM_COMUNA"><displayName>NOM_COMUNA</displayName><value><![CDATA[NACIMIENTO]]></value></Data>
	<Data name="MANZENT_I"><displayName>MANZENT_I</displayName><value><![CDATA[8306061001034]]></value></Data>
	<Data name="TOTAL_PERS"><displayName>TOTAL_PERS</displayName><value><![CDATA[106]]></value></Data>
	<Data name="TOTAL_VIVI"><displayName>TOTAL_VIVI</displayName><value><![CDATA[35]]></value></Data>
</ExtendedData>
<styleUrl>#style1</styleUrl>
<MultiGeometry>
	<Polygon>
		<outerBoundaryIs>
			<LinearRing>
				<tessellate>1</tessellate>
				<coordinates>
					-72.65756699286774,-37.50789463283359,0.000
					-72.65758145787525,-37.507898704816725,0.000
					-72.6578471027163,-37.50781439949637,0.000
					-72.6578560606474,-37.50777753948342,0.000
					-72.65734764886845,-37.50682374702537,0.000
					-72.65730801582374,-37.5067997110708,0.000
					-72.65708391096096,-37.50687249434114,0.000
					-72.65705814498655,-37.50688613137256,0.000
					-72.65704757300323,-37.506895023385624,0.000
					-72.65703921503629,-37.5069127003967,0.000
					-72.65703585106839,-37.5069298454018,0.000
					-72.65704522510302,-37.50694841539187,0.000
					-72.65717736656761,-37.50719750725107,0.000
					-72.65753859381417,-37.507865862865444,0.000
					-72.65755208284622,-37.507883072850575,0.000
					-72.65756699286774,-37.50789463283359,0.000
				</coordinates>
			</LinearRing>
		</outerBoundaryIs>
	</Polygon>
</MultiGeometry>
</Placemark>

<Placemark>
<name>8306061001033</name>
<description><![CDATA[<p><br/>NOM_COMUNA: NACIMIENTO
<br/>MANZENT_CODIGO: 8306061001033
<br/>TOTAL_PERSONAS(2017): 64
<br/>TOTAL_VIVIENDAS(2017): 20</p>]]></description>
<ExtendedData>
	<Data name="fid"><displayName>fid</displayName><value><![CDATA[177]]></value></Data>
	<Data name="NOM_COMUNA"><displayName>NOM_COMUNA</displayName><value><![CDATA[NACIMIENTO]]></value></Data>
	<Data name="MANZENT_I"><displayName>MANZENT_I</displayName><value><![CDATA[8306061001033]]></value></Data>
	<Data name="TOTAL_PERS"><displayName>TOTAL_PERS</displayName><value><![CDATA[64]]></value></Data>
	<Data name="TOTAL_VIVI"><displayName>TOTAL_VIVI</displayName><value><![CDATA[20]]></value></Data>
</ExtendedData>
<styleUrl>#style1</styleUrl>
<MultiGeometry>
	<Polygon>
		<outerBoundaryIs>
			<LinearRing>
				<tessellate>1</tessellate>
				<coordinates>
					-72.65643603669606,-37.507799374168385,0.000
					-72.65646564571787,-37.507811136134,0.000
					-72.65725151728694,-37.50758278718772,0.000
					-72.65725912827152,-37.50757455717819,0.000
					-72.6572673252413,-37.50755840916746,0.000
					-72.65727052521227,-37.507542882162646,0.000
					-72.6569684541282,-37.50696167148374,0.000
					-72.65695750410666,-37.506950099495974,0.000
					-72.65694150908914,-37.5069406795143,0.000
					-72.65692810307912,-37.506935277529855,0.000
					-72.65690466207401,-37.506932468557494,0.000
					-72.65689550308063,-37.506935981568546,0.000
					-72.65615522253167,-37.50717523646147,0.000
					-72.65614569054699,-37.50718342847327,0.000
					-72.65613682856959,-37.50719550848459,0.000
					-72.65613054960002,-37.507211784493066,0.000
					-72.65613068361907,-37.50722197049357,0.000
					-72.65643603669606,-37.507799374168385,0.000
				</coordinates>
			</LinearRing>
		</outerBoundaryIs>
	</Polygon>
</MultiGeometry>
</Placemark>

<Placemark>
<name>8306061001045</name>
<description><![CDATA[<p><br/>NOM_COMUNA: NACIMIENTO
<br/>MANZENT_CODIGO: 8306061001045
<br/>TOTAL_PERSONAS(2017): 64
<br/>TOTAL_VIVIENDAS(2017): 18</p>]]></description>
<ExtendedData>
	<Data name="fid"><displayName>fid</displayName><value><![CDATA[178]]></value></Data>
	<Data name="NOM_COMUNA"><displayName>NOM_COMUNA</displayName><value><![CDATA[NACIMIENTO]]></value></Data>
	<Data name="MANZENT_I"><displayName>MANZENT_I</displayName><value><![CDATA[8306061001045]]></value></Data>
	<Data name="TOTAL_PERS"><displayName>TOTAL_PERS</displayName><value><![CDATA[64]]></value></Data>
	<Data name="TOTAL_VIVI"><displayName>TOTAL_VIVI</displayName><value><![CDATA[18]]></value></Data>
</ExtendedData>
<styleUrl>#style1</styleUrl>
<MultiGeometry>
	<Polygon>
		<outerBoundaryIs>
			<LinearRing>
				<tessellate>1</tessellate>
				<coordinates>
					-72.65973448115103,-37.50751749823984,0.000
					-72.65972056815465,-37.50751938125645,0.000
					-72.6596747187985,-37.50732859629868,0.000
					-72.65966089073929,-37.50729687131299,0.000
					-72.65961188776794,-37.50731203037213,0.000
					-72.65899822812173,-37.50749956311157,0.000
					-72.65897417015344,-37.50751647814118,0.000
					-72.6589623461773,-37.50752922115602,0.000
					-72.65895244220138,-37.50754209116856,0.000
					-72.65894653922292,-37.5075535991763,0.000
					-72.6589441382786,-37.50758338018106,0.000
					-72.65902378206916,-37.50800679711358,0.000
					-72.65903815010277,-37.50802483509773,0.000
					-72.65905996512397,-37.50803626207259,0.000
					-72.65907670512402,-37.508036323052714,0.000
					-72.65950201901497,-37.50797924154487,0.000
					-72.66015993684891,-37.50789234275933,0.000
					-72.66019147682971,-37.50788215372127,0.000
					-72.66021267380177,-37.50786727669517,0.000
					-72.66022281978843,-37.50786015568273,0.000
					-72.66023870671772,-37.50782235066145,0.000
					-72.66023632165737,-37.50779004166221,0.000
					-72.66012886152758,-37.507184939751085,0.000
					-72.66012770650194,-37.507171218751616,0.000
					-72.6601040174778,-37.50715822277886,0.000
					-72.66007411848005,-37.50715934281436,0.000
					-72.65968727572397,-37.507288743281215,0.000
					-72.65969230074555,-37.507300305276004,0.000
					-72.6597020507874,-37.50732273926588,0.000
					-72.65974840114743,-37.507515607223205,0.000
					-72.65973448115103,-37.50751749823984,0.000
				</coordinates>
			</LinearRing>
		</outerBoundaryIs>
	</Polygon>
</MultiGeometry>
</Placemark>

<Placemark>
<name>8306021001038</name>
<description><![CDATA[<p><br/>NOM_COMUNA: NACIMIENTO
<br/>MANZENT_CODIGO: 8306021001038
<br/>TOTAL_PERSONAS(2017): 96
<br/>TOTAL_VIVIENDAS(2017): 42</p>]]></description>
<ExtendedData>
	<Data name="fid"><displayName>fid</displayName><value><![CDATA[179]]></value></Data>
	<Data name="NOM_COMUNA"><displayName>NOM_COMUNA</displayName><value><![CDATA[NACIMIENTO]]></value></Data>
	<Data name="MANZENT_I"><displayName>MANZENT_I</displayName><value><![CDATA[8306021001038]]></value></Data>
	<Data name="TOTAL_PERS"><displayName>TOTAL_PERS</displayName><value><![CDATA[96]]></value></Data>
	<Data name="TOTAL_VIVI"><displayName>TOTAL_VIVI</displayName><value><![CDATA[42]]></value></Data>
</ExtendedData>
<styleUrl>#style1</styleUrl>
<MultiGeometry>
	<Polygon>
		<outerBoundaryIs>
			<LinearRing>
				<tessellate>1</tessellate>
				<coordinates>
					-72.67695440966634,-37.508919389913345,0.000
					-72.6768826916706,-37.508921436998484,0.000
					-72.6768132121728,-37.50811945303012,0.000
					-72.6766762452064,-37.50813697419363,0.000
					-72.67624756331492,-37.508193601705436,0.000
					-72.67577796543513,-37.50825636126615,0.000
					-72.67575380945259,-37.50826561829537,0.000
					-72.67574097146277,-37.50827104331091,0.000
					-72.67572293248647,-37.50828366433311,0.000
					-72.67571262050808,-37.50829517734605,0.000
					-72.67570006958277,-37.508335122363476,0.000
					-72.67569436290063,-37.50850525138098,0.000
					-72.67630781293441,-37.50852541365501,0.000
					-72.67630454303527,-37.5085793846623,0.000
					-72.67569271299253,-37.50855443038606,0.000
					-72.67569104208553,-37.50860421439119,0.000
					-72.67566501090397,-37.50904221244978,0.000
					-72.67566567305482,-37.50912297045412,0.000
					-72.67566867018088,-37.50919043745479,0.000
					-72.67604003717202,-37.50918695201431,0.000
					-72.67604024425202,-37.50922979101676,0.000
					-72.67568618826898,-37.50923765543702,0.000
					-72.67569278530213,-37.509255435430326,0.000
					-72.67573679039724,-37.50930649738141,0.000
					-72.6758364384929,-37.50935802326653,0.000
					-72.67599591062336,-37.50942839008188,0.000
					-72.67637128384332,-37.509547417644406,0.000
					-72.67636039275166,-37.508963055620306,0.000
					-72.67641034275057,-37.50896263056106,0.000
					-72.67642253087038,-37.50956208458453,0.000
					-72.6771021622023,-37.50974205179012,0.000
					-72.6776211714314,-37.50986644118271,0.000
					-72.67803741361638,-37.50996690869554,0.000
					-72.6785687988633,-37.51010091007397,0.000
					-72.6789995921055,-37.510232029571554,0.000
					-72.6790509611357,-37.51024836451166,0.000
					-72.67901106114523,-37.509718088525474,0.000
					-72.67905470914704,-37.50971922047376,0.000
					-72.67908915915811,-37.51026051046713,0.000
					-72.6793499993114,-37.51034345416316,0.000
					-72.67969230752146,-37.51045706076442,0.000
					-72.67971371352662,-37.51045991473923,0.000
					-72.67975417452871,-37.51046116069136,0.000
					-72.67979070946734,-37.510428445646,0.000
					-72.67979444439892,-37.51039184163924,0.000
					-72.67978711926081,-37.510317891643254,0.000
					-72.67975847275748,-37.5100484186602,0.000
					-72.67973674933478,-37.50982206767167,0.000
					-72.67972314594071,-37.50961110567444,0.000
					-72.67969827145563,-37.509351349687535,0.000
					-72.67967036643994,-37.5093428707201,0.000
					-72.67954499042233,-37.5093330168681,0.000
					-72.67930668336649,-37.50930228914874,0.000
					-72.67909991433231,-37.509283265392625,0.000
					-72.67902740434573,-37.50929018647904,0.000
					-72.67899142235233,-37.50929362052194,0.000
					-72.6789837812826,-37.509256249528626,0.000
					-72.67909985126109,-37.5092451443903,0.000
					-72.67931316029649,-37.509264837138666,0.000
					-72.67955113035217,-37.509295468858475,0.000
					-72.67967255536928,-37.5093050647151,0.000
					-72.67969289535002,-37.50929483069033,0.000
					-72.67968852426573,-37.50924968669265,0.000
					-72.67965914677931,-37.508989210711036,0.000
					-72.67964518837265,-37.50877148371383,0.000
					-72.67962507593462,-37.508536963722875,0.000
					-72.6796040073633,-37.50823105172853,0.000
					-72.67957074487926,-37.50797185175157,0.000
					-72.67955527053002,-37.507784824758126,0.000
					-72.67954219437036,-37.50769931676826,0.000
					-72.6795269273088,-37.50766630378425,0.000
					-72.67949679126394,-37.507642190818466,0.000
					-72.67945302722929,-37.50762348786915,0.000
					-72.67938449920096,-37.50760808194942,0.000
					-72.6792479551749,-37.507593683110386,0.000
					-72.67912984718296,-37.507597579250664,0.000
					-72.67906613719838,-37.50760560932671,0.000
					-72.67899318223925,-37.50762724441456,0.000
					-72.67874207839617,-37.507710352717524,0.000
					-72.67839735159191,-37.507813967132705,0.000
					-72.67801512578438,-37.50791567259231,0.000
					-72.67762378394676,-37.50800124606163,0.000
					-72.67728374905737,-37.50805926146848,0.000
					-72.67686589115984,-37.508112714967226,0.000
					-72.67695440966634,-37.508919389913345,0.000
				</coordinates>
			</LinearRing>
		</outerBoundaryIs>
	</Polygon>
</MultiGeometry>
</Placemark>

<Placemark>
<name>8306061001032</name>
<description><![CDATA[<p><br/>NOM_COMUNA: NACIMIENTO
<br/>MANZENT_CODIGO: 8306061001032
<br/>TOTAL_PERSONAS(2017): 257
<br/>TOTAL_VIVIENDAS(2017): 85</p>]]></description>
<ExtendedData>
	<Data name="fid"><displayName>fid</displayName><value><![CDATA[180]]></value></Data>
	<Data name="NOM_COMUNA"><displayName>NOM_COMUNA</displayName><value><![CDATA[NACIMIENTO]]></value></Data>
	<Data name="MANZENT_I"><displayName>MANZENT_I</displayName><value><![CDATA[8306061001032]]></value></Data>
	<Data name="TOTAL_PERS"><displayName>TOTAL_PERS</displayName><value><![CDATA[257]]></value></Data>
	<Data name="TOTAL_VIVI"><displayName>TOTAL_VIVI</displayName><value><![CDATA[85]]></value></Data>
</ExtendedData>
<styleUrl>#style1</styleUrl>
<MultiGeometry>
	<Polygon>
		<outerBoundaryIs>
			<LinearRing>
				<tessellate>1</tessellate>
				<coordinates>
					-72.65437980483264,-37.507866457610504,0.000
					-72.65446397873293,-37.50834860454144,0.000
					-72.65448746572872,-37.50834643651347,0.000
					-72.6545374021711,-37.50858335446939,0.000
					-72.65454332821572,-37.50860726246388,0.000
					-72.65455593724626,-37.50862364444998,0.000
					-72.65458055326911,-37.50863593842159,0.000
					-72.65460810927163,-37.50863738738904,0.000
					-72.65571382797883,-37.50848389106829,0.000
					-72.65572162995872,-37.50847314205832,0.000
					-72.65567366268903,-37.50832863310598,0.000
					-72.65566311162337,-37.50829345811625,0.000
					-72.65565955056582,-37.508262658118525,0.000
					-72.65566753251473,-37.50823533110732,0.000
					-72.65569416547112,-37.508212069074254,0.000
					-72.65697188078856,-37.50785047153633,0.000
					-72.65699640987735,-37.50789808951027,0.000
					-72.65688309294364,-37.50793323964691,0.000
					-72.65684850591516,-37.507917863686906,0.000
					-72.65571608052012,-37.50823836704997,0.000
					-72.65570270454212,-37.508250087066536,0.000
					-72.65569839856958,-37.508264781072604,0.000
					-72.65570116461377,-37.50828844707084,0.000
					-72.65571100067486,-37.50832117406122,0.000
					-72.65575968294912,-37.50846813001293,0.000
					-72.65577265997123,-37.508480012998305,0.000
					-72.65582618096337,-37.50847593893457,0.000
					-72.65629115683008,-37.50840595837881,0.000
					-72.65650712072006,-37.50834770411905,0.000
					-72.65688247646709,-37.50821340066548,0.000
					-72.65736299212143,-37.50802981608407,0.000
					-72.65738508409906,-37.508017908057134,0.000
					-72.657397024075,-37.508005078042146,0.000
					-72.65740489305084,-37.50799216803198,0.000
					-72.6574111710204,-37.50797589102352,0.000
					-72.65742353198478,-37.50795685100767,0.000
					-72.65746725592692,-37.50792599795387,0.000
					-72.65747025990969,-37.50791677494973,0.000
					-72.6573221423654,-37.507625011106725,0.000
					-72.65731234834239,-37.50761265111752,0.000
					-72.65729795033079,-37.507606418134166,0.000
					-72.65728449432383,-37.50760263614991,0.000
					-72.65636546384412,-37.5078784472571,0.000
					-72.6554255183229,-37.508131936387656,0.000
					-72.65541857534573,-37.50814414539664,0.000
					-72.65536575637924,-37.50816193046041,0.000
					-72.65534105228737,-37.50811268648654,0.000
					-72.65542738223189,-37.5080832203823,0.000
					-72.65544749224682,-37.50809128035899,0.000
					-72.6563311497926,-37.50785073129597,0.000
					-72.65634030878599,-37.50784721828492,0.000
					-72.65635176077083,-37.5078391542708,0.000
					-72.65635566072703,-37.507815711264705,0.000
					-72.65605883066124,-37.507244334580186,0.000
					-72.65605188563694,-37.50723131058753,0.000
					-72.65603485062077,-37.50722259160719,0.000
					-72.65568923376641,-37.507299538021876,0.000
					-72.65560012079911,-37.507316783128616,0.000
					-72.65519478708613,-37.5074692306189,0.000
					-72.65496157427387,-37.50756904390178,0.000
					-72.65476590546213,-37.50766924214014,0.000
					-72.65451343470546,-37.507798771447725,0.000
					-72.65437980483264,-37.507866457610504,0.000
				</coordinates>
			</LinearRing>
		</outerBoundaryIs>
	</Polygon>
</MultiGeometry>
</Placemark>

<Placemark>
<name>8306011002029</name>
<description><![CDATA[<p><br/>NOM_COMUNA: NACIMIENTO
<br/>MANZENT_CODIGO: 8306011002029
<br/>TOTAL_PERSONAS(2017): 49
<br/>TOTAL_VIVIENDAS(2017): 18</p>]]></description>
<ExtendedData>
	<Data name="fid"><displayName>fid</displayName><value><![CDATA[181]]></value></Data>
	<Data name="NOM_COMUNA"><displayName>NOM_COMUNA</displayName><value><![CDATA[NACIMIENTO]]></value></Data>
	<Data name="MANZENT_I"><displayName>MANZENT_I</displayName><value><![CDATA[8306011002029]]></value></Data>
	<Data name="TOTAL_PERS"><displayName>TOTAL_PERS</displayName><value><![CDATA[49]]></value></Data>
	<Data name="TOTAL_VIVI"><displayName>TOTAL_VIVI</displayName><value><![CDATA[18]]></value></Data>
</ExtendedData>
<styleUrl>#style1</styleUrl>
<MultiGeometry>
	<Polygon>
		<outerBoundaryIs>
			<LinearRing>
				<tessellate>1</tessellate>
				<coordinates>
					-72.67083695444884,-37.50824722012345,0.000
					-72.67085589145285,-37.50824939610116,0.000
					-72.67087798645046,-37.50824821007486,0.000
					-72.67091308143503,-37.50824007103276,0.000
					-72.67176005403411,-37.50802823901518,0.000
					-72.67176912999855,-37.5080092230032,0.000
					-72.67177064894115,-37.5079785229995,0.000
					-72.67172501372663,-37.50786353504629,0.000
					-72.67160441517039,-37.50756539217036,0.000
					-72.67157359413966,-37.507548834205835,0.000
					-72.670671848563,-37.50777247028908,0.000
					-72.6706395626135,-37.50779940832908,0.000
					-72.67080952040489,-37.50822360915446,0.000
					-72.67082228043341,-37.50823891014033,0.000
					-72.67083695444884,-37.50824722012345,0.000
				</coordinates>
			</LinearRing>
		</outerBoundaryIs>
	</Polygon>
</MultiGeometry>
</Placemark>

<Placemark>
<name>8306061001046</name>
<description><![CDATA[<p><br/>NOM_COMUNA: NACIMIENTO
<br/>MANZENT_CODIGO: 8306061001046
<br/>TOTAL_PERSONAS(2017): 46
<br/>TOTAL_VIVIENDAS(2017): 17</p>]]></description>
<ExtendedData>
	<Data name="fid"><displayName>fid</displayName><value><![CDATA[182]]></value></Data>
	<Data name="NOM_COMUNA"><displayName>NOM_COMUNA</displayName><value><![CDATA[NACIMIENTO]]></value></Data>
	<Data name="MANZENT_I"><displayName>MANZENT_I</displayName><value><![CDATA[8306061001046]]></value></Data>
	<Data name="TOTAL_PERS"><displayName>TOTAL_PERS</displayName><value><![CDATA[46]]></value></Data>
	<Data name="TOTAL_VIVI"><displayName>TOTAL_VIVI</displayName><value><![CDATA[17]]></value></Data>
</ExtendedData>
<styleUrl>#style1</styleUrl>
<MultiGeometry>
	<Polygon>
		<outerBoundaryIs>
			<LinearRing>
				<tessellate>1</tessellate>
				<coordinates>
					-72.65754823250894,-37.50823778687772,0.000
					-72.65756938252258,-37.50824514485311,0.000
					-72.65759819051789,-37.50824274281879,0.000
					-72.65798399141119,-37.50818677435787,0.000
					-72.65848306028832,-37.50812250776202,0.000
					-72.65890648917708,-37.50806421825633,0.000
					-72.65893325815232,-37.508051052223735,0.000
					-72.65894519812831,-37.50803822120874,0.000
					-72.65894722408159,-37.50801320920479,0.000
					-72.65887551335773,-37.507625546265075,0.000
					-72.65886638029517,-37.50759202127375,0.000
					-72.65885233625566,-37.507570836289084,0.000
					-72.65883535223648,-37.50756049630855,0.000
					-72.65881299822718,-37.50755545733475,0.000
					-72.6587476052551,-37.50757020141323,0.000
					-72.65761414096352,-37.50794603378098,0.000
					-72.65752589401882,-37.5079753738875,0.000
					-72.65749788105025,-37.507992119921745,0.000
					-72.65748727908898,-37.50801281693566,0.000
					-72.6574880841626,-37.508052213937184,0.000
					-72.65753656348298,-37.508223856890694,0.000
					-72.65754823250894,-37.50823778687772,0.000
				</coordinates>
			</LinearRing>
		</outerBoundaryIs>
	</Polygon>
</MultiGeometry>
</Placemark>

<Placemark>
<name>8306061001053</name>
<description><![CDATA[<p><br/>NOM_COMUNA: NACIMIENTO
<br/>MANZENT_CODIGO: 8306061001053
<br/>TOTAL_PERSONAS(2017): 32
<br/>TOTAL_VIVIENDAS(2017): 8</p>]]></description>
<ExtendedData>
	<Data name="fid"><displayName>fid</displayName><value><![CDATA[183]]></value></Data>
	<Data name="NOM_COMUNA"><displayName>NOM_COMUNA</displayName><value><![CDATA[NACIMIENTO]]></value></Data>
	<Data name="MANZENT_I"><displayName>MANZENT_I</displayName><value><![CDATA[8306061001053]]></value></Data>
	<Data name="TOTAL_PERS"><displayName>TOTAL_PERS</displayName><value><![CDATA[32]]></value></Data>
	<Data name="TOTAL_VIVI"><displayName>TOTAL_VIVI</displayName><value><![CDATA[8]]></value></Data>
</ExtendedData>
<styleUrl>#style1</styleUrl>
<MultiGeometry>
	<Polygon>
		<outerBoundaryIs>
			<LinearRing>
				<tessellate>1</tessellate>
				<coordinates>
					-72.66054255371246,-37.50889103136927,0.000
					-72.6605611647156,-37.50889275234729,0.000
					-72.6606969906818,-37.50887506318513,0.000
					-72.66126085154137,-37.50880162851201,0.000
					-72.6612788725121,-37.50878603548964,0.000
					-72.66128186048897,-37.508773658485296,0.000
					-72.66128293246545,-37.508761063483234,0.000
					-72.6612098087626,-37.50784934351186,0.000
					-72.66120847374772,-37.50784138651294,0.000
					-72.66119423873315,-37.507833534529304,0.000
					-72.66117803172153,-37.50782726554816,0.000
					-72.66091944579003,-37.50786314585699,0.000
					-72.66092955683477,-37.50788713684651,0.000
					-72.66092425392202,-37.507933802855774,0.000
					-72.66052564103919,-37.50853058936637,0.000
					-72.66048857207856,-37.50855153341169,0.000
					-72.66046092410788,-37.508567155445434,0.000
					-72.66052219767832,-37.50887269439226,0.000
					-72.66053194870405,-37.508886495381546,0.000
					-72.66054255371246,-37.50889103136927,0.000
				</coordinates>
			</LinearRing>
		</outerBoundaryIs>
	</Polygon>
</MultiGeometry>
</Placemark>

<Placemark>
<name>8306061001052</name>
<description><![CDATA[<p><br/>NOM_COMUNA: NACIMIENTO
<br/>MANZENT_CODIGO: 8306061001052
<br/>TOTAL_PERSONAS(2017): 16
<br/>TOTAL_VIVIENDAS(2017): 5</p>]]></description>
<ExtendedData>
	<Data name="fid"><displayName>fid</displayName><value><![CDATA[184]]></value></Data>
	<Data name="NOM_COMUNA"><displayName>NOM_COMUNA</displayName><value><![CDATA[NACIMIENTO]]></value></Data>
	<Data name="MANZENT_I"><displayName>MANZENT_I</displayName><value><![CDATA[8306061001052]]></value></Data>
	<Data name="TOTAL_PERS"><displayName>TOTAL_PERS</displayName><value><![CDATA[16]]></value></Data>
	<Data name="TOTAL_VIVI"><displayName>TOTAL_VIVI</displayName><value><![CDATA[5]]></value></Data>
</ExtendedData>
<styleUrl>#style1</styleUrl>
<MultiGeometry>
	<Polygon>
		<outerBoundaryIs>
			<LinearRing>
				<tessellate>1</tessellate>
				<coordinates>
					-72.66042655778736,-37.50839549847524,0.000
					-72.66045221802645,-37.50852354645299,0.000
					-72.66047280800454,-37.508511870427796,0.000
					-72.66048722698915,-37.50850369441018,0.000
					-72.6608756309008,-37.507922295912735,0.000
					-72.66087907084383,-37.50789181390671,0.000
					-72.6608699078033,-37.50787009491618,0.000
					-72.66036988993581,-37.50793948951338,0.000
					-72.66035728295239,-37.5079483415289,0.000
					-72.6603454599763,-37.50796108354376,0.000
					-72.66034230800244,-37.50797507954834,0.000
					-72.66042655778736,-37.50839549847524,0.000
				</coordinates>
			</LinearRing>
		</outerBoundaryIs>
	</Polygon>
</MultiGeometry>
</Placemark>

<Placemark>
<name>8306021001039</name>
<description><![CDATA[<p><br/>NOM_COMUNA: NACIMIENTO
<br/>MANZENT_CODIGO: 8306021001039
<br/>TOTAL_PERSONAS(2017): 174
<br/>TOTAL_VIVIENDAS(2017): 57</p>]]></description>
<ExtendedData>
	<Data name="fid"><displayName>fid</displayName><value><![CDATA[185]]></value></Data>
	<Data name="NOM_COMUNA"><displayName>NOM_COMUNA</displayName><value><![CDATA[NACIMIENTO]]></value></Data>
	<Data name="MANZENT_I"><displayName>MANZENT_I</displayName><value><![CDATA[8306021001039]]></value></Data>
	<Data name="TOTAL_PERS"><displayName>TOTAL_PERS</displayName><value><![CDATA[174]]></value></Data>
	<Data name="TOTAL_VIVI"><displayName>TOTAL_VIVI</displayName><value><![CDATA[57]]></value></Data>
</ExtendedData>
<styleUrl>#style1</styleUrl>
<MultiGeometry>
	<Polygon>
		<outerBoundaryIs>
			<LinearRing>
				<tessellate>1</tessellate>
				<coordinates>
					-72.67418726783735,-37.5090015771992,0.000
					-72.67415123683944,-37.509002554241945,0.000
					-72.67409773549109,-37.50881593029358,0.000
					-72.6739764215284,-37.50883547143868,0.000
					-72.67396461247445,-37.50880655945085,0.000
					-72.67408799144036,-37.508788746303445,0.000
					-72.67404058206645,-37.50858844734694,0.000
					-72.67399698707725,-37.50859405039901,0.000
					-72.6739261220947,-37.5086031574836,0.000
					-72.67368782716078,-37.50863775376826,0.000
					-72.67351625120756,-37.50866221897324,0.000
					-72.67336596323933,-37.50867872215246,0.000
					-72.67330653525192,-37.50868525922332,0.000
					-72.67322566426928,-37.50869428531982,0.000
					-72.67317690527977,-37.50869972737793,0.000
					-72.6730937912976,-37.50870900347708,0.000
					-72.67291884634051,-37.508731369685925,0.000
					-72.67276814738335,-37.508753811865994,0.000
					-72.67261718540801,-37.5087665170458,0.000
					-72.6724769564266,-37.50877600821259,0.000
					-72.67234185843594,-37.508780553373086,0.000
					-72.6722813874469,-37.508786210445116,0.000
					-72.67223348045738,-37.50879166450226,0.000
					-72.67204967452533,-37.50882742072243,0.000
					-72.67194254053986,-37.50883486084999,0.000
					-72.67190276552384,-37.508826145896535,0.000
					-72.67187734250187,-37.50881428992593,0.000
					-72.67185413546899,-37.50879661995233,0.000
					-72.67181896641404,-37.50876708899216,0.000
					-72.67145033450238,-37.50881316843215,0.000
					-72.67089183162886,-37.508879021098444,0.000
					-72.67064047969099,-37.50891146039849,0.000
					-72.67028924177396,-37.50895472481765,0.000
					-72.66989448488238,-37.509011458289294,0.000
					-72.66949404097225,-37.50905825476702,0.000
					-72.6694575029813,-37.50906298781065,0.000
					-72.66886740912767,-37.50913942451509,0.000
					-72.6685064782152,-37.509185105945924,0.000
					-72.66817102129325,-37.50922580334621,0.000
					-72.66818123233857,-37.50925008333568,0.000
					-72.66829172787767,-37.509538989222996,0.000
					-72.6684341939677,-37.51012287809114,0.000
					-72.66859832098649,-37.510668713931196,0.000
					-72.6688020018152,-37.51111289471786,0.000
					-72.6718487653326,-37.51139978912367,0.000
					-72.67195482934913,-37.5114089789985,0.000
					-72.67284680449727,-37.511491220946155,0.000
					-72.67446143276526,-37.51164007504119,0.000
					-72.67449167559656,-37.51154986599962,0.000
					-72.67460769487707,-37.51116518783767,0.000
					-72.67464919161246,-37.511023710779526,0.000
					-72.67475315106049,-37.510728641637584,0.000
					-72.67485780558924,-37.51047675249759,0.000
					-72.67497954113144,-37.51023213933776,0.000
					-72.67514948263842,-37.50996882911963,0.000
					-72.67528251024984,-37.50976129594874,0.000
					-72.67544757674366,-37.50949095073595,0.000
					-72.6755696474154,-37.509315642580134,0.000
					-72.67557804837273,-37.50929282856875,0.000
					-72.67558774127365,-37.50923984155391,0.000
					-72.67558962825437,-37.50922952355099,0.000
					-72.67559946396172,-37.50907291352944,0.000
					-72.67559991643044,-37.508788512510925,0.000
					-72.67560012902247,-37.50857016249685,0.000
					-72.67560167898618,-37.50855071749377,0.000
					-72.67560383493557,-37.50852364548946,0.000
					-72.67560434589568,-37.50850229248754,0.000
					-72.6756080146089,-37.50834880947347,0.000
					-72.67560264055794,-37.508321488478096,0.000
					-72.67559068252876,-37.508305843491335,0.000
					-72.6755707425103,-37.50829589851429,0.000
					-72.67554868049704,-37.508288705540004,0.000
					-72.67551759549575,-37.508287912576826,0.000
					-72.67498960963775,-37.508362136207474,0.000
					-72.67461785973701,-37.50841402165148,0.000
					-72.67424588283436,-37.50846490109571,0.000
					-72.67416923085446,-37.50847538518728,0.000
					-72.67414021086203,-37.50847934422191,0.000
					-72.67411151986953,-37.50848325925621,0.000
					-72.6740833458769,-37.50848712028983,0.000
					-72.67404934388361,-37.50849060533033,0.000
					-72.67406549499532,-37.50855044031498,0.000
					-72.6740700360267,-37.508567263310674,0.000
					-72.67418090579339,-37.50897800720527,0.000
					-72.67418726783735,-37.5090015771992,0.000
				</coordinates>
			</LinearRing>
		</outerBoundaryIs>
	</Polygon>
</MultiGeometry>
</Placemark>

<Placemark>
<name>8306061001031</name>
<description><![CDATA[<p><br/>NOM_COMUNA: NACIMIENTO
<br/>MANZENT_CODIGO: 8306061001031
<br/>TOTAL_PERSONAS(2017): 69
<br/>TOTAL_VIVIENDAS(2017): 27</p>]]></description>
<ExtendedData>
	<Data name="fid"><displayName>fid</displayName><value><![CDATA[186]]></value></Data>
	<Data name="NOM_COMUNA"><displayName>NOM_COMUNA</displayName><value><![CDATA[NACIMIENTO]]></value></Data>
	<Data name="MANZENT_I"><displayName>MANZENT_I</displayName><value><![CDATA[8306061001031]]></value></Data>
	<Data name="TOTAL_PERS"><displayName>TOTAL_PERS</displayName><value><![CDATA[69]]></value></Data>
	<Data name="TOTAL_VIVI"><displayName>TOTAL_VIVI</displayName><value><![CDATA[27]]></value></Data>
</ExtendedData>
<styleUrl>#style1</styleUrl>
<MultiGeometry>
	<Polygon>
		<outerBoundaryIs>
			<LinearRing>
				<tessellate>1</tessellate>
				<coordinates>
					-72.65326516750216,-37.50982736705724,0.000
					-72.65328569850551,-37.509829217032994,0.000
					-72.65412973030479,-37.509724243025566,0.000
					-72.6545928101907,-37.509664505472685,0.000
					-72.65464354815994,-37.50964821041154,0.000
					-72.65465983314668,-37.50964114439176,0.000
					-72.65466781912235,-37.50962814638145,0.000
					-72.65466910109308,-37.509612491378974,0.000
					-72.65466626806638,-37.50959819638139,0.000
					-72.65456071912203,-37.509092436474255,0.000
					-72.65447699038094,-37.50869552054817,0.000
					-72.65434146186911,-37.50788587965718,0.000
					-72.65398836620517,-37.50806472708726,0.000
					-72.65351720571412,-37.50833580666313,0.000
					-72.65293766037945,-37.50869025037288,0.000
					-72.65287582545135,-37.50872858244866,0.000
					-72.65290686848218,-37.508745150412906,0.000
					-72.65298297455075,-37.50878207932506,0.000
					-72.65305490867641,-37.50884953824404,0.000
					-72.65306914777454,-37.508902116230544,0.000
					-72.65307520883132,-37.508932515225275,0.000
					-72.65319063291467,-37.5095127291255,0.000
					-72.65324746443135,-37.5097894360758,0.000
					-72.65325101246266,-37.50980617807269,0.000
					-72.65325779948961,-37.50982064206556,0.000
					-72.65326516750216,-37.50982736705724,0.000
				</coordinates>
			</LinearRing>
		</outerBoundaryIs>
	</Polygon>
</MultiGeometry>
</Placemark>

<Placemark>
<name>8306061001019</name>
<description><![CDATA[<p><br/>NOM_COMUNA: NACIMIENTO
<br/>MANZENT_CODIGO: 8306061001019
<br/>TOTAL_PERSONAS(2017): 15
<br/>TOTAL_VIVIENDAS(2017): 8</p>]]></description>
<ExtendedData>
	<Data name="fid"><displayName>fid</displayName><value><![CDATA[187]]></value></Data>
	<Data name="NOM_COMUNA"><displayName>NOM_COMUNA</displayName><value><![CDATA[NACIMIENTO]]></value></Data>
	<Data name="MANZENT_I"><displayName>MANZENT_I</displayName><value><![CDATA[8306061001019]]></value></Data>
	<Data name="TOTAL_PERS"><displayName>TOTAL_PERS</displayName><value><![CDATA[15]]></value></Data>
	<Data name="TOTAL_VIVI"><displayName>TOTAL_VIVI</displayName><value><![CDATA[8]]></value></Data>
</ExtendedData>
<styleUrl>#style1</styleUrl>
<MultiGeometry>
	<Polygon>
		<outerBoundaryIs>
			<LinearRing>
				<tessellate>1</tessellate>
				<coordinates>
					-72.64559927855719,-37.5087649150782,0.000
					-72.64561034555817,-37.50876549606511,0.000
					-72.64599936824055,-37.50859653559306,0.000
					-72.64601941921863,-37.50858485956851,0.000
					-72.64602805418272,-37.50856565655706,0.000
					-72.6460234191422,-37.50854393656115,0.000
					-72.6455950310477,-37.507956934031434,0.000
					-72.6455211228621,-37.5078574131127,0.000
					-72.64549740183998,-37.50784549514008,0.000
					-72.64547804182757,-37.50783880116257,0.000
					-72.64545652582905,-37.50783954418816,0.000
					-72.64510349313221,-37.50800084061706,0.000
					-72.6450915831409,-37.50800546863145,0.000
					-72.64507675915473,-37.508012833649495,0.000
					-72.64506970417064,-37.508021343658385,0.000
					-72.6450717521968,-37.508035352656904,0.000
					-72.645570736519,-37.50874443011073,0.000
					-72.64558169054024,-37.50875582309843,0.000
					-72.64559927855719,-37.5087649150782,0.000
				</coordinates>
			</LinearRing>
		</outerBoundaryIs>
	</Polygon>
</MultiGeometry>
</Placemark>

<Placemark>
<name>8306061001050</name>
<description><![CDATA[<p><br/>NOM_COMUNA: NACIMIENTO
<br/>MANZENT_CODIGO: 8306061001050
<br/>TOTAL_PERSONAS(2017): 75
<br/>TOTAL_VIVIENDAS(2017): 33</p>]]></description>
<ExtendedData>
	<Data name="fid"><displayName>fid</displayName><value><![CDATA[188]]></value></Data>
	<Data name="NOM_COMUNA"><displayName>NOM_COMUNA</displayName><value><![CDATA[NACIMIENTO]]></value></Data>
	<Data name="MANZENT_I"><displayName>MANZENT_I</displayName><value><![CDATA[8306061001050]]></value></Data>
	<Data name="TOTAL_PERS"><displayName>TOTAL_PERS</displayName><value><![CDATA[75]]></value></Data>
	<Data name="TOTAL_VIVI"><displayName>TOTAL_VIVI</displayName><value><![CDATA[33]]></value></Data>
</ExtendedData>
<styleUrl>#style1</styleUrl>
<MultiGeometry>
	<Polygon>
		<outerBoundaryIs>
			<LinearRing>
				<tessellate>1</tessellate>
				<coordinates>
					-72.65776861941261,-37.509257415681404,0.000
					-72.65779497541936,-37.50926109365043,0.000
					-72.65783777740994,-37.509256174599386,0.000
					-72.6583723962653,-37.50918035796065,0.000
					-72.65907900009032,-37.50908884411709,0.000
					-72.65911729307321,-37.509079781071115,0.000
					-72.65914268705632,-37.50907082204042,0.000
					-72.65915515902066,-37.50905178402443,0.000
					-72.65915598397811,-37.50902900102198,0.000
					-72.65897512134778,-37.50815578718078,0.000
					-72.65896641432056,-37.508141195190184,0.000
					-72.65895800330951,-37.50813526119977,0.000
					-72.65893560130307,-37.508131753226095,0.000
					-72.65890392630325,-37.50813175526367,0.000
					-72.65789070755791,-37.50826503847342,0.000
					-72.6576018636364,-37.50830616781849,0.000
					-72.65758250465092,-37.508313894841955,0.000
					-72.65756902066579,-37.50832182785841,0.000
					-72.65756103569016,-37.50833482586875,0.000
					-72.657560558793,-37.50838987787283,0.000
					-72.65769564499448,-37.50903337975368,0.000
					-72.65773381836978,-37.509234376721224,0.000
					-72.65775230240084,-37.509251054700364,0.000
					-72.65776861941261,-37.509257415681404,0.000
				</coordinates>
			</LinearRing>
		</outerBoundaryIs>
	</Polygon>
</MultiGeometry>
</Placemark>

<Placemark>
<name>8306061001020</name>
<description><![CDATA[<p><br/>NOM_COMUNA: NACIMIENTO
<br/>MANZENT_CODIGO: 8306061001020
<br/>TOTAL_PERSONAS(2017): 12
<br/>TOTAL_VIVIENDAS(2017): 5</p>]]></description>
<ExtendedData>
	<Data name="fid"><displayName>fid</displayName><value><![CDATA[189]]></value></Data>
	<Data name="NOM_COMUNA"><displayName>NOM_COMUNA</displayName><value><![CDATA[NACIMIENTO]]></value></Data>
	<Data name="MANZENT_I"><displayName>MANZENT_I</displayName><value><![CDATA[8306061001020]]></value></Data>
	<Data name="TOTAL_PERS"><displayName>TOTAL_PERS</displayName><value><![CDATA[12]]></value></Data>
	<Data name="TOTAL_VIVI"><displayName>TOTAL_VIVI</displayName><value><![CDATA[5]]></value></Data>
</ExtendedData>
<styleUrl>#style1</styleUrl>
<MultiGeometry>
	<Polygon>
		<outerBoundaryIs>
			<LinearRing>
				<tessellate>1</tessellate>
				<coordinates>
					-72.64511343298214,-37.50899106066874,0.000
					-72.64512130098504,-37.50899265965947,0.000
					-72.64513593897563,-37.50898763464178,0.000
					-72.64552254764023,-37.50880916417199,0.000
					-72.64553789461544,-37.508795953152934,0.000
					-72.64554371159244,-37.50878363314527,0.000
					-72.64553835056816,-37.508770639150804,0.000
					-72.64505318333244,-37.50810788668353,0.000
					-72.64502695127801,-37.50807870671276,0.000
					-72.64500616426307,-37.50807063173689,0.000
					-72.64497581526511,-37.50807164877294,0.000
					-72.64465743253233,-37.508213809159514,0.000
					-72.64461810357736,-37.5082378062077,0.000
					-72.64460384061155,-37.50825608622581,0.000
					-72.6446019156386,-37.508270556229,0.000
					-72.6447447300515,-37.50849193807389,0.000
					-72.64509476495539,-37.508976719689926,0.000
					-72.64510668397314,-37.50898623967642,0.000
					-72.64511343298214,-37.50899106066874,0.000
				</coordinates>
			</LinearRing>
		</outerBoundaryIs>
	</Polygon>
</MultiGeometry>
</Placemark>

<Placemark>
<name>8306061001049</name>
<description><![CDATA[<p><br/>NOM_COMUNA: NACIMIENTO
<br/>MANZENT_CODIGO: 8306061001049
<br/>TOTAL_PERSONAS(2017): 87
<br/>TOTAL_VIVIENDAS(2017): 31</p>]]></description>
<ExtendedData>
	<Data name="fid"><displayName>fid</displayName><value><![CDATA[190]]></value></Data>
	<Data name="NOM_COMUNA"><displayName>NOM_COMUNA</displayName><value><![CDATA[NACIMIENTO]]></value></Data>
	<Data name="MANZENT_I"><displayName>MANZENT_I</displayName><value><![CDATA[8306061001049]]></value></Data>
	<Data name="TOTAL_PERS"><displayName>TOTAL_PERS</displayName><value><![CDATA[87]]></value></Data>
	<Data name="TOTAL_VIVI"><displayName>TOTAL_VIVI</displayName><value><![CDATA[31]]></value></Data>
</ExtendedData>
<styleUrl>#style1</styleUrl>
<MultiGeometry>
	<Polygon>
		<outerBoundaryIs>
			<LinearRing>
				<tessellate>1</tessellate>
				<coordinates>
					-72.65628867574831,-37.50943270044728,0.000
					-72.65629949175081,-37.509434086434545,0.000
					-72.65758181746298,-37.50928380890461,0.000
					-72.65761490845254,-37.50927833786501,0.000
					-72.65763394044407,-37.50927384884218,0.000
					-72.6576517504207,-37.50926140582027,0.000
					-72.65766128240539,-37.50925321380844,0.000
					-72.65766467635123,-37.50922426380257,0.000
					-72.65760077876926,-37.50891254285846,0.000
					-72.65748703673886,-37.50836066295807,0.000
					-72.65748366972372,-37.50835257596158,0.000
					-72.65747459070526,-37.50834266297172,0.000
					-72.65746633969137,-37.50833519998101,0.000
					-72.65745293368136,-37.50832979799655,0.000
					-72.65744671868102,-37.5083295840039,0.000
					-72.6574137106798,-37.508328839043024,0.000
					-72.65611177100504,-37.508499091597436,0.000
					-72.65609516202423,-37.50850930561779,0.000
					-72.65608234604655,-37.508521217633714,0.000
					-72.6560681140791,-37.508538597651736,0.000
					-72.65606213312553,-37.5085634416604,0.000
					-72.65623778069381,-37.509403393505714,0.000
					-72.65624186671329,-37.50941383750153,0.000
					-72.65625286773185,-37.509423788489165,0.000
					-72.65627110374389,-37.509430278467924,0.000
					-72.65628867574831,-37.50943270044728,0.000
				</coordinates>
			</LinearRing>
		</outerBoundaryIs>
	</Polygon>
</MultiGeometry>
</Placemark>

<Placemark>
<name>8306061001048</name>
<description><![CDATA[<p><br/>NOM_COMUNA: NACIMIENTO
<br/>MANZENT_CODIGO: 8306061001048
<br/>TOTAL_PERSONAS(2017): 68
<br/>TOTAL_VIVIENDAS(2017): 25</p>]]></description>
<ExtendedData>
	<Data name="fid"><displayName>fid</displayName><value><![CDATA[191]]></value></Data>
	<Data name="NOM_COMUNA"><displayName>NOM_COMUNA</displayName><value><![CDATA[NACIMIENTO]]></value></Data>
	<Data name="MANZENT_I"><displayName>MANZENT_I</displayName><value><![CDATA[8306061001048]]></value></Data>
	<Data name="TOTAL_PERS"><displayName>TOTAL_PERS</displayName><value><![CDATA[68]]></value></Data>
	<Data name="TOTAL_VIVI"><displayName>TOTAL_VIVI</displayName><value><![CDATA[25]]></value></Data>
</ExtendedData>
<styleUrl>#style1</styleUrl>
<MultiGeometry>
	<Polygon>
		<outerBoundaryIs>
			<LinearRing>
				<tessellate>1</tessellate>
				<coordinates>
					-72.65595150205841,-37.50852718078926,0.000
					-72.65592362106175,-37.50852887982242,0.000
					-72.65590995506044,-37.5085281578386,0.000
					-72.65462378638917,-37.508700329374456,0.000
					-72.65459543340712,-37.50870985940867,0.000
					-72.65457829043791,-37.50872628043006,0.000
					-72.65456993147093,-37.50874395744111,0.000
					-72.65457318953304,-37.50877718543937,0.000
					-72.6547466590819,-37.50960673228662,0.000
					-72.65475261510446,-37.509618836280346,0.000
					-72.6547686071222,-37.50962834626197,0.000
					-72.6547930921258,-37.5096303642331,0.000
					-72.6548159791235,-37.50962919720589,0.000
					-72.65611187579574,-37.50945757665848,0.000
					-72.65613206378578,-37.50945230063419,0.000
					-72.6561559587571,-37.50943700460491,0.000
					-72.65616640072118,-37.50941783659126,0.000
					-72.65599839311545,-37.50855784973563,0.000
					-72.65598693708357,-37.508540770748084,0.000
					-72.65597374306772,-37.508532217763204,0.000
					-72.65595150205841,-37.50852718078926,0.000
				</coordinates>
			</LinearRing>
		</outerBoundaryIs>
	</Polygon>
</MultiGeometry>
</Placemark>

<Placemark>
<name>8306061001030</name>
<description><![CDATA[<p><br/>NOM_COMUNA: NACIMIENTO
<br/>MANZENT_CODIGO: 8306061001030
<br/>TOTAL_PERSONAS(2017): 84
<br/>TOTAL_VIVIENDAS(2017): 34</p>]]></description>
<ExtendedData>
	<Data name="fid"><displayName>fid</displayName><value><![CDATA[192]]></value></Data>
	<Data name="NOM_COMUNA"><displayName>NOM_COMUNA</displayName><value><![CDATA[NACIMIENTO]]></value></Data>
	<Data name="MANZENT_I"><displayName>MANZENT_I</displayName><value><![CDATA[8306061001030]]></value></Data>
	<Data name="TOTAL_PERS"><displayName>TOTAL_PERS</displayName><value><![CDATA[84]]></value></Data>
	<Data name="TOTAL_VIVI"><displayName>TOTAL_VIVI</displayName><value><![CDATA[34]]></value></Data>
</ExtendedData>
<styleUrl>#style1</styleUrl>
<MultiGeometry>
	<Polygon>
		<outerBoundaryIs>
			<LinearRing>
				<tessellate>1</tessellate>
				<coordinates>
					-72.65134048750406,-37.509822885338906,0.000
					-72.65074081033637,-37.51026667407831,0.000
					-72.65055621161238,-37.51041385630658,0.000
					-72.65023069110943,-37.51067898870948,0.000
					-72.65003698338883,-37.51082797094872,0.000
					-72.65002723540185,-37.51083492596073,0.000
					-72.64980439370015,-37.51099393223509,0.000
					-72.64971196182586,-37.51106096634896,0.000
					-72.64956106403116,-37.51117040253488,0.000
					-72.64940369326844,-37.51129694672956,0.000
					-72.64930712440501,-37.51136976884873,0.000
					-72.64921877252993,-37.51143639395773,0.000
					-72.64923901552447,-37.51143353293356,0.000
					-72.64955659343896,-37.51138864555414,0.000
					-72.65001643831512,-37.51132364700473,0.000
					-72.65008295429715,-37.51131424492526,0.000
					-72.65020669826383,-37.51129675377744,0.000
					-72.6504827271895,-37.511257737447636,0.000
					-72.6504871361883,-37.51125711444242,0.000
					-72.65048730518828,-37.51125709044219,0.000
					-72.65048206415236,-37.51123784944716,0.000
					-72.65056591213042,-37.51122636134701,0.000
					-72.65125104792902,-37.5111204995279,0.000
					-72.65127198590137,-37.51110577650214,0.000
					-72.651272943878,-37.51109326950018,0.000
					-72.65126170465795,-37.51097544350598,0.000
					-72.65124616637726,-37.510825180514814,0.000
					-72.65124947620697,-37.51073404750506,0.000
					-72.65127738104046,-37.5106450264663,0.000
					-72.65131150493482,-37.510588571422225,0.000
					-72.65135786482129,-37.51052794436342,0.000
					-72.65141050172465,-37.51047636329765,0.000
					-72.65150158160189,-37.51041094818549,0.000
					-72.65157453751453,-37.51036436709601,0.000
					-72.6516473834269,-37.51031769400669,0.000
					-72.6517030333731,-37.51028906193884,0.000
					-72.65174898933752,-37.51027015088317,0.000
					-72.65179419731962,-37.51026068682896,0.000
					-72.65190547432807,-37.51026551369732,0.000
					-72.65192558029602,-37.510248430672405,0.000
					-72.65194725997463,-37.510076468635695,0.000
					-72.65195687193436,-37.51005494162292,0.000
					-72.65198075088642,-37.51002937259296,0.000
					-72.65200798184777,-37.51000873655938,0.000
					-72.65204560882319,-37.509995697513915,0.000
					-72.65208577380912,-37.509988295465824,0.000
					-72.65312259553194,-37.50984291622722,0.000
					-72.65315963752204,-37.50983770518302,0.000
					-72.65317192051131,-37.5098320011681,0.000
					-72.65318128949897,-37.50982542915654,0.000
					-72.65318561649053,-37.509820919151124,0.000
					-72.65312344491456,-37.509512475205156,0.000
					-72.65300527487355,-37.50895491630963,0.000
					-72.65300105484192,-37.508937980313554,0.000
					-72.65299192377934,-37.50890445532224,0.000
					-72.65296719170954,-37.50886701634918,0.000
					-72.65291488161813,-37.508817943408054,0.000
					-72.6528387755495,-37.50878101449595,0.000
					-72.65281329852417,-37.50876735152528,0.000
					-72.65269966365636,-37.50883781566449,0.000
					-72.65255074383552,-37.50893326284713,0.000
					-72.65217536134568,-37.5092052503096,0.000
					-72.65173751195164,-37.50952835184937,0.000
					-72.65134048750406,-37.509822885338906,0.000
				</coordinates>
			</LinearRing>
		</outerBoundaryIs>
	</Polygon>
</MultiGeometry>
</Placemark>

<Placemark>
<name>8306061001056</name>
<description><![CDATA[<p><br/>NOM_COMUNA: NACIMIENTO
<br/>MANZENT_CODIGO: 8306061001056
<br/>TOTAL_PERSONAS(2017): 9
<br/>TOTAL_VIVIENDAS(2017): 4</p>]]></description>
<ExtendedData>
	<Data name="fid"><displayName>fid</displayName><value><![CDATA[193]]></value></Data>
	<Data name="NOM_COMUNA"><displayName>NOM_COMUNA</displayName><value><![CDATA[NACIMIENTO]]></value></Data>
	<Data name="MANZENT_I"><displayName>MANZENT_I</displayName><value><![CDATA[8306061001056]]></value></Data>
	<Data name="TOTAL_PERS"><displayName>TOTAL_PERS</displayName><value><![CDATA[9]]></value></Data>
	<Data name="TOTAL_VIVI"><displayName>TOTAL_VIVI</displayName><value><![CDATA[4]]></value></Data>
</ExtendedData>
<styleUrl>#style1</styleUrl>
<MultiGeometry>
	<Polygon>
		<outerBoundaryIs>
			<LinearRing>
				<tessellate>1</tessellate>
				<coordinates>
					-72.65945914958694,-37.50989103271749,0.000
					-72.65947984358725,-37.50989126269293,0.000
					-72.6595391255731,-37.509883876622176,0.000
					-72.65960328644988,-37.50981810154191,0.000
					-72.65968167323342,-37.50970250344164,0.000
					-72.6598375188019,-37.50947201024217,0.000
					-72.65996204143069,-37.50927369808191,0.000
					-72.66007857508401,-37.50908847393193,0.000
					-72.66012620794123,-37.509012187870646,0.000
					-72.65929714516099,-37.50912732386091,0.000
					-72.659276794174,-37.509134219885475,0.000
					-72.65926168420502,-37.50915077190441,0.000
					-72.65926053725326,-37.50917661290745,0.000
					-72.65940522953066,-37.50986076577949,0.000
					-72.65941668656254,-37.50987784476698,0.000
					-72.65943762558203,-37.50988835274281,0.000
					-72.65945914958694,-37.50989103271749,0.000
				</coordinates>
			</LinearRing>
		</outerBoundaryIs>
	</Polygon>
</MultiGeometry>
</Placemark>

<Placemark>
<name>8306061001025</name>
<description><![CDATA[<p><br/>NOM_COMUNA: NACIMIENTO
<br/>MANZENT_CODIGO: 8306061001025
<br/>TOTAL_PERSONAS(2017): 16
<br/>TOTAL_VIVIENDAS(2017): 6</p>]]></description>
<ExtendedData>
	<Data name="fid"><displayName>fid</displayName><value><![CDATA[194]]></value></Data>
	<Data name="NOM_COMUNA"><displayName>NOM_COMUNA</displayName><value><![CDATA[NACIMIENTO]]></value></Data>
	<Data name="MANZENT_I"><displayName>MANZENT_I</displayName><value><![CDATA[8306061001025]]></value></Data>
	<Data name="TOTAL_PERS"><displayName>TOTAL_PERS</displayName><value><![CDATA[16]]></value></Data>
	<Data name="TOTAL_VIVI"><displayName>TOTAL_VIVI</displayName><value><![CDATA[6]]></value></Data>
</ExtendedData>
<styleUrl>#style1</styleUrl>
<MultiGeometry>
	<Polygon>
		<outerBoundaryIs>
			<LinearRing>
				<tessellate>1</tessellate>
				<coordinates>
					-72.64560999024722,-37.50966954012344,0.000
					-72.64562337025201,-37.50967215010775,0.000
					-72.64563698124981,-37.50967097909155,0.000
					-72.6460343529135,-37.509492091608934,0.000
					-72.6460474868926,-37.509480908592614,0.000
					-72.64605052885969,-37.50946330658793,0.000
					-72.64563794576665,-37.508877161039514,0.000
					-72.64561730872931,-37.50885710406271,0.000
					-72.64560049571344,-37.5088485680821,0.000
					-72.64558406370854,-37.50884589710143,0.000
					-72.64555633972262,-37.50885336413475,0.000
					-72.64519501902731,-37.509015487573535,0.000
					-72.64518324104162,-37.50902309258799,0.000
					-72.64516990307472,-37.50904075960494,0.000
					-72.64516647611701,-37.50906340061045,0.000
					-72.64560181123584,-37.509663429132736,0.000
					-72.64560999024722,-37.50966954012344,0.000
				</coordinates>
			</LinearRing>
		</outerBoundaryIs>
	</Polygon>
</MultiGeometry>
</Placemark>

<Placemark>
<name>8306061001022</name>
<description><![CDATA[<p><br/>NOM_COMUNA: NACIMIENTO
<br/>MANZENT_CODIGO: 8306061001022
<br/>TOTAL_PERSONAS(2017): 28
<br/>TOTAL_VIVIENDAS(2017): 5</p>]]></description>
<ExtendedData>
	<Data name="fid"><displayName>fid</displayName><value><![CDATA[195]]></value></Data>
	<Data name="NOM_COMUNA"><displayName>NOM_COMUNA</displayName><value><![CDATA[NACIMIENTO]]></value></Data>
	<Data name="MANZENT_I"><displayName>MANZENT_I</displayName><value><![CDATA[8306061001022]]></value></Data>
	<Data name="TOTAL_PERS"><displayName>TOTAL_PERS</displayName><value><![CDATA[28]]></value></Data>
	<Data name="TOTAL_VIVI"><displayName>TOTAL_VIVI</displayName><value><![CDATA[5]]></value></Data>
</ExtendedData>
<styleUrl>#style1</styleUrl>
<MultiGeometry>
	<Polygon>
		<outerBoundaryIs>
			<LinearRing>
				<tessellate>1</tessellate>
				<coordinates>
					-72.64417611687924,-37.509468721810656,0.000
					-72.64418416888472,-37.50947167680126,0.000
					-72.6441968478774,-37.50946778378599,0.000
					-72.64458722351334,-37.50927398231076,0.000
					-72.6445926574795,-37.509255887303134,0.000
					-72.64458385944435,-37.50923705731237,0.000
					-72.64430746473523,-37.50885674761567,0.000
					-72.64429477571629,-37.508846581630074,0.000
					-72.64428316870703,-37.50884157364351,0.000
					-72.6442649637066,-37.50884130066509,0.000
					-72.64421321874332,-37.50886081472768,0.000
					-72.64391365303464,-37.50901596509282,0.000
					-72.64388635507723,-37.509038670126614,0.000
					-72.64388026610969,-37.50905603113495,0.000
					-72.64389392617848,-37.509092891121085,0.000
					-72.64416426886406,-37.50946055582414,0.000
					-72.64417611687924,-37.509468721810656,0.000
				</coordinates>
			</LinearRing>
		</outerBoundaryIs>
	</Polygon>
</MultiGeometry>
</Placemark>

<Placemark>
<name>8306061001057</name>
<description><![CDATA[<p><br/>NOM_COMUNA: NACIMIENTO
<br/>MANZENT_CODIGO: 8306061001057
<br/>TOTAL_PERSONAS(2017): 18
<br/>TOTAL_VIVIENDAS(2017): 9</p>]]></description>
<ExtendedData>
	<Data name="fid"><displayName>fid</displayName><value><![CDATA[196]]></value></Data>
	<Data name="NOM_COMUNA"><displayName>NOM_COMUNA</displayName><value><![CDATA[NACIMIENTO]]></value></Data>
	<Data name="MANZENT_I"><displayName>MANZENT_I</displayName><value><![CDATA[8306061001057]]></value></Data>
	<Data name="TOTAL_PERS"><displayName>TOTAL_PERS</displayName><value><![CDATA[18]]></value></Data>
	<Data name="TOTAL_VIVI"><displayName>TOTAL_VIVI</displayName><value><![CDATA[9]]></value></Data>
</ExtendedData>
<styleUrl>#style1</styleUrl>
<MultiGeometry>
	<Polygon>
		<outerBoundaryIs>
			<LinearRing>
				<tessellate>1</tessellate>
				<coordinates>
					-72.65785768528198,-37.509723014605484,0.000
					-72.65787634528226,-37.5097232045834,0.000
					-72.65922855795489,-37.509552036969254,0.000
					-72.65924166894872,-37.50954878195353,0.000
					-72.65925395193798,-37.50954307793862,0.000
					-72.65926073391802,-37.50953239892989,0.000
					-72.65918868122797,-37.509162841991774,0.000
					-72.65917976220666,-37.509151401001596,0.000
					-72.65916744719226,-37.50914367701569,0.000
					-72.65915695218405,-37.50913923302785,0.000
					-72.65913730018225,-37.50913821305112,0.000
					-72.65779954051831,-37.50931408264838,0.000
					-72.657787421526,-37.50931816766301,0.000
					-72.65777377454391,-37.509327719679796,0.000
					-72.65776678356966,-37.509341458688965,0.000
					-72.65776878659192,-37.50935339368738,0.000
					-72.65783228525191,-37.50970683063462,0.000
					-72.65784323627345,-37.50971840262232,0.000
					-72.65785768528198,-37.509723014605484,0.000
				</coordinates>
			</LinearRing>
		</outerBoundaryIs>
	</Polygon>
</MultiGeometry>
</Placemark>

<Placemark>
<name>8306061001060</name>
<description><![CDATA[<p><br/>NOM_COMUNA: NACIMIENTO
<br/>MANZENT_CODIGO: 8306061001060
<br/>TOTAL_PERSONAS(2017): 74
<br/>TOTAL_VIVIENDAS(2017): 23</p>]]></description>
<ExtendedData>
	<Data name="fid"><displayName>fid</displayName><value><![CDATA[197]]></value></Data>
	<Data name="NOM_COMUNA"><displayName>NOM_COMUNA</displayName><value><![CDATA[NACIMIENTO]]></value></Data>
	<Data name="MANZENT_I"><displayName>MANZENT_I</displayName><value><![CDATA[8306061001060]]></value></Data>
	<Data name="TOTAL_PERS"><displayName>TOTAL_PERS</displayName><value><![CDATA[74]]></value></Data>
	<Data name="TOTAL_VIVI"><displayName>TOTAL_VIVI</displayName><value><![CDATA[23]]></value></Data>
</ExtendedData>
<styleUrl>#style1</styleUrl>
<MultiGeometry>
	<Polygon>
		<outerBoundaryIs>
			<LinearRing>
				<tessellate>1</tessellate>
				<coordinates>
					-72.65634392362368,-37.50990141341165,0.000
					-72.65637535665145,-37.509916366375336,0.000
					-72.65771862832496,-37.50974557877179,0.000
					-72.65773606531035,-37.50973781375067,0.000
					-72.65775168328959,-37.50972676973142,0.000
					-72.65776249624498,-37.50970292271708,0.000
					-72.65769712962908,-37.509373059773544,0.000
					-72.65768521658393,-37.50934885178617,0.000
					-72.65767026356494,-37.509338642803215,0.000
					-72.65764807355258,-37.50933198382908,0.000
					-72.65762150555179,-37.509331456860565,0.000
					-72.65631151088421,-37.50950551742484,0.000
					-72.65629594390191,-37.50951494144389,0.000
					-72.65628537191856,-37.50952383245698,0.000
					-72.65627476895732,-37.50954452947089,0.000
					-72.65627177798062,-37.509556996475204,0.000
					-72.65634392362368,-37.50990141341165,0.000
				</coordinates>
			</LinearRing>
		</outerBoundaryIs>
	</Polygon>
</MultiGeometry>
</Placemark>

<Placemark>
<name>8306061001024</name>
<description><![CDATA[<p><br/>NOM_COMUNA: NACIMIENTO
<br/>MANZENT_CODIGO: 8306061001024
<br/>TOTAL_PERSONAS(2017): 17
<br/>TOTAL_VIVIENDAS(2017): 7</p>]]></description>
<ExtendedData>
	<Data name="fid"><displayName>fid</displayName><value><![CDATA[198]]></value></Data>
	<Data name="NOM_COMUNA"><displayName>NOM_COMUNA</displayName><value><![CDATA[NACIMIENTO]]></value></Data>
	<Data name="MANZENT_I"><displayName>MANZENT_I</displayName><value><![CDATA[8306061001024]]></value></Data>
	<Data name="TOTAL_PERS"><displayName>TOTAL_PERS</displayName><value><![CDATA[17]]></value></Data>
	<Data name="TOTAL_VIVI"><displayName>TOTAL_VIVI</displayName><value><![CDATA[7]]></value></Data>
</ExtendedData>
<styleUrl>#style1</styleUrl>
<MultiGeometry>
	<Polygon>
		<outerBoundaryIs>
			<LinearRing>
				<tessellate>1</tessellate>
				<coordinates>
					-72.64535246822659,-37.51019302846231,0.000
					-72.64598970253286,-37.51035866471739,0.000
					-72.64600177452803,-37.51035611170291,0.000
					-72.64601723450325,-37.51034290168372,0.000
					-72.64602197748356,-37.51033236267747,0.000
					-72.64601815446203,-37.51032084168123,0.000
					-72.64548941911215,-37.50959693426174,0.000
					-72.64515670428774,-37.5091547646279,0.000
					-72.64512132920531,-37.50911053266701,0.000
					-72.64510331717997,-37.509096925687466,0.000
					-72.64508804116686,-37.50908986270513,0.000
					-72.64507103615568,-37.509083845724945,0.000
					-72.64504384915801,-37.50908501575725,0.000
					-72.64472314944162,-37.50923596214712,0.000
					-72.64469955447254,-37.50925243317619,0.000
					-72.64468563649966,-37.50926693419359,0.000
					-72.64467920053939,-37.50928816320259,0.000
					-72.64468550456805,-37.509303519196116,0.000
					-72.64496620929685,-37.50969436788833,0.000
					-72.64530965114942,-37.51015162151047,0.000
					-72.64533214219767,-37.51017748348543,0.000
					-72.64535246822659,-37.51019302846231,0.000
				</coordinates>
			</LinearRing>
		</outerBoundaryIs>
	</Polygon>
</MultiGeometry>
</Placemark>

<Placemark>
<name>8306061001058</name>
<description><![CDATA[<p><br/>NOM_COMUNA: NACIMIENTO
<br/>MANZENT_CODIGO: 8306061001058
<br/>TOTAL_PERSONAS(2017): 68
<br/>TOTAL_VIVIENDAS(2017): 28</p>]]></description>
<ExtendedData>
	<Data name="fid"><displayName>fid</displayName><value><![CDATA[199]]></value></Data>
	<Data name="NOM_COMUNA"><displayName>NOM_COMUNA</displayName><value><![CDATA[NACIMIENTO]]></value></Data>
	<Data name="MANZENT_I"><displayName>MANZENT_I</displayName><value><![CDATA[8306061001058]]></value></Data>
	<Data name="TOTAL_PERS"><displayName>TOTAL_PERS</displayName><value><![CDATA[68]]></value></Data>
	<Data name="TOTAL_VIVI"><displayName>TOTAL_VIVI</displayName><value><![CDATA[28]]></value></Data>
</ExtendedData>
<styleUrl>#style1</styleUrl>
<MultiGeometry>
	<Polygon>
		<outerBoundaryIs>
			<LinearRing>
				<tessellate>1</tessellate>
				<coordinates>
					-72.6579475949928,-37.51010373952317,0.000
					-72.65797290900105,-37.51010820749344,0.000
					-72.65799875899746,-37.5101063774627,0.000
					-72.65929719263288,-37.50991512691102,0.000
					-72.65931666261848,-37.509907492887464,0.000
					-72.65932777159007,-37.50989230287332,0.000
					-72.65932960656822,-37.5098806238704,0.000
					-72.65927302304213,-37.509598877919565,0.000
					-72.65926229002109,-37.509587580931544,0.000
					-72.65924800500956,-37.50958134994809,0.000
					-72.65923718500719,-37.50958005396084,0.000
					-72.65787664534541,-37.50975700458518,0.000
					-72.65786628235637,-37.50976283659785,0.000
					-72.65785762837326,-37.50977185660867,0.000
					-72.65785250940205,-37.509787255615734,0.000
					-72.6579074839158,-37.51006239156811,0.000
					-72.65792251995684,-37.51008440855168,0.000
					-72.6579475949928,-37.51010373952317,0.000
				</coordinates>
			</LinearRing>
		</outerBoundaryIs>
	</Polygon>
</MultiGeometry>
</Placemark>

<Placemark>
<name>8306061001061</name>
<description><![CDATA[<p><br/>NOM_COMUNA: NACIMIENTO
<br/>MANZENT_CODIGO: 8306061001061
<br/>TOTAL_PERSONAS(2017): 33
<br/>TOTAL_VIVIENDAS(2017): 17</p>]]></description>
<ExtendedData>
	<Data name="fid"><displayName>fid</displayName><value><![CDATA[200]]></value></Data>
	<Data name="NOM_COMUNA"><displayName>NOM_COMUNA</displayName><value><![CDATA[NACIMIENTO]]></value></Data>
	<Data name="MANZENT_I"><displayName>MANZENT_I</displayName><value><![CDATA[8306061001061]]></value></Data>
	<Data name="TOTAL_PERS"><displayName>TOTAL_PERS</displayName><value><![CDATA[33]]></value></Data>
	<Data name="TOTAL_VIVI"><displayName>TOTAL_VIVI</displayName><value><![CDATA[17]]></value></Data>
</ExtendedData>
<styleUrl>#style1</styleUrl>
<MultiGeometry>
	<Polygon>
		<outerBoundaryIs>
			<LinearRing>
				<tessellate>1</tessellate>
				<coordinates>
					-72.65493406980491,-37.510529467123334,0.000
					-72.6549688858198,-37.510537548082546,0.000
					-72.65563828163873,-37.510442612282816,0.000
					-72.65566599740896,-37.51031970324214,0.000
					-72.65575675738621,-37.51030780713373,0.000
					-72.65579603537115,-37.51029984608666,0.000
					-72.65611034229926,-37.5102622897116,0.000
					-72.65630000924679,-37.510234785484975,0.000
					-72.65632115721333,-37.510216911458784,0.000
					-72.656191149986,-37.509559631571015,0.000
					-72.65618639795909,-37.50954520857567,0.000
					-72.65616661193825,-37.50953400159843,0.000
					-72.65614925192793,-37.509528429618705,0.000
					-72.65600975595649,-37.509543323785046,0.000
					-72.65481803623032,-37.5096863722071,0.000
					-72.65479373224284,-37.5096930082363,0.000
					-72.65478228125798,-37.50970107125039,0.000
					-72.65477621328255,-37.50971419825846,0.000
					-72.65477229430716,-37.509727367263956,0.000
					-72.65477181336286,-37.5097571862664,0.000
					-72.65492074176994,-37.51051072813795,0.000
					-72.65493406980491,-37.510529467123334,0.000
				</coordinates>
			</LinearRing>
		</outerBoundaryIs>
	</Polygon>
</MultiGeometry>
</Placemark>

<Placemark>
<name>8306061001023</name>
<description><![CDATA[<p><br/>NOM_COMUNA: NACIMIENTO
<br/>MANZENT_CODIGO: 8306061001023
<br/>TOTAL_PERSONAS(2017): 20
<br/>TOTAL_VIVIENDAS(2017): 9</p>]]></description>
<ExtendedData>
	<Data name="fid"><displayName>fid</displayName><value><![CDATA[201]]></value></Data>
	<Data name="NOM_COMUNA"><displayName>NOM_COMUNA</displayName><value><![CDATA[NACIMIENTO]]></value></Data>
	<Data name="MANZENT_I"><displayName>MANZENT_I</displayName><value><![CDATA[8306061001023]]></value></Data>
	<Data name="TOTAL_PERS"><displayName>TOTAL_PERS</displayName><value><![CDATA[20]]></value></Data>
	<Data name="TOTAL_VIVI"><displayName>TOTAL_VIVI</displayName><value><![CDATA[9]]></value></Data>
</ExtendedData>
<styleUrl>#style1</styleUrl>
<MultiGeometry>
	<Polygon>
		<outerBoundaryIs>
			<LinearRing>
				<tessellate>1</tessellate>
				<coordinates>
					-72.64455677886556,-37.50999764239324,0.000
					-72.64522040516276,-37.5101584926167,0.000
					-72.64522380015593,-37.51015486561242,0.000
					-72.64523124013063,-37.51014131660271,0.000
					-72.64464029061995,-37.50933118425151,0.000
					-72.6446309866082,-37.50932487026211,0.000
					-72.64461761860272,-37.50932190027774,0.000
					-72.64460083761176,-37.50932670229797,0.000
					-72.64422696594957,-37.509506504752785,0.000
					-72.64422326596107,-37.50951264875755,0.000
					-72.644221916974,-37.5095195607596,0.000
					-72.6442257369957,-37.50953117175581,0.000
					-72.64438235642183,-37.5097596785848,0.000
					-72.6445336158237,-37.50997519241926,0.000
					-72.64453676083177,-37.50997949041577,0.000
					-72.64455677886556,-37.50999764239324,0.000
				</coordinates>
			</LinearRing>
		</outerBoundaryIs>
	</Polygon>
</MultiGeometry>
</Placemark>

<Placemark>
<name>8306061001029</name>
<description><![CDATA[<p><br/>NOM_COMUNA: NACIMIENTO
<br/>MANZENT_CODIGO: 8306061001029
<br/>TOTAL_PERSONAS(2017): 75
<br/>TOTAL_VIVIENDAS(2017): 21</p>]]></description>
<ExtendedData>
	<Data name="fid"><displayName>fid</displayName><value><![CDATA[202]]></value></Data>
	<Data name="NOM_COMUNA"><displayName>NOM_COMUNA</displayName><value><![CDATA[NACIMIENTO]]></value></Data>
	<Data name="MANZENT_I"><displayName>MANZENT_I</displayName><value><![CDATA[8306061001029]]></value></Data>
	<Data name="TOTAL_PERS"><displayName>TOTAL_PERS</displayName><value><![CDATA[75]]></value></Data>
	<Data name="TOTAL_VIVI"><displayName>TOTAL_VIVI</displayName><value><![CDATA[21]]></value></Data>
</ExtendedData>
<styleUrl>#style1</styleUrl>
<MultiGeometry>
	<Polygon>
		<outerBoundaryIs>
			<LinearRing>
				<tessellate>1</tessellate>
				<coordinates>
					-72.65051236148874,-37.510347558354354,0.000
					-72.65055290951256,-37.51036044130711,0.000
					-72.65070629628325,-37.51023814111739,0.000
					-72.65091250996622,-37.510069039862074,0.000
					-72.65090692993473,-37.51005216786762,0.000
					-72.65046442672565,-37.50993900638505,0.000
					-72.65024439060595,-37.50987433864181,0.000
					-72.6500331455002,-37.509817147888604,0.000
					-72.6496336123002,-37.50970898235538,0.000
					-72.64892914496282,-37.509526436178945,0.000
					-72.64890116696513,-37.50952759121218,0.000
					-72.64889345397313,-37.50953185322162,0.000
					-72.64887641600424,-37.50954845624288,0.000
					-72.64885901405708,-37.509576676265304,0.000
					-72.64883617218462,-37.50964489029677,0.000
					-72.64880277542198,-37.509771831344516,0.000
					-72.64877557751927,-37.50982382738005,0.000
					-72.64875621958076,-37.50985669440512,0.000
					-72.64879172463547,-37.509886059364895,0.000
					-72.64895981372301,-37.50993338316861,0.000
					-72.64938346492775,-37.510044145673405,0.000
					-72.64963102204736,-37.51010886838406,0.000
					-72.65008907928004,-37.51023468884898,0.000
					-72.65051236148874,-37.510347558354354,0.000
				</coordinates>
			</LinearRing>
		</outerBoundaryIs>
	</Polygon>
</MultiGeometry>
</Placemark>

<Placemark>
<name>8306061001027</name>
<description><![CDATA[<p><br/>NOM_COMUNA: NACIMIENTO
<br/>MANZENT_CODIGO: 8306061001027
<br/>TOTAL_PERSONAS(2017): 22
<br/>TOTAL_VIVIENDAS(2017): 9</p>]]></description>
<ExtendedData>
	<Data name="fid"><displayName>fid</displayName><value><![CDATA[203]]></value></Data>
	<Data name="NOM_COMUNA"><displayName>NOM_COMUNA</displayName><value><![CDATA[NACIMIENTO]]></value></Data>
	<Data name="MANZENT_I"><displayName>MANZENT_I</displayName><value><![CDATA[8306061001027]]></value></Data>
	<Data name="TOTAL_PERS"><displayName>TOTAL_PERS</displayName><value><![CDATA[22]]></value></Data>
	<Data name="TOTAL_VIVI"><displayName>TOTAL_VIVI</displayName><value><![CDATA[9]]></value></Data>
</ExtendedData>
<styleUrl>#style1</styleUrl>
<MultiGeometry>
	<Polygon>
		<outerBoundaryIs>
			<LinearRing>
				<tessellate>1</tessellate>
				<coordinates>
					-72.6460810914796,-37.510330387607205,0.000
					-72.64609100648862,-37.51033527159578,0.000
					-72.64610538948757,-37.510334747578675,0.000
					-72.64612451646684,-37.51032368355529,0.000
					-72.64615540043293,-37.51030564551754,0.000
					-72.64621840737232,-37.510273378440765,0.000
					-72.6463871462395,-37.510202756236154,0.000
					-72.64647567614102,-37.51015027112785,0.000
					-72.64649352509531,-37.51012584510508,0.000
					-72.64650323705584,-37.51010477109228,0.000
					-72.64649975900709,-37.51007865809467,0.000
					-72.64648420894292,-37.51004428411092,0.000
					-72.6461002559968,-37.50953684153364,0.000
					-72.64608848997672,-37.509526063546915,0.000
					-72.64607290896835,-37.509521517565084,0.000
					-72.64605200797355,-37.50952425459008,0.000
					-72.64570566726175,-37.50967757601052,0.000
					-72.64567909928782,-37.5096914650429,0.000
					-72.6456515693173,-37.509707137076575,0.000
					-72.64564493834163,-37.509720161085255,0.000
					-72.64564698736778,-37.509734170083725,0.000
					-72.64605934044788,-37.510313372631934,0.000
					-72.6460810914796,-37.510330387607205,0.000
				</coordinates>
			</LinearRing>
		</outerBoundaryIs>
	</Polygon>
</MultiGeometry>
</Placemark>

<Placemark>
<name>8306061001062</name>
<description><![CDATA[<p><br/>NOM_COMUNA: NACIMIENTO
<br/>MANZENT_CODIGO: 8306061001062
<br/>TOTAL_PERSONAS(2017): 56
<br/>TOTAL_VIVIENDAS(2017): 22</p>]]></description>
<ExtendedData>
	<Data name="fid"><displayName>fid</displayName><value><![CDATA[204]]></value></Data>
	<Data name="NOM_COMUNA"><displayName>NOM_COMUNA</displayName><value><![CDATA[NACIMIENTO]]></value></Data>
	<Data name="MANZENT_I"><displayName>MANZENT_I</displayName><value><![CDATA[8306061001062]]></value></Data>
	<Data name="TOTAL_PERS"><displayName>TOTAL_PERS</displayName><value><![CDATA[56]]></value></Data>
	<Data name="TOTAL_VIVI"><displayName>TOTAL_VIVI</displayName><value><![CDATA[22]]></value></Data>
</ExtendedData>
<styleUrl>#style1</styleUrl>
<MultiGeometry>
	<Polygon>
		<outerBoundaryIs>
			<LinearRing>
				<tessellate>1</tessellate>
				<coordinates>
					-72.65346276923019,-37.510752828882055,0.000
					-72.65347929823609,-37.51075604086263,0.000
					-72.65477584889099,-37.510575077313796,0.000
					-72.6548165988623,-37.510559845264524,0.000
					-72.65483966582899,-37.51054210023604,0.000
					-72.65484615379282,-37.51052276422715,0.000
					-72.65484526974433,-37.510496793226515,0.000
					-72.6546991763639,-37.50975754635254,0.000
					-72.65469054831178,-37.50972961836098,0.000
					-72.65467284528819,-37.50971692138117,0.000
					-72.65465044328174,-37.50971341240749,0.000
					-72.65379143248536,-37.50981989343276,0.000
					-72.6533191886062,-37.50988323099675,0.000
					-72.65330108261341,-37.50988701701845,0.000
					-72.65328343263388,-37.509897931040086,0.000
					-72.65327841467685,-37.509920901047494,0.000
					-72.65342679616964,-37.51072030292258,0.000
					-72.6534374211971,-37.51073502291096,0.000
					-72.65345040421887,-37.51074672589628,0.000
					-72.65346276923019,-37.510752828882055,0.000
				</coordinates>
			</LinearRing>
		</outerBoundaryIs>
	</Polygon>
</MultiGeometry>
</Placemark>

<Placemark>
<name>8306061001059</name>
<description><![CDATA[<p><br/>NOM_COMUNA: NACIMIENTO
<br/>MANZENT_CODIGO: 8306061001059
<br/>TOTAL_PERSONAS(2017): 56
<br/>TOTAL_VIVIENDAS(2017): 20</p>]]></description>
<ExtendedData>
	<Data name="fid"><displayName>fid</displayName><value><![CDATA[205]]></value></Data>
	<Data name="NOM_COMUNA"><displayName>NOM_COMUNA</displayName><value><![CDATA[NACIMIENTO]]></value></Data>
	<Data name="MANZENT_I"><displayName>MANZENT_I</displayName><value><![CDATA[8306061001059]]></value></Data>
	<Data name="TOTAL_PERS"><displayName>TOTAL_PERS</displayName><value><![CDATA[56]]></value></Data>
	<Data name="TOTAL_VIVI"><displayName>TOTAL_VIVI</displayName><value><![CDATA[20]]></value></Data>
</ExtendedData>
<styleUrl>#style1</styleUrl>
<MultiGeometry>
	<Polygon>
		<outerBoundaryIs>
			<LinearRing>
				<tessellate>1</tessellate>
				<coordinates>
					-72.6564523144126,-37.51032396031011,0.000
					-72.65646280942082,-37.510328404297965,0.000
					-72.65648179441517,-37.51032544627522,0.000
					-72.65777815205347,-37.51013570372612,0.000
					-72.65781561403193,-37.51012428168097,0.000
					-72.65783067700376,-37.51010926066215,0.000
					-72.65784082095193,-37.51008152564834,0.000
					-72.65778405241015,-37.50979139469716,0.000
					-72.65776827138657,-37.50977873571507,0.000
					-72.657738628387,-37.50977886775025,0.000
					-72.65639277070589,-37.50994554935659,0.000
					-72.65635351674658,-37.509967209404465,0.000
					-72.65642886736052,-37.51029600933614,0.000
					-72.65643928139383,-37.51031387832491,0.000
					-72.6564523144126,-37.51032396031011,0.000
				</coordinates>
			</LinearRing>
		</outerBoundaryIs>
	</Polygon>
</MultiGeometry>
</Placemark>

<Placemark>
<name>8306061001063</name>
<description><![CDATA[<p><br/>NOM_COMUNA: NACIMIENTO
<br/>MANZENT_CODIGO: 8306061001063
<br/>TOTAL_PERSONAS(2017): 66
<br/>TOTAL_VIVIENDAS(2017): 25</p>]]></description>
<ExtendedData>
	<Data name="fid"><displayName>fid</displayName><value><![CDATA[206]]></value></Data>
	<Data name="NOM_COMUNA"><displayName>NOM_COMUNA</displayName><value><![CDATA[NACIMIENTO]]></value></Data>
	<Data name="MANZENT_I"><displayName>MANZENT_I</displayName><value><![CDATA[8306061001063]]></value></Data>
	<Data name="TOTAL_PERS"><displayName>TOTAL_PERS</displayName><value><![CDATA[66]]></value></Data>
	<Data name="TOTAL_VIVI"><displayName>TOTAL_VIVI</displayName><value><![CDATA[25]]></value></Data>
</ExtendedData>
<styleUrl>#style1</styleUrl>
<MultiGeometry>
	<Polygon>
		<outerBoundaryIs>
			<LinearRing>
				<tessellate>1</tessellate>
				<coordinates>
					-72.65192849372733,-37.5110144807179,0.000
					-72.65194381873756,-37.51102001270006,0.000
					-72.65330623137775,-37.510831363072704,0.000
					-72.65335243136141,-37.51082272901733,0.000
					-72.65337336533395,-37.51080809599158,0.000
					-72.65337416231345,-37.51079711698992,0.000
					-72.6532180157778,-37.509974761122514,0.000
					-72.65320626368259,-37.50992379213322,0.000
					-72.65318984965631,-37.509909678151764,0.000
					-72.65316323663797,-37.509899777182696,0.000
					-72.65211535090033,-37.5100371864339,0.000
					-72.65206739890655,-37.51004037749098,0.000
					-72.65204134092929,-37.510052475522656,0.000
					-72.65202902696208,-37.51006998453835,0.000
					-72.65190619762693,-37.51096068874093,0.000
					-72.65190491465617,-37.51097634274343,0.000
					-72.65190846268743,-37.5109930857403,0.000
					-72.65191474370415,-37.511002041733406,0.000
					-72.65192849372733,-37.5110144807179,0.000
				</coordinates>
			</LinearRing>
		</outerBoundaryIs>
	</Polygon>
</MultiGeometry>
</Placemark>

<Placemark>
<name>8306061001028</name>
<description><![CDATA[<p><br/>NOM_COMUNA: NACIMIENTO
<br/>MANZENT_CODIGO: 8306061001028
<br/>TOTAL_PERSONAS(2017): 36
<br/>TOTAL_VIVIENDAS(2017): 16</p>]]></description>
<ExtendedData>
	<Data name="fid"><displayName>fid</displayName><value><![CDATA[207]]></value></Data>
	<Data name="NOM_COMUNA"><displayName>NOM_COMUNA</displayName><value><![CDATA[NACIMIENTO]]></value></Data>
	<Data name="MANZENT_I"><displayName>MANZENT_I</displayName><value><![CDATA[8306061001028]]></value></Data>
	<Data name="TOTAL_PERS"><displayName>TOTAL_PERS</displayName><value><![CDATA[36]]></value></Data>
	<Data name="TOTAL_VIVI"><displayName>TOTAL_VIVI</displayName><value><![CDATA[16]]></value></Data>
</ExtendedData>
<styleUrl>#style1</styleUrl>
<MultiGeometry>
	<Polygon>
		<outerBoundaryIs>
			<LinearRing>
				<tessellate>1</tessellate>
				<coordinates>
					-72.6492998931851,-37.5112520748498,0.000
					-72.64937740219044,-37.51125514975808,0.000
					-72.64952666697783,-37.511141781573826,0.000
					-72.64977103864535,-37.51096452127275,0.000
					-72.65000305233468,-37.510798908987084,0.000
					-72.65019559805712,-37.51065089474932,0.000
					-72.65051322457208,-37.51039218335617,0.000
					-72.65049977054471,-37.51037749737119,0.000
					-72.65007637833587,-37.51026453486597,0.000
					-72.64961843410319,-37.51013871740088,0.000
					-72.64932917496344,-37.510063114738976,0.000
					-72.64894699877884,-37.50996322718574,0.000
					-72.6487785736911,-37.50991580638237,0.000
					-72.64870724468159,-37.509910510466625,0.000
					-72.64869472370641,-37.509923778482296,0.000
					-72.64867853174111,-37.50994229050273,0.000
					-72.64866486878006,-37.50996310552022,0.000
					-72.64864645185291,-37.51000202954457,0.000
					-72.64853106135196,-37.51026881969842,0.000
					-72.64837498901183,-37.51062157090608,0.000
					-72.64824040858088,-37.51092574808508,0.000
					-72.64824538262148,-37.51094747508057,0.000
					-72.64877992788006,-37.51108735045577,0.000
					-72.64921794112779,-37.51122115494495,0.000
					-72.6492998931851,-37.5112520748498,0.000
				</coordinates>
			</LinearRing>
		</outerBoundaryIs>
	</Polygon>
</MultiGeometry>
</Placemark>

<Placemark>
<name>8306061001064</name>
<description><![CDATA[<p><br/>NOM_COMUNA: NACIMIENTO
<br/>MANZENT_CODIGO: 8306061001064
<br/>TOTAL_PERSONAS(2017): 17
<br/>TOTAL_VIVIENDAS(2017): 6</p>]]></description>
<ExtendedData>
	<Data name="fid"><displayName>fid</displayName><value><![CDATA[208]]></value></Data>
	<Data name="NOM_COMUNA"><displayName>NOM_COMUNA</displayName><value><![CDATA[NACIMIENTO]]></value></Data>
	<Data name="MANZENT_I"><displayName>MANZENT_I</displayName><value><![CDATA[8306061001064]]></value></Data>
	<Data name="TOTAL_PERS"><displayName>TOTAL_PERS</displayName><value><![CDATA[17]]></value></Data>
	<Data name="TOTAL_VIVI"><displayName>TOTAL_VIVI</displayName><value><![CDATA[6]]></value></Data>
</ExtendedData>
<styleUrl>#style1</styleUrl>
<MultiGeometry>
	<Polygon>
		<outerBoundaryIs>
			<LinearRing>
				<tessellate>1</tessellate>
				<coordinates>
					-72.65132411288906,-37.511099334439955,0.000
					-72.65133164589861,-37.51110444043135,0.000
					-72.65179174580767,-37.51105708988274,0.000
					-72.65180985180048,-37.511053304861036,0.000
					-72.65182453978127,-37.51104305284299,0.000
					-72.65183273575123,-37.511026994832214,0.000
					-72.65192144242131,-37.51031548568158,0.000
					-72.65191543940158,-37.51030491268803,0.000
					-72.6519020813887,-37.510297977703445,0.000
					-72.65179560838384,-37.5102950488295,0.000
					-72.65174295939356,-37.51030012989222,0.000
					-72.65165555547244,-37.51034209799854,0.000
					-72.65155282958807,-37.51040367712432,0.000
					-72.65144652374177,-37.51048564125555,0.000
					-72.6513813438579,-37.51054760633681,0.000
					-72.65133532998455,-37.51061526939568,0.000
					-72.65129173922966,-37.510746333455764,0.000
					-72.65128872940232,-37.5108387334652,0.000
					-72.65131249286023,-37.5110838734527,0.000
					-72.65132411288906,-37.511099334439955,0.000
				</coordinates>
			</LinearRing>
		</outerBoundaryIs>
	</Polygon>
</MultiGeometry>
</Placemark>

<Placemark>
<name>8306021001010</name>
<description><![CDATA[<p><br/>NOM_COMUNA: NACIMIENTO
<br/>MANZENT_CODIGO: 8306021001010
<br/>TOTAL_PERSONAS(2017): 28
<br/>TOTAL_VIVIENDAS(2017): 8</p>]]></description>
<ExtendedData>
	<Data name="fid"><displayName>fid</displayName><value><![CDATA[209]]></value></Data>
	<Data name="NOM_COMUNA"><displayName>NOM_COMUNA</displayName><value><![CDATA[NACIMIENTO]]></value></Data>
	<Data name="MANZENT_I"><displayName>MANZENT_I</displayName><value><![CDATA[8306021001010]]></value></Data>
	<Data name="TOTAL_PERS"><displayName>TOTAL_PERS</displayName><value><![CDATA[28]]></value></Data>
	<Data name="TOTAL_VIVI"><displayName>TOTAL_VIVI</displayName><value><![CDATA[8]]></value></Data>
</ExtendedData>
<styleUrl>#style1</styleUrl>
<MultiGeometry>
	<Polygon>
		<outerBoundaryIs>
			<LinearRing>
				<tessellate>1</tessellate>
				<coordinates>
					-72.68948728833591,-37.50022082950749,0.000
					-72.68949352233696,-37.50022144550016,0.000
					-72.68950137732185,-37.50021334749034,0.000
					-72.68967211491132,-37.49999414427419,0.000
					-72.6896702448837,-37.499979342275466,0.000
					-72.68950011271602,-37.499888922471435,0.000
					-72.6894775076984,-37.499879404497634,0.000
					-72.68946323169403,-37.49987702551438,0.000
					-72.68945490369411,-37.49987702552425,0.000
					-72.6894465746986,-37.4998794045343,0.000
					-72.68943110871649,-37.499888922553225,0.000
					-72.68933929491872,-37.499996895668815,0.000
					-72.68926288108511,-37.500085703765016,0.000
					-72.68926288110377,-37.50009569776562,0.000
					-72.68926716412376,-37.50010640576121,0.000
					-72.68948728833591,-37.50022082950749,0.000
				</coordinates>
			</LinearRing>
		</outerBoundaryIs>
	</Polygon>
</MultiGeometry>
</Placemark>

<Placemark>
<name>8306021001013</name>
<description><![CDATA[<p><br/>NOM_COMUNA: NACIMIENTO
<br/>MANZENT_CODIGO: 8306021001013
<br/>TOTAL_PERSONAS(2017): 39
<br/>TOTAL_VIVIENDAS(2017): 14</p>]]></description>
<ExtendedData>
	<Data name="fid"><displayName>fid</displayName><value><![CDATA[210]]></value></Data>
	<Data name="NOM_COMUNA"><displayName>NOM_COMUNA</displayName><value><![CDATA[NACIMIENTO]]></value></Data>
	<Data name="MANZENT_I"><displayName>MANZENT_I</displayName><value><![CDATA[8306021001013]]></value></Data>
	<Data name="TOTAL_PERS"><displayName>TOTAL_PERS</displayName><value><![CDATA[39]]></value></Data>
	<Data name="TOTAL_VIVI"><displayName>TOTAL_VIVI</displayName><value><![CDATA[14]]></value></Data>
</ExtendedData>
<styleUrl>#style1</styleUrl>
<MultiGeometry>
	<Polygon>
		<outerBoundaryIs>
			<LinearRing>
				<tessellate>1</tessellate>
				<coordinates>
					-72.68921831056308,-37.500876988867624,0.000
					-72.68922481157702,-37.50088448986037,0.000
					-72.68962110768835,-37.500410067360804,0.000
					-72.68963869465374,-37.500391602338766,0.000
					-72.68907512108431,-37.50008459098752,0.000
					-72.68904367608145,-37.50008294502462,0.000
					-72.68899250108883,-37.500086714085576,0.000
					-72.68896262510606,-37.50009581912152,0.000
					-72.68896336610995,-37.50009790312078,0.000
					-72.68894268813162,-37.50010942014602,0.000
					-72.68894270116381,-37.500126679147115,0.000
					-72.68895212321654,-37.5001549471377,0.000
					-72.68918920141581,-37.50079802889716,0.000
					-72.68921831056308,-37.500876988867624,0.000
				</coordinates>
			</LinearRing>
		</outerBoundaryIs>
	</Polygon>
</MultiGeometry>
</Placemark>

<Placemark>
<name>8306021001012</name>
<description><![CDATA[<p><br/>NOM_COMUNA: NACIMIENTO
<br/>MANZENT_CODIGO: 8306021001012
<br/>TOTAL_PERSONAS(2017): 77
<br/>TOTAL_VIVIENDAS(2017): 22</p>]]></description>
<ExtendedData>
	<Data name="fid"><displayName>fid</displayName><value><![CDATA[211]]></value></Data>
	<Data name="NOM_COMUNA"><displayName>NOM_COMUNA</displayName><value><![CDATA[NACIMIENTO]]></value></Data>
	<Data name="MANZENT_I"><displayName>MANZENT_I</displayName><value><![CDATA[8306021001012]]></value></Data>
	<Data name="TOTAL_PERS"><displayName>TOTAL_PERS</displayName><value><![CDATA[77]]></value></Data>
	<Data name="TOTAL_VIVI"><displayName>TOTAL_VIVI</displayName><value><![CDATA[22]]></value></Data>
</ExtendedData>
<styleUrl>#style1</styleUrl>
<MultiGeometry>
	<Polygon>
		<outerBoundaryIs>
			<LinearRing>
				<tessellate>1</tessellate>
				<coordinates>
					-72.68935894729815,-37.501271147725724,0.000
					-72.68937186231186,-37.501278527710866,0.000
					-72.68939522630835,-37.50127673068309,0.000
					-72.6894091542963,-37.50127033566616,0.000
					-72.68943809023466,-37.501237441629776,0.000
					-72.68996922505869,-37.50060968996073,0.000
					-72.68998323902677,-37.50059264994301,0.000
					-72.68969756573009,-37.50043269027161,0.000
					-72.68930546259769,-37.50089584676548,0.000
					-72.6892505097128,-37.500957300834486,0.000
					-72.6893033340324,-37.501128621782684,0.000
					-72.68934514425484,-37.501247903740584,0.000
					-72.68935894729815,-37.501271147725724,0.000
				</coordinates>
			</LinearRing>
		</outerBoundaryIs>
	</Polygon>
</MultiGeometry>
</Placemark>

<Placemark>
<name>8306061001018</name>
<description><![CDATA[<p><br/>NOM_COMUNA: NACIMIENTO
<br/>MANZENT_CODIGO: 8306061001018
<br/>TOTAL_PERSONAS(2017): 163
<br/>TOTAL_VIVIENDAS(2017): 57</p>]]></description>
<ExtendedData>
	<Data name="fid"><displayName>fid</displayName><value><![CDATA[212]]></value></Data>
	<Data name="NOM_COMUNA"><displayName>NOM_COMUNA</displayName><value><![CDATA[NACIMIENTO]]></value></Data>
	<Data name="MANZENT_I"><displayName>MANZENT_I</displayName><value><![CDATA[8306061001018]]></value></Data>
	<Data name="TOTAL_PERS"><displayName>TOTAL_PERS</displayName><value><![CDATA[163]]></value></Data>
	<Data name="TOTAL_VIVI"><displayName>TOTAL_VIVI</displayName><value><![CDATA[57]]></value></Data>
</ExtendedData>
<styleUrl>#style1</styleUrl>
<MultiGeometry>
	<Polygon>
		<outerBoundaryIs>
			<LinearRing>
				<tessellate>1</tessellate>
				<coordinates>
					-72.64369154376455,-37.50619437617521,0.000
					-72.64485423774747,-37.50779424789928,0.000
					-72.64500537213524,-37.5080022097335,0.000
					-72.64529126888957,-37.507871483386126,0.000
					-72.64541704677546,-37.507810730233125,0.000
					-72.64546513076805,-37.50780691317587,0.000
					-72.6455094457897,-37.507818611124044,0.000
					-72.64554269083068,-37.50784063108606,0.000
					-72.64556606588009,-37.50786714106007,0.000
					-72.6457162792701,-37.508076323895324,0.000
					-72.64582618454149,-37.50822189077436,0.000
					-72.64617541242653,-37.508696560390746,0.000
					-72.64639997001025,-37.509009597144555,0.000
					-72.64659374551412,-37.509279844932124,0.000
					-72.64658792553739,-37.50929225493982,0.000
					-72.64641461767965,-37.509367922150126,0.000
					-72.64641590071096,-37.50938471014967,0.000
					-72.64661216924833,-37.50967285093542,0.000
					-72.64659591926062,-37.50967936995509,0.000
					-72.6465798612727,-37.50968581397457,0.000
					-72.64638446276433,-37.50941319118878,0.000
					-72.64635807372596,-37.50939256821873,0.000
					-72.64613874390767,-37.50948921648498,0.000
					-72.64613311892596,-37.50949901749224,0.000
					-72.64613296594855,-37.50951108949321,0.000
					-72.6463022813734,-37.509738946307074,0.000
					-72.64653270095175,-37.51004912605372,0.000
					-72.64655102802561,-37.51008869203455,0.000
					-72.64654783708087,-37.510118276040224,0.000
					-72.64652551613688,-37.51014820106863,0.000
					-72.64649371019195,-37.51017757610822,0.000
					-72.64643845625565,-37.510211529175876,0.000
					-72.64622047744433,-37.510311899440794,0.000
					-72.64615137651754,-37.51035089352519,0.000
					-72.64613908154236,-37.51036416654065,0.000
					-72.64613457257504,-37.510381648547096,0.000
					-72.6461398215993,-37.51039464054169,0.000
					-72.64615093161802,-37.51040468452918,0.000
					-72.64616492962637,-37.51040919951288,0.000
					-72.64666274085589,-37.510533391930565,0.000
					-72.64714706707349,-37.51065118536388,0.000
					-72.64729523314772,-37.510691300190764,0.000
					-72.64754591389628,-37.51002220685069,0.000
					-72.6475675869058,-37.51002735982535,0.000
					-72.6475892599153,-37.510032512799995,0.000
					-72.6473380931692,-37.51070290414067,0.000
					-72.64747045423545,-37.51073873898605,0.000
					-72.64752067026058,-37.51075233392738,0.000
					-72.64755822827937,-37.51076250288349,0.000
					-72.64760701630381,-37.510775711826525,0.000
					-72.64781034340561,-37.51083075858896,0.000
					-72.64789432744658,-37.51085290449077,0.000
					-72.64818665358908,-37.510929994149095,0.000
					-72.6482030665615,-37.510915272128706,0.000
					-72.64832128906167,-37.510648077971425,0.000
					-72.64846851343918,-37.510315335775566,0.000
					-72.64843334240508,-37.510296971816096,0.000
					-72.64790684813222,-37.51014950643092,0.000
					-72.64791342310444,-37.510134632422144,0.000
					-72.6479199990766,-37.5101197594134,0.000
					-72.64844649434944,-37.51026722579861,0.000
					-72.64848946035043,-37.51026790074767,0.000
					-72.64849616732154,-37.51025244473876,0.000
					-72.648609231833,-37.50999128558801,0.000
					-72.64862873675602,-37.50995012956224,0.000
					-72.64864465471071,-37.50992593554184,0.000
					-72.64866261067208,-37.50990529551922,0.000
					-72.64868975761819,-37.5098765484852,0.000
					-72.64871673856756,-37.50984951045143,0.000
					-72.64873932649556,-37.509811029422224,0.000
					-72.6487648344046,-37.509762424388846,0.000
					-72.6487976011711,-37.509637544342006,0.000
					-72.64882180603651,-37.509565572308716,0.000
					-72.64884290397241,-37.50953129728154,0.000
					-72.64886635992949,-37.50950842425223,0.000
					-72.64888788590729,-37.50949659722596,0.000
					-72.64893444090343,-37.50949464017066,0.000
					-72.64964609024423,-37.50967904133871,0.000
					-72.65007766046023,-37.509795868834466,0.000
					-72.65025765355033,-37.50984459362417,0.000
					-72.65047735366981,-37.5099091643678,0.000
					-72.65091907187855,-37.51002212985133,0.000
					-72.65095530289669,-37.510031952808966,0.000
					-72.65130655644991,-37.50979382337731,0.000
					-72.65170369389757,-37.509499291887614,0.000
					-72.65214166129121,-37.50917601234771,0.000
					-72.65251842977943,-37.50890315188352,0.000
					-72.65266873659853,-37.50880674169918,0.000
					-72.65290719432102,-37.50865891540703,0.000
					-72.65348743165497,-37.50830403469641,0.000
					-72.653960434144,-37.50803191011823,0.000
					-72.654372267752,-37.50782329061668,0.000
					-72.65448665364313,-37.50776534647738,0.000
					-72.65462789250705,-37.50769290030526,0.000
					-72.65462165148266,-37.50767982531184,0.000
					-72.65456182638941,-37.50762973037956,0.000
					-72.65448697530334,-37.50758345446538,0.000
					-72.65448436429978,-37.50758151546834,0.000
					-72.65442087019456,-37.50752501354001,0.000
					-72.65441787718798,-37.5075214905433,0.000
					-72.65438048007569,-37.507461289583794,0.000
					-72.6542970099515,-37.50739456967854,0.000
					-72.65422683789042,-37.50736166375964,0.000
					-72.65422627588994,-37.50736138876024,0.000
					-72.65414596681455,-37.50732080085287,0.000
					-72.6541449018135,-37.507320222854126,0.000
					-72.65409282475719,-37.50728994091392,0.000
					-72.65409260875695,-37.507289813914156,0.000
					-72.6540923947567,-37.5072896839144,0.000
					-72.65403236668801,-37.50725274798321,0.000
					-72.65402918968346,-37.5072502969868,0.000
					-72.65401706866164,-37.50723857700045,0.000
					-72.65397842359201,-37.507201210043874,0.000
					-72.65392744051869,-37.50716179910181,0.000
					-72.65392423151268,-37.50715856810541,0.000
					-72.65387756339665,-37.50709631615674,0.000
					-72.65382335927912,-37.50703327121699,0.000
					-72.65375487937135,-37.50708243030134,0.000
					-72.65375410037232,-37.507082957302295,0.000
					-72.6537516363748,-37.50708425930528,0.000
					-72.65374892637658,-37.50708520130855,0.000
					-72.65374605237761,-37.507085754311994,0.000
					-72.6537431013779,-37.50708590131548,0.000
					-72.65374016237742,-37.50708563731897,0.000
					-72.65373937637716,-37.5070854953199,0.000
					-72.65362114633344,-37.50706174345855,0.000
					-72.65345655829961,-37.507043171652505,0.000
					-72.65345646629959,-37.507043161652625,0.000
					-72.65345637529957,-37.507043152652685,0.000
					-72.65331099927214,-37.507028031824085,0.000
					-72.65314246926678,-37.507024682023705,0.000
					-72.65297662427868,-37.50703059222067,0.000
					-72.65297410927857,-37.50703053322364,0.000
					-72.6528275722567,-37.507018380396595,0.000
					-72.65271970224175,-37.507010081523944,0.000
					-72.65271944924172,-37.50701006052425,0.000
					-72.65271919624168,-37.50701003552458,0.000
					-72.6524918061999,-37.506987036792694,0.000
					-72.65249058219963,-37.50698687579412,0.000
					-72.65248774519841,-37.506986209797454,0.000
					-72.65248598019724,-37.506985562799514,0.000
					-72.65238744911976,-37.50694383591367,0.000
					-72.65235370718639,-37.50697939695594,0.000
					-72.65228589128458,-37.50703175803966,0.000
					-72.65220500337306,-37.50707890313857,0.000
					-72.6520663884707,-37.50713075730622,0.000
					-72.65193489853469,-37.5071646394643,0.000
					-72.65177699056197,-37.507178800652376,0.000
					-72.65152881865677,-37.50722883594982,0.000
					-72.65129062874311,-37.50727438223514,0.000
					-72.65123622074996,-37.50727789529984,0.000
					-72.65119136973992,-37.507272407352666,0.000
					-72.65114227773333,-37.50726872741067,0.000
					-72.65105840574344,-37.50727390751041,0.000
					-72.65048141488565,-37.50734839719927,0.000
					-72.64978983910075,-37.50746161102639,0.000
					-72.64976363210893,-37.507465900057746,0.000
					-72.64971332810723,-37.507464845117326,0.000
					-72.6497061871058,-37.507464086125765,0.000
					-72.64968538310534,-37.507463761150376,0.000
					-72.64968024310546,-37.50746380415646,0.000
					-72.64967375510456,-37.50746329816413,0.000
					-72.64963499209908,-37.50746027320989,0.000
					-72.6496193890863,-37.507453388227944,0.000
					-72.64960558706893,-37.507444062243714,0.000
					-72.64959077902847,-37.50742236725989,0.000
					-72.64958029991392,-37.507360996268375,0.000
					-72.6495811118914,-37.50734894226667,0.000
					-72.64958424080461,-37.50730249825998,0.000
					-72.64958751577677,-37.507287618255155,0.000
					-72.64959821767829,-37.507234933239076,0.000
					-72.64962418149952,-37.50713929520218,0.000
					-72.64966953403496,-37.506890755132545,0.000
					-72.64979276800092,-37.50633754795107,0.000
					-72.64987897442055,-37.50602709982895,0.000
					-72.64994220285455,-37.505724304734656,0.000
					-72.65001113930566,-37.505430633634106,0.000
					-72.6500542991333,-37.50533849257708,0.000
					-72.65013583701285,-37.50527424047628,0.000
					-72.65018044093632,-37.50523340342082,0.000
					-72.65027029775155,-37.505134712307985,0.000
					-72.6503172816209,-37.50506490524784,0.000
					-72.65034313348238,-37.50499080321241,0.000
					-72.65035487737563,-37.504933723194846,0.000
					-72.65034700007679,-37.50477369919393,0.000
					-72.65032842793667,-37.504698622211194,0.000
					-72.65031094082616,-37.50463942822812,0.000
					-72.65029309764938,-37.50454472024322,0.000
					-72.65029618946515,-37.504446104233246,0.000
					-72.65030158521117,-37.504310135218155,0.000
					-72.65029253906947,-37.504234257224006,0.000
					-72.6502695389775,-37.504184956248146,0.000
					-72.65021251074978,-37.50406288430791,0.000
					-72.65015539750695,-37.503932700367294,0.000
					-72.65011096418924,-37.50376248640911,0.000
					-72.65004620392304,-37.50361978747679,0.000
					-72.6499902637449,-37.50352424153696,0.000
					-72.6499887527389,-37.50352104753851,0.000
					-72.64996079159694,-37.5034449365668,0.000
					-72.64988872535679,-37.50331617664399,0.000
					-72.64982018016345,-37.50321245371862,0.000
					-72.64970646694569,-37.50309556084597,0.000
					-72.64956053571815,-37.502973339011135,0.000
					-72.64955791571344,-37.502970796014075,0.000
					-72.64954354468318,-37.502954559030066,0.000
					-72.64953795566854,-37.50294671003621,0.000
					-72.64953722966924,-37.502947081037085,0.000
					-72.64953222667408,-37.502949637043194,0.000
					-72.64952694367913,-37.50295233604962,0.000
					-72.64952535368064,-37.50295314905155,0.000
					-72.64952410868183,-37.502953785053045,0.000
					-72.64943684976555,-37.50299836215939,0.000
					-72.64934879185007,-37.50304334926661,0.000
					-72.64934875385005,-37.5030433692667,0.000
					-72.6493487158501,-37.50304339026673,0.000
					-72.64922869397353,-37.50310913341321,0.000
					-72.64910754909812,-37.50317549056106,0.000
					-72.64910615410014,-37.50317658156277,0.000
					-72.64904372023051,-37.503246195641275,0.000
					-72.649042040234,-37.50324806864338,0.000
					-72.64899959432259,-37.50329539569673,0.000
					-72.6489776083685,-37.50331989972437,0.000
					-72.64897750036872,-37.503320011724526,0.000
					-72.64897738736892,-37.50332011872465,0.000
					-72.64897702536952,-37.503320459725074,0.000
					-72.64887308252582,-37.50340385485365,0.000
					-72.64880012163555,-37.50346239794391,0.000
					-72.64877124067898,-37.503485571979574,0.000
					-72.64876997168089,-37.50348658898116,0.000
					-72.64876990668101,-37.50348663998127,0.000
					-72.64876984168109,-37.503486687981336,0.000
					-72.64867863380202,-37.50355118709356,0.000
					-72.64858811892204,-37.503615195205,0.000
					-72.64858688892332,-37.50361585820648,0.000
					-72.64853346996318,-37.503637074271154,0.000
					-72.64852798896732,-37.5036392512778,0.000
					-72.64833703110995,-37.503715091509044,0.000
					-72.64822047619697,-37.503761381650186,0.000
					-72.64817472223116,-37.5037795537056,0.000
					-72.64812040227173,-37.50380112677134,0.000
					-72.64808784329608,-37.503814057810786,0.000
					-72.64770891659309,-37.50397202327007,0.000
					-72.64751191474744,-37.50405414950894,0.000
					-72.64748778676642,-37.50406420853816,0.000
					-72.6473292698906,-37.5041302917303,0.000
					-72.6473282998916,-37.50413080273148,0.000
					-72.64732472189598,-37.50413315073588,0.000
					-72.64724100899905,-37.50418809183866,0.000
					-72.64723797500275,-37.50419008284236,0.000
					-72.64717983207434,-37.5042282419137,0.000
					-72.64714691111485,-37.50424984795414,0.000
					-72.64714637811561,-37.5042502469548,0.000
					-72.64709799619288,-37.504291484014786,0.000
					-72.64705053126872,-37.504331940073676,0.000
					-72.64704911027097,-37.504333152075404,0.000
					-72.64704867527175,-37.504333573075996,0.000
					-72.64702586031873,-37.50435864410464,0.000
					-72.64701562733977,-37.504369889117484,0.000
					-72.64700745735658,-37.50437886712773,0.000
					-72.64698175640945,-37.504407109160034,0.000
					-72.64698119141121,-37.50440805616077,0.000
					-72.64698087241223,-37.50440859216119,0.000
					-72.6469672784882,-37.50444921317989,0.000
					-72.64696145852069,-37.50446660218789,0.000
					-72.64695184057443,-37.50449533920112,0.000
					-72.64694187963003,-37.504525103214874,0.000
					-72.64694161263122,-37.50452571921519,0.000
					-72.64691577672089,-37.50457366124893,0.000
					-72.64690372976273,-37.504596016264635,0.000
					-72.64688458682913,-37.50463153828955,0.000
					-72.64686653089184,-37.50466504431313,0.000
					-72.64686628789269,-37.50466549531347,0.000
					-72.64686558089446,-37.504666458314354,0.000
					-72.6468465239316,-37.504686272338205,0.000
					-72.64682219397899,-37.5047115683687,0.000
					-72.64679182403808,-37.5047431454067,0.000
					-72.64676513109006,-37.50477089844016,0.000
					-72.6467422591346,-37.504794678468784,0.000
					-72.64671872718043,-37.50481914549826,0.000
					-72.6467182261813,-37.50481959949885,0.000
					-72.64670892119511,-37.50482697151038,0.000
					-72.64665115428085,-37.504872735581785,0.000
					-72.64662750331598,-37.504891472611014,0.000
					-72.64660814734472,-37.50490680663492,0.000
					-72.64659798535985,-37.504914856647495,0.000
					-72.64658493837919,-37.50492519266363,0.000
					-72.64658362238069,-37.504925968665226,0.000
					-72.64657951638398,-37.50492772167025,0.000
					-72.64636099255934,-37.50502102893527,0.000
					-72.64627611162749,-37.50505727203824,0.000
					-72.64609527977262,-37.50513448525755,0.000
					-72.64605710180327,-37.505150787303876,0.000
					-72.64596963887347,-37.5051881324099,0.000
					-72.64596959987351,-37.50518814941001,0.000
					-72.64596956187354,-37.50518816541005,0.000
					-72.6459254579064,-37.5052056224634,0.000
					-72.6457201350592,-37.50528689371203,0.000
					-72.64567470109306,-37.505304877767074,0.000
					-72.64559929114918,-37.505334726858365,0.000
					-72.64555933017895,-37.505350543906765,0.000
					-72.64524783941077,-37.505473838283955,0.000
					-72.6452293144246,-37.505481168306396,0.000
					-72.64522909642473,-37.50548125030663,0.000
					-72.64522887342488,-37.50548132530691,0.000
					-72.64521042643582,-37.505487125329154,0.000
					-72.64515745046718,-37.50550377539305,0.000
					-72.64505584452736,-37.505535710515524,0.000
					-72.64505206352958,-37.505536898520084,0.000
					-72.64505146152993,-37.50553708552082,0.000
					-72.6449665515802,-37.50556377262319,0.000
					-72.64489102862495,-37.50558750871425,0.000
					-72.64487512963436,-37.505592505733446,0.000
					-72.6448744806348,-37.50559274873423,0.000
					-72.64485595865011,-37.50560088775668,0.000
					-72.64456275389227,-37.50572973811257,0.000
					-72.6445280439209,-37.50574499115471,0.000
					-72.64451977492776,-37.50574862516474,0.000
					-72.64421897217618,-37.505880815529814,0.000
					-72.64416405522154,-37.50590494959648,0.000
					-72.64416280222294,-37.505905696598006,0.000
					-72.64409736932014,-37.50595753167886,0.000
					-72.64409629032171,-37.505958386680206,0.000
					-72.64404912339175,-37.50599575073854,0.000
					-72.64402949542088,-37.50601129876277,0.000
					-72.64402889942164,-37.50601170876356,0.000
					-72.64401464843762,-37.50602021878098,0.000
					-72.64391376655064,-37.50608046290444,0.000
					-72.6438773725914,-37.50610219594896,0.000
					-72.64381625265989,-37.50613869502381,0.000
					-72.64379930267891,-37.50614881704455,0.000
					-72.64379855867963,-37.506149193045445,0.000
					-72.64369154376455,-37.50619437617521,0.000
				</coordinates>
			</LinearRing>
		</outerBoundaryIs>
	</Polygon>
</MultiGeometry>
</Placemark>

<Placemark>
<name>8306011001500</name>
<description><![CDATA[<p><br/>NOM_COMUNA: NACIMIENTO
<br/>MANZENT_CODIGO: 8306011001500
<br/>TOTAL_PERSONAS(2017): 221
<br/>TOTAL_VIVIENDAS(2017): 72</p>]]></description>
<ExtendedData>
	<Data name="fid"><displayName>fid</displayName><value><![CDATA[213]]></value></Data>
	<Data name="NOM_COMUNA"><displayName>NOM_COMUNA</displayName><value><![CDATA[NACIMIENTO]]></value></Data>
	<Data name="MANZENT_I"><displayName>MANZENT_I</displayName><value><![CDATA[8306011001500]]></value></Data>
	<Data name="TOTAL_PERS"><displayName>TOTAL_PERS</displayName><value><![CDATA[221]]></value></Data>
	<Data name="TOTAL_VIVI"><displayName>TOTAL_VIVI</displayName><value><![CDATA[72]]></value></Data>
</ExtendedData>
<styleUrl>#style1</styleUrl>
<MultiGeometry>
	<Polygon>
		<outerBoundaryIs>
			<LinearRing>
				<tessellate>1</tessellate>
				<coordinates>
					-72.68859097643761,-37.48741568676397,0.000
					-72.68857138374273,-37.48757909879747,0.000
					-72.68857084575647,-37.48758646679853,0.000
					-72.68856538906081,-37.487749516815285,0.000
					-72.68854655328371,-37.48786891384511,0.000
					-72.68856180180806,-37.48814991784473,0.000
					-72.68881845788788,-37.48819361554335,0.000
					-72.68888481492596,-37.48821427046603,0.000
					-72.68916712138235,-37.487924009113186,0.000
					-72.68922956026007,-37.48785873703511,0.000
					-72.68927738832568,-37.48789406698067,0.000
					-72.6889444289748,-37.488240659397015,0.000
					-72.68917894923422,-37.48838053112795,0.000
					-72.68951822455104,-37.48801571670292,0.000
					-72.68956907860671,-37.48804570564452,0.000
					-72.6892325293,-37.48841597306671,0.000
					-72.68946243452898,-37.488539505801995,0.000
					-72.68978589183146,-37.488166969395245,0.000
					-72.68982280887155,-37.488188564352896,0.000
					-72.68952741657982,-37.4885670057267,0.000
					-72.68977610982972,-37.48870181944053,0.000
					-72.69008384013131,-37.48832872505238,0.000
					-72.69016785720724,-37.488369710955375,0.000
					-72.68986131590854,-37.488744371342186,0.000
					-72.68979855304427,-37.48881684242113,0.000
					-72.68929787452446,-37.48853648299683,0.000
					-72.6892428734683,-37.48850618106007,0.000
					-72.68924255551565,-37.48853153606203,0.000
					-72.68924620252129,-37.48853458805791,0.000
					-72.68924947352862,-37.488538512054284,0.000
					-72.68925184053663,-37.488542830051784,0.000
					-72.68925322354515,-37.488547411050426,0.000
					-72.68925323254524,-37.48854745105038,0.000
					-72.68930281259361,-37.48857355499331,0.000
					-72.68930531759645,-37.48857508099044,0.000
					-72.6893080346007,-37.48857735598734,0.000
					-72.68931021560553,-37.48857997198494,0.000
					-72.6893117936109,-37.48858284998323,0.000
					-72.68931271961658,-37.48858590298232,0.000
					-72.68931287161841,-37.4885868879822,0.000
					-72.68933427795281,-37.48876613496812,0.000
					-72.68933437295685,-37.48876828396814,0.000
					-72.68933393296267,-37.48877140596887,0.000
					-72.6893328199683,-37.488774417970355,0.000
					-72.68933091697393,-37.48877742097283,0.000
					-72.68933076497424,-37.48877761097299,0.000
					-72.68928356008337,-37.488835899032594,0.000
					-72.68929991040636,-37.48900902202414,0.000
					-72.68929996740974,-37.48901081602419,0.000
					-72.68929987041213,-37.489012099024364,0.000
					-72.68928781459867,-37.48911200604496,0.000
					-72.68928747160209,-37.4891138450455,0.000
					-72.68928635860773,-37.48911685704697,0.000
					-72.689284605613,-37.489119670049206,0.000
					-72.68928226661767,-37.48912219805219,0.000
					-72.68927938162182,-37.4891243830557,0.000
					-72.6892609706436,-37.4891360110783,0.000
					-72.68927220200058,-37.48932730207699,0.000
					-72.68927222000295,-37.48932858607705,0.000
					-72.68927178000877,-37.489331708077785,0.000
					-72.68927153901036,-37.48933255507814,0.000
					-72.68924134118842,-37.48942784711989,0.000
					-72.68924046919248,-37.48943001212108,0.000
					-72.68923871619775,-37.48943282512332,0.000
					-72.68923637720249,-37.48943535312629,0.000
					-72.68923418320573,-37.48943707412898,0.000
					-72.68923406020589,-37.48943716612912,0.000
					-72.68923247122116,-37.48944535213153,0.000
					-72.68922236622096,-37.48944520514346,0.000
					-72.68905109944188,-37.48956293535381,0.000
					-72.68905043444269,-37.48956337535464,0.000
					-72.68904811744513,-37.48956466835749,0.000
					-72.68890891357256,-37.48963243252672,0.000
					-72.68879576073351,-37.48971827366619,0.000
					-72.68879427373548,-37.489719306668015,0.000
					-72.68879099073874,-37.489721044672045,0.000
					-72.68878737874113,-37.489722301676416,0.000
					-72.68878354774252,-37.489723039680996,0.000
					-72.6887810247429,-37.489723228683985,0.000
					-72.68863725975196,-37.48972756785461,0.000
					-72.68863584875201,-37.48972757585633,0.000
					-72.68863466075194,-37.48972752785772,0.000
					-72.68860068874822,-37.48972543489781,0.000
					-72.68841020475413,-37.48972788812374,0.000
					-72.68840008895768,-37.48983691014258,0.000
					-72.68839296598952,-37.48985393815208,0.000
					-72.6883955910291,-37.489875167150295,0.000
					-72.68839957705481,-37.48988894314644,0.000
					-72.68840633407704,-37.489900880139196,0.000
					-72.68841760209317,-37.48990957212638,0.000
					-72.6884192410944,-37.4899102311245,0.000
					-72.68843502810613,-37.48991658210617,0.000
					-72.68845942811461,-37.489921205077536,0.000
					-72.68848683911186,-37.48991984904497,0.000
					-72.68851834009433,-37.4899105530071,0.000
					-72.68867123694997,-37.48983379182106,0.000
					-72.68893282667774,-37.48968887650193,0.000
					-72.6890157605969,-37.48964587640093,0.000
					-72.68914404146807,-37.48957731924458,0.000
					-72.68917165144036,-37.489562564210935,0.000
					-72.68943487918864,-37.48942866389059,0.000
					-72.68963134498689,-37.489321307651025,0.000
					-72.69002022262909,-37.48913101317823,0.000
					-72.69019224448925,-37.489056718969685,0.000
					-72.69038465131972,-37.488966608735986,0.000
					-72.69060387108797,-37.48884323046851,0.000
					-72.69109894256451,-37.48856460086426,0.000
					-72.69110123256227,-37.48856341886148,0.000
					-72.69144666325582,-37.48840047944194,0.000
					-72.6914642172402,-37.48839219942059,0.000
					-72.69147047423424,-37.48838903041302,0.000
					-72.69147085123055,-37.488387029412394,0.000
					-72.69147088323024,-37.48838685841233,0.000
					-72.69147091522986,-37.48838668841232,0.000
					-72.69147104422859,-37.48838600741211,0.000
					-72.691472307152,-37.48834497240807,0.000
					-72.69147943306707,-37.48829949139672,0.000
					-72.69148097697345,-37.48824933939176,0.000
					-72.69148252087989,-37.48819918738676,0.000
					-72.6914850477267,-37.4881171203786,0.000
					-72.69148073064144,-37.48807141538086,0.000
					-72.69148241453932,-37.4880167043754,0.000
					-72.69148367846272,-37.48797567037134,0.000
					-72.69148578333508,-37.48790728136456,0.000
					-72.69150449224196,-37.48785746533926,0.000
					-72.69151495514367,-37.487804827323544,0.000
					-72.69151804111466,-37.48778929931891,0.000
					-72.69154289299624,-37.487725917285466,0.000
					-72.6915614619116,-37.48768065926063,0.000
					-72.6915804508015,-37.487621724234444,0.000
					-72.69157027172456,-37.487580467243895,0.000
					-72.69153120266384,-37.48754776928814,0.000
					-72.6914801296368,-37.48753308434774,0.000
					-72.69142431755003,-37.48748637341089,0.000
					-72.6913622214971,-37.48745778748271,0.000
					-72.69125407245983,-37.48743742460961,0.000
					-72.69114359842352,-37.48741756073926,0.000
					-72.69112409645757,-37.4874357237635,0.000
					-72.6910943864708,-37.48744269079912,0.000
					-72.69108747847388,-37.4874443098074,0.000
					-72.69108684647414,-37.48744445780819,0.000
					-72.69103360248684,-37.487451076871665,0.000
					-72.6909697445055,-37.487460822947995,0.000
					-72.69091113654176,-37.48748004301862,0.000
					-72.69086690958368,-37.48750233907243,0.000
					-72.6907479346257,-37.487524434214826,0.000
					-72.69066966960612,-37.48751362130687,0.000
					-72.69059248952749,-37.48747119839569,0.000
					-72.6905146603923,-37.48739848348336,0.000
					-72.69043114525222,-37.48732313357755,0.000
					-72.69035202514736,-37.487266613667764,0.000
					-72.69026952705522,-37.48721696776241,0.000
					-72.6901837959673,-37.48716951086099,0.000
					-72.69010889988945,-37.48712751294711,0.000
					-72.6900673998463,-37.48710424199484,0.000
					-72.68997371474008,-37.48704698710226,0.000
					-72.68984837458551,-37.4869636992455,0.000
					-72.68974368146118,-37.48689667536536,0.000
					-72.68955663127736,-37.48679749158075,0.000
					-72.68945652018374,-37.48674695869622,0.000
					-72.68932949303549,-37.48666706184168,0.000
					-72.68922609488077,-37.48658375295897,0.000
					-72.68917955180271,-37.486541748011476,0.000
					-72.68915547876607,-37.48652204103878,0.000
					-72.6891451517504,-37.48651358705047,0.000
					-72.68914150574487,-37.486510602054636,0.000
					-72.6891414757448,-37.48651057805462,0.000
					-72.68913778473916,-37.48650755605885,0.000
					-72.68900556089717,-37.486591730220795,0.000
					-72.68896209995403,-37.48662204327423,0.000
					-72.68896115895521,-37.48662267527534,0.000
					-72.68893148699131,-37.48664190131173,0.000
					-72.68892613601541,-37.48665481431892,0.000
					-72.68883270717298,-37.48673890643494,0.000
					-72.68878498634511,-37.48683096249724,0.000
					-72.68872619152152,-37.48692529457285,0.000
					-72.68869909165721,-37.48699788560953,0.000
					-72.68867361880534,-37.48707715964473,0.000
					-72.68866238988429,-37.48711945566069,0.000
					-72.68860172431313,-37.48734901274699,0.000
					-72.68859097643761,-37.48741568676397,0.000
				</coordinates>
			</LinearRing>
		</outerBoundaryIs>
	</Polygon>
</MultiGeometry>
</Placemark>

<Placemark>
<name>8306011001501</name>
<description><![CDATA[<p><br/>NOM_COMUNA: NACIMIENTO
<br/>MANZENT_CODIGO: 8306011001501
<br/>TOTAL_PERSONAS(2017): 25
<br/>TOTAL_VIVIENDAS(2017): 6</p>]]></description>
<ExtendedData>
	<Data name="fid"><displayName>fid</displayName><value><![CDATA[214]]></value></Data>
	<Data name="NOM_COMUNA"><displayName>NOM_COMUNA</displayName><value><![CDATA[NACIMIENTO]]></value></Data>
	<Data name="MANZENT_I"><displayName>MANZENT_I</displayName><value><![CDATA[8306011001501]]></value></Data>
	<Data name="TOTAL_PERS"><displayName>TOTAL_PERS</displayName><value><![CDATA[25]]></value></Data>
	<Data name="TOTAL_VIVI"><displayName>TOTAL_VIVI</displayName><value><![CDATA[6]]></value></Data>
</ExtendedData>
<styleUrl>#style1</styleUrl>
<MultiGeometry>
	<Polygon>
		<outerBoundaryIs>
			<LinearRing>
				<tessellate>1</tessellate>
				<coordinates>
					-72.6885319794414,-37.48848916190144,0.000
					-72.68919743450041,-37.488523224115006,0.000
					-72.68919795942244,-37.488481437111766,0.000
					-72.68876961098493,-37.48824544560452,0.000
					-72.68859024394344,-37.4882225438156,0.000
					-72.68855835693603,-37.48821847285316,0.000
					-72.68855073920194,-37.48836091987113,0.000
					-72.68855053920566,-37.48836291387149,0.000
					-72.6885319794414,-37.48848916190144,0.000
				</coordinates>
			</LinearRing>
		</outerBoundaryIs>
	</Polygon>
</MultiGeometry>
</Placemark>

<Placemark>
<name>8306011001502</name>
<description><![CDATA[<p><br/>NOM_COMUNA: NACIMIENTO
<br/>MANZENT_CODIGO: 8306011001502
<br/>TOTAL_PERSONAS(2017): 60
<br/>TOTAL_VIVIENDAS(2017): 19</p>]]></description>
<ExtendedData>
	<Data name="fid"><displayName>fid</displayName><value><![CDATA[215]]></value></Data>
	<Data name="NOM_COMUNA"><displayName>NOM_COMUNA</displayName><value><![CDATA[NACIMIENTO]]></value></Data>
	<Data name="MANZENT_I"><displayName>MANZENT_I</displayName><value><![CDATA[8306011001502]]></value></Data>
	<Data name="TOTAL_PERS"><displayName>TOTAL_PERS</displayName><value><![CDATA[60]]></value></Data>
	<Data name="TOTAL_VIVI"><displayName>TOTAL_VIVI</displayName><value><![CDATA[19]]></value></Data>
</ExtendedData>
<styleUrl>#style1</styleUrl>
<MultiGeometry>
	<Polygon>
		<outerBoundaryIs>
			<LinearRing>
				<tessellate>1</tessellate>
				<coordinates>
					-72.68852427654183,-37.48854293391396,0.000
					-72.68850020386486,-37.48871594395336,0.000
					-72.68850075889779,-37.48873360295383,0.000
					-72.68850009290932,-37.488739783955026,0.000
					-72.6884990129281,-37.48874981295689,0.000
					-72.68849740095605,-37.48876478195974,0.000
					-72.68852567495765,-37.488765749926294,0.000
					-72.68926602099987,-37.48879109805056,0.000
					-72.6892885139479,-37.488763325022155,0.000
					-72.68926887664111,-37.48859888703513,0.000
					-72.68922820560151,-37.48857750708195,0.000
					-72.68922476060277,-37.48857817108611,0.000
					-72.68921885960336,-37.48857846609306,0.000
					-72.68921751860331,-37.48857841909469,0.000
					-72.68852427654183,-37.48854293391396,0.000
				</coordinates>
			</LinearRing>
		</outerBoundaryIs>
	</Polygon>
</MultiGeometry>
</Placemark>

<Placemark>
<name>8306011001503</name>
<description><![CDATA[<p><br/>NOM_COMUNA: NACIMIENTO
<br/>MANZENT_CODIGO: 8306011001503
<br/>TOTAL_PERSONAS(2017): 70
<br/>TOTAL_VIVIENDAS(2017): 19</p>]]></description>
<ExtendedData>
	<Data name="fid"><displayName>fid</displayName><value><![CDATA[216]]></value></Data>
	<Data name="NOM_COMUNA"><displayName>NOM_COMUNA</displayName><value><![CDATA[NACIMIENTO]]></value></Data>
	<Data name="MANZENT_I"><displayName>MANZENT_I</displayName><value><![CDATA[8306011001503]]></value></Data>
	<Data name="TOTAL_PERS"><displayName>TOTAL_PERS</displayName><value><![CDATA[70]]></value></Data>
	<Data name="TOTAL_VIVI"><displayName>TOTAL_VIVI</displayName><value><![CDATA[19]]></value></Data>
</ExtendedData>
<styleUrl>#style1</styleUrl>
<MultiGeometry>
	<Polygon>
		<outerBoundaryIs>
			<LinearRing>
				<tessellate>1</tessellate>
				<coordinates>
					-72.6884665235219,-37.48906786901542,0.000
					-72.6892367995865,-37.489105294104995,0.000
					-72.68924371957826,-37.48910092309653,0.000
					-72.68925466840884,-37.48901018607785,0.000
					-72.68924007512057,-37.48885566508541,0.000
					-72.68853248207647,-37.48882945392224,0.000
					-72.68851023107513,-37.48882862894859,0.000
					-72.68849060307389,-37.48882790197177,0.000
					-72.68848584615635,-37.4888720719802,0.000
					-72.68848048126749,-37.488931601990274,0.000
					-72.68847629035614,-37.48897908399827,0.000
					-72.68847095946886,-37.48903947400838,0.000
					-72.68847001748568,-37.48904847801004,0.000
					-72.6884665235219,-37.48906786901542,0.000
				</coordinates>
			</LinearRing>
		</outerBoundaryIs>
	</Polygon>
</MultiGeometry>
</Placemark>

<Placemark>
<name>8306011001504</name>
<description><![CDATA[<p><br/>NOM_COMUNA: NACIMIENTO
<br/>MANZENT_CODIGO: 8306011001504
<br/>TOTAL_PERSONAS(2017): 71
<br/>TOTAL_VIVIENDAS(2017): 20</p>]]></description>
<ExtendedData>
	<Data name="fid"><displayName>fid</displayName><value><![CDATA[217]]></value></Data>
	<Data name="NOM_COMUNA"><displayName>NOM_COMUNA</displayName><value><![CDATA[NACIMIENTO]]></value></Data>
	<Data name="MANZENT_I"><displayName>MANZENT_I</displayName><value><![CDATA[8306011001504]]></value></Data>
	<Data name="TOTAL_PERS"><displayName>TOTAL_PERS</displayName><value><![CDATA[71]]></value></Data>
	<Data name="TOTAL_VIVI"><displayName>TOTAL_VIVI</displayName><value><![CDATA[20]]></value></Data>
</ExtendedData>
<styleUrl>#style1</styleUrl>
<MultiGeometry>
	<Polygon>
		<outerBoundaryIs>
			<LinearRing>
				<tessellate>1</tessellate>
				<coordinates>
					-72.68844428808644,-37.489370276060804,0.000
					-72.68920813110955,-37.48938545615657,0.000
					-72.68922687099904,-37.48932632013069,0.000
					-72.68921722469251,-37.489162034131745,0.000
					-72.68847419863303,-37.4891274450101,0.000
					-72.68844951095498,-37.489299847050184,0.000
					-72.68844428808644,-37.489370276060804,0.000
				</coordinates>
			</LinearRing>
		</outerBoundaryIs>
	</Polygon>
</MultiGeometry>
</Placemark>

<Placemark>
<name>8306011001505</name>
<description><![CDATA[<p><br/>NOM_COMUNA: NACIMIENTO
<br/>MANZENT_CODIGO: 8306011001505
<br/>TOTAL_PERSONAS(2017): 25
<br/>TOTAL_VIVIENDAS(2017): 8</p>]]></description>
<ExtendedData>
	<Data name="fid"><displayName>fid</displayName><value><![CDATA[218]]></value></Data>
	<Data name="NOM_COMUNA"><displayName>NOM_COMUNA</displayName><value><![CDATA[NACIMIENTO]]></value></Data>
	<Data name="MANZENT_I"><displayName>MANZENT_I</displayName><value><![CDATA[8306011001505]]></value></Data>
	<Data name="TOTAL_PERS"><displayName>TOTAL_PERS</displayName><value><![CDATA[25]]></value></Data>
	<Data name="TOTAL_VIVI"><displayName>TOTAL_VIVI</displayName><value><![CDATA[8]]></value></Data>
</ExtendedData>
<styleUrl>#style1</styleUrl>
<MultiGeometry>
	<Polygon>
		<outerBoundaryIs>
			<LinearRing>
				<tessellate>1</tessellate>
				<coordinates>
					-72.68841568064502,-37.48966944111355,0.000
					-72.6887901906486,-37.48967274266993,0.000
					-72.68887947552156,-37.48960500855987,0.000
					-72.68888096251965,-37.48960397555806,0.000
					-72.6888832795172,-37.489602682555216,0.000
					-72.68902296138936,-37.48953468538543,0.000
					-72.68915456421959,-37.489444220223746,0.000
					-72.68843355220498,-37.48943374207756,0.000
					-72.68841568064502,-37.48966944111355,0.000
				</coordinates>
			</LinearRing>
		</outerBoundaryIs>
	</Polygon>
</MultiGeometry>
</Placemark>

<Placemark>
<name>8306011003008</name>
<description><![CDATA[<p><br/>NOM_COMUNA: NACIMIENTO
<br/>MANZENT_CODIGO: 8306011003008
<br/>TOTAL_PERSONAS(2017): 98
<br/>TOTAL_VIVIENDAS(2017): 40</p>]]></description>
<ExtendedData>
	<Data name="fid"><displayName>fid</displayName><value><![CDATA[219]]></value></Data>
	<Data name="NOM_COMUNA"><displayName>NOM_COMUNA</displayName><value><![CDATA[NACIMIENTO]]></value></Data>
	<Data name="MANZENT_I"><displayName>MANZENT_I</displayName><value><![CDATA[8306011003008]]></value></Data>
	<Data name="TOTAL_PERS"><displayName>TOTAL_PERS</displayName><value><![CDATA[98]]></value></Data>
	<Data name="TOTAL_VIVI"><displayName>TOTAL_VIVI</displayName><value><![CDATA[40]]></value></Data>
</ExtendedData>
<styleUrl>#style1</styleUrl>
<MultiGeometry>
	<Polygon>
		<outerBoundaryIs>
			<LinearRing>
				<tessellate>1</tessellate>
				<coordinates>
					-72.67577309382335,-37.50096879181077,0.000
					-72.67577457554317,-37.50135423683342,0.000
					-72.6757745745436,-37.50135448683347,0.000
					-72.67577436054793,-37.501356784833824,0.000
					-72.6757143671873,-37.501698950926595,0.000
					-72.67571413718929,-37.50170002392695,0.000
					-72.67571302319493,-37.50170303692844,0.000
					-72.67571113120053,-37.50170602593092,0.000
					-72.67571099220086,-37.501706200931075,0.000
					-72.67567434728592,-37.50175161497738,0.000
					-72.6756722413428,-37.50178205998179,0.000
					-72.67568043338073,-37.50180240797339,0.000
					-72.67569132440596,-37.50181595896133,0.000
					-72.67570782942686,-37.50182718894247,0.000
					-72.67572059643446,-37.501831314927614,0.000
					-72.6758290184438,-37.501836693799454,0.000
					-72.67595280342707,-37.50182813565212,0.000
					-72.67603558640029,-37.501814084553104,0.000
					-72.67610692336123,-37.50179341046725,0.000
					-72.67623469024761,-37.501733023311964,0.000
					-72.67632651216003,-37.50168643720017,0.000
					-72.67645901804038,-37.50162280903912,0.000
					-72.67662718889792,-37.501547085834986,0.000
					-72.67677388877091,-37.50147959965676,0.000
					-72.67678198576395,-37.501475875646975,0.000
					-72.67690066865933,-37.50142026550278,0.000
					-72.67699783257696,-37.5013764873848,0.000
					-72.67710169951314,-37.50134266425953,0.000
					-72.67733795038467,-37.501274677975196,0.000
					-72.67748717927944,-37.50121885679478,0.000
					-72.6775792162129,-37.50118353868344,0.000
					-72.67770145917994,-37.50116629753748,0.000
					-72.67820675120278,-37.501180290939395,0.000
					-72.67852513621598,-37.501188443562505,0.000
					-72.6785483642066,-37.501183493534654,0.000
					-72.6785756131798,-37.50116925050145,0.000
					-72.67858943713733,-37.50114654248361,0.000
					-72.67859478808752,-37.50111988247558,0.000
					-72.67856871577739,-37.500953734496036,0.000
					-72.67854944356193,-37.500838275511555,0.000
					-72.67852488934439,-37.5007217215333,0.000
					-72.67851006818105,-37.50063419654533,0.000
					-72.67848595197802,-37.50052540156707,0.000
					-72.67845305964956,-37.500349386594905,0.000
					-72.67843882554631,-37.500294044608275,0.000
					-72.678429208492,-37.50026492761785,0.000
					-72.67841836946354,-37.50024966462971,0.000
					-72.67840692745106,-37.50024295164283,0.000
					-72.67839509444855,-37.500241547656785,0.000
					-72.678255840498,-37.500267556823516,0.000
					-72.6779426655937,-37.500317721197916,0.000
					-72.67770186167645,-37.50036119748607,0.000
					-72.67744592475785,-37.50040392579213,0.000
					-72.67720165384502,-37.500449766084614,0.000
					-72.67684070293673,-37.5004976355155,0.000
					-72.67650699402922,-37.50054604091411,0.000
					-72.67616117812203,-37.500594566327116,0.000
					-72.67602054415737,-37.50061300849497,0.000
					-72.67584957117533,-37.50062206369817,0.000
					-72.67582523520494,-37.50063780872807,0.000
					-72.67579749742649,-37.50075636576846,0.000
					-72.67577309382335,-37.50096879181077,0.000
				</coordinates>
			</LinearRing>
		</outerBoundaryIs>
	</Polygon>
</MultiGeometry>
</Placemark>

<Placemark>
<name>8306011001506</name>
<description><![CDATA[<p><br/>NOM_COMUNA: NACIMIENTO
<br/>MANZENT_CODIGO: 8306011001506
<br/>TOTAL_PERSONAS(2017): 84
<br/>TOTAL_VIVIENDAS(2017): 31</p>]]></description>
<ExtendedData>
	<Data name="fid"><displayName>fid</displayName><value><![CDATA[220]]></value></Data>
	<Data name="NOM_COMUNA"><displayName>NOM_COMUNA</displayName><value><![CDATA[NACIMIENTO]]></value></Data>
	<Data name="MANZENT_I"><displayName>MANZENT_I</displayName><value><![CDATA[8306011001506]]></value></Data>
	<Data name="TOTAL_PERS"><displayName>TOTAL_PERS</displayName><value><![CDATA[84]]></value></Data>
	<Data name="TOTAL_VIVI"><displayName>TOTAL_VIVI</displayName><value><![CDATA[31]]></value></Data>
</ExtendedData>
<styleUrl>#style1</styleUrl>
<MultiGeometry>
	<Polygon>
		<outerBoundaryIs>
			<LinearRing>
				<tessellate>1</tessellate>
				<coordinates>
					-72.67588688418282,-37.4990196365526,0.000
					-72.67588498157383,-37.499229029568085,0.000
					-72.6758716569258,-37.49941748259582,0.000
					-72.67586784998623,-37.49944984360235,0.000
					-72.6758792710004,-37.49945745758933,0.000
					-72.67590097899594,-37.49945513956343,0.000
					-72.67636087387295,-37.49939083201425,0.000
					-72.67636292790307,-37.499406976012814,0.000
					-72.67636848805772,-37.49948981801149,0.000
					-72.6763837170932,-37.499508852994644,0.000
					-72.67646747409975,-37.49951265989557,0.000
					-72.6768195081057,-37.49951704647856,0.000
					-72.67690597310977,-37.49951952537628,0.000
					-72.67690670005918,-37.49949241437369,0.000
					-72.67690214997218,-37.499445824376124,0.000
					-72.67689715890491,-37.49940976937976,0.000
					-72.67687939984378,-37.49937697739871,0.000
					-72.67684194174974,-37.49932649543992,0.000
					-72.67682854972543,-37.49931343245499,0.000
					-72.67676245360549,-37.49924896252926,0.000
					-72.67666259043503,-37.49915733064181,0.000
					-72.67662406635068,-37.49911205468463,0.000
					-72.67664742132682,-37.49909935665617,0.000
					-72.67668507440914,-37.49914353461434,0.000
					-72.67678405557817,-37.49923442850275,0.000
					-72.67683251266624,-37.49928172344829,0.000
					-72.67686518872556,-37.49931361541156,0.000
					-72.6769046008245,-37.4993667493682,0.000
					-72.67692482689377,-37.499403915346576,0.000
					-72.67693026496816,-37.499443763342704,0.000
					-72.67693500005767,-37.49949170934011,0.000
					-72.67693501611119,-37.49952036634188,0.000
					-72.67695038411199,-37.4995208493237,0.000
					-72.67715317509796,-37.49951402508287,0.000
					-72.67733870407464,-37.499502174862236,0.000
					-72.67759669403623,-37.49948249855518,0.000
					-72.67759988503208,-37.499480278551246,0.000
					-72.67760788701209,-37.499469585541114,0.000
					-72.67759667098237,-37.4994536485534,0.000
					-72.67755441191511,-37.49941748060119,0.000
					-72.67643916190563,-37.49833754085481,0.000
					-72.67624507105967,-37.49841935209002,0.000
					-72.67616666512676,-37.49845501918523,0.000
					-72.67599086428723,-37.498540365398995,0.000
					-72.67597640830212,-37.49854831141661,0.000
					-72.67587736640442,-37.49860275553747,0.000
					-72.67585261944723,-37.49862559756825,0.000
					-72.67585261953253,-37.49867128357116,0.000
					-72.67588688418282,-37.4990196365526,0.000
				</coordinates>
			</LinearRing>
		</outerBoundaryIs>
	</Polygon>
</MultiGeometry>
</Placemark>

<Placemark>
<name>8306011001507</name>
<description><![CDATA[<p><br/>NOM_COMUNA: NACIMIENTO
<br/>MANZENT_CODIGO: 8306011001507
<br/>TOTAL_PERSONAS(2017): 128
<br/>TOTAL_VIVIENDAS(2017): 59</p>]]></description>
<ExtendedData>
	<Data name="fid"><displayName>fid</displayName><value><![CDATA[221]]></value></Data>
	<Data name="NOM_COMUNA"><displayName>NOM_COMUNA</displayName><value><![CDATA[NACIMIENTO]]></value></Data>
	<Data name="MANZENT_I"><displayName>MANZENT_I</displayName><value><![CDATA[8306011001507]]></value></Data>
	<Data name="TOTAL_PERS"><displayName>TOTAL_PERS</displayName><value><![CDATA[128]]></value></Data>
	<Data name="TOTAL_VIVI"><displayName>TOTAL_VIVI</displayName><value><![CDATA[59]]></value></Data>
</ExtendedData>
<styleUrl>#style1</styleUrl>
<MultiGeometry>
	<Polygon>
		<outerBoundaryIs>
			<LinearRing>
				<tessellate>1</tessellate>
				<coordinates>
					-72.67585799911829,-37.4995205136185,0.000
					-72.67583063576942,-37.49986910467303,0.000
					-72.67581754923292,-37.50011728270424,0.000
					-72.67582116625272,-37.500127894700604,0.000
					-72.67582830425668,-37.50013003569226,0.000
					-72.67589198325187,-37.50012768361666,0.000
					-72.67590317725106,-37.50012727060335,0.000
					-72.67591077125041,-37.500126975594334,0.000
					-72.67598649024032,-37.50012179750427,0.000
					-72.67606879422176,-37.50011215240606,0.000
					-72.67618104419117,-37.50009615827203,0.000
					-72.67638598512268,-37.5000601800268,0.000
					-72.67638903714322,-37.50007118802389,0.000
					-72.67639208916377,-37.500082198021005,0.000
					-72.67618657923242,-37.50011825626686,0.000
					-72.67607330726327,-37.500134410402126,0.000
					-72.67598975428213,-37.50014421050182,0.000
					-72.67591817929168,-37.50014907858694,0.000
					-72.67589653329371,-37.50015008761266,0.000
					-72.67589304129402,-37.5001502506168,0.000
					-72.67582140430069,-37.500153592701956,0.000
					-72.67581093431143,-37.50015930371475,0.000
					-72.67580402534081,-37.50017500472393,0.000
					-72.67579526770794,-37.50037155874669,0.000
					-72.67580403472208,-37.50037916573684,0.000
					-72.67580807972202,-37.500379165732035,0.000
					-72.67581474171668,-37.500376310723915,0.000
					-72.67600741765983,-37.50034652449366,0.000
					-72.67614819862439,-37.50032804032561,0.000
					-72.67625115158313,-37.5003062922022,0.000
					-72.67633842954295,-37.5002850620974,0.000
					-72.67637532052595,-37.50027608905312,0.000
					-72.67637713252522,-37.50027571305094,0.000
					-72.67668564942377,-37.50022243268189,0.000
					-72.67668706442336,-37.500222225680176,0.000
					-72.67669099842297,-37.50022202967553,0.000
					-72.67670126148613,-37.50025586366548,0.000
					-72.6766976484885,-37.50025711966985,0.000
					-72.6766952314895,-37.50025765067277,0.000
					-72.67638763059063,-37.500310773040745,0.000
					-72.67635163660722,-37.50031952808397,0.000
					-72.6762639576476,-37.500340855189194,0.000
					-72.67626314964792,-37.50034103819017,0.000
					-72.6761587426898,-37.50036309431537,0.000
					-72.6761566236905,-37.50036345631788,0.000
					-72.67592202574949,-37.50039425659789,0.000
					-72.67589635775828,-37.500398871628626,0.000
					-72.67579951379143,-37.50041628574454,0.000
					-72.67579554079576,-37.50041862274935,0.000
					-72.67578552982106,-37.50043210876208,0.000
					-72.6757770230502,-37.500554803779934,0.000
					-72.67578231307927,-37.50057039477467,0.000
					-72.67581379010593,-37.500584750738284,0.000
					-72.6758385371129,-37.50058855870916,0.000
					-72.67588803010541,-37.50058475065028,0.000
					-72.67603678606127,-37.50056159447249,0.000
					-72.67607748404915,-37.500555258423816,0.000
					-72.67614524602868,-37.50054452034282,0.000
					-72.67644768592963,-37.50049251498104,0.000
					-72.67666895787899,-37.50046613971708,0.000
					-72.67685395382654,-37.50043868949606,0.000
					-72.67686770782242,-37.50043652647964,0.000
					-72.67687188467293,-37.5003564944696,0.000
					-72.67687215856104,-37.500296572465494,0.000
					-72.67687813241922,-37.500220630453576,0.000
					-72.67688099230823,-37.50016120944643,0.000
					-72.67689019017656,-37.50009073843112,0.000
					-72.676903847178,-37.500091548414936,0.000
					-72.6769175121794,-37.50009235739881,0.000
					-72.67691828118078,-37.50009309339796,0.000
					-72.67690921931107,-37.50016284641309,0.000
					-72.67690637642106,-37.50022172742018,0.000
					-72.67690041356225,-37.50029730843205,0.000
					-72.67690014867365,-37.50035696043615,0.000
					-72.67689714781355,-37.50043187944443,0.000
					-72.67721064571893,-37.5003822650697,0.000
					-72.67762551260189,-37.50032103557402,0.000
					-72.67821555941043,-37.500220533868294,0.000
					-72.67833883336976,-37.50019916772083,0.000
					-72.67837256634758,-37.50018739468006,0.000
					-72.67839326332025,-37.500172841654624,0.000
					-72.67839803629161,-37.500157525647985,0.000
					-72.67839495823854,-37.50012907864986,0.000
					-72.67836906405412,-37.500030250674314,0.000
					-72.67825963121952,-37.499582919775726,0.000
					-72.67825502818339,-37.49956354377995,0.000
					-72.6782441201455,-37.49954323279164,0.000
					-72.67823199911938,-37.49952920680509,0.000
					-72.6782192091064,-37.49952219681982,0.000
					-72.67820275909577,-37.49951646583895,0.000
					-72.67813532009781,-37.499517302918925,0.000
					-72.67785070211524,-37.499525673256855,0.000
					-72.67755165613661,-37.49953610261196,0.000
					-72.67717141817086,-37.49955313406372,0.000
					-72.67686006119119,-37.49956295943342,0.000
					-72.6767974831897,-37.499561966507564,0.000
					-72.67657641218483,-37.49955860376938,0.000
					-72.67634412318228,-37.49955644304456,0.000
					-72.67632510403145,-37.49947559306199,0.000
					-72.67631842395096,-37.4994324730672,0.000
					-72.67586870608935,-37.49950504660486,0.000
					-72.67585799911829,-37.4995205136185,0.000
				</coordinates>
			</LinearRing>
		</outerBoundaryIs>
	</Polygon>
</MultiGeometry>
</Placemark>

<Placemark>
<name>8306011001017</name>
<description><![CDATA[<p><br/>NOM_COMUNA: NACIMIENTO
<br/>MANZENT_CODIGO: 8306011001017
<br/>TOTAL_PERSONAS(2017): 141
<br/>TOTAL_VIVIENDAS(2017): 52</p>]]></description>
<ExtendedData>
	<Data name="fid"><displayName>fid</displayName><value><![CDATA[222]]></value></Data>
	<Data name="NOM_COMUNA"><displayName>NOM_COMUNA</displayName><value><![CDATA[NACIMIENTO]]></value></Data>
	<Data name="MANZENT_I"><displayName>MANZENT_I</displayName><value><![CDATA[8306011001017]]></value></Data>
	<Data name="TOTAL_PERS"><displayName>TOTAL_PERS</displayName><value><![CDATA[141]]></value></Data>
	<Data name="TOTAL_VIVI"><displayName>TOTAL_VIVI</displayName><value><![CDATA[52]]></value></Data>
</ExtendedData>
<styleUrl>#style1</styleUrl>
<MultiGeometry>
	<Polygon>
		<outerBoundaryIs>
			<LinearRing>
				<tessellate>1</tessellate>
				<coordinates>
					-72.67532860126224,-37.49745362911523,0.000
					-72.67561157499705,-37.49784814680478,0.000
					-72.67559121801642,-37.497858433829585,0.000
					-72.67557089803573,-37.49786870385428,0.000
					-72.67527971728428,-37.49746528317388,0.000
					-72.67527038427426,-37.49745987318459,0.000
					-72.67526342627104,-37.49745811319274,0.000
					-72.67524653327355,-37.497459403212844,0.000
					-72.67512651134034,-37.497494783357325,0.000
					-72.67505396138074,-37.49751617044466,0.000
					-72.67503458939633,-37.497524439468194,0.000
					-72.6750131264221,-37.49753816549446,0.000
					-72.67500392445176,-37.49755402550641,0.000
					-72.67499787048939,-37.497574182514846,0.000
					-72.675008347662,-37.497666669508305,0.000
					-72.67503619992571,-37.49780798048423,0.000
					-72.67506427214214,-37.4979239734583,0.000
					-72.6750917912897,-37.498003098430644,0.000
					-72.67512743643144,-37.498079138393216,0.000
					-72.67516192752016,-37.49812676835539,0.000
					-72.67525302175534,-37.4982530142554,0.000
					-72.6753106908496,-37.49830368019024,0.000
					-72.6754428751065,-37.49844171404232,0.000
					-72.67544987511737,-37.49844757503439,0.000
					-72.67564656748252,-37.49864379781365,0.000
					-72.6756633214689,-37.4986365647933,0.000
					-72.67583846928285,-37.49853750457947,0.000
					-72.67604286406305,-37.49842050032978,0.000
					-72.67616163995805,-37.49836465718548,0.000
					-72.6762262849009,-37.498334264106916,0.000
					-72.67654546665418,-37.49820320672032,0.000
					-72.6769738463015,-37.4980158112007,0.000
					-72.67698398426988,-37.49799888818765,0.000
					-72.67698309024878,-37.497987606187976,0.000
					-72.67697704922436,-37.49797451019428,0.000
					-72.67686433682655,-37.49776105731437,0.000
					-72.67673740936534,-37.49751362044918,0.000
					-72.67667423113795,-37.497391620516346,0.000
					-72.67665441906144,-37.49735057053724,0.000
					-72.676381028289,-37.49747152486891,0.000
					-72.67636960724109,-37.49744582688081,0.000
					-72.67664251101546,-37.497325895549785,0.000
					-72.67661482090848,-37.49726852257897,0.000
					-72.67655857872654,-37.49717089963947,0.000
					-72.6765086246088,-37.49710764569469,0.000
					-72.67639895836821,-37.496978422816504,0.000
					-72.67620895695285,-37.49675533702758,0.000
					-72.67618501590991,-37.49673224705448,0.000
					-72.67617326289579,-37.49672462606794,0.000
					-72.67616377488827,-37.4967205640789,0.000
					-72.67614419488918,-37.49672099010217,0.000
					-72.67612071090042,-37.496726926130364,0.000
					-72.67551050148336,-37.49703708387325,0.000
					-72.67548646050768,-37.49705003790256,0.000
					-72.67547287853553,-37.49706490991961,0.000
					-72.67546440456914,-37.49708285693079,0.000
					-72.67545979861492,-37.497107367937794,0.000
					-72.67546777976082,-37.49718556693325,0.000
					-72.67547335292237,-37.497272098932136,0.000
					-72.6754650650128,-37.49732050894505,0.000
					-72.67544791708515,-37.497359191967796,0.000
					-72.67542646313079,-37.49738355199475,0.000
					-72.67539732416924,-37.49740406603062,0.000
					-72.67537059519202,-37.49741615606304,0.000
					-72.6753403652145,-37.49742808709965,0.000
					-72.67533120222143,-37.49743178211072,0.000
					-72.6753282792476,-37.49744578311509,0.000
					-72.67532860126224,-37.49745362911523,0.000
				</coordinates>
			</LinearRing>
		</outerBoundaryIs>
	</Polygon>
</MultiGeometry>
</Placemark>

<Placemark>
<name>8306011002500</name>
<description><![CDATA[<p><br/>NOM_COMUNA: NACIMIENTO
<br/>MANZENT_CODIGO: 8306011002500
<br/>TOTAL_PERSONAS(2017): 35
<br/>TOTAL_VIVIENDAS(2017): 16</p>]]></description>
<ExtendedData>
	<Data name="fid"><displayName>fid</displayName><value><![CDATA[223]]></value></Data>
	<Data name="NOM_COMUNA"><displayName>NOM_COMUNA</displayName><value><![CDATA[NACIMIENTO]]></value></Data>
	<Data name="MANZENT_I"><displayName>MANZENT_I</displayName><value><![CDATA[8306011002500]]></value></Data>
	<Data name="TOTAL_PERS"><displayName>TOTAL_PERS</displayName><value><![CDATA[35]]></value></Data>
	<Data name="TOTAL_VIVI"><displayName>TOTAL_VIVI</displayName><value><![CDATA[16]]></value></Data>
</ExtendedData>
<styleUrl>#style1</styleUrl>
<MultiGeometry>
	<Polygon>
		<outerBoundaryIs>
			<LinearRing>
				<tessellate>1</tessellate>
				<coordinates>
					-72.66849283981367,-37.50147504747278,0.000
					-72.66847224582446,-37.501480745497545,0.000
					-72.66847170782319,-37.50148006049812,0.000
					-72.66847124982185,-37.501479339498616,0.000
					-72.66847087882044,-37.50147858549904,0.000
					-72.66847080582012,-37.501478422499105,0.000
					-72.66847074081981,-37.50147825549919,0.000
					-72.66839567345345,-37.501281839575654,0.000
					-72.66827503951612,-37.50131501072079,0.000
					-72.66828351856931,-37.501343534712525,0.000
					-72.66828368857063,-37.501344222712355,0.000
					-72.66828379957215,-37.50134502571232,0.000
					-72.66828381957362,-37.50134583371233,0.000
					-72.66828374957512,-37.501346640712455,0.000
					-72.6682835885766,-37.50134743871272,0.000
					-72.6682833375781,-37.50134822171303,0.000
					-72.66828300057952,-37.501348984713474,0.000
					-72.66828257858087,-37.50134971971404,0.000
					-72.66828207558221,-37.50135042171472,0.000
					-72.66828149658345,-37.50135108471539,0.000
					-72.66828084458461,-37.501351704716214,0.000
					-72.66828012458569,-37.501352274717085,0.000
					-72.66827934458667,-37.5013527917181,0.000
					-72.66827850958748,-37.5013532497191,0.000
					-72.66827762558826,-37.50135364772018,0.000
					-72.66827670058889,-37.501353979721316,0.000
					-72.66827574158934,-37.50135423872244,0.000
					-72.6682755325895,-37.50135429072273,0.000
					-72.66827532158955,-37.50135433572295,0.000
					-72.66824835160003,-37.50135984475528,0.000
					-72.66809393866289,-37.50139302394043,0.000
					-72.6680791276689,-37.501396205958194,0.000
					-72.66805939167689,-37.501400395981825,0.000
					-72.66812601702308,-37.50158599391466,0.000
					-72.66825308164796,-37.501921007785256,0.000
					-72.66825849467463,-37.50193528077974,0.000
					-72.66826997170544,-37.5019518177672,0.000
					-72.66827736672104,-37.50196019875896,0.000
					-72.66829058672782,-37.50196387574352,0.000
					-72.66832565372127,-37.50196048170176,0.000
					-72.66850156565799,-37.501927152491085,0.000
					-72.66853837764533,-37.501920506447064,0.000
					-72.66908232242874,-37.50180629179501,0.000
					-72.66912258640355,-37.50179292174644,0.000
					-72.66914300539077,-37.501786141721766,0.000
					-72.66915386838168,-37.501781313708626,0.000
					-72.66916738235781,-37.5017685796918,0.000
					-72.6691751213082,-37.501742045680906,0.000
					-72.66916941025224,-37.50171206468583,0.000
					-72.66895895799885,-37.50104024389263,0.000
					-72.6689445669132,-37.50099430590681,0.000
					-72.66894398991101,-37.500993159907374,0.000
					-72.66893316389553,-37.50098483491968,0.000
					-72.66891945088368,-37.50097843693553,0.000
					-72.66888152387916,-37.500975884980306,0.000
					-72.66887159488154,-37.50097712699216,0.000
					-72.6688031269086,-37.50099138307428,0.000
					-72.66834492608949,-37.50108678262343,0.000
					-72.66834984111362,-37.501099732618435,0.000
					-72.6683680862033,-37.50114779959987,0.000
					-72.66841375942623,-37.50126731755334,0.000
					-72.66841405242764,-37.50126809155304,0.000
					-72.66849236780985,-37.501473009473216,0.000
					-72.66849245081029,-37.501473230473124,0.000
					-72.66849272881221,-37.50147424447284,0.000
					-72.66849283981367,-37.50147504747278,0.000
				</coordinates>
			</LinearRing>
		</outerBoundaryIs>
	</Polygon>
</MultiGeometry>
</Placemark>

<Placemark>
<name>8306011003500</name>
<description><![CDATA[<p><br/>NOM_COMUNA: NACIMIENTO
<br/>MANZENT_CODIGO: 8306011003500
<br/>TOTAL_PERSONAS(2017): 285
<br/>TOTAL_VIVIENDAS(2017): 111</p>]]></description>
<ExtendedData>
	<Data name="fid"><displayName>fid</displayName><value><![CDATA[224]]></value></Data>
	<Data name="NOM_COMUNA"><displayName>NOM_COMUNA</displayName><value><![CDATA[NACIMIENTO]]></value></Data>
	<Data name="MANZENT_I"><displayName>MANZENT_I</displayName><value><![CDATA[8306011003500]]></value></Data>
	<Data name="TOTAL_PERS"><displayName>TOTAL_PERS</displayName><value><![CDATA[285]]></value></Data>
	<Data name="TOTAL_VIVI"><displayName>TOTAL_VIVI</displayName><value><![CDATA[111]]></value></Data>
</ExtendedData>
<styleUrl>#style1</styleUrl>
<MultiGeometry>
	<Polygon>
		<outerBoundaryIs>
			<LinearRing>
				<tessellate>1</tessellate>
				<coordinates>
					-72.67902815489673,-37.5047672491924,0.000
					-72.6790202741878,-37.50492308721159,0.000
					-72.67901301855038,-37.5051171482324,0.000
					-72.67900809287474,-37.50529079724925,0.000
					-72.67899608622363,-37.505477554275274,0.000
					-72.67899594145744,-37.505602724283335,0.000
					-72.67900316060191,-37.505680097279686,0.000
					-72.67902578675852,-37.505763990258174,0.000
					-72.67905945899248,-37.50588937422617,0.000
					-72.67907517406115,-37.50592618120989,0.000
					-72.67908234207907,-37.50593578420196,0.000
					-72.67909931809892,-37.5059464811825,0.000
					-72.67911472911082,-37.50595291216468,0.000
					-72.6791341101153,-37.50595536614182,0.000
					-72.67915100511276,-37.505954076121725,0.000
					-72.67934724498318,-37.50588538888473,0.000
					-72.67952405785198,-37.50581577967073,0.000
					-72.67966537374011,-37.505756375499445,0.000
					-72.67970878670036,-37.50573524044664,0.000
					-72.67972752267553,-37.50572200142361,0.000
					-72.6797366766487,-37.50570767241183,0.000
					-72.6797405256212,-37.50569296840638,0.000
					-72.67972214242691,-37.50558888242158,0.000
					-72.67969718426086,-37.50549989644555,0.000
					-72.67968833507136,-37.50539843044966,0.000
					-72.6797006680302,-37.505376414433634,0.000
					-72.67973109098263,-37.50535105839594,0.000
					-72.6797534619158,-37.505315361367174,0.000
					-72.67976742383776,-37.50527364034798,0.000
					-72.67976573816156,-37.50491160632715,0.000
					-72.67979017116039,-37.50491105029811,0.000
					-72.67981464015917,-37.504910494269076,0.000
					-72.67980845657995,-37.505135756290656,0.000
					-72.6798065297713,-37.50523818229936,0.000
					-72.67979985286705,-37.50528941731053,0.000
					-72.6797816749606,-37.50533943633525,0.000
					-72.67974756203293,-37.50537805637811,0.000
					-72.67973578806088,-37.505392965393035,0.000
					-72.67972278511519,-37.50542199741027,0.000
					-72.67973105227838,-37.50550939340601,0.000
					-72.67977513960057,-37.50568202336467,0.000
					-72.67978303462235,-37.505693713356,0.000
					-72.67980350964265,-37.505704660332434,0.000
					-72.67982659464201,-37.505704392305034,0.000
					-72.68023067833771,-37.50554291281583,0.000
					-72.68023854136223,-37.50555606480732,0.000
					-72.6802463813867,-37.50556917479888,0.000
					-72.67977966774357,-37.50575862236407,0.000
					-72.67935395807629,-37.50593526587996,0.000
					-72.67915619222285,-37.50601302511928,0.000
					-72.67887352433952,-37.506074514458284,0.000
					-72.67840563349422,-37.50615570301813,0.000
					-72.6779853186582,-37.50624205952185,0.000
					-72.6778465317139,-37.50627138568825,0.000
					-72.67765379579068,-37.50631184091929,0.000
					-72.6778382060252,-37.50697333074251,0.000
					-72.67810446862856,-37.50783255348111,0.000
					-72.67814729861048,-37.50782303642978,0.000
					-72.67820118158618,-37.507810207365075,0.000
					-72.67830485453003,-37.50778049924029,0.000
					-72.67832853151549,-37.50777279721173,0.000
					-72.67843213445879,-37.507742828086975,0.000
					-72.67871615728811,-37.507652437744575,0.000
					-72.67887975117674,-37.50759338354688,0.000
					-72.67909292102242,-37.50751151228903,0.000
					-72.67928481686862,-37.5074298530563,0.000
					-72.67955107163698,-37.50730675973293,0.000
					-72.67976678442464,-37.507193847470035,0.000
					-72.67989546529721,-37.5071260843132,0.000
					-72.68006096211872,-37.50703110911097,0.000
					-72.68021259195109,-37.50694189892559,0.000
					-72.68041293572416,-37.506821112680484,0.000
					-72.68064278747063,-37.50668621739943,0.000
					-72.6808627452204,-37.50655301913031,0.000
					-72.68109135297362,-37.50642170285098,0.000
					-72.68135564868226,-37.50626666452786,0.000
					-72.68163224537211,-37.50610159518954,0.000
					-72.68192792902936,-37.50591914582749,0.000
					-72.68208130784458,-37.50582077563946,0.000
					-72.68218432471623,-37.505752416513,0.000
					-72.68231379154793,-37.50566276735389,0.000
					-72.68243346936279,-37.505564095205784,0.000
					-72.6825691911514,-37.5054514090378,0.000
					-72.68271272990509,-37.50532004185936,0.000
					-72.68290126253711,-37.505123681623445,0.000
					-72.68297263533874,-37.50501775253212,0.000
					-72.68300116818664,-37.50493639649322,0.000
					-72.68299883409529,-37.50488750649288,0.000
					-72.68299120202335,-37.50484896649951,0.000
					-72.68297673796792,-37.50481921451473,0.000
					-72.68295737592135,-37.50479423253614,0.000
					-72.68293194689281,-37.50477886456534,0.000
					-72.68291158487251,-37.504767920588726,0.000
					-72.68286874985692,-37.50475942063899,0.000
					-72.68267390584785,-37.50475388386964,0.000
					-72.68252442685872,-37.504759150047185,0.000
					-72.68248232986687,-37.50476337109733,0.000
					-72.68243910388173,-37.504771173149095,0.000
					-72.68237477291429,-37.504788384226444,0.000
					-72.68230404695055,-37.50480754331147,0.000
					-72.68219757399396,-37.50483041543912,0.000
					-72.6820816820051,-37.504835980576836,0.000
					-72.68195962701965,-37.504843316722,0.000
					-72.68186386699672,-37.50483071283471,0.000
					-72.68165548293102,-37.50479480907954,0.000
					-72.68124537074615,-37.50469438455934,0.000
					-72.68091450561839,-37.50462480394718,0.000
					-72.68037906040023,-37.50450614457444,0.000
					-72.6799209322191,-37.504407566111325,0.000
					-72.67965285711774,-37.50435237242559,0.000
					-72.67938645305885,-37.50431992173937,0.000
					-72.67911190598626,-37.5042801000623,0.000
					-72.67909144498567,-37.5042796970865,0.000
					-72.67907238399599,-37.504285180109456,0.000
					-72.67905627201961,-37.504297750129375,0.000
					-72.6790475850387,-37.5043079431403,0.000
					-72.67904084906982,-37.504324572149336,0.000
					-72.67903598718563,-37.50438656815903,0.000
					-72.67904183342652,-37.50451555016027,0.000
					-72.67902815489673,-37.5047672491924,0.000
				</coordinates>
			</LinearRing>
		</outerBoundaryIs>
	</Polygon>
</MultiGeometry>
</Placemark>

<Placemark>
<name>8306011003501</name>
<description><![CDATA[<p><br/>NOM_COMUNA: NACIMIENTO
<br/>MANZENT_CODIGO: 8306011003501
<br/>TOTAL_PERSONAS(2017): 81
<br/>TOTAL_VIVIENDAS(2017): 15</p>]]></description>
<ExtendedData>
	<Data name="fid"><displayName>fid</displayName><value><![CDATA[225]]></value></Data>
	<Data name="NOM_COMUNA"><displayName>NOM_COMUNA</displayName><value><![CDATA[NACIMIENTO]]></value></Data>
	<Data name="MANZENT_I"><displayName>MANZENT_I</displayName><value><![CDATA[8306011003501]]></value></Data>
	<Data name="TOTAL_PERS"><displayName>TOTAL_PERS</displayName><value><![CDATA[81]]></value></Data>
	<Data name="TOTAL_VIVI"><displayName>TOTAL_VIVI</displayName><value><![CDATA[15]]></value></Data>
</ExtendedData>
<styleUrl>#style1</styleUrl>
<MultiGeometry>
	<Polygon>
		<outerBoundaryIs>
			<LinearRing>
				<tessellate>1</tessellate>
				<coordinates>
					-72.67658140123187,-37.50654435820532,0.000
					-72.67625782535286,-37.50660801159298,0.000
					-72.67623494034827,-37.50660548761993,0.000
					-72.6762100813263,-37.50659364364867,0.000
					-72.67618903729941,-37.506579171672676,0.000
					-72.6761710962832,-37.50657043769338,0.000
					-72.6761494502721,-37.50656442371867,0.000
					-72.67611832527338,-37.5065649827556,0.000
					-72.67609781527561,-37.50656611077998,0.000
					-72.67583878437846,-37.5066203090905,0.000
					-72.67555951748072,-37.506674108424974,0.000
					-72.67543313953057,-37.506700367576485,0.000
					-72.6754004875488,-37.506709997615786,0.000
					-72.67538384656329,-37.50671769063603,0.000
					-72.67538031258538,-37.50672951664098,0.000
					-72.6753872486309,-37.50675389463426,0.000
					-72.67542633181792,-37.50685415359431,0.000
					-72.67548049411178,-37.50701166354006,0.000
					-72.67554069751195,-37.507226066482225,0.000
					-72.67557720490868,-37.50743856045235,0.000
					-72.67565649569876,-37.50786177938517,0.000
					-72.67569993614117,-37.50809874234868,0.000
					-72.67571605219923,-37.50812987933156,0.000
					-72.67573613425,-37.50815713030943,0.000
					-72.67577197928478,-37.50817585926816,0.000
					-72.67579785130023,-37.50818420823799,0.000
					-72.67583356129539,-37.508181757195494,0.000
					-72.67624277120834,-37.50813655370747,0.000
					-72.67672763407698,-37.50806787012831,0.000
					-72.67678122606245,-37.508060278064306,0.000
					-72.67680358705772,-37.508057834037636,0.000
					-72.67682027004074,-37.50804879001731,0.000
					-72.67683107601663,-37.50803593600365,0.000
					-72.67683367597583,-37.50801408799918,0.000
					-72.67679760067554,-37.50785324003181,0.000
					-72.67683323667076,-37.50785079298938,0.000
					-72.67686901966597,-37.50784833694679,0.000
					-72.67690088900163,-37.50802811692038,0.000
					-72.67690616402449,-37.50804038691493,0.000
					-72.67693230803724,-37.50804729988436,0.000
					-72.67695100903492,-37.508046135862145,0.000
					-72.67734066992621,-37.507989278396565,0.000
					-72.67764648282625,-37.50793680903069,0.000
					-72.67794858771114,-37.507876244668715,0.000
					-72.67807310564929,-37.50784354851903,0.000
					-72.6780679906196,-37.50782765152404,0.000
					-72.67787764547619,-37.50721490771102,0.000
					-72.67781811911165,-37.50701954176922,0.000
					-72.67763090284852,-37.50634273094839,0.000
					-72.67762427280154,-37.50631752995462,0.000
					-72.67740070888728,-37.50636267222254,0.000
					-72.67701964404421,-37.50644538267953,0.000
					-72.67658140123187,-37.50654435820532,0.000
				</coordinates>
			</LinearRing>
		</outerBoundaryIs>
	</Polygon>
</MultiGeometry>
</Placemark>

<Placemark>
<name>8306011004500</name>
<description><![CDATA[<p><br/>NOM_COMUNA: NACIMIENTO
<br/>MANZENT_CODIGO: 8306011004500
<br/>TOTAL_PERSONAS(2017): 29
<br/>TOTAL_VIVIENDAS(2017): 13</p>]]></description>
<ExtendedData>
	<Data name="fid"><displayName>fid</displayName><value><![CDATA[226]]></value></Data>
	<Data name="NOM_COMUNA"><displayName>NOM_COMUNA</displayName><value><![CDATA[NACIMIENTO]]></value></Data>
	<Data name="MANZENT_I"><displayName>MANZENT_I</displayName><value><![CDATA[8306011004500]]></value></Data>
	<Data name="TOTAL_PERS"><displayName>TOTAL_PERS</displayName><value><![CDATA[29]]></value></Data>
	<Data name="TOTAL_VIVI"><displayName>TOTAL_VIVI</displayName><value><![CDATA[13]]></value></Data>
</ExtendedData>
<styleUrl>#style1</styleUrl>
<MultiGeometry>
	<Polygon>
		<outerBoundaryIs>
			<LinearRing>
				<tessellate>1</tessellate>
				<coordinates>
					-72.68504466155908,-37.49818202064496,0.000
					-72.68501295257596,-37.498190941683134,0.000
					-72.68496406836819,-37.49807947673402,0.000
					-72.68497568333608,-37.49806231171919,0.000
					-72.6849258930574,-37.497912911768815,0.000
					-72.68490844002541,-37.497895717788396,0.000
					-72.68480971105615,-37.497911826906424,0.000
					-72.6847434230895,-37.49792943998613,0.000
					-72.68472727710837,-37.497939487005866,0.000
					-72.6847113501414,-37.497957108025844,0.000
					-72.68471068818145,-37.497978554027995,0.000
					-72.68471715922438,-37.49800157102176,0.000
					-72.68483283477606,-37.498297459903334,0.000
					-72.6848338387761,-37.49829747990215,0.000
					-72.68483484677628,-37.49829757190097,0.000
					-72.68483584077653,-37.49829773589976,0.000
					-72.68483681177699,-37.498297969898665,0.000
					-72.68483775277755,-37.49829827289753,0.000
					-72.68483865577822,-37.49829864089652,0.000
					-72.68483951377904,-37.49829907289552,0.000
					-72.68484032577996,-37.49829956789457,0.000
					-72.68489659384997,-37.49833727883027,0.000
					-72.68493095588744,-37.49835746479084,0.000
					-72.68499916188414,-37.49835594370991,0.000
					-72.68525242680087,-37.49831225240693,0.000
					-72.68533528274939,-37.49828497030698,0.000
					-72.68539537368535,-37.49825092023365,0.000
					-72.68539787464275,-37.4982280802292,0.000
					-72.68528431501173,-37.49788972634247,0.000
					-72.68527042195593,-37.49785980535709,0.000
					-72.68525704293064,-37.49784620537211,0.000
					-72.68524126792023,-37.49784057939043,0.000
					-72.68497521400201,-37.497883418708476,0.000
					-72.68496496806078,-37.497914849722584,0.000
					-72.68501114932518,-37.49805660867679,0.000
					-72.68503330734617,-37.49806794765123,0.000
					-72.68507673354202,-37.498172997606375,0.000
					-72.68504466155908,-37.49818202064496,0.000
				</coordinates>
			</LinearRing>
		</outerBoundaryIs>
	</Polygon>
</MultiGeometry>
</Placemark>

<Placemark>
<name>8306011004503</name>
<description><![CDATA[<p><br/>NOM_COMUNA: NACIMIENTO
<br/>MANZENT_CODIGO: 8306011004503
<br/>TOTAL_PERSONAS(2017): 128
<br/>TOTAL_VIVIENDAS(2017): 45</p>]]></description>
<ExtendedData>
	<Data name="fid"><displayName>fid</displayName><value><![CDATA[227]]></value></Data>
	<Data name="NOM_COMUNA"><displayName>NOM_COMUNA</displayName><value><![CDATA[NACIMIENTO]]></value></Data>
	<Data name="MANZENT_I"><displayName>MANZENT_I</displayName><value><![CDATA[8306011004503]]></value></Data>
	<Data name="TOTAL_PERS"><displayName>TOTAL_PERS</displayName><value><![CDATA[128]]></value></Data>
	<Data name="TOTAL_VIVI"><displayName>TOTAL_VIVI</displayName><value><![CDATA[45]]></value></Data>
</ExtendedData>
<styleUrl>#style1</styleUrl>
<MultiGeometry>
	<Polygon>
		<outerBoundaryIs>
			<LinearRing>
				<tessellate>1</tessellate>
				<coordinates>
					-72.68724007478747,-37.495098652848604,0.000
					-72.68722741487773,-37.49514693486668,0.000
					-72.68722924294161,-37.49518117086665,0.000
					-72.68723223700336,-37.49521425686521,0.000
					-72.68724302705337,-37.49524109885413,0.000
					-72.68724283716602,-37.49530142785809,0.000
					-72.68727085531144,-37.49537943282983,0.000
					-72.68726608542555,-37.49544052983935,0.000
					-72.68727380548532,-37.49547258183221,0.000
					-72.68728445954552,-37.4955048728216,0.000
					-72.68729886360461,-37.49553656080654,0.000
					-72.68731682566396,-37.49556840878725,0.000
					-72.68733780972522,-37.49560130676442,0.000
					-72.6873484617492,-37.4956141697526,0.000
					-72.68742182691408,-37.495702757671275,0.000
					-72.68744174298178,-37.49573910464996,0.000
					-72.68745758104991,-37.4957756426335,0.000
					-72.68746819211954,-37.49581297862325,0.000
					-72.68747276719168,-37.49585163862026,0.000
					-72.68745514326584,-37.495891305643646,0.000
					-72.68744768834057,-37.495931306655,0.000
					-72.68743468641634,-37.495971833672954,0.000
					-72.68743429941858,-37.49597303967349,0.000
					-72.68741684249628,-37.49601460169678,0.000
					-72.68739748856909,-37.496053514722185,0.000
					-72.68739293864253,-37.496092851730054,0.000
					-72.68734455674392,-37.4961469657908,0.000
					-72.6873319087941,-37.49617379880749,0.000
					-72.68732233284317,-37.49620006082049,0.000
					-72.68731563689252,-37.49622646883009,0.000
					-72.68730218104642,-37.496308842851214,0.000
					-72.68729380809799,-37.496336434862904,0.000
					-72.6872781281657,-37.49637264788376,0.000
					-72.68725752622844,-37.496406173910266,0.000
					-72.68723863726797,-37.49642727493401,0.000
					-72.68720447833677,-37.4964639979768,0.000
					-72.68720085034407,-37.496467897981354,0.000
					-72.68718103639338,-37.4964942300065,0.000
					-72.68716377744889,-37.49652390102883,0.000
					-72.68714996950771,-37.49655535204716,0.000
					-72.68714001156619,-37.496586653060916,0.000
					-72.68713417462172,-37.49661636706975,0.000
					-72.68713182967466,-37.49664470907427,0.000
					-72.68713205272611,-37.49667228907572,0.000
					-72.68713414577745,-37.49669977107498,0.000
					-72.68713758682928,-37.49672754907266,0.000
					-72.68715041699389,-37.49681575506307,0.000
					-72.68714973405233,-37.496847058065796,0.000
					-72.68714315011195,-37.49687896607565,0.000
					-72.68713111516955,-37.4969097750918,0.000
					-72.68711465022149,-37.496937524113086,0.000
					-72.68709487226513,-37.49696083813798,0.000
					-72.68708409931824,-37.49698923915254,0.000
					-72.68705955735251,-37.497007503182786,0.000
					-72.68702432636633,-37.49701478822503,0.000
					-72.68697099243711,-37.49705249429057,0.000
					-72.68694712848334,-37.49707716932044,0.000
					-72.68693193553018,-37.49710219434002,0.000
					-72.68691500559655,-37.49713768436235,0.000
					-72.68690385164464,-37.497163403377144,0.000
					-72.68689619167769,-37.497181068387356,0.000
					-72.68685359585653,-37.49727670444389,0.000
					-72.68683105194101,-37.49732186247343,0.000
					-72.68680897301437,-37.497361081502035,0.000
					-72.6867880630718,-37.49739176252877,0.000
					-72.68675734313085,-37.497423264567175,0.000
					-72.68671375217833,-37.49744854462042,0.000
					-72.68662008224157,-37.4974820807336,0.000
					-72.68658424028385,-37.497504583777484,0.000
					-72.6865587143331,-37.49753087080942,0.000
					-72.68654045838556,-37.497558922832816,0.000
					-72.68653144244354,-37.49758992684546,0.000
					-72.68653099649492,-37.497617443847695,0.000
					-72.68653087950842,-37.49762467884829,0.000
					-72.68655610068448,-37.49771907482433,0.000
					-72.68653790172505,-37.497740706847246,0.000
					-72.68653651174756,-37.497752774849694,0.000
					-72.6865305608441,-37.49780445686,0.000
					-72.68652991694124,-37.49785648686405,0.000
					-72.68652576799552,-37.49788553587077,0.000
					-72.68652380806436,-37.49792238187542,0.000
					-72.686508809103,-37.497943036894505,0.000
					-72.68645015920283,-37.497996273967345,0.000
					-72.68641610729574,-37.49804593701085,0.000
					-72.68639026238147,-37.49809175104437,0.000
					-72.68638198849543,-37.498152733058035,0.000
					-72.68635556356146,-37.49818803709159,0.000
					-72.68635767561717,-37.49821787009095,0.000
					-72.68634447467127,-37.49824680210844,0.000
					-72.68632915184224,-37.49833828613235,0.000
					-72.68632931289898,-37.498368669134045,0.000
					-72.68632949196189,-37.498402366135956,0.000
					-72.68631204305964,-37.498454653159946,0.000
					-72.68629492713717,-37.498496132182844,0.000
					-72.68626469918013,-37.49851901522011,0.000
					-72.6862484412674,-37.49856569324238,0.000
					-72.68622937930533,-37.4985859562662,0.000
					-72.68618504934616,-37.49860766232013,0.000
					-72.6861491623962,-37.49863430936432,0.000
					-72.68614820939828,-37.498635442365526,0.000
					-72.68616146748397,-37.49868136635273,0.000
					-72.6861704085246,-37.49870317034346,0.000
					-72.68617245152821,-37.49870511234122,0.000
					-72.68618425454909,-37.49871632832788,0.000
					-72.68619962655644,-37.49872032430996,0.000
					-72.68622332055983,-37.49872223028194,0.000
					-72.68626395255806,-37.498721405233766,0.000
					-72.68639719649799,-37.49868972707381,0.000
					-72.68647192146096,-37.49867017798402,0.000
					-72.68661008039257,-37.498634032818,0.000
					-72.68667009931933,-37.49859504174441,0.000
					-72.68669362125861,-37.49856260571447,0.000
					-72.68671066120214,-37.4985324376924,0.000
					-72.68726775535677,-37.49754612896997,0.000
					-72.68727385933876,-37.49753651796209,0.000
					-72.68746655668937,-37.49718940271187,0.000
					-72.6875104375364,-37.497107633654686,0.000
					-72.68761764416267,-37.49690786051504,0.000
					-72.68766085000495,-37.49682354545854,0.000
					-72.68771295578085,-37.49670371838925,0.000
					-72.6877541725519,-37.49658124433265,0.000
					-72.68787976293919,-37.4962535131632,0.000
					-72.68799658237131,-37.49594976200562,0.000
					-72.6881893094596,-37.49546212474647,0.000
					-72.68825723510611,-37.495273035654066,0.000
					-72.68807431003422,-37.49523385786842,0.000
					-72.6879487299756,-37.49520202001522,0.000
					-72.68778619392232,-37.49517288420605,0.000
					-72.6876792308663,-37.49514249233087,0.000
					-72.68768583683863,-37.49512768932212,0.000
					-72.68769247381084,-37.4951128323133,0.000
					-72.68779719586561,-37.495142549191094,0.000
					-72.6879590559187,-37.4951715830011,0.000
					-72.68808542297765,-37.49520361585332,0.000
					-72.6882684630494,-37.49524270563886,0.000
					-72.68839154644435,-37.494919070472584,0.000
					-72.68848101199868,-37.49468065835156,0.000
					-72.68855616863178,-37.49448441125012,0.000
					-72.68868885699288,-37.49414267007136,0.000
					-72.68886359908089,-37.49365476883355,0.000
					-72.68897561248853,-37.49333785468087,0.000
					-72.68907198606253,-37.49311003155233,0.000
					-72.68917975952829,-37.49282421540658,0.000
					-72.68920394941935,-37.49276593137427,0.000
					-72.68918034838988,-37.492750059401246,0.000
					-72.68889129824606,-37.4926719477389,0.000
					-72.68884768221648,-37.49265595478954,0.000
					-72.68882064517598,-37.492634157820234,0.000
					-72.6887988761109,-37.49259921684388,0.000
					-72.6887635999667,-37.49252183588075,0.000
					-72.68873103784982,-37.492459107915415,0.000
					-72.68869866175602,-37.492408728950615,0.000
					-72.6886523826549,-37.492354383002066,0.000
					-72.68861864359569,-37.492322542040036,0.000
					-72.68858496555235,-37.49229921707846,0.000
					-72.6885693665323,-37.49228841409626,0.000
					-72.68852689250211,-37.492272082145575,0.000
					-72.68848852849393,-37.492267550190775,0.000
					-72.68848845949391,-37.492267542190824,0.000
					-72.68850653754055,-37.492292604171,0.000
					-72.6885276475968,-37.49232278814784,0.000
					-72.68854725166625,-37.492360075127024,0.000
					-72.68855931972296,-37.4923905001146,0.000
					-72.68856817078277,-37.492422575106126,0.000
					-72.68857237884296,-37.49245483010318,0.000
					-72.6885557689003,-37.49248550512478,0.000
					-72.68855037195313,-37.492513786132996,0.000
					-72.68853992600364,-37.49254079714706,0.000
					-72.68852373205293,-37.49256715516793,0.000
					-72.68850097710235,-37.49259352019654,0.000
					-72.68847119415275,-37.492620422233536,0.000
					-72.68843609620318,-37.49264731127681,0.000
					-72.68839785225235,-37.49267350832379,0.000
					-72.6883694942859,-37.49269137935852,0.000
					-72.68835846329897,-37.492698330372036,0.000
					-72.688319319341,-37.49272072441981,0.000
					-72.68828146437687,-37.492739808465906,0.000
					-72.6882458744057,-37.49275510750904,0.000
					-72.68817981345471,-37.49278112058898,0.000
					-72.68814849148197,-37.49279560162701,0.000
					-72.68811882051182,-37.49281151166316,0.000
					-72.68809105757686,-37.49284624969822,0.000
					-72.68804706261474,-37.492866385751675,0.000
					-72.68802788066016,-37.49289061177592,0.000
					-72.6880098877156,-37.49292026879908,0.000
					-72.68799259977979,-37.492954580821745,0.000
					-72.68795927292486,-37.49303219486614,0.000
					-72.6879584200073,-37.49307633586995,0.000
					-72.68792952414775,-37.49315146890893,0.000
					-72.68792089919256,-37.49317545692065,0.000
					-72.68790317328471,-37.49322475894474,0.000
					-72.68787461835664,-37.493263175981,0.000
					-72.68786165043993,-37.493307755999176,0.000
					-72.68784971652573,-37.49335366201624,0.000
					-72.68784033260276,-37.493394897029916,0.000
					-72.68783931461115,-37.49339937303142,0.000
					-72.68777303218349,-37.493705737129254,0.000
					-72.6877604323198,-37.49377871014876,0.000
					-72.68775699738396,-37.49381306815506,0.000
					-72.68775595343804,-37.49384202215806,0.000
					-72.68775582344477,-37.49384562315845,0.000
					-72.68775507755493,-37.493904635163055,0.000
					-72.68775245660403,-37.493930943167854,0.000
					-72.68776268665563,-37.493958629157426,0.000
					-72.68775419970385,-37.49398441716912,0.000
					-72.68772775474385,-37.49400575320183,0.000
					-72.68771313679012,-37.49403047422073,0.000
					-72.68769556983352,-37.49405365124299,0.000
					-72.68768749788744,-37.49408251025437,0.000
					-72.68766416192406,-37.49410205928327,0.000
					-72.68764145293483,-37.49410774331051,0.000
					-72.68762859894093,-37.49411096032598,0.000
					-72.6876033659726,-37.494127814356894,0.000
					-72.68755283903616,-37.494161700418964,0.000
					-72.68752909307017,-37.49417984444822,0.000
					-72.68750705510696,-37.49419946347558,0.000
					-72.68748705014738,-37.49422101550066,0.000
					-72.68746923819184,-37.49424477352327,0.000
					-72.68745342423865,-37.494269786543555,0.000
					-72.68742712933116,-37.49431924157784,0.000
					-72.68741618837733,-37.49434394459237,0.000
					-72.68740655142666,-37.494370340605464,0.000
					-72.68739807348119,-37.49439950861733,0.000
					-72.68739031554011,-37.49443103262849,0.000
					-72.68739065860441,-37.49446550863025,0.000
					-72.68737534866564,-37.494498237650475,0.000
					-72.6873465989135,-37.49463091369292,0.000
					-72.68733661796999,-37.494661132706646,0.000
					-72.68732328002437,-37.494690204724286,0.000
					-72.6873075550794,-37.494719634744776,0.000
					-72.68729102513875,-37.494751347766346,0.000
					-72.68727500120505,-37.4947868107876,0.000
					-72.68727621528217,-37.49482810878875,0.000
					-72.68726517535484,-37.49486700380428,0.000
					-72.68725775542744,-37.49490587881555,0.000
					-72.6872574314324,-37.49490852181604,0.000
					-72.68725322249647,-37.49494282882323,0.000
					-72.68725051555761,-37.494975577828505,0.000
					-72.68724865060886,-37.495003027832446,0.000
					-72.68724439975666,-37.49508215784244,0.000
					-72.68724007478747,-37.495098652848604,0.000
				</coordinates>
			</LinearRing>
		</outerBoundaryIs>
	</Polygon>
</MultiGeometry>
</Placemark>

<Placemark>
<name>8306021001011</name>
<description><![CDATA[<p><br/>NOM_COMUNA: NACIMIENTO
<br/>MANZENT_CODIGO: 8306021001011
<br/>TOTAL_PERSONAS(2017): 20
<br/>TOTAL_VIVIENDAS(2017): 8</p>]]></description>
<ExtendedData>
	<Data name="fid"><displayName>fid</displayName><value><![CDATA[228]]></value></Data>
	<Data name="NOM_COMUNA"><displayName>NOM_COMUNA</displayName><value><![CDATA[NACIMIENTO]]></value></Data>
	<Data name="MANZENT_I"><displayName>MANZENT_I</displayName><value><![CDATA[8306021001011]]></value></Data>
	<Data name="TOTAL_PERS"><displayName>TOTAL_PERS</displayName><value><![CDATA[20]]></value></Data>
	<Data name="TOTAL_VIVI"><displayName>TOTAL_VIVI</displayName><value><![CDATA[8]]></value></Data>
</ExtendedData>
<styleUrl>#style1</styleUrl>
<MultiGeometry>
	<Polygon>
		<outerBoundaryIs>
			<LinearRing>
				<tessellate>1</tessellate>
				<coordinates>
					-72.6898767487358,-37.50043641505945,0.000
					-72.6900879719556,-37.500554931816495,0.000
					-72.69009915395553,-37.50055491480326,0.000
					-72.69027321855526,-37.500341200583506,0.000
					-72.69027371453703,-37.50033144358227,0.000
					-72.69026558649053,-37.50030651659036,0.000
					-72.69006690130526,-37.50020657981956,0.000
					-72.69004548631206,-37.500210148845184,0.000
					-72.68987500269657,-37.500415398060206,0.000
					-72.6898767487358,-37.50043641505945,0.000
				</coordinates>
			</LinearRing>
		</outerBoundaryIs>
	</Polygon>
</MultiGeometry>
</Placemark>

<Placemark>
<name>8306021001517</name>
<description><![CDATA[<p><br/>NOM_COMUNA: NACIMIENTO
<br/>MANZENT_CODIGO: 8306021001517
<br/>TOTAL_PERSONAS(2017): 369
<br/>TOTAL_VIVIENDAS(2017): 204</p>]]></description>
<ExtendedData>
	<Data name="fid"><displayName>fid</displayName><value><![CDATA[229]]></value></Data>
	<Data name="NOM_COMUNA"><displayName>NOM_COMUNA</displayName><value><![CDATA[NACIMIENTO]]></value></Data>
	<Data name="MANZENT_I"><displayName>MANZENT_I</displayName><value><![CDATA[8306021001517]]></value></Data>
	<Data name="TOTAL_PERS"><displayName>TOTAL_PERS</displayName><value><![CDATA[369]]></value></Data>
	<Data name="TOTAL_VIVI"><displayName>TOTAL_VIVI</displayName><value><![CDATA[204]]></value></Data>
</ExtendedData>
<styleUrl>#style1</styleUrl>
<MultiGeometry>
	<Polygon>
		<outerBoundaryIs>
			<LinearRing>
				<tessellate>1</tessellate>
				<coordinates>
					-72.69271557565466,-37.50093910372608,0.000
					-72.69214181703968,-37.50060760438533,0.000
					-72.69213194906459,-37.50062091339786,0.000
					-72.69207412018753,-37.50068653547056,0.000
					-72.69054470143931,-37.502422056392525,0.000
					-72.69013781431131,-37.50288747890411,0.000
					-72.69016374041348,-37.50294226087682,0.000
					-72.69020744558864,-37.50303621383097,0.000
					-72.69029200392752,-37.50321798574212,0.000
					-72.6902363249866,-37.503249394810126,0.000
					-72.69020994788085,-37.503192692837835,0.000
					-72.690160314695,-37.503093008890374,0.000
					-72.68992781582459,-37.502626058136656,0.000
					-72.68952486334611,-37.50183290256437,0.000
					-72.68930119244555,-37.501349871799135,0.000
					-72.68911083452262,-37.500854944993634,0.000
					-72.68887526737122,-37.50023747423401,0.000
					-72.68885623131798,-37.50020892125474,0.000
					-72.6887943653273,-37.50021368032841,0.000
					-72.68867539236368,-37.50023271647059,0.000
					-72.68860349537677,-37.500239456556244,0.000
					-72.68854017137451,-37.50023801763124,0.000
					-72.68848919434802,-37.50022363969076,0.000
					-72.68846372131728,-37.50020708871988,0.000
					-72.68845600629407,-37.50019464472825,0.000
					-72.68842225721852,-37.5001540407657,0.000
					-72.68841879321596,-37.50015267076971,0.000
					-72.68841772621498,-37.50015212977098,0.000
					-72.6882496170503,-37.50006332996465,0.000
					-72.68824140104839,-37.500062292974306,0.000
					-72.68820589901351,-37.50004348401524,0.000
					-72.68788419974263,-37.49989723238731,0.000
					-72.68787536373442,-37.49989280739751,0.000
					-72.68787232573393,-37.499892535401074,0.000
					-72.68786854373228,-37.499891648405494,0.000
					-72.6878650127297,-37.499890251409646,0.000
					-72.68786184072624,-37.49988838741327,0.000
					-72.68785912272206,-37.49988611241632,0.000
					-72.68785706371747,-37.49988364241864,0.000
					-72.6878509867118,-37.49988059942565,0.000
					-72.68744052533076,-37.49967504089923,0.000
					-72.68743760133029,-37.49967477890268,0.000
					-72.68743381932863,-37.4996738919071,0.000
					-72.68743028832604,-37.49967249491119,0.000
					-72.6874271163226,-37.499670630914814,0.000
					-72.6874243983184,-37.499668355917905,0.000
					-72.68742240531394,-37.499665965920094,0.000
					-72.68739130128505,-37.49965038895601,0.000
					-72.68707871699614,-37.49949451331669,0.000
					-72.68699132391534,-37.49945093241753,0.000
					-72.68698838291263,-37.49944946442094,0.000
					-72.68697951990143,-37.499443433431054,0.000
					-72.68697352985325,-37.49941763243654,0.000
					-72.68694005181914,-37.499399223475045,0.000
					-72.6867967386834,-37.49932603364034,0.000
					-72.68669165359371,-37.49927759476186,0.000
					-72.68662109274533,-37.49935854985056,0.000
					-72.68645260909926,-37.49954746906216,0.000
					-72.68622634358924,-37.49980906234683,0.000
					-72.68597058413245,-37.50009900466826,0.000
					-72.68575223763578,-37.500367780944046,0.000
					-72.68553310315933,-37.50064735522141,0.000
					-72.68541026348169,-37.50081950437785,0.000
					-72.68539078653406,-37.50084749440273,0.000
					-72.68531604473516,-37.50095490649807,0.000
					-72.68521517802127,-37.501107750627284,0.000
					-72.68513054826931,-37.50124027673597,0.000
					-72.68504240053865,-37.50138417784953,0.000
					-72.68497712775142,-37.50149788793405,0.000
					-72.68488467106238,-37.50166405405411,0.000
					-72.68480495033496,-37.50180974215777,0.000
					-72.68472876860551,-37.5019543292572,0.000
					-72.68463552493667,-37.502131293378895,0.000
					-72.68456673017087,-37.50225646846831,0.000
					-72.68444890362059,-37.50249684462317,0.000
					-72.68438516683614,-37.50261202570598,0.000
					-72.6842908401711,-37.502791041829106,0.000
					-72.68416194664017,-37.50304174299768,0.000
					-72.68400368923648,-37.50336044820533,0.000
					-72.683995772298,-37.50339336621685,0.000
					-72.68400430233612,-37.50341380920801,0.000
					-72.68401821436346,-37.50342850119244,0.000
					-72.68404800840155,-37.50344900215839,0.000
					-72.68418532447713,-37.50348995999819,0.000
					-72.68453568166998,-37.50359446358951,0.000
					-72.68560569626177,-37.50391517434126,0.000
					-72.68564988728427,-37.50392739628965,0.000
					-72.68566878028399,-37.503927315267234,0.000
					-72.6856819042701,-37.50391991325124,0.000
					-72.68569537624876,-37.503908552234535,0.000
					-72.68570781022191,-37.50389419621893,0.000
					-72.68587059966875,-37.503598619007285,0.000
					-72.68587443766445,-37.50359633300262,0.000
					-72.68589535064105,-37.50358387797704,0.000
					-72.68615662931084,-37.503408035656214,0.000
					-72.68629929513119,-37.50331236848108,0.000
					-72.68643904081507,-37.50314361530478,0.000
					-72.68657408845873,-37.50295330713276,0.000
					-72.68663518501285,-37.50271477404529,0.000
					-72.68664728860911,-37.502498635017304,0.000
					-72.68666988261043,-37.50249943799059,0.000
					-72.6866924766118,-37.502500240963826,0.000
					-72.68668021502079,-37.50271920599215,0.000
					-72.68661697848235,-37.50296608908271,0.000
					-72.68647765284997,-37.5031624272602,0.000
					-72.68633343917621,-37.50333657444212,0.000
					-72.68618578736212,-37.503435585623414,0.000
					-72.68594130367109,-37.503600123923576,0.000
					-72.68592191073346,-37.503633455948645,0.000
					-72.685785866221,-37.50389401412638,0.000
					-72.68578295726013,-37.5039149541311,0.000
					-72.68578681628668,-37.50392917912744,0.000
					-72.68579962831217,-37.50394285711316,0.000
					-72.68581886033243,-37.50395377809099,0.000
					-72.6862778083889,-37.50398566254899,0.000
					-72.68629728837364,-37.5039775735254,0.000
					-72.6863090253615,-37.50397113451107,0.000
					-72.68631873934181,-37.503960601498875,0.000
					-72.68632336832174,-37.503949877492715,0.000
					-72.68632223128785,-37.50393174249292,0.000
					-72.68636802773428,-37.50363552241996,0.000
					-72.68639606773948,-37.50363841138688,0.000
					-72.6864241807447,-37.50364130835374,0.000
					-72.68638925427756,-37.50392648341315,0.000
					-72.68638576433081,-37.503954975419035,0.000
					-72.68638852735529,-37.50396809641658,0.000
					-72.68639608338397,-37.5039834734086,0.000
					-72.68640647240551,-37.50399503239706,0.000
					-72.68641738741572,-37.50400056338446,0.000
					-72.68665131244158,-37.50401524010804,0.000
					-72.68665040845191,-37.504020760109476,0.000
					-72.68664888446926,-37.50403006111189,0.000
					-72.68664239254328,-37.50406967712206,0.000
					-72.68640100154487,-37.50406963240824,0.000
					-72.68638297055459,-37.504074777429935,0.000
					-72.6863733995794,-37.50408801644211,0.000
					-72.68637325458151,-37.50408914344238,0.000
					-72.68637294258606,-37.50409157744284,0.000
					-72.68637190860109,-37.504099642444615,0.000
					-72.6863710646134,-37.50410622844602,0.000
					-72.68631454343725,-37.504547093540815,0.000
					-72.68632244845848,-37.504558512532135,0.000
					-72.68634803347759,-37.50456883750246,0.000
					-72.68718557758709,-37.504630486513506,0.000
					-72.68734510661133,-37.50464406532522,0.000
					-72.68738437960984,-37.504643392278645,0.000
					-72.68740790258947,-37.50463258825008,0.000
					-72.68743148856527,-37.50461971322126,0.000
					-72.68744282453632,-37.504604254206846,0.000
					-72.68778454937026,-37.503981206762575,0.000
					-72.68786746810244,-37.50383810265524,0.000
					-72.68789532511586,-37.503845381622675,0.000
					-72.68792413512968,-37.503852909589,0.000
					-72.68789935523988,-37.50391181162207,0.000
					-72.68789801027333,-37.50392971862481,0.000
					-72.68790435430009,-37.5039440816182,0.000
					-72.68791740231819,-37.50395379960333,0.000
					-72.68792109932035,-37.50395495359905,0.000
					-72.6885427294224,-37.50401191386571,0.000
					-72.68929417354688,-37.504081323979264,0.000
					-72.68932953654236,-37.504079042937235,0.000
					-72.68935057452177,-37.5040680999116,0.000
					-72.68936549449496,-37.50405379289298,0.000
					-72.68945428414534,-37.503866914776,0.000
					-72.68943882209543,-37.50384011679264,0.000
					-72.6892527940663,-37.503823860012176,0.000
					-72.68926039200345,-37.50379021500101,0.000
					-72.68945664702962,-37.50380495976928,0.000
					-72.68947982101663,-37.503798113741404,0.000
					-72.68953357584354,-37.50370562367189,0.000
					-72.68957039685596,-37.50371241462866,0.000
					-72.68960792286863,-37.503719334584574,0.000
					-72.68946205246954,-37.504040542777695,0.000
					-72.6894521004969,-37.504055126790455,0.000
					-72.68945503751765,-37.504066268787696,0.000
					-72.6894617325369,-37.504076582780336,0.000
					-72.68947403254549,-37.50408123976609,0.000
					-72.68957662658606,-37.50410334364584,0.000
					-72.6895660166897,-37.504158789661936,0.000
					-72.68956462070336,-37.504166086664014,0.000
					-72.68943474567124,-37.504148419816865,0.000
					-72.68942214667389,-37.50414979483189,0.000
					-72.68941422968072,-37.504153424841476,0.000
					-72.68940249569266,-37.504159773855854,0.000
					-72.68939770070351,-37.50416556386187,0.000
					-72.68939133471794,-37.50417325286988,0.000
					-72.6890914118465,-37.50477639726339,0.000
					-72.6887270392818,-37.50554346374358,0.000
					-72.68872361730408,-37.50555538174844,0.000
					-72.68873273632725,-37.505567816738385,0.000
					-72.68873856633716,-37.505573157731824,0.000
					-72.68874948134743,-37.50557868771919,0.000
					-72.68876276835793,-37.50558435570384,0.000
					-72.68892839739648,-37.50560562150879,0.000
					-72.68931272443129,-37.50562567005445,0.000
					-72.6898672335015,-37.50566532339962,0.000
					-72.6898678655017,-37.50566541039886,0.000
					-72.68993197351881,-37.50567481432348,0.000
					-72.68999665353206,-37.50568216324725,0.000
					-72.68999843853254,-37.50568242524517,0.000
					-72.69010156356647,-37.50570096512408,0.000
					-72.6901757735872,-37.50571231603682,0.000
					-72.6901777995879,-37.50571270403443,0.000
					-72.69025351262002,-37.50573017094574,0.000
					-72.69041464362473,-37.50573332375493,0.000
					-72.69050980359818,-37.50571946164126,0.000
					-72.69057451655253,-37.505695248562986,0.000
					-72.69057884255021,-37.50569403755782,0.000
					-72.69064164652731,-37.50568200348259,0.000
					-72.69064616252636,-37.50568151447721,0.000
					-72.69071697852226,-37.505679584393135,0.000
					-72.69071830752223,-37.50567957839159,0.000
					-72.69083477852568,-37.50568185625365,0.000
					-72.69083580452576,-37.50568189525243,0.000
					-72.6909267025346,-37.50568697014497,0.000
					-72.69099908253675,-37.50568838505931,0.000
					-72.69105731252321,-37.505681368989805,0.000
					-72.69108033246303,-37.50564922496051,0.000
					-72.69108232945779,-37.50564643895797,0.000
					-72.69111277437817,-37.50560392891919,0.000
					-72.69111311437733,-37.50560346891874,0.000
					-72.69111545437258,-37.50560094091581,0.000
					-72.6911183093685,-37.50559877591228,0.000
					-72.69112159336524,-37.50559703790831,0.000
					-72.69112520636287,-37.50559578090393,0.000
					-72.69112620336242,-37.50559553390274,0.000
					-72.69119326833344,-37.50558026582229,0.000
					-72.69119659333235,-37.5055797198183,0.000
					-72.6912508733216,-37.50557414975363,0.000
					-72.69125361132129,-37.50557400275033,0.000
					-72.69138682231906,-37.505573291592384,0.000
					-72.69138752831905,-37.50557329659156,0.000
					-72.6915871933249,-37.50557720135513,0.000
					-72.69158860132502,-37.505577263353445,0.000
					-72.69165505433322,-37.505581878274974,0.000
					-72.69166042733484,-37.50558278526861,0.000
					-72.6916662963378,-37.50558438626178,0.000
					-72.69148126950255,-37.50245941828467,0.000
					-72.6917189309542,-37.502166687984605,0.000
					-72.69217652289838,-37.501603064406765,0.000
					-72.69263288884547,-37.501040950830486,0.000
					-72.6926821087319,-37.500980324768335,0.000
					-72.69271557565466,-37.50093910372608,0.000
				</coordinates>
			</LinearRing>
		</outerBoundaryIs>
	</Polygon>
</MultiGeometry>
</Placemark>

<Placemark>
<name>8306021001512</name>
<description><![CDATA[<p><br/>NOM_COMUNA: NACIMIENTO
<br/>MANZENT_CODIGO: 8306021001512
<br/>TOTAL_PERSONAS(2017): 0
<br/>TOTAL_VIVIENDAS(2017): 32</p>]]></description>
<ExtendedData>
	<Data name="fid"><displayName>fid</displayName><value><![CDATA[230]]></value></Data>
	<Data name="NOM_COMUNA"><displayName>NOM_COMUNA</displayName><value><![CDATA[NACIMIENTO]]></value></Data>
	<Data name="MANZENT_I"><displayName>MANZENT_I</displayName><value><![CDATA[8306021001512]]></value></Data>
	<Data name="TOTAL_PERS"><displayName>TOTAL_PERS</displayName><value><![CDATA[0]]></value></Data>
	<Data name="TOTAL_VIVI"><displayName>TOTAL_VIVI</displayName><value><![CDATA[32]]></value></Data>
</ExtendedData>
<styleUrl>#style1</styleUrl>
<MultiGeometry>
	<Polygon>
		<outerBoundaryIs>
			<LinearRing>
				<tessellate>1</tessellate>
				<coordinates>
					-72.68989081552996,-37.50086177006954,0.000
					-72.69084165550298,-37.501386315975445,0.000
					-72.69088274841924,-37.50134163892391,0.000
					-72.69091848634643,-37.50130278287911,0.000
					-72.6910272531073,-37.50117513874213,0.000
					-72.6900873031387,-37.50065295782346,0.000
					-72.69007665812742,-37.50064689883571,0.000
					-72.69004212620219,-37.50068679087915,0.000
					-72.68989507152043,-37.500856670064145,0.000
					-72.68989081552996,-37.50086177006954,0.000
				</coordinates>
			</LinearRing>
		</outerBoundaryIs>
	</Polygon>
</MultiGeometry>
</Placemark>

<Placemark>
<name>8306021001513</name>
<description><![CDATA[<p><br/>NOM_COMUNA: NACIMIENTO
<br/>MANZENT_CODIGO: 8306021001513
<br/>TOTAL_PERSONAS(2017): 0
<br/>TOTAL_VIVIENDAS(2017): 32</p>]]></description>
<ExtendedData>
	<Data name="fid"><displayName>fid</displayName><value><![CDATA[231]]></value></Data>
	<Data name="NOM_COMUNA"><displayName>NOM_COMUNA</displayName><value><![CDATA[NACIMIENTO]]></value></Data>
	<Data name="MANZENT_I"><displayName>MANZENT_I</displayName><value><![CDATA[8306021001513]]></value></Data>
	<Data name="TOTAL_PERS"><displayName>TOTAL_PERS</displayName><value><![CDATA[0]]></value></Data>
	<Data name="TOTAL_VIVI"><displayName>TOTAL_VIVI</displayName><value><![CDATA[32]]></value></Data>
</ExtendedData>
<styleUrl>#style1</styleUrl>
<MultiGeometry>
	<Polygon>
		<outerBoundaryIs>
			<LinearRing>
				<tessellate>1</tessellate>
				<coordinates>
					-72.68976104507264,-37.50115187924159,0.000
					-72.69061774897456,-37.50163802325663,0.000
					-72.69079263859564,-37.50143576903663,0.000
					-72.68984130562313,-37.500911468131356,0.000
					-72.68967439297083,-37.50109703634087,0.000
					-72.68976104507264,-37.50115187924159,0.000
				</coordinates>
			</LinearRing>
		</outerBoundaryIs>
	</Polygon>
</MultiGeometry>
</Placemark>

<Placemark>
<name>8306021001516</name>
<description><![CDATA[<p><br/>NOM_COMUNA: NACIMIENTO
<br/>MANZENT_CODIGO: 8306021001516
<br/>TOTAL_PERSONAS(2017): 0
<br/>TOTAL_VIVIENDAS(2017): 58</p>]]></description>
<ExtendedData>
	<Data name="fid"><displayName>fid</displayName><value><![CDATA[232]]></value></Data>
	<Data name="NOM_COMUNA"><displayName>NOM_COMUNA</displayName><value><![CDATA[NACIMIENTO]]></value></Data>
	<Data name="MANZENT_I"><displayName>MANZENT_I</displayName><value><![CDATA[8306021001516]]></value></Data>
	<Data name="TOTAL_PERS"><displayName>TOTAL_PERS</displayName><value><![CDATA[0]]></value></Data>
	<Data name="TOTAL_VIVI"><displayName>TOTAL_VIVI</displayName><value><![CDATA[58]]></value></Data>
</ExtendedData>
<styleUrl>#style1</styleUrl>
<MultiGeometry>
	<Polygon>
		<outerBoundaryIs>
			<LinearRing>
				<tessellate>1</tessellate>
				<coordinates>
					-72.68994239857412,-37.502491999110944,0.000
					-72.69010005119493,-37.50282500194496,0.000
					-72.69104796713927,-37.50172781475236,0.000
					-72.69137013446584,-37.501368429347856,0.000
					-72.6913765584538,-37.501362005339836,0.000
					-72.69109316415856,-37.50120281966575,0.000
					-72.69088770559742,-37.50143707192399,0.000
					-72.68994239857412,-37.502491999110944,0.000
				</coordinates>
			</LinearRing>
		</outerBoundaryIs>
	</Polygon>
</MultiGeometry>
</Placemark>

<Placemark>
<name>8306021001514</name>
<description><![CDATA[<p><br/>NOM_COMUNA: NACIMIENTO
<br/>MANZENT_CODIGO: 8306021001514
<br/>TOTAL_PERSONAS(2017): 0
<br/>TOTAL_VIVIENDAS(2017): 32</p>]]></description>
<ExtendedData>
	<Data name="fid"><displayName>fid</displayName><value><![CDATA[233]]></value></Data>
	<Data name="NOM_COMUNA"><displayName>NOM_COMUNA</displayName><value><![CDATA[NACIMIENTO]]></value></Data>
	<Data name="MANZENT_I"><displayName>MANZENT_I</displayName><value><![CDATA[8306021001514]]></value></Data>
	<Data name="TOTAL_PERS"><displayName>TOTAL_PERS</displayName><value><![CDATA[0]]></value></Data>
	<Data name="TOTAL_VIVI"><displayName>TOTAL_VIVI</displayName><value><![CDATA[32]]></value></Data>
</ExtendedData>
<styleUrl>#style1</styleUrl>
<MultiGeometry>
	<Polygon>
		<outerBoundaryIs>
			<LinearRing>
				<tessellate>1</tessellate>
				<coordinates>
					-72.68995269603462,-37.501667693046855,0.000
					-72.69037719047145,-37.50190320355851,0.000
					-72.6904531893155,-37.50181995546317,0.000
					-72.69051667618515,-37.50175041238355,0.000
					-72.69055918508707,-37.501698030329834,0.000
					-72.68964495010493,-37.501168750380295,0.000
					-72.68962990509023,-37.50116082039757,0.000
					-72.6896284310888,-37.50116004339932,0.000
					-72.68943362348675,-37.501372408643576,0.000
					-72.68944699850081,-37.5013799756282,0.000
					-72.68945166350566,-37.50138261462284,0.000
					-72.68954804260684,-37.501437140512,0.000
					-72.68995269603462,-37.501667693046855,0.000
				</coordinates>
			</LinearRing>
		</outerBoundaryIs>
	</Polygon>
</MultiGeometry>
</Placemark>

<Placemark>
<name>8306021001510</name>
<description><![CDATA[<p><br/>NOM_COMUNA: NACIMIENTO
<br/>MANZENT_CODIGO: 8306021001510
<br/>TOTAL_PERSONAS(2017): 0
<br/>TOTAL_VIVIENDAS(2017): 32</p>]]></description>
<ExtendedData>
	<Data name="fid"><displayName>fid</displayName><value><![CDATA[234]]></value></Data>
	<Data name="NOM_COMUNA"><displayName>NOM_COMUNA</displayName><value><![CDATA[NACIMIENTO]]></value></Data>
	<Data name="MANZENT_I"><displayName>MANZENT_I</displayName><value><![CDATA[8306021001510]]></value></Data>
	<Data name="TOTAL_PERS"><displayName>TOTAL_PERS</displayName><value><![CDATA[0]]></value></Data>
	<Data name="TOTAL_VIVI"><displayName>TOTAL_VIVI</displayName><value><![CDATA[32]]></value></Data>
</ExtendedData>
<styleUrl>#style1</styleUrl>
<MultiGeometry>
	<Polygon>
		<outerBoundaryIs>
			<LinearRing>
				<tessellate>1</tessellate>
				<coordinates>
					-72.69080868066537,-37.50040218095263,0.000
					-72.69069660391595,-37.500535943093865,0.000
					-72.69163522290665,-37.501069962014896,0.000
					-72.69172156772287,-37.50097187090638,0.000
					-72.69178237759341,-37.50090278682993,0.000
					-72.69178242959333,-37.500902727829875,0.000
					-72.69178248059319,-37.500902668829795,0.000
					-72.69180654454107,-37.50087484579956,0.000
					-72.69086308654566,-37.500338277884126,0.000
					-72.69085394956575,-37.500349010895626,0.000
					-72.69080868066537,-37.50040218095263,0.000
				</coordinates>
			</LinearRing>
		</outerBoundaryIs>
	</Polygon>
</MultiGeometry>
</Placemark>

<Placemark>
<name>8306021001509</name>
<description><![CDATA[<p><br/>NOM_COMUNA: NACIMIENTO
<br/>MANZENT_CODIGO: 8306021001509
<br/>TOTAL_PERSONAS(2017): 0
<br/>TOTAL_VIVIENDAS(2017): 32</p>]]></description>
<ExtendedData>
	<Data name="fid"><displayName>fid</displayName><value><![CDATA[235]]></value></Data>
	<Data name="NOM_COMUNA"><displayName>NOM_COMUNA</displayName><value><![CDATA[NACIMIENTO]]></value></Data>
	<Data name="MANZENT_I"><displayName>MANZENT_I</displayName><value><![CDATA[8306021001509]]></value></Data>
	<Data name="TOTAL_PERS"><displayName>TOTAL_PERS</displayName><value><![CDATA[0]]></value></Data>
	<Data name="TOTAL_VIVI"><displayName>TOTAL_VIVI</displayName><value><![CDATA[32]]></value></Data>
</ExtendedData>
<styleUrl>#style1</styleUrl>
<MultiGeometry>
	<Polygon>
		<outerBoundaryIs>
			<LinearRing>
				<tessellate>1</tessellate>
				<coordinates>
					-72.69094540947371,-37.500300042784154,0.000
					-72.69186269944919,-37.50082586872989,0.000
					-72.69190265136311,-37.500779912679654,0.000
					-72.69203503707783,-37.50062762951318,0.000
					-72.69204425305456,-37.500615200501436,0.000
					-72.69204334703436,-37.50060439450186,0.000
					-72.69200492998779,-37.500579299545805,0.000
					-72.69177156574108,-37.50044630481406,0.000
					-72.69112911008841,-37.50009442255345,0.000
					-72.69109674907801,-37.50008871259148,0.000
					-72.69106058211379,-37.50010774763551,0.000
					-72.69104521315084,-37.50012752265498,0.000
					-72.69103297817966,-37.500142897670486,0.000
					-72.69091863144877,-37.500286595815055,0.000
					-72.69094540947371,-37.500300042784154,0.000
				</coordinates>
			</LinearRing>
		</outerBoundaryIs>
	</Polygon>
</MultiGeometry>
</Placemark>

<Placemark>
<name>8306021001500</name>
<description><![CDATA[<p><br/>NOM_COMUNA: NACIMIENTO
<br/>MANZENT_CODIGO: 8306021001500
<br/>TOTAL_PERSONAS(2017): 645
<br/>TOTAL_VIVIENDAS(2017): 211</p>]]></description>
<ExtendedData>
	<Data name="fid"><displayName>fid</displayName><value><![CDATA[236]]></value></Data>
	<Data name="NOM_COMUNA"><displayName>NOM_COMUNA</displayName><value><![CDATA[NACIMIENTO]]></value></Data>
	<Data name="MANZENT_I"><displayName>MANZENT_I</displayName><value><![CDATA[8306021001500]]></value></Data>
	<Data name="TOTAL_PERS"><displayName>TOTAL_PERS</displayName><value><![CDATA[645]]></value></Data>
	<Data name="TOTAL_VIVI"><displayName>TOTAL_VIVI</displayName><value><![CDATA[211]]></value></Data>
</ExtendedData>
<styleUrl>#style1</styleUrl>
<MultiGeometry>
	<Polygon>
		<outerBoundaryIs>
			<LinearRing>
				<tessellate>1</tessellate>
				<coordinates>
					-72.69261899690206,-37.49250153331039,0.000
					-72.69247788219602,-37.49265846448749,0.000
					-72.69228486460617,-37.49287746373003,0.000
					-72.69213013393703,-37.49305413392447,0.000
					-72.69198211025197,-37.49322228411044,0.000
					-72.69179625965255,-37.493436194344156,0.000
					-72.6917217108117,-37.49352116043789,0.000
					-72.691736785837,-37.493534792420874,0.000
					-72.691949660951,-37.49359662917244,0.000
					-72.69197282794511,-37.49359356714483,0.000
					-72.69199875391591,-37.49357803311314,0.000
					-72.69241946402983,-37.493104937584775,0.000
					-72.69289607498341,-37.49254614898478,0.000
					-72.69292122701168,-37.49256140195597,0.000
					-72.69294659304025,-37.49257678492688,0.000
					-72.69252118299917,-37.49308890146319,0.000
					-72.69251769601861,-37.49309928746802,0.000
					-72.69251762504345,-37.493112623468946,0.000
					-72.69252686007317,-37.49312857445896,0.000
					-72.69287407043484,-37.49332361505978,0.000
					-72.69288968244133,-37.49332716404148,0.000
					-72.69291377343431,-37.493323489012674,0.000
					-72.69292390542333,-37.49331765000031,0.000
					-72.69331280562108,-37.49288934851251,0.000
					-72.69330988658552,-37.49287027651477,0.000
					-72.69336750447235,-37.49280985144269,0.000
					-72.69339339050597,-37.492827968413174,0.000
					-72.69341942953979,-37.49284619238343,0.000
					-72.69336458864919,-37.492904598452085,0.000
					-72.6933445526436,-37.49290150347563,0.000
					-72.69326987580368,-37.49298700856951,0.000
					-72.6932823428638,-37.493019243556766,0.000
					-72.69390018152002,-37.4933731288468,0.000
					-72.69392484251958,-37.49337297981755,0.000
					-72.69399886960471,-37.49341885273267,0.000
					-72.69398068363705,-37.493436122755305,0.000
					-72.69395599668097,-37.493459559786075,0.000
					-72.6938861506029,-37.493417462866205,0.000
					-72.69387993156168,-37.49339535287215,0.000
					-72.69325874890245,-37.493039870586045,0.000
					-72.69321997090184,-37.49303938263195,0.000
					-72.69296248542919,-37.49332092695483,0.000
					-72.69295324946124,-37.49333804896681,0.000
					-72.69294960848313,-37.49334978297186,0.000
					-72.69295034750691,-37.493362503971795,0.000
					-72.69295928452739,-37.49337349296188,0.000
					-72.69356576715904,-37.493714180264504,0.000
					-72.69402469665215,-37.49398006973733,0.000
					-72.69400142970532,-37.49400845276667,0.000
					-72.69397816275846,-37.49403683579605,0.000
					-72.69387104864295,-37.49397454591907,0.000
					-72.69385653265225,-37.49397948893661,0.000
					-72.69383542967014,-37.493988989962176,0.000
					-72.69348956039332,-37.49437505639636,0.000
					-72.69349762943206,-37.49439585138807,0.000
					-72.69360635355288,-37.49446096726332,0.000
					-72.69358253360525,-37.49448893429332,0.000
					-72.6935587126576,-37.494516901323294,0.000
					-72.69343856153716,-37.49445192246162,0.000
					-72.69340486356445,-37.494466403502464,0.000
					-72.69286962772283,-37.49508487817569,0.000
					-72.69288360374627,-37.49509749715992,0.000
					-72.69281397389516,-37.4951769722474,0.000
					-72.69278483986581,-37.495161162280965,0.000
					-72.69275556983638,-37.49514528031463,0.000
					-72.69279052176056,-37.49510478027065,0.000
					-72.69278196870997,-37.495077667279105,0.000
					-72.69257656049949,-37.49496416051543,0.000
					-72.69254284450729,-37.494968187555635,0.000
					-72.69250624758004,-37.49500703460142,0.000
					-72.69244896651492,-37.494971940667114,0.000
					-72.6925070973913,-37.49490593859409,0.000
					-72.69253268538955,-37.49490508756373,0.000
					-72.69307876220472,-37.49427249787678,0.000
					-72.69308010115098,-37.49424368687339,0.000
					-72.69278428384764,-37.49408011021366,0.000
					-72.69238137344836,-37.49386469567768,0.000
					-72.69206277812066,-37.493687966044135,0.000
					-72.692042016111,-37.49368269406841,0.000
					-72.69202182210805,-37.493681038092255,0.000
					-72.69200284012075,-37.49368778611513,0.000
					-72.6919851931416,-37.493698886136805,0.000
					-72.69191528227333,-37.49376916322403,0.000
					-72.69124213272262,-37.494543000070486,0.000
					-72.69116907876631,-37.494566154158534,0.000
					-72.69239959403336,-37.495249439743056,0.000
					-72.6924236520214,-37.49524315071416,0.000
					-72.69244256801966,-37.495242258691725,0.000
					-72.69246734804628,-37.49525662066321,0.000
					-72.69267519125312,-37.4953681934239,0.000
					-72.69285073844331,-37.495470753222314,0.000
					-72.69335668695236,-37.49574531363987,0.000
					-72.69334373497777,-37.4957588626561,0.000
					-72.69333097700276,-37.495772206672086,0.000
					-72.69283618648228,-37.49549155624084,0.000
					-72.69279482348746,-37.49549417229006,0.000
					-72.69260020091914,-37.49572467453516,0.000
					-72.6926042249632,-37.4957482745319,0.000
					-72.69310542947193,-37.49602265295512,0.000
					-72.6930887255023,-37.49603887597594,0.000
					-72.69307231753221,-37.496054808996384,0.000
					-72.6925880010144,-37.49577562355285,0.000
					-72.69254669501603,-37.49577634860185,0.000
					-72.69225319764016,-37.49610954997063,0.000
					-72.69251269891059,-37.496255375672234,0.000
					-72.69248663096575,-37.49628482370501,0.000
					-72.69222721469541,-37.49613904700331,0.000
					-72.69219196977035,-37.49617906004759,0.000
					-72.69217251381171,-37.49620114807201,0.000
					-72.692146509867,-37.496230669104726,0.000
					-72.6921238999151,-37.496256337133126,0.000
					-72.6917702326672,-37.49665784157756,0.000
					-72.69175218764626,-37.49664655459821,0.000
					-72.69173438962561,-37.496635422618624,0.000
					-72.692044533992,-37.49629723622974,0.000
					-72.69201974292481,-37.496261155256846,0.000
					-72.69177783167154,-37.49612458453498,0.000
					-72.69173276768166,-37.49612983158872,0.000
					-72.69135107050506,-37.496569442068754,0.000
					-72.69123169774184,-37.496695796218226,0.000
					-72.69120002779694,-37.49672518525755,0.000
					-72.69117503980343,-37.496728572287445,0.000
					-72.69111796575999,-37.496705107353584,0.000
					-72.69096645461403,-37.49662635552823,0.000
					-72.68994332155778,-37.496056804705056,0.000
					-72.68991721354989,-37.49605250973573,0.000
					-72.68949395446012,-37.49653847026795,0.000
					-72.69048941942215,-37.49705740412074,0.000
					-72.69072634365632,-37.497183719847826,0.000
					-72.6910448479375,-37.49679991644622,0.000
					-72.69105693591024,-37.49678535143098,0.000
					-72.69106517788981,-37.49677445242051,0.000
					-72.69111657394278,-37.49680300636141,0.000
					-72.69078345070565,-37.49721036978184,0.000
					-72.69084699677508,-37.497247776708896,0.000
					-72.69128353124165,-37.49749928020725,0.000
					-72.69140675536052,-37.49756340206525,0.000
					-72.69161259855906,-37.49767051682801,0.000
					-72.69164124358386,-37.4976839117949,0.000
					-72.69167679561465,-37.49770053775378,0.000
					-72.6916875036079,-37.49769696874087,0.000
					-72.69202956288458,-37.49731083931118,0.000
					-72.69204741984969,-37.49729222228888,0.000
					-72.6921077159087,-37.49732405221936,0.000
					-72.69208289796453,-37.497353872250656,0.000
					-72.69177837461218,-37.49769960463337,0.000
					-72.69176992463075,-37.49770951764399,0.000
					-72.69175299567254,-37.497731822665465,0.000
					-72.69175041767888,-37.497735219668755,0.000
					-72.69175034469144,-37.497741925669224,0.000
					-72.69175627671001,-37.49775190466283,0.000
					-72.69177554872857,-37.49776190864062,0.000
					-72.6919993319587,-37.4978860163832,0.000
					-72.69200706595865,-37.49788601637402,0.000
					-72.6920136089608,-37.49788720636632,0.000
					-72.69202193695968,-37.4978866113564,0.000
					-72.69202729095186,-37.49788244734983,0.000
					-72.69203799892735,-37.497869360336296,0.000
					-72.69225919943372,-37.497605828057544,0.000
					-72.6922742784017,-37.4975887030386,0.000
					-72.69228393839141,-37.49758324302685,0.000
					-72.69230653537642,-37.497575292999514,0.000
					-72.69231520537473,-37.49757442598919,0.000
					-72.69233043337283,-37.497573473971094,0.000
					-72.69234375837274,-37.497573473955306,0.000
					-72.69236120637923,-37.49757702193485,0.000
					-72.69236199937991,-37.49757737693392,0.000
					-72.69238801942315,-37.497600652904566,0.000
					-72.69239293545927,-37.49762000189991,0.000
					-72.69239610748254,-37.49763248489699,0.000
					-72.69239229951991,-37.497652471902725,0.000
					-72.6923827825395,-37.497662941914676,0.000
					-72.69237231255556,-37.497671507927635,0.000
					-72.6923627945645,-37.4976762669392,0.000
					-72.69235492156739,-37.49767775694862,0.000
					-72.69230759156846,-37.49767817000474,0.000
					-72.69227047156517,-37.49767626704862,0.000
					-72.69224286957426,-37.49768102608161,0.000
					-72.6920934399076,-37.49785900926992,0.000
					-72.69207440394862,-37.49788090029387,0.000
					-72.69207383395018,-37.49788172329461,0.000
					-72.69206583797191,-37.49789334030479,0.000
					-72.69205941398938,-37.497902672312975,0.000
					-72.69206000900272,-37.497909811312795,0.000
					-72.69206298301602,-37.497916949309705,0.000
					-72.69215110510629,-37.49796561720829,0.000
					-72.69230303026185,-37.49804952203351,0.000
					-72.69230473626335,-37.49805031803151,0.000
					-72.69232472425968,-37.498048414007705,0.000
					-72.69233641524178,-37.49803887099329,0.000
					-72.69251179686869,-37.49783973577288,0.000
					-72.69251655584557,-37.49782736176643,0.000
					-72.69250513379235,-37.497798808778185,0.000
					-72.69249371274977,-37.497775965790325,0.000
					-72.69249085771602,-37.49775788179252,0.000
					-72.69249561666798,-37.49773218378527,0.000
					-72.69251655563588,-37.49771505175941,0.000
					-72.69254225362147,-37.49770743772843,0.000
					-72.69257366262478,-37.49770934069134,0.000
					-72.69260221565479,-37.49772552165853,0.000
					-72.69261839668847,-37.49774360464046,0.000
					-72.69261744473292,-37.49776739964311,0.000
					-72.69260602377919,-37.49779214565821,0.000
					-72.69257556585046,-37.497830217696695,0.000
					-72.6923899692321,-37.498033899929474,0.000
					-72.69236998128197,-37.49806054995484,0.000
					-72.6923661743051,-37.498072922960134,0.000
					-72.69236712632288,-37.498082440959614,0.000
					-72.69242328138117,-37.49811384989501,0.000
					-72.69247825444063,-37.498145916831874,0.000
					-72.69244604551233,-37.49818418087247,0.000
					-72.69244610251233,-37.498184211872356,0.000
					-72.69244701051326,-37.49818469987131,0.000
					-72.69244862851487,-37.49818557086945,0.000
					-72.69420630226941,-37.49913187884558,0.000
					-72.69423541820277,-37.499096288808836,0.000
					-72.69430918203383,-37.499006117715744,0.000
					-72.6944023328206,-37.4988922505982,0.000
					-72.69579069464184,-37.497195119846076,0.000
					-72.69581066634936,-37.4970385318126,0.000
					-72.6959092319211,-37.49680952868139,0.000
					-72.69592625687906,-37.49678708565983,0.000
					-72.6959728277641,-37.49672569160078,0.000
					-72.69605614833542,-37.49649639148764,0.000
					-72.69610711001921,-37.49632722941661,0.000
					-72.69612982256608,-37.49608459237448,0.000
					-72.69609379497503,-37.49576788539728,0.000
					-72.69612876470377,-37.49562271934675,0.000
					-72.69642290044006,-37.49548260898933,0.000
					-72.69657871024043,-37.49537626279801,0.000
					-72.69671890106302,-37.4952817656259,0.000
					-72.6967780077811,-37.49513100554641,0.000
					-72.69671531750417,-37.49498241661137,0.000
					-72.69671767836067,-37.4949055656038,0.000
					-72.69669923724678,-37.49484449862179,0.000
					-72.69666668506451,-37.49474673165424,0.000
					-72.69664007982955,-37.494620749677885,0.000
					-72.69662696370068,-37.494551691689075,0.000
					-72.69660988950376,-37.49444613270273,0.000
					-72.69659306429173,-37.49433248371552,0.000
					-72.69657512014761,-37.49425523673197,0.000
					-72.6965419460031,-37.49417769376639,0.000
					-72.69653833697826,-37.49416435976982,0.000
					-72.69651001678308,-37.49405970179682,0.000
					-72.69650686074779,-37.49404078179938,0.000
					-72.69649714963914,-37.49398255480727,0.000
					-72.6964324334838,-37.49389909387871,0.000
					-72.69642386246326,-37.49388803988819,0.000
					-72.69637521233341,-37.493818288941476,0.000
					-72.69630575923313,-37.49376432102036,0.000
					-72.69624633514076,-37.49371459508768,0.000
					-72.69615595507766,-37.49368045419262,0.000
					-72.69602521399831,-37.49363743134488,0.000
					-72.69588011486562,-37.49356579851234,0.000
					-72.69578998378739,-37.49352356761652,0.000
					-72.69567434771605,-37.49348488675116,0.000
					-72.69552392359829,-37.49342124292543,0.000
					-72.69539875648888,-37.49336214007008,0.000
					-72.69528844540253,-37.493315467197874,0.000
					-72.6952132963399,-37.493281623284815,0.000
					-72.69513814627726,-37.493247779371714,0.000
					-72.6950169372359,-37.493225177513956,0.000
					-72.69495701717375,-37.49319162958289,0.000
					-72.69485717006883,-37.49313504369765,0.000
					-72.69479254698382,-37.49308926377135,0.000
					-72.6947333728763,-37.493031447837886,0.000
					-72.69468497373136,-37.492953606890325,0.000
					-72.69465638161718,-37.49289234092038,0.000
					-72.69463819048823,-37.49282318293757,0.000
					-72.69461479936665,-37.49275797196121,0.000
					-72.69460118826804,-37.49270509297402,0.000
					-72.69457742316911,-37.492652015998885,0.000
					-72.69458016000303,-37.49256303099007,0.000
					-72.6945670458742,-37.49249397300128,0.000
					-72.69455355876806,-37.49243704901364,0.000
					-72.69451556060825,-37.49235131705329,0.000
					-72.69448214247886,-37.492281862088575,0.000
					-72.69442792137909,-37.49222819014942,0.000
					-72.69437332630196,-37.49218665221151,0.000
					-72.69428295023886,-37.49215251031652,0.000
					-72.69422315516907,-37.492114918385006,0.000
					-72.69415853208406,-37.49206913745869,0.000
					-72.69413947100797,-37.49202829347875,0.000
					-72.69412642087538,-37.49195721248971,0.000
					-72.69411838274675,-37.49188825349492,0.000
					-72.69408941865521,-37.49183912252615,0.000
					-72.69409215548909,-37.49175013751733,0.000
					-72.69405886235214,-37.49167663855217,0.000
					-72.69401999424524,-37.49161921859464,0.000
					-72.69401121016189,-37.491574528602236,0.000
					-72.69396243903964,-37.491508821655934,0.000
					-72.6939334749481,-37.491459689687154,0.000
					-72.69388370888618,-37.49142633974401,0.000
					-72.69381500674068,-37.491348101820556,0.000
					-72.69376016467862,-37.491314652883446,0.000
					-72.69369142265205,-37.49130018496399,0.000
					-72.69368694965034,-37.49129924296924,0.000
					-72.69367596964615,-37.49129693298208,0.000
					-72.69366748464284,-37.49129514599207,0.000
					-72.69366744564284,-37.49129513799208,0.000
					-72.69366740764285,-37.49129512999215,0.000
					-72.69366657464252,-37.491294954993116,0.000
					-72.6935496848993,-37.49143208614022,0.000
					-72.69340171021167,-37.4915988873261,0.000
					-72.69325261253042,-37.491769091513454,0.000
					-72.69306217694201,-37.49198886275298,0.000
					-72.69290672226896,-37.49216344694816,0.000
					-72.6927797495488,-37.49231290410806,0.000
					-72.69261899690206,-37.49250153331039,0.000
				</coordinates>
			</LinearRing>
		</outerBoundaryIs>
	</Polygon>
</MultiGeometry>
</Placemark>

<Placemark>
<name>8306021001507</name>
<description><![CDATA[<p><br/>NOM_COMUNA: NACIMIENTO
<br/>MANZENT_CODIGO: 8306021001507
<br/>TOTAL_PERSONAS(2017): 117
<br/>TOTAL_VIVIENDAS(2017): 43</p>]]></description>
<ExtendedData>
	<Data name="fid"><displayName>fid</displayName><value><![CDATA[237]]></value></Data>
	<Data name="NOM_COMUNA"><displayName>NOM_COMUNA</displayName><value><![CDATA[NACIMIENTO]]></value></Data>
	<Data name="MANZENT_I"><displayName>MANZENT_I</displayName><value><![CDATA[8306021001507]]></value></Data>
	<Data name="TOTAL_PERS"><displayName>TOTAL_PERS</displayName><value><![CDATA[117]]></value></Data>
	<Data name="TOTAL_VIVI"><displayName>TOTAL_VIVI</displayName><value><![CDATA[43]]></value></Data>
</ExtendedData>
<styleUrl>#style1</styleUrl>
<MultiGeometry>
	<Polygon>
		<outerBoundaryIs>
			<LinearRing>
				<tessellate>1</tessellate>
				<coordinates>
					-72.69030714432719,-37.49861261143456,0.000
					-72.69040847343477,-37.4986705863181,0.000
					-72.69042445641375,-37.498659409298476,0.000
					-72.690431145405,-37.49865473029022,0.000
					-72.69061263102013,-37.498449296062184,0.000
					-72.6913393174716,-37.49762267014889,0.000
					-72.69133916242762,-37.497599119147615,0.000
					-72.69130327739164,-37.49757970418893,0.000
					-72.69104140812895,-37.49743802449041,0.000
					-72.69102760713346,-37.49744040450691,0.000
					-72.69102597513626,-37.497441880508966,0.000
					-72.69011918310194,-37.49849127664974,0.000
					-72.69012151013018,-37.4985064036479,0.000
					-72.69030714432719,-37.49861261143456,0.000
				</coordinates>
			</LinearRing>
		</outerBoundaryIs>
	</Polygon>
</MultiGeometry>
</Placemark>

<Placemark>
<name>8306021001501</name>
<description><![CDATA[<p><br/>NOM_COMUNA: NACIMIENTO
<br/>MANZENT_CODIGO: 8306021001501
<br/>TOTAL_PERSONAS(2017): 74
<br/>TOTAL_VIVIENDAS(2017): 26</p>]]></description>
<ExtendedData>
	<Data name="fid"><displayName>fid</displayName><value><![CDATA[238]]></value></Data>
	<Data name="NOM_COMUNA"><displayName>NOM_COMUNA</displayName><value><![CDATA[NACIMIENTO]]></value></Data>
	<Data name="MANZENT_I"><displayName>MANZENT_I</displayName><value><![CDATA[8306021001501]]></value></Data>
	<Data name="TOTAL_PERS"><displayName>TOTAL_PERS</displayName><value><![CDATA[74]]></value></Data>
	<Data name="TOTAL_VIVI"><displayName>TOTAL_VIVI</displayName><value><![CDATA[26]]></value></Data>
</ExtendedData>
<styleUrl>#style1</styleUrl>
<MultiGeometry>
	<Polygon>
		<outerBoundaryIs>
			<LinearRing>
				<tessellate>1</tessellate>
				<coordinates>
					-72.69203995072871,-37.49829855536095,0.000
					-72.69204946872865,-37.498298555349656,0.000
					-72.69206374471523,-37.4982914173323,0.000
					-72.69207447569248,-37.498279282318855,0.000
					-72.69208371667288,-37.49826883130719,0.000
					-72.69221300337423,-37.498109377143976,0.000
					-72.69220294332773,-37.498084404154326,0.000
					-72.692136318246,-37.49804038423053,0.000
					-72.69157833367456,-37.497732244872495,0.000
					-72.69145715655425,-37.497667356012045,0.000
					-72.69142100651935,-37.497648539053706,0.000
					-72.69140582250469,-37.49764063507123,0.000
					-72.69139511551587,-37.49764658408431,0.000
					-72.69130903770619,-37.49774818419272,0.000
					-72.69123825286493,-37.497832935281885,0.000
					-72.69123569189017,-37.497846459285796,0.000
					-72.6912440199057,-37.49785478727648,0.000
					-72.6912971729612,-37.49788473521533,0.000
					-72.69196618766038,-37.49826167444609,0.000
					-72.6920232947155,-37.49829141738023,0.000
					-72.69203995072871,-37.49829855536095,0.000
				</coordinates>
			</LinearRing>
		</outerBoundaryIs>
	</Polygon>
</MultiGeometry>
</Placemark>

<Placemark>
<name>8306021001502</name>
<description><![CDATA[<p><br/>NOM_COMUNA: NACIMIENTO
<br/>MANZENT_CODIGO: 8306021001502
<br/>TOTAL_PERSONAS(2017): 73
<br/>TOTAL_VIVIENDAS(2017): 26</p>]]></description>
<ExtendedData>
	<Data name="fid"><displayName>fid</displayName><value><![CDATA[239]]></value></Data>
	<Data name="NOM_COMUNA"><displayName>NOM_COMUNA</displayName><value><![CDATA[NACIMIENTO]]></value></Data>
	<Data name="MANZENT_I"><displayName>MANZENT_I</displayName><value><![CDATA[8306021001502]]></value></Data>
	<Data name="TOTAL_PERS"><displayName>TOTAL_PERS</displayName><value><![CDATA[73]]></value></Data>
	<Data name="TOTAL_VIVI"><displayName>TOTAL_VIVI</displayName><value><![CDATA[26]]></value></Data>
</ExtendedData>
<styleUrl>#style1</styleUrl>
<MultiGeometry>
	<Polygon>
		<outerBoundaryIs>
			<LinearRing>
				<tessellate>1</tessellate>
				<coordinates>
					-72.69183082116446,-37.49853115262348,0.000
					-72.69184745216461,-37.49853126760375,0.000
					-72.69186030215647,-37.498526984588246,0.000
					-72.69188335810763,-37.49850089255928,0.000
					-72.69193287500936,-37.49844846149727,0.000
					-72.69198403287795,-37.49837826743223,0.000
					-72.69199292082718,-37.49835112842,0.000
					-72.69198905980295,-37.498338130423775,0.000
					-72.69195826775808,-37.498313989458765,0.000
					-72.69175354254749,-37.49820043269427,0.000
					-72.6912702360448,-37.49792940025007,0.000
					-72.69120998498217,-37.49789561231938,0.000
					-72.69120237997485,-37.49789166832813,0.000
					-72.69119048197935,-37.497894048342395,0.000
					-72.6911524110396,-37.49792617138951,0.000
					-72.69103105829812,-37.49806417954206,0.000
					-72.6910277633289,-37.49808065254695,0.000
					-72.69103397335125,-37.498092623540394,0.000
					-72.69104154135975,-37.498097207531664,0.000
					-72.69104168635987,-37.498097295531544,0.000
					-72.69104183336006,-37.49809738153138,0.000
					-72.69112092644268,-37.498141920440396,0.000
					-72.69179843615024,-37.498523414661356,0.000
					-72.69182243716445,-37.49853109563338,0.000
					-72.69183082116446,-37.49853115262348,0.000
				</coordinates>
			</LinearRing>
		</outerBoundaryIs>
	</Polygon>
</MultiGeometry>
</Placemark>

<Placemark>
<name>8306021001503</name>
<description><![CDATA[<p><br/>NOM_COMUNA: NACIMIENTO
<br/>MANZENT_CODIGO: 8306021001503
<br/>TOTAL_PERSONAS(2017): 50
<br/>TOTAL_VIVIENDAS(2017): 24</p>]]></description>
<ExtendedData>
	<Data name="fid"><displayName>fid</displayName><value><![CDATA[240]]></value></Data>
	<Data name="NOM_COMUNA"><displayName>NOM_COMUNA</displayName><value><![CDATA[NACIMIENTO]]></value></Data>
	<Data name="MANZENT_I"><displayName>MANZENT_I</displayName><value><![CDATA[8306021001503]]></value></Data>
	<Data name="TOTAL_PERS"><displayName>TOTAL_PERS</displayName><value><![CDATA[50]]></value></Data>
	<Data name="TOTAL_VIVI"><displayName>TOTAL_VIVI</displayName><value><![CDATA[24]]></value></Data>
</ExtendedData>
<styleUrl>#style1</styleUrl>
<MultiGeometry>
	<Polygon>
		<outerBoundaryIs>
			<LinearRing>
				<tessellate>1</tessellate>
				<coordinates>
					-72.69097179242446,-37.49813162461655,0.000
					-72.69080222979962,-37.498331897830084,0.000
					-72.69082832885533,-37.498361850801054,0.000
					-72.69148268152168,-37.49872114904803,0.000
					-72.69155644459445,-37.498760409963104,0.000
					-72.69157785960763,-37.49876754793816,0.000
					-72.69159332661644,-37.498772306920095,0.000
					-72.69160879262074,-37.49877468590194,0.000
					-72.69162069062068,-37.49877468588785,0.000
					-72.69164008359563,-37.498761333864024,0.000
					-72.69164294659188,-37.49875936286049,0.000
					-72.69178249329296,-37.49859979568504,0.000
					-72.69178344328706,-37.49859663068369,0.000
					-72.69177596226034,-37.49858229669172,0.000
					-72.69176051624449,-37.49857372870948,0.000
					-72.6909889424144,-37.49812628359588,0.000
					-72.69097203542431,-37.498131549616254,0.000
					-72.69097179242446,-37.49813162461655,0.000
				</coordinates>
			</LinearRing>
		</outerBoundaryIs>
	</Polygon>
</MultiGeometry>
</Placemark>

<Placemark>
<name>8306021001506</name>
<description><![CDATA[<p><br/>NOM_COMUNA: NACIMIENTO
<br/>MANZENT_CODIGO: 8306021001506
<br/>TOTAL_PERSONAS(2017): 31
<br/>TOTAL_VIVIENDAS(2017): 12</p>]]></description>
<ExtendedData>
	<Data name="fid"><displayName>fid</displayName><value><![CDATA[241]]></value></Data>
	<Data name="NOM_COMUNA"><displayName>NOM_COMUNA</displayName><value><![CDATA[NACIMIENTO]]></value></Data>
	<Data name="MANZENT_I"><displayName>MANZENT_I</displayName><value><![CDATA[8306021001506]]></value></Data>
	<Data name="TOTAL_PERS"><displayName>TOTAL_PERS</displayName><value><![CDATA[31]]></value></Data>
	<Data name="TOTAL_VIVI"><displayName>TOTAL_VIVI</displayName><value><![CDATA[12]]></value></Data>
</ExtendedData>
<styleUrl>#style1</styleUrl>
<MultiGeometry>
	<Polygon>
		<outerBoundaryIs>
			<LinearRing>
				<tessellate>1</tessellate>
				<coordinates>
					-72.69049891251106,-37.49871179621349,0.000
					-72.6907308907597,-37.498845832946984,0.000
					-72.69101504217208,-37.498532182590445,0.000
					-72.69102019016188,-37.498526732584,0.000
					-72.69101794113598,-37.49851284658581,0.000
					-72.69078187789167,-37.4983811438573,0.000
					-72.69076875388977,-37.49838005587282,0.000
					-72.69076004589445,-37.49838252988328,0.000
					-72.69071738498893,-37.498432970936996,0.000
					-72.69049644047799,-37.498694089215334,0.000
					-72.69049306549698,-37.49870424621993,0.000
					-72.69049441350613,-37.49870914221865,0.000
					-72.69049891251106,-37.49871179621349,0.000
				</coordinates>
			</LinearRing>
		</outerBoundaryIs>
	</Polygon>
</MultiGeometry>
</Placemark>

<Placemark>
<name>8306021001504</name>
<description><![CDATA[<p><br/>NOM_COMUNA: NACIMIENTO
<br/>MANZENT_CODIGO: 8306021001504
<br/>TOTAL_PERSONAS(2017): 32
<br/>TOTAL_VIVIENDAS(2017): 12</p>]]></description>
<ExtendedData>
	<Data name="fid"><displayName>fid</displayName><value><![CDATA[242]]></value></Data>
	<Data name="NOM_COMUNA"><displayName>NOM_COMUNA</displayName><value><![CDATA[NACIMIENTO]]></value></Data>
	<Data name="MANZENT_I"><displayName>MANZENT_I</displayName><value><![CDATA[8306021001504]]></value></Data>
	<Data name="TOTAL_PERS"><displayName>TOTAL_PERS</displayName><value><![CDATA[32]]></value></Data>
	<Data name="TOTAL_VIVI"><displayName>TOTAL_VIVI</displayName><value><![CDATA[12]]></value></Data>
</ExtendedData>
<styleUrl>#style1</styleUrl>
<MultiGeometry>
	<Polygon>
		<outerBoundaryIs>
			<LinearRing>
				<tessellate>1</tessellate>
				<coordinates>
					-72.69128064932197,-37.4991489813144,0.000
					-72.69129682632754,-37.499152052295386,0.000
					-72.69131659231596,-37.49914589427163,0.000
					-72.6915792337375,-37.49883709694089,0.000
					-72.69157783272226,-37.498828936942054,0.000
					-72.69155913170086,-37.49881739896346,0.000
					-72.69134086247125,-37.49869362621441,0.000
					-72.69133184846665,-37.49869112622495,0.000
					-72.6913255204677,-37.49869165523245,0.000
					-72.6913197584707,-37.498693243239416,0.000
					-72.69130743447712,-37.49869664025426,0.000
					-72.69129172950788,-37.49871305827386,0.000
					-72.69103735504346,-37.49899894059335,0.000
					-72.69103969907135,-37.499013885591495,0.000
					-72.69128064932197,-37.4991489813144,0.000
				</coordinates>
			</LinearRing>
		</outerBoundaryIs>
	</Polygon>
</MultiGeometry>
</Placemark>

<Placemark>
<name>8306021001508</name>
<description><![CDATA[<p><br/>NOM_COMUNA: NACIMIENTO
<br/>MANZENT_CODIGO: 8306021001508
<br/>TOTAL_PERSONAS(2017): 244
<br/>TOTAL_VIVIENDAS(2017): 70</p>]]></description>
<ExtendedData>
	<Data name="fid"><displayName>fid</displayName><value><![CDATA[243]]></value></Data>
	<Data name="NOM_COMUNA"><displayName>NOM_COMUNA</displayName><value><![CDATA[NACIMIENTO]]></value></Data>
	<Data name="MANZENT_I"><displayName>MANZENT_I</displayName><value><![CDATA[8306021001508]]></value></Data>
	<Data name="TOTAL_PERS"><displayName>TOTAL_PERS</displayName><value><![CDATA[244]]></value></Data>
	<Data name="TOTAL_VIVI"><displayName>TOTAL_VIVI</displayName><value><![CDATA[70]]></value></Data>
</ExtendedData>
<styleUrl>#style1</styleUrl>
<MultiGeometry>
	<Polygon>
		<outerBoundaryIs>
			<LinearRing>
				<tessellate>1</tessellate>
				<coordinates>
					-72.69227539745495,-37.49815281307275,0.000
					-72.69218859663265,-37.49824765818157,0.000
					-72.69215715069699,-37.49828201722104,0.000
					-72.69149112914161,-37.49905320205891,0.000
					-72.6914379102559,-37.49911420012579,0.000
					-72.69137370138937,-37.49918541920639,0.000
					-72.6913487424412,-37.499213102237704,0.000
					-72.69133161046089,-37.49922357225867,0.000
					-72.6913163824681,-37.49922737927701,0.000
					-72.69129829846642,-37.49922642729838,0.000
					-72.6912735514435,-37.49921405432694,0.000
					-72.69061396475678,-37.49884381108545,0.000
					-72.69056531270596,-37.4988164031414,0.000
					-72.69030520443864,-37.49867228844063,0.000
					-72.690064213191,-37.498538764717836,0.000
					-72.6900514362157,-37.49855194573385,0.000
					-72.68940512760376,-37.49929294254651,0.000
					-72.68938214865433,-37.49931993457548,0.000
					-72.68937464667087,-37.499328746584894,0.000
					-72.68949457178644,-37.49939108844663,0.000
					-72.68947030184793,-37.49942392447748,0.000
					-72.6894553578346,-37.49941674749478,0.000
					-72.68935037673675,-37.499363962615895,0.000
					-72.68934381475098,-37.49937152862411,0.000
					-72.68932619478747,-37.49939102864622,0.000
					-72.68890084966938,-37.49986174618007,0.000
					-72.68889070065656,-37.49985483619164,0.000
					-72.68887698164019,-37.499846006207314,0.000
					-72.68886372962432,-37.49983747622248,0.000
					-72.68929060469898,-37.499343499685466,0.000
					-72.68927632766443,-37.49932493970122,0.000
					-72.68905360943666,-37.49920215995745,0.000
					-72.68903504944485,-37.49920644297973,0.000
					-72.68903155345481,-37.4992117869842,0.000
					-72.68901924048168,-37.49922613599973,0.000
					-72.68841258380604,-37.49993313076326,0.000
					-72.6883276940057,-37.5000397178706,0.000
					-72.68844385011946,-37.5001010737368,0.000
					-72.68882389401452,-37.50004628028286,0.000
					-72.68882486601427,-37.50004614828167,0.000
					-72.6888690530021,-37.50003977622892,0.000
					-72.68906074094701,-37.500010998999876,0.000
					-72.6890781649463,-37.50001067297926,0.000
					-72.68908704494866,-37.5000119739688,0.000
					-72.68909995295685,-37.50001642095377,0.000
					-72.6891765070344,-37.50005822186567,0.000
					-72.68919578005156,-37.50006750184337,0.000
					-72.68920434604887,-37.50006607383315,0.000
					-72.68921972301827,-37.50004974181388,0.000
					-72.68922335601106,-37.50004588280933,0.000
					-72.68923289998777,-37.50003347479726,0.000
					-72.6893605786684,-37.49986291163515,0.000
					-72.68940127457898,-37.49981518658392,0.000
					-72.68942039455013,-37.49979978356033,0.000
					-72.68944283253194,-37.499790145533126,0.000
					-72.68945299953086,-37.499789580521046,0.000
					-72.68948739456044,-37.49980554748125,0.000
					-72.68960274965963,-37.49985909734789,0.000
					-72.68975419281512,-37.499942929173635,0.000
					-72.68976839184693,-37.499960004157906,0.000
					-72.68977253386947,-37.49997211315375,0.000
					-72.68977199990103,-37.49998900115546,0.000
					-72.68976611193342,-37.50000634616352,0.000
					-72.68975614295643,-37.500018603176095,0.000
					-72.68956340738652,-37.500248221418985,0.000
					-72.6895598384043,-37.50025773942382,0.000
					-72.68956935642201,-37.50026725641318,0.000
					-72.68960908846603,-37.50029096636756,0.000
					-72.68966644552954,-37.500325191301705,0.000
					-72.68970609957161,-37.50034787225614,0.000
					-72.68978440264102,-37.500385333165674,0.000
					-72.68980734863572,-37.50038257413832,0.000
					-72.68990604942859,-37.50027201501437,0.000
					-72.69000955619904,-37.50014947288397,0.000
					-72.69004286816546,-37.500131626843384,0.000
					-72.69006428315865,-37.500128057817754,0.000
					-72.69014581422839,-37.500165695723474,0.000
					-72.6901820672578,-37.50018159568148,0.000
					-72.69035814743654,-37.500277963478865,0.000
					-72.6903748034631,-37.500292240460006,0.000
					-72.69037840052677,-37.50032635245787,0.000
					-72.69015755905559,-37.50060870873742,0.000
					-72.69039740930982,-37.500745765461744,0.000
					-72.69099844301593,-37.50005507870584,0.000
					-72.69104955690585,-37.499996341641605,0.000
					-72.69111340576376,-37.499920484561144,0.000
					-72.69119192785205,-37.49996807347109,0.000
					-72.69115861492786,-37.50000852451306,0.000
					-72.69206523883854,-37.5004996104693,0.000
					-72.6921125568853,-37.50052483441482,0.000
					-72.69213750890995,-37.50053813638608,0.000
					-72.69215010493451,-37.50055130937199,0.000
					-72.69215442095174,-37.5005605583674,0.000
					-72.69215348399084,-37.50058150636988,0.000
					-72.69214914100715,-37.500590228375536,0.000
					-72.69214843401656,-37.5005952473767,0.000
					-72.69214648502638,-37.50060052037935,0.000
					-72.69214466403196,-37.500603497381704,0.000
					-72.69214356603524,-37.50060524738308,0.000
					-72.69214342003562,-37.50060544438329,0.000
					-72.69214217503874,-37.50060712238485,0.000
					-72.69214181703968,-37.50060760438533,0.000
					-72.69271557565466,-37.50093910372608,0.000
					-72.69272275263809,-37.500930262717,0.000
					-72.69274139859509,-37.50090729669344,0.000
					-72.69277605851515,-37.50086460564969,0.000
					-72.6928308193888,-37.50079715458053,0.000
					-72.69295539810136,-37.500643707423244,0.000
					-72.69321587950037,-37.50032286509433,0.000
					-72.69343764301968,-37.500066278815375,0.000
					-72.69354343778346,-37.499940172681995,0.000
					-72.69360531364526,-37.49986641760406,0.000
					-72.69360814563895,-37.4998630416005,0.000
					-72.69391139194467,-37.49949236621779,0.000
					-72.69420630226941,-37.49913187884558,0.000
					-72.69244862851487,-37.49818557086945,0.000
					-72.69244701051326,-37.49818469987131,0.000
					-72.69242542356962,-37.498214797898825,0.000
					-72.69241600755963,-37.498209423909636,0.000
					-72.69231727644397,-37.49814710302277,0.000
					-72.692295385437,-37.49814329504844,0.000
					-72.69227539745495,-37.49815281307275,0.000
				</coordinates>
			</LinearRing>
		</outerBoundaryIs>
	</Polygon>
</MultiGeometry>
</Placemark>

<Placemark>
<name>8306011002901</name>
<description><![CDATA[<p><br/>NOM_COMUNA: NACIMIENTO
<br/>MANZENT_CODIGO: 8306011002901
<br/>TOTAL_PERSONAS(2017): 23
<br/>TOTAL_VIVIENDAS(2017): 9</p>]]></description>
<ExtendedData>
	<Data name="fid"><displayName>fid</displayName><value><![CDATA[244]]></value></Data>
	<Data name="NOM_COMUNA"><displayName>NOM_COMUNA</displayName><value><![CDATA[NACIMIENTO]]></value></Data>
	<Data name="MANZENT_I"><displayName>MANZENT_I</displayName><value><![CDATA[8306011002901]]></value></Data>
	<Data name="TOTAL_PERS"><displayName>TOTAL_PERS</displayName><value><![CDATA[23]]></value></Data>
	<Data name="TOTAL_VIVI"><displayName>TOTAL_VIVI</displayName><value><![CDATA[9]]></value></Data>
</ExtendedData>
<styleUrl>#style1</styleUrl>
<MultiGeometry>
	<Polygon>
		<outerBoundaryIs>
			<LinearRing>
				<tessellate>1</tessellate>
				<coordinates>
					-72.66629862985464,-37.50202540810875,0.000
					-72.66626600635027,-37.50229070516428,0.000
					-72.6662640705629,-37.50240453917379,0.000
					-72.66626936373025,-37.502494163173196,0.000
					-72.66627227475212,-37.50250589017052,0.000
					-72.66629581097537,-37.50262549015023,0.000
					-72.66630684506919,-37.5026757551403,0.000
					-72.66632332818456,-37.50273760112468,0.000
					-72.66632335218473,-37.50273767912469,0.000
					-72.66632338218486,-37.50273775612464,0.000
					-72.66635401233096,-37.502816067093285,0.000
					-72.66641793053357,-37.50292475002443,0.000
					-72.6665103627559,-37.503044088922465,0.000
					-72.66657202091768,-37.503130918854886,0.000
					-72.66660607498132,-37.50316508081669,0.000
					-72.66664496405396,-37.50320409377308,0.000
					-72.66673003418872,-37.503276516676834,0.000
					-72.6668320343324,-37.503353780560786,0.000
					-72.66685715933819,-37.5033569805312,0.000
					-72.66686531933524,-37.503355393521446,0.000
					-72.66691894130443,-37.503339076456854,0.000
					-72.66716697816199,-37.50326359415804,0.000
					-72.66717792315168,-37.50325812214467,0.000
					-72.66718337312648,-37.50324464613736,0.000
					-72.66717283906796,-37.50321327314789,0.000
					-72.66709201268584,-37.503008427230675,0.000
					-72.66708842460355,-37.50296436723213,0.000
					-72.6670885786014,-37.5029631982319,0.000
					-72.66709713856876,-37.50294577322065,0.000
					-72.66712284951952,-37.50291947018847,0.000
					-72.66713540150374,-37.502911078173064,0.000
					-72.66717712847903,-37.50289797812279,0.000
					-72.6672202774675,-37.50289192307122,0.000
					-72.66731902444911,-37.502882404953546,0.000
					-72.6677639844131,-37.50286455842494,0.000
					-72.6679291364057,-37.50286111822894,0.000
					-72.66797556237563,-37.50284518017291,0.000
					-72.6679839923392,-37.50282567516167,0.000
					-72.66798277529628,-37.50280270516169,0.000
					-72.66775241908017,-37.50215081339336,0.000
					-72.66773217708875,-37.50215534441764,0.000
					-72.66768425175438,-37.50197614646305,0.000
					-72.66762517539001,-37.501780866520676,0.000
					-72.66758895607268,-37.50161082155289,0.000
					-72.66756282382866,-37.50148008557552,0.000
					-72.66754065255735,-37.50133473959258,0.000
					-72.66753395551807,-37.501313679599164,0.000
					-72.66751745350908,-37.501308816618405,0.000
					-72.66747939753162,-37.501320764664314,0.000
					-72.6673509066346,-37.5013754918201,0.000
					-72.66703285694716,-37.501541828207685,0.000
					-72.66683882816523,-37.50165797544503,0.000
					-72.66653713254598,-37.50186090281552,0.000
					-72.6664062616623,-37.50192276897461,0.000
					-72.66631412679126,-37.50199152708819,0.000
					-72.66630682781256,-37.502002909097584,0.000
					-72.66629862985464,-37.50202540810875,0.000
				</coordinates>
			</LinearRing>
		</outerBoundaryIs>
	</Polygon>
	<Polygon>
		<outerBoundaryIs>
			<LinearRing>
				<tessellate>1</tessellate>
				<coordinates>
					-72.66780153490612,-37.50205777032923,0.000
					-72.66781894991307,-37.50206153830883,0.000
					-72.66820459275887,-37.50198024384654,0.000
					-72.66820960274212,-37.50197128884003,0.000
					-72.66820763272753,-37.501963455841825,0.000
					-72.66820168469866,-37.50194798884793,0.000
					-72.66819573566319,-37.50192895385373,0.000
					-72.66814100739687,-37.501786185909566,0.000
					-72.66802679283543,-37.50148518402583,0.000
					-72.6679348263264,-37.50121233411753,0.000
					-72.66793042430939,-37.50120321812218,0.000
					-72.66791971629614,-37.50119608013442,0.000
					-72.66791257829175,-37.501193700142714,0.000
					-72.66789473229629,-37.50119608016403,0.000
					-72.66773649835943,-37.50122939235374,0.000
					-72.66765321739771,-37.50124961845376,0.000
					-72.6676222844201,-37.501261515491144,0.000
					-72.66760443844466,-37.50127460251315,0.000
					-72.66760086946246,-37.50128412051801,0.000
					-72.66763258474855,-37.501437399490094,0.000
					-72.66765160192008,-37.50152930747338,0.000
					-72.66770114030157,-37.50173374842765,0.000
					-72.66773617154095,-37.50186204639431,0.000
					-72.66778727384556,-37.502025316344074,0.000
					-72.66779275888295,-37.502045341338864,0.000
					-72.66780153490612,-37.50205777032923,0.000
				</coordinates>
			</LinearRing>
		</outerBoundaryIs>
	</Polygon>
	<Polygon>
		<outerBoundaryIs>
			<LinearRing>
				<tessellate>1</tessellate>
				<coordinates>
					-72.66798712327916,-37.50118719305397,0.000
					-72.66805463264548,-37.50138358098642,0.000
					-72.66808735263407,-37.501377559947265,0.000
					-72.66810312062853,-37.501374657928395,0.000
					-72.66825928256804,-37.501342773741236,0.000
					-72.6682510045161,-37.501314924749295,0.000
					-72.66825083451484,-37.50131423674944,0.000
					-72.66825072351331,-37.50131343374948,0.000
					-72.6682507035118,-37.5013126257495,0.000
					-72.66825077351028,-37.50131181874935,0.000
					-72.6682509345088,-37.50131102074908,0.000
					-72.66825118550736,-37.501310237748754,0.000
					-72.66825152250595,-37.501309474748325,0.000
					-72.66825194450455,-37.50130873974776,0.000
					-72.66825244750325,-37.5013080377471,0.000
					-72.66825302650197,-37.501307374746396,0.000
					-72.66825367850085,-37.50130675474559,0.000
					-72.66825439849977,-37.50130618474471,0.000
					-72.6682551784988,-37.501305667743715,0.000
					-72.66825601349791,-37.501305209742696,0.000
					-72.66825689749722,-37.50130481174162,0.000
					-72.66825782249657,-37.5013044797405,0.000
					-72.66825831849629,-37.50130433273991,0.000
					-72.66838941042818,-37.501268285582256,0.000
					-72.66833682117151,-37.50113067863585,0.000
					-72.66832113109466,-37.50108947965184,0.000
					-72.66831955909542,-37.501089867653704,0.000
					-72.66801810823138,-37.50116172501563,0.000
					-72.66799890323995,-37.501166247038654,0.000
					-72.66799000726152,-37.50117776904997,0.000
					-72.66798712327916,-37.50118719305397,0.000
				</coordinates>
			</LinearRing>
		</outerBoundaryIs>
	</Polygon>
</MultiGeometry>
</Placemark>

<Placemark>
<name>8306021001901</name>
<description><![CDATA[<p><br/>NOM_COMUNA: NACIMIENTO
<br/>MANZENT_CODIGO: 8306021001901
<br/>TOTAL_PERSONAS(2017): 48
<br/>TOTAL_VIVIENDAS(2017): 21</p>]]></description>
<ExtendedData>
	<Data name="fid"><displayName>fid</displayName><value><![CDATA[245]]></value></Data>
	<Data name="NOM_COMUNA"><displayName>NOM_COMUNA</displayName><value><![CDATA[NACIMIENTO]]></value></Data>
	<Data name="MANZENT_I"><displayName>MANZENT_I</displayName><value><![CDATA[8306021001901]]></value></Data>
	<Data name="TOTAL_PERS"><displayName>TOTAL_PERS</displayName><value><![CDATA[48]]></value></Data>
	<Data name="TOTAL_VIVI"><displayName>TOTAL_VIVI</displayName><value><![CDATA[21]]></value></Data>
</ExtendedData>
<styleUrl>#style1</styleUrl>
<MultiGeometry>
	<Polygon>
		<outerBoundaryIs>
			<LinearRing>
				<tessellate>1</tessellate>
				<coordinates>
					-72.69097561799734,-37.498973981664925,0.000
					-72.69099392700451,-37.4989778986435,0.000
					-72.69099826499594,-37.49897332563805,0.000
					-72.6910111579705,-37.49895973462194,0.000
					-72.69121630054707,-37.49873376036459,0.000
					-72.69126270044681,-37.4986802223062,0.000
					-72.69126666840786,-37.49865939230022,0.000
					-72.69126540539057,-37.498650122301115,0.000
					-72.69125611437953,-37.49864418331173,0.000
					-72.69108016119668,-37.49854560651413,0.000
					-72.69106765019627,-37.49854531752894,0.000
					-72.6910497042036,-37.49854918755043,0.000
					-72.69101545527155,-37.4985854495933,0.000
					-72.69081881968914,-37.498808363840396,0.000
					-72.6907901307526,-37.498842227876516,0.000
					-72.69078027077461,-37.49885400088897,0.000
					-72.69078518880272,-37.49886906488406,0.000
					-72.69097561799734,-37.498973981664925,0.000
				</coordinates>
			</LinearRing>
		</outerBoundaryIs>
	</Polygon>
	<Polygon>
		<outerBoundaryIs>
			<LinearRing>
				<tessellate>1</tessellate>
				<coordinates>
					-72.69179581163053,-37.496102676512294,0.000
					-72.69204555888184,-37.49623822922483,0.000
					-72.69209420987367,-37.496234043166886,0.000
					-72.69212449180918,-37.49619960412884,0.000
					-72.6921256938056,-37.49619767512728,0.000
					-72.69212803280084,-37.496195147124375,0.000
					-72.69212916579924,-37.49619428812297,0.000
					-72.69220381064002,-37.496109299029136,0.000
					-72.69220562463443,-37.49610632302684,0.000
					-72.69220796362974,-37.49610379502386,0.000
					-72.69221027662644,-37.49610204102103,0.000
					-72.69275315546993,-37.49548461633884,0.000
					-72.69273869639346,-37.49544360135337,0.000
					-72.69247925912639,-37.49529956965181,0.000
					-72.6924442141393,-37.495306364693775,0.000
					-72.69178371556171,-37.49606576252436,0.000
					-72.69179581163053,-37.496102676512294,0.000
				</coordinates>
			</LinearRing>
		</outerBoundaryIs>
	</Polygon>
</MultiGeometry>
</Placemark>

<Placemark>
<name>8306021002901</name>
<description><![CDATA[<p><br/>NOM_COMUNA: NACIMIENTO
<br/>MANZENT_CODIGO: 8306021002901
<br/>TOTAL_PERSONAS(2017): 54
<br/>TOTAL_VIVIENDAS(2017): 24</p>]]></description>
<ExtendedData>
	<Data name="fid"><displayName>fid</displayName><value><![CDATA[246]]></value></Data>
	<Data name="NOM_COMUNA"><displayName>NOM_COMUNA</displayName><value><![CDATA[NACIMIENTO]]></value></Data>
	<Data name="MANZENT_I"><displayName>MANZENT_I</displayName><value><![CDATA[8306021002901]]></value></Data>
	<Data name="TOTAL_PERS"><displayName>TOTAL_PERS</displayName><value><![CDATA[54]]></value></Data>
	<Data name="TOTAL_VIVI"><displayName>TOTAL_VIVI</displayName><value><![CDATA[24]]></value></Data>
</ExtendedData>
<styleUrl>#style1</styleUrl>
<MultiGeometry>
	<Polygon>
		<outerBoundaryIs>
			<LinearRing>
				<tessellate>1</tessellate>
				<coordinates>
					-72.69365196347039,-37.49120270300462,0.000
					-72.69365450847137,-37.491203224001644,0.000
					-72.69367919641714,-37.49117426597055,0.000
					-72.69387232101374,-37.490958871728196,0.000
					-72.69402757468492,-37.49078329053317,0.000
					-72.69420413430656,-37.49058124831125,0.000
					-72.69428874712526,-37.49048442420485,0.000
					-72.69445827975326,-37.49028577999153,0.000
					-72.69464985235453,-37.490072877751125,0.000
					-72.69478719304894,-37.48990965257808,0.000
					-72.69495019870922,-37.48972827337355,0.000
					-72.69512851032593,-37.48952358214938,0.000
					-72.69537984678618,-37.48923533483349,0.000
					-72.69545737361969,-37.489146408736005,0.000
					-72.69558757134017,-37.48899715157235,0.000
					-72.69563902223011,-37.48893838850767,0.000
					-72.69589067169191,-37.48865097619146,0.000
					-72.6961445461487,-37.48836088487241,0.000
					-72.69647033244784,-37.487986582462845,0.000
					-72.69673901187063,-37.48767830412515,0.000
					-72.69703744723724,-37.48734005475032,0.000
					-72.69743353638657,-37.486885745252444,0.000
					-72.69771540678369,-37.48656375289824,0.000
					-72.69803678308875,-37.48619260449416,0.000
					-72.69818684576506,-37.486019710305506,0.000
					-72.6983291334603,-37.48585693712669,0.000
					-72.69850359109022,-37.48565928490759,0.000
					-72.69854021301248,-37.48561777886159,0.000
					-72.69854700596765,-37.48559377785205,0.000
					-72.69854278086076,-37.48553647085345,0.000
					-72.69845541071584,-37.48545846795208,0.000
					-72.69810110242966,-37.48530373036221,0.000
					-72.6979104503796,-37.485276170586424,0.000
					-72.6976948523911,-37.4852815048422,0.000
					-72.6974907274605,-37.48531790908636,0.000
					-72.69724936170485,-37.48544792838051,0.000
					-72.69712376483356,-37.48551640153362,0.000
					-72.69694829301086,-37.48561075774749,0.000
					-72.69656282238837,-37.485811591216795,0.000
					-72.69615460882156,-37.48604216971498,0.000
					-72.69565540533483,-37.48631530832366,0.000
					-72.69529888472545,-37.48652328075918,0.000
					-72.69490970914204,-37.48674503423426,0.000
					-72.69458734147047,-37.48691978762724,0.000
					-72.69431779074323,-37.487064937955736,0.000
					-72.69428139478156,-37.48708533500016,0.000
					-72.69426418979967,-37.48709497802115,0.000
					-72.69417543889308,-37.48714471512941,0.000
					-72.69413723993337,-37.48716612317603,0.000
					-72.6941131459577,-37.48717909120542,0.000
					-72.69401068005155,-37.487228987329985,0.000
					-72.69386647016726,-37.4872904645047,0.000
					-72.69371242429729,-37.487359542691635,0.000
					-72.69344701552015,-37.48747796601356,0.000
					-72.6932694726792,-37.48756252722926,0.000
					-72.69304975088139,-37.48767003549638,0.000
					-72.6925627053446,-37.487916415088954,0.000
					-72.6921371507392,-37.48812625960647,0.000
					-72.69181438102635,-37.48827892199855,0.000
					-72.69160250122808,-37.48838621825632,0.000
					-72.6915785182509,-37.48839836328556,0.000
					-72.6915780082567,-37.48840144128636,0.000
					-72.69157755826176,-37.48840415628706,0.000
					-72.69157665827187,-37.48840958928842,0.000
					-72.69157467939185,-37.48847386529484,0.000
					-72.69153268560778,-37.48858942435188,0.000
					-72.69148845372654,-37.48865287640828,0.000
					-72.69140064992402,-37.488758351518975,0.000
					-72.69133009400764,-37.48880291260535,0.000
					-72.69123180214196,-37.48887449372632,0.000
					-72.69118823022066,-37.48891651978062,0.000
					-72.69111795728716,-37.48895189786613,0.000
					-72.69110699429613,-37.48895664287944,0.000
					-72.69106402841626,-37.48902086893432,0.000
					-72.69104314653906,-37.48908657896321,0.000
					-72.69103706467912,-37.48916159497517,0.000
					-72.69104275279147,-37.48922181497218,0.000
					-72.69105956491538,-37.489288261956446,0.000
					-72.69108796302278,-37.48934592092647,0.000
					-72.69112013013033,-37.489403651891955,0.000
					-72.69113740422614,-37.48945508187467,0.000
					-72.69116966432807,-37.48950980983991,0.000
					-72.69125386448202,-37.48959260174533,0.000
					-72.69133135758526,-37.48964821465702,0.000
					-72.69144700766162,-37.48968954552254,0.000
					-72.69157378174951,-37.48973710537529,0.000
					-72.69172629387741,-37.48980620619891,0.000
					-72.69183449794794,-37.489844386073074,0.000
					-72.69199455007602,-37.48991363388778,0.000
					-72.69210633915786,-37.48995789375809,0.000
					-72.69227071525245,-37.490009193566515,0.000
					-72.69247958639328,-37.49008540532379,0.000
					-72.69262153147598,-37.4901302541584,0.000
					-72.6928234185829,-37.49018829692277,0.000
					-72.69300231971154,-37.49025791071518,0.000
					-72.69312974176016,-37.49028444356583,0.000
					-72.69320180496422,-37.4903940464873,0.000
					-72.69318229023295,-37.49053792451949,0.000
					-72.69311037347762,-37.49066875761289,0.000
					-72.69304710365527,-37.490763694693854,0.000
					-72.69299192779951,-37.49084075676409,0.000
					-72.69298087701235,-37.49095474678433,0.000
					-72.69306912614957,-37.4910286006844,0.000
					-72.69316454630942,-37.49111461657673,0.000
					-72.69327670636882,-37.491146861445834,0.000
					-72.69338886742823,-37.49117910631494,0.000
					-72.69347933643088,-37.491180874207856,0.000
					-72.6936321684642,-37.49119929602785,0.000
					-72.69363981246588,-37.49120021801889,0.000
					-72.69363984446589,-37.49120022301886,0.000
					-72.69364300546707,-37.491200871015124,0.000
					-72.69365196347039,-37.49120270300462,0.000
				</coordinates>
			</LinearRing>
		</outerBoundaryIs>
	</Polygon>
	<Polygon>
		<outerBoundaryIs>
			<LinearRing>
				<tessellate>1</tessellate>
				<coordinates>
					-72.69514031854646,-37.484283101806426,0.000
					-72.69498236762118,-37.484322553996066,0.000
					-72.69483303671485,-37.484372178176116,0.000
					-72.69472105279968,-37.48441721331166,0.000
					-72.6945859859129,-37.484477388475476,0.000
					-72.6943928170799,-37.48456616870991,0.000
					-72.69412151234994,-37.484709836040444,0.000
					-72.69395435253045,-37.48480597124452,0.000
					-72.6939120265807,-37.484832721296385,0.000
					-72.69383502667644,-37.48488375539079,0.000
					-72.69374213277614,-37.484936823504206,0.000
					-72.69367533685657,-37.48497967658606,0.000
					-72.69358349999494,-37.485053491699524,0.000
					-72.69350878510308,-37.485111149791685,0.000
					-72.69344352622744,-37.485177552873196,0.000
					-72.69337992536092,-37.48524885595299,0.000
					-72.69332707151476,-37.48533109202082,0.000
					-72.69328252161755,-37.48538600507702,0.000
					-72.69322307673214,-37.485447205151324,0.000
					-72.6931662438186,-37.48549331622153,0.000
					-72.6931175338925,-37.48553273728177,0.000
					-72.69306510098649,-37.48558290034704,0.000
					-72.6930115470935,-37.485640070414064,0.000
					-72.69296615819914,-37.4856964984714,0.000
					-72.69272815176723,-37.48600005077248,0.000
					-72.69256936710478,-37.48618033797198,0.000
					-72.69250597723224,-37.48624839905137,0.000
					-72.69243267437118,-37.486322576142854,0.000
					-72.69242491238927,-37.48633224715272,0.000
					-72.69241715140738,-37.48634191916251,0.000
					-72.69209357399397,-37.4866550615656,0.000
					-72.69199640714685,-37.48673661168586,0.000
					-72.6918732803585,-37.48684955583888,0.000
					-72.69176344353214,-37.486942212974846,0.000
					-72.69164748071388,-37.48703916511839,0.000
					-72.69153471088715,-37.48713158425782,0.000
					-72.69145395399791,-37.4871906543572,0.000
					-72.69139183906857,-37.487228281433204,0.000
					-72.69136500709988,-37.487244959466004,0.000
					-72.69136367410086,-37.48724547846763,0.000
					-72.69136234210183,-37.48724599846926,0.000
					-72.69130379414294,-37.48726779253997,0.000
					-72.69141862220387,-37.487300880405996,0.000
					-72.69147164325115,-37.48732641834476,0.000
					-72.69153965232177,-37.48736450026658,0.000
					-72.69160803836952,-37.48739033818716,0.000
					-72.6916981524979,-37.48745947808477,0.000
					-72.69170965373259,-37.48758527207904,0.000
					-72.69166973482285,-37.487633494129355,0.000
					-72.69162137895862,-37.48770605219121,0.000
					-72.69158933003767,-37.48774830223188,0.000
					-72.69158379314038,-37.48780332224188,0.000
					-72.69158374714318,-37.48780482724204,0.000
					-72.69157974138604,-37.48793493725494,0.000
					-72.69158525651766,-37.48800548625283,0.000
					-72.69159067665501,-37.48807909525106,0.000
					-72.69159244478077,-37.48814650825321,0.000
					-72.69159326996372,-37.48824452925839,0.000
					-72.69159082011224,-37.488324111266294,0.000
					-72.69159010112034,-37.488328451267414,0.000
					-72.69177843294109,-37.48823308003825,0.000
					-72.69177931294024,-37.488232649037194,0.000
					-72.69210198865316,-37.48808003364523,0.000
					-72.69252667825936,-37.48787061412879,0.000
					-72.69301382379606,-37.487624184536074,0.000
					-72.69323432359317,-37.487516296268,0.000
					-72.69341262543344,-37.487431372051354,0.000
					-72.69341345543275,-37.48743098905038,0.000
					-72.69367922020957,-37.487312406727966,0.000
					-72.69385069606487,-37.48723551351996,0.000
					-72.69392892999636,-37.48719909342496,0.000
					-72.69402499491709,-37.487156992308456,0.000
					-72.69409594684532,-37.487118816221994,0.000
					-72.69422176071062,-37.487047106068445,0.000
					-72.69454673938166,-37.48687204467232,0.000
					-72.69486830205408,-37.486697726280376,0.000
					-72.69525644163862,-37.486476583806514,0.000
					-72.69561353724735,-37.48626826137031,0.000
					-72.69611320173361,-37.485994860761124,0.000
					-72.69648493133919,-37.48578492930743,0.000
					-72.69648264530635,-37.48576731130902,0.000
					-72.69641440412424,-37.485669464383804,0.000
					-72.69634837896557,-37.48558418645665,0.000
					-72.69627990080481,-37.48549777853237,0.000
					-72.69621706962391,-37.48540057760075,0.000
					-72.6961975285643,-37.485368535621845,0.000
					-72.6962146465463,-37.48535897660098,0.000
					-72.69623037852979,-37.48535019158182,0.000
					-72.69625244659738,-37.48538648855791,0.000
					-72.69631430777544,-37.48548213849064,0.000
					-72.69638191593413,-37.48556744741588,0.000
					-72.69644859409432,-37.485653549342274,0.000
					-72.69651727027744,-37.485751946267065,0.000
					-72.69653118429076,-37.48575915625101,0.000
					-72.69676598306084,-37.48563685096513,0.000
					-72.69676296102462,-37.485617415967475,0.000
					-72.69672411989754,-37.48554916000925,0.000
					-72.69668020273531,-37.485462061055784,0.000
					-72.69664270857449,-37.48537571809482,0.000
					-72.69660233739606,-37.485279946136664,0.000
					-72.69657570226245,-37.4852082331637,0.000
					-72.69654478805906,-37.485099128193525,0.000
					-72.69652335885651,-37.48499047921207,0.000
					-72.69651322375093,-37.48493386722055,0.000
					-72.69650486561986,-37.48486359222605,0.000
					-72.6964806404772,-37.4847870602499,0.000
					-72.69645737537247,-37.48473082427398,0.000
					-72.69642739125688,-37.48466877830563,0.000
					-72.69640370313662,-37.484604242329624,0.000
					-72.69638759801595,-37.48453949434463,0.000
					-72.696374426875,-37.484463898355514,0.000
					-72.69637597978556,-37.48441596535064,0.000
					-72.69637660374964,-37.484396713348694,0.000
					-72.69637070068927,-37.484364336353686,0.000
					-72.69635976858403,-37.48430788936309,0.000
					-72.69637936057939,-37.48430547533972,0.000
					-72.69639893157473,-37.48430306631639,0.000
					-72.69640985768032,-37.484359693306985,0.000
					-72.6964162407459,-37.484394873301625,0.000
					-72.6964150818126,-37.48443062830524,0.000
					-72.69641406087146,-37.48446214830842,0.000
					-72.69642666200583,-37.48453421829801,0.000
					-72.69644215812232,-37.484596702283554,0.000
					-72.69646490623782,-37.484658696260524,0.000
					-72.6964946823524,-37.48472019722911,0.000
					-72.69651868246054,-37.484778250204286,0.000
					-72.69654393260956,-37.48485822717936,0.000
					-72.69655258074364,-37.484930129173634,0.000
					-72.69656251684755,-37.484985835165375,0.000
					-72.69658364604778,-37.48509321814707,0.000
					-72.69661405824726,-37.48520024011776,0.000
					-72.69664005937815,-37.48527049809133,0.000
					-72.69668011355523,-37.48536554304987,0.000
					-72.69671729671435,-37.485450979011176,0.000
					-72.6967604618742,-37.485536801965424,0.000
					-72.69679898400011,-37.48560442092401,0.000
					-72.69681172401611,-37.485613049909425,0.000
					-72.69690826392159,-37.485562754791886,0.000
					-72.6970830467449,-37.485468746578874,0.000
					-72.69720864261625,-37.48540027342575,0.000
					-72.69745058237139,-37.485269994130945,0.000
					-72.69760391621998,-37.48518944494419,0.000
					-72.69774627506891,-37.485109041770436,0.000
					-72.69787825492325,-37.4850314996092,0.000
					-72.69805499574429,-37.48493626639384,0.000
					-72.69820259958365,-37.48485073821359,0.000
					-72.69840366036972,-37.48473687296819,0.000
					-72.6985745991928,-37.48464269675976,0.000
					-72.6987656199979,-37.484538999526876,0.000
					-72.69898264178276,-37.484424543262605,0.000
					-72.69915702760923,-37.48433223605014,0.000
					-72.69934074639768,-37.484219563825405,0.000
					-72.69949390222926,-37.48412990663832,0.000
					-72.69965815801848,-37.48401757443664,0.000
					-72.69973225792681,-37.48396873234582,0.000
					-72.69981151786523,-37.48393603124986,0.000
					-72.69996304280285,-37.483903206068256,0.000
					-72.70003595478346,-37.483893090981205,0.000
					-72.70007368670302,-37.483850118933816,0.000
					-72.70020199144358,-37.48371158377315,0.000
					-72.700306513268,-37.4836178876434,0.000
					-72.70033246122438,-37.48359462761123,0.000
					-72.70038130415021,-37.48355506555083,0.000
					-72.70046501102314,-37.483487264447405,0.000
					-72.7006381487946,-37.48336546223466,0.000
					-72.70073121668719,-37.4833082671208,0.000
					-72.70067171753463,-37.48322628018617,0.000
					-72.70059566033966,-37.483121477269734,0.000
					-72.70041012986403,-37.48286582347353,0.000
					-72.70033727567726,-37.48276543355358,0.000
					-72.70021063235261,-37.48259092469266,0.000
					-72.70018950636182,-37.48259576971803,0.000
					-72.70011548438688,-37.48260892780657,0.000
					-72.70004757441167,-37.482621933887806,0.000
					-72.69999152543019,-37.48263165595484,0.000
					-72.69993499644356,-37.48263857502223,0.000
					-72.69988954047115,-37.48265319007701,0.000
					-72.69982915451276,-37.48267526414996,0.000
					-72.69974619457257,-37.48270699225025,0.000
					-72.69965255865596,-37.48275130836398,0.000
					-72.69958648472026,-37.4827855284444,0.000
					-72.69951963678353,-37.482819191525714,0.000
					-72.69943508286462,-37.482862332628585,0.000
					-72.69934459594207,-37.482903465738396,0.000
					-72.69929354898649,-37.482927073800354,0.000
					-72.69893787828585,-37.48308614123171,0.000
					-72.6989129243112,-37.48309962326216,0.000
					-72.69890648531774,-37.48310310226999,0.000
					-72.6989052233194,-37.48310399327156,0.000
					-72.69890151432432,-37.48310661027608,0.000
					-72.69889870632626,-37.48310766227949,0.000
					-72.69889510832881,-37.48310900928385,0.000
					-72.69889221933263,-37.48311102528739,0.000
					-72.69889013533559,-37.48311260728994,0.000
					-72.69885838337552,-37.483133886328915,0.000
					-72.69879230943984,-37.48316810540934,0.000
					-72.6987108585109,-37.48320589950824,0.000
					-72.69865622756015,-37.4832320505746,0.000
					-72.69860132763252,-37.48327063264206,0.000
					-72.69852604572044,-37.48331746773418,0.000
					-72.69844934477771,-37.48334787482696,0.000
					-72.69835311182634,-37.48337357494264,0.000
					-72.69825973387326,-37.483398340054805,0.000
					-72.69816897693953,-37.48343351916456,0.000
					-72.6981272269755,-37.48345262121523,0.000
					-72.69805645803649,-37.48348503630109,0.000
					-72.69798779907921,-37.48350766938387,0.000
					-72.69786335615176,-37.48354606653375,0.000
					-72.69779237618434,-37.483563247618896,0.000
					-72.69770258222641,-37.4835854677267,0.000
					-72.69759285629098,-37.48361964585887,0.000
					-72.69744701235166,-37.48365158803364,0.000
					-72.69738142138655,-37.483670045112525,0.000
					-72.69729123443874,-37.48369766422111,0.000
					-72.69722534046456,-37.48371124930006,0.000
					-72.69719054249718,-37.48372859434239,0.000
					-72.6971556885469,-37.483755129385315,0.000
					-72.6971084605997,-37.48378322644307,0.000
					-72.69702468064733,-37.48380844754391,0.000
					-72.69663606185259,-37.483916940011184,0.000
					-72.6965590588663,-37.483923999102885,0.000
					-72.69648455388635,-37.48393444119179,0.000
					-72.69640360791286,-37.48394836228858,0.000
					-72.69630721995026,-37.483968020404006,0.000
					-72.69606543505532,-37.48402341169401,0.000
					-72.69592196610895,-37.48405161286574,0.000
					-72.69581205914325,-37.4840695649971,0.000
					-72.69570227619064,-37.484094548128745,0.000
					-72.69560968125164,-37.48412689624049,0.000
					-72.6955060323179,-37.48416200136548,0.000
					-72.69532328342909,-37.48422088658577,0.000
					-72.69514031854646,-37.484283101806426,0.000
				</coordinates>
			</LinearRing>
		</outerBoundaryIs>
	</Polygon>
</MultiGeometry>
</Placemark>

<Placemark>
<name>8306061001901</name>
<description><![CDATA[<p><br/>NOM_COMUNA: NACIMIENTO
<br/>MANZENT_CODIGO: 8306061001901
<br/>TOTAL_PERSONAS(2017): 30
<br/>TOTAL_VIVIENDAS(2017): 11</p>]]></description>
<ExtendedData>
	<Data name="fid"><displayName>fid</displayName><value><![CDATA[247]]></value></Data>
	<Data name="NOM_COMUNA"><displayName>NOM_COMUNA</displayName><value><![CDATA[NACIMIENTO]]></value></Data>
	<Data name="MANZENT_I"><displayName>MANZENT_I</displayName><value><![CDATA[8306061001901]]></value></Data>
	<Data name="TOTAL_PERS"><displayName>TOTAL_PERS</displayName><value><![CDATA[30]]></value></Data>
	<Data name="TOTAL_VIVI"><displayName>TOTAL_VIVI</displayName><value><![CDATA[11]]></value></Data>
</ExtendedData>
<styleUrl>#style1</styleUrl>
<MultiGeometry>
	<Polygon>
		<outerBoundaryIs>
			<LinearRing>
				<tessellate>1</tessellate>
				<coordinates>
					-72.65973503437048,-37.50977601538304,0.000
					-72.6597525245219,-37.509857107367466,0.000
					-72.66054353133252,-37.509758156423324,0.000
					-72.66056767332282,-37.509753047394426,0.000
					-72.6605818743123,-37.509747471377175,0.000
					-72.66059535829743,-37.509739537360694,0.000
					-72.6606020442899,-37.50973552435248,0.000
					-72.66060593028077,-37.509730645347624,0.000
					-72.66060996125614,-37.50971747734199,0.000
					-72.66047727897693,-37.50903239345567,0.000
					-72.66047377694284,-37.50901412045866,0.000
					-72.66046765592327,-37.50900363546528,0.000
					-72.660462482908,-37.508995422470875,0.000
					-72.66045115689529,-37.50898861948385,0.000
					-72.66044445489025,-37.5089858734916,0.000
					-72.66043395988198,-37.50898142950376,0.000
					-72.66041951387325,-37.50897672752064,0.000
					-72.66039678687274,-37.50897636754756,0.000
					-72.66029116489864,-37.50898989967362,0.000
					-72.66023414291259,-37.50899720474168,0.000
					-72.66019074292403,-37.50900319379351,0.000
					-72.66000676043717,-37.509277293029136,0.000
					-72.65975997212547,-37.50964495834514,0.000
					-72.65974356817121,-37.509669395366124,0.000
					-72.65974171821486,-37.50969275136985,0.000
					-72.65974170921504,-37.50969286036986,0.000
					-72.65974170021529,-37.50969296936985,0.000
					-72.65974146922069,-37.50969586337033,0.000
					-72.65973889728055,-37.50972790037542,0.000
					-72.65973721631968,-37.50974883137873,0.000
					-72.65973503437048,-37.50977601538304,0.000
				</coordinates>
			</LinearRing>
		</outerBoundaryIs>
	</Polygon>
	<Polygon>
		<outerBoundaryIs>
			<LinearRing>
				<tessellate>1</tessellate>
				<coordinates>
					-72.64609267584217,-37.509454053537326,0.000
					-72.64610258785142,-37.509459027525935,0.000
					-72.6461144668513,-37.50945899351183,0.000
					-72.64652358150937,-37.50927709401511,0.000
					-72.64653160048995,-37.50926671100494,0.000
					-72.64653313847249,-37.50925736900252,0.000
					-72.64653070745553,-37.50924830900484,0.000
					-72.64608641732417,-37.50864152649271,0.000
					-72.64607056430498,-37.50863120751082,0.000
					-72.64605671929426,-37.50862543452689,0.000
					-72.64604121930115,-37.50862909054548,0.000
					-72.64567027960626,-37.5087913839957,0.000
					-72.64565397063436,-37.508806378016025,0.000
					-72.64564788266681,-37.508823739024365,0.000
					-72.64565101270259,-37.50884290702187,0.000
					-72.64608002582092,-37.50944262655161,0.000
					-72.64609267584217,-37.509454053537326,0.000
				</coordinates>
			</LinearRing>
		</outerBoundaryIs>
	</Polygon>
	<Polygon>
		<outerBoundaryIs>
			<LinearRing>
				<tessellate>1</tessellate>
				<coordinates>
					-72.64462504341014,-37.50921886526235,0.000
					-72.64463850443033,-37.509229677247106,0.000
					-72.64465425842847,-37.509228730228386,0.000
					-72.64467673641019,-37.50921899520112,0.000
					-72.64502097209919,-37.50905346878231,0.000
					-72.6450412540702,-37.50903801275729,0.000
					-72.64505220203807,-37.509020838743226,0.000
					-72.64505557101931,-37.50901081273855,0.000
					-72.64505366098489,-37.50899239173963,0.000
					-72.64478540428951,-37.5086194540338,0.000
					-72.64476457625685,-37.50860191605736,0.000
					-72.64473495624239,-37.50859411609198,0.000
					-72.64471223225517,-37.508600872119366,0.000
					-72.6446160393453,-37.508648877236496,0.000
					-72.64437651359114,-37.50877981452885,0.000
					-72.64435692961894,-37.508794653553046,0.000
					-72.64434594265344,-37.50881308756729,0.000
					-72.64434429069112,-37.50883324157051,0.000
					-72.64462504341014,-37.50921886526235,0.000
				</coordinates>
			</LinearRing>
		</outerBoundaryIs>
	</Polygon>
	<Polygon>
		<outerBoundaryIs>
			<LinearRing>
				<tessellate>1</tessellate>
				<coordinates>
					-72.63814144222171,-37.51338253421717,0.000
					-72.6383907522627,-37.513405093923005,0.000
					-72.63913568966204,-37.51201526795041,0.000
					-72.63913610566065,-37.51201454094989,0.000
					-72.63976072975333,-37.5109953951438,0.000
					-72.63976232874933,-37.51099324114176,0.000
					-72.63994856335442,-37.51078236790738,0.000
					-72.63995524134023,-37.510774804898986,0.000
					-72.63995533634005,-37.51077469789887,0.000
					-72.63995542933984,-37.51077458889876,0.000
					-72.64003434816645,-37.51068199079926,0.000
					-72.64003588516351,-37.510680412797306,0.000
					-72.64003838515995,-37.51067851879425,0.000
					-72.64004125915706,-37.51067699879073,0.000
					-72.64004293515586,-37.51067635178874,0.000
					-72.64045222489318,-37.510536834294435,0.000
					-72.64052001983647,-37.510506657212126,0.000
					-72.64058880977123,-37.51047191012831,0.000
					-72.64067770767478,-37.510420524019615,0.000
					-72.64079868753504,-37.51034602787142,0.000
					-72.64107481818326,-37.510158493531954,0.000
					-72.64137535177404,-37.50994025416163,0.000
					-72.6413755457738,-37.50994011516138,0.000
					-72.64137574177357,-37.50993997916117,0.000
					-72.64177079326328,-37.50966790167527,0.000
					-72.64189239308183,-37.50957110352491,0.000
					-72.6418930690809,-37.509570590524056,0.000
					-72.64205809585677,-37.509451088320766,0.000
					-72.64206204382056,-37.50943169331481,0.000
					-72.6420377217583,-37.5093983123415,0.000
					-72.64157409910179,-37.509045723868596,0.000
					-72.64150309601166,-37.50899727994964,0.000
					-72.64150298301152,-37.50899720294981,0.000
					-72.64150287701135,-37.50899711994989,0.000
					-72.64150049400762,-37.5089951339526,0.000
					-72.64149858700338,-37.508992843954736,0.000
					-72.64149809800195,-37.508992080955245,0.000
					-72.64136804559585,-37.50877439509543,0.000
					-72.64112966894605,-37.50842594135575,0.000
					-72.64103535268545,-37.508286206458585,0.000
					-72.64103011767021,-37.508278044464255,0.000
					-72.6410299366704,-37.508278155464495,0.000
					-72.64102776767294,-37.50827948846714,0.000
					-72.6410251886759,-37.50828107347031,0.000
					-72.64102315067827,-37.5082823264728,0.000
					-72.64101827668387,-37.50828532347874,0.000
					-72.64101216569092,-37.50828907948625,0.000
					-72.64097624573233,-37.508311161530244,0.000
					-72.6409632887473,-37.50831912654611,0.000
					-72.64088356583926,-37.508368136643774,0.000
					-72.6407565729857,-37.508446204799355,0.000
					-72.64074761099603,-37.50845171481033,0.000
					-72.64074758399607,-37.508451730810364,0.000
					-72.64074382500036,-37.50845400581502,0.000
					-72.64072629202026,-37.50846461583647,0.000
					-72.6406266701334,-37.508524904958435,0.000
					-72.64050542227103,-37.5085982811069,0.000
					-72.64050482927183,-37.50859869710766,0.000
					-72.64037122747447,-37.508706816273005,0.000
					-72.64033436453039,-37.508736648318624,0.000
					-72.64029138859554,-37.50877142737178,0.000
					-72.64026494563568,-37.50879282740448,0.000
					-72.64023699067808,-37.50881545043909,0.000
					-72.64023636567916,-37.50881605343993,0.000
					-72.64015696385121,-37.50890792253993,0.000
					-72.64014408487911,-37.50892282455618,0.000
					-72.64005152007965,-37.50902992067278,0.000
					-72.63997753724928,-37.50912051676631,0.000
					-72.63996388228057,-37.50913723778358,0.000
					-72.63991294239734,-37.509199613848,0.000
					-72.63990309641994,-37.509211691860465,0.000
					-72.63990296042032,-37.50921188586063,0.000
					-72.63988654946756,-37.50923712188169,0.000
					-72.63984684658183,-37.50929819093266,0.000
					-72.63983263162278,-37.50932005595092,0.000
					-72.63979060674373,-37.5093846970049,0.000
					-72.63973751390104,-37.509468735073256,0.000
					-72.63972305594386,-37.50949161909191,0.000
					-72.63969721202041,-37.50953252412516,0.000
					-72.63968429105869,-37.50955298014183,0.000
					-72.63968425605876,-37.50955303814182,0.000
					-72.63968422305888,-37.50955309714186,0.000
					-72.6396679861146,-37.50958288116302,0.000
					-72.63966397012838,-37.50959024816827,0.000
					-72.63963070824255,-37.50965126021163,0.000
					-72.63957702042681,-37.509749728281584,0.000
					-72.63957692742706,-37.50974989028177,0.000
					-72.63957682642742,-37.50975004828186,0.000
					-72.6395237835761,-37.50982951434985,0.000
					-72.63949701065117,-37.50986962038421,0.000
					-72.63947084272455,-37.509908821417724,0.000
					-72.63942087386883,-37.50998592948189,0.000
					-72.63937125401216,-37.51006249754566,0.000
					-72.63937019801426,-37.510063638547024,0.000
					-72.63928499313958,-37.510130496652316,0.000
					-72.63928497313965,-37.510130512652346,0.000
					-72.63921032724942,-37.51018908374462,0.000
					-72.63920025326425,-37.510196990757066,0.000
					-72.63920019126438,-37.51019704175712,0.000
					-72.63920013126442,-37.5101970927572,0.000
					-72.63917970829843,-37.51021522378259,0.000
					-72.63917236131066,-37.51022174679175,0.000
					-72.63911212441084,-37.51027522586658,0.000
					-72.63908906944921,-37.510295692895234,0.000
					-72.63902318455878,-37.51035418197707,0.000
					-72.63902240156048,-37.51035507397807,0.000
					-72.63898519866477,-37.51041080202576,0.000
					-72.63898123767586,-37.51041673603084,0.000
					-72.63895710274353,-37.51045288906179,0.000
					-72.63894783376955,-37.51046677307367,0.000
					-72.63894781376959,-37.510466803073705,0.000
					-72.63894779376963,-37.51046683307376,0.000
					-72.63890443988282,-37.510527285129,0.000
					-72.63886094099635,-37.510587941184475,0.000
					-72.63886062299734,-37.510588459184895,0.000
					-72.63883552408855,-37.51063722721776,0.000
					-72.63881018918067,-37.51068645825103,0.000
					-72.63881009718105,-37.510686651251106,0.000
					-72.6388100171814,-37.510686843251214,0.000
					-72.63880756619326,-37.51069318925456,0.000
					-72.63880499620575,-37.51069985125801,0.000
					-72.63879996923008,-37.5107128852648,0.000
					-72.63879978223102,-37.510713369265055,0.000
					-72.63879976323109,-37.51071341726509,0.000
					-72.63879973723118,-37.51071348126513,0.000
					-72.63879967823148,-37.51071363626521,0.000
					-72.6387995962319,-37.51071385126532,0.000
					-72.63879583825012,-37.51072358427041,0.000
					-72.63878207131677,-37.51075924328902,0.000
					-72.63876492139995,-37.51080370331218,0.000
					-72.638764138402,-37.510804805313185,0.000
					-72.63873026246767,-37.51083985035561,0.000
					-72.63870574551513,-37.51086521438632,0.000
					-72.63868137456235,-37.51089042741686,0.000
					-72.63867653857177,-37.51089543042292,0.000
					-72.63864821562663,-37.51092473145835,0.000
					-72.63864769662753,-37.51092519745903,0.000
					-72.63862876765525,-37.5109399964824,0.000
					-72.63855290276645,-37.510999311576164,0.000
					-72.63853154379775,-37.51101601560256,0.000
					-72.63847813987607,-37.5110577786686,0.000
					-72.63845883090433,-37.51107287869244,0.000
					-72.63844289192461,-37.51108367571206,0.000
					-72.63840879196793,-37.51110677575394,0.000
					-72.6384062379712,-37.511108505757065,0.000
					-72.63840085197803,-37.5111121547637,0.000
					-72.63834353705083,-37.51115098483413,0.000
					-72.6383434720509,-37.51115102783424,0.000
					-72.63834340705098,-37.511151068834344,0.000
					-72.63831231708602,-37.51116974287238,0.000
					-72.63826467813972,-37.5111983559307,0.000
					-72.63824080316662,-37.511212694959944,0.000
					-72.63819188522174,-37.51124207601983,0.000
					-72.63818576522868,-37.511245751027346,0.000
					-72.6381656082514,-37.511257858051984,0.000
					-72.63813789628261,-37.511274502085946,0.000
					-72.63813710328373,-37.51127508008688,0.000
					-72.6380458404348,-37.51135570820031,0.000
					-72.63795409158666,-37.51143676831427,0.000
					-72.63795403158679,-37.5114368233144,0.000
					-72.6379539725869,-37.51143688131442,0.000
					-72.63790845667286,-37.51148277537138,0.000
					-72.63789533169764,-37.51149600738775,0.000
					-72.63786215976032,-37.51152944942925,0.000
					-72.6378616047616,-37.511530125429964,0.000
					-72.63782760185687,-37.511581059473556,0.000
					-72.63780651091606,-37.51161265350059,0.000
					-72.63779327895314,-37.511632478517534,0.000
					-72.63779323795325,-37.5116325425176,0.000
					-72.63779319995336,-37.51163260751766,0.000
					-72.63771466121139,-37.51177050561963,0.000
					-72.63765750839917,-37.511870847693835,0.000
					-72.63764272444776,-37.51189680271304,0.000
					-72.63763591947013,-37.51190874672187,0.000
					-72.63763581547045,-37.51190891972199,0.000
					-72.63763570347076,-37.51190908772218,0.000
					-72.63761287453153,-37.5119415457513,0.000
					-72.63757656362813,-37.5119931667977,0.000
					-72.63754366971567,-37.512039931839674,0.000
					-72.63754363671575,-37.512039977839756,0.000
					-72.63754360371586,-37.512040024839806,0.000
					-72.63751774378467,-37.51207678887284,0.000
					-72.63751728478573,-37.5120773408734,0.000
					-72.63751163179663,-37.51208316788045,0.000
					-72.6374499299158,-37.512146778957735,0.000
					-72.63742905695608,-37.51216829798385,0.000
					-72.63739791401622,-37.512200406022856,0.000
					-72.63738257104588,-37.51221622304204,0.000
					-72.63738212204686,-37.512216762042634,0.000
					-72.63735431312067,-37.51225617607811,0.000
					-72.63734629914194,-37.51226753608838,0.000
					-72.63733602916918,-37.51228209410146,0.000
					-72.63732653219436,-37.512295556113614,0.000
					-72.63732601319548,-37.51229616811426,0.000
					-72.63730509023442,-37.51231694014039,0.000
					-72.63729505325313,-37.51232690415294,0.000
					-72.63727743228584,-37.512344397174935,0.000
					-72.63727635628786,-37.51234546617629,0.000
					-72.63725208333298,-37.51236956320661,0.000
					-72.63722861337666,-37.51239286323596,0.000
					-72.63722777437881,-37.51239400923705,0.000
					-72.63719623549652,-37.51245693027848,0.000
					-72.63716462261455,-37.51252000432001,0.000
					-72.63716459261464,-37.51252006332005,0.000
					-72.63716456161474,-37.51252012132009,0.000
					-72.63712792773194,-37.51258272936756,0.000
					-72.6371111387856,-37.512611419389295,0.000
					-72.63707014091675,-37.51268148244241,0.000
					-72.63705796595568,-37.512702288458186,0.000
					-72.6370575409568,-37.51270289045875,0.000
					-72.63704004399577,-37.51272372048082,0.000
					-72.63699914608694,-37.512772409532474,0.000
					-72.63699901208729,-37.512772568532604,0.000
					-72.63699887808758,-37.51277272853279,0.000
					-72.63698041612872,-37.51279470855608,0.000
					-72.63694069221725,-37.51284200060626,0.000
					-72.63694018321871,-37.51284275160686,0.000
					-72.63693720022924,-37.51284837961082,0.000
					-72.63692404527563,-37.512873196628014,0.000
					-72.63691046732357,-37.51289881164572,0.000
					-72.6369054813412,-37.512908218652235,0.000
					-72.63688172142506,-37.51295304868332,0.000
					-72.63687218645872,-37.512971038695795,0.000
					-72.63687083446352,-37.51297358769755,0.000
					-72.63687080146364,-37.512973649697564,0.000
					-72.63687076746372,-37.51297371069763,0.000
					-72.63683792656286,-37.513026686740005,0.000
					-72.63679288169888,-37.51309934679807,0.000
					-72.63672096091604,-37.51321535789083,0.000
					-72.6367146409351,-37.513225552898916,0.000
					-72.63671409693784,-37.5132270058997,0.000
					-72.63671353094477,-37.51323074590062,0.000
					-72.63671313094974,-37.513233385901245,0.000
					-72.636712052963,-37.51324049690299,0.000
					-72.63671204096318,-37.51324057690303,0.000
					-72.6367156789637,-37.513240855898744,0.000
					-72.63672327596504,-37.513241609889754,0.000
					-72.63672270497212,-37.51324538489065,0.000
					-72.63814122822166,-37.51338251421747,0.000
					-72.63814133522168,-37.51338252421732,0.000
					-72.63814144222171,-37.51338253421717,0.000
				</coordinates>
			</LinearRing>
		</outerBoundaryIs>
	</Polygon>
</MultiGeometry>
</Placemark>

</Document>
</kml>