<?xml version="1.0" encoding="UTF-8"?>
<kml xmlns="http://earth.google.com/kml/2.2">
<Document>
<name>limite_nac</name>
<Style id="style1">
	<LineStyle>
		<color>ff179eff</color>
		<width>5</width>
	</LineStyle>
</Style>
<Placemark>
<name>8306</name>
<description><![CDATA[<p>fid: 1
<br/>COMUNA: 8306
<br/>NOM_COMUNA: NACIMIENTO</p>]]></description>
<ExtendedData>
	<Data name="fid"><displayName>fid</displayName><value><![CDATA[1]]></value></Data>
	<Data name="COMUNA"><displayName>COMUNA</displayName><value><![CDATA[8306]]></value></Data>
	<Data name="NOM_COMUNA"><displayName>NOM_COMUNA</displayName><value><![CDATA[NACIMIENTO]]></value></Data>
</ExtendedData>
<styleUrl>#style1</styleUrl>
	<LineString>
		<tessellate>1</tessellate>
		<coordinates>
			-72.71974070499994,-37.289571811999956,0.000
			-72.71888737799998,-37.29284352399998,0.000
			-72.71576876299997,-37.297760344,0.000
			-72.71570740399994,-37.298169902,0.000
			-72.71569480799997,-37.29825398999997,0.000
			-72.71564465199998,-37.29858877099996,0.000
			-72.71563351999998,-37.29866307099996,0.000
			-72.71548435499994,-37.299658702999956,0.000
			-72.71541911099996,-37.30009418299995,0.000
			-72.71540566099998,-37.30018395699995,0.000
			-72.71535559899996,-37.300684872999966,0.000
			-72.71530117499998,-37.30248309299997,0.000
			-72.71530063699998,-37.302514104999936,0.000
			-72.71529347799998,-37.30292650699992,0.000
			-72.71530129199994,-37.30481654499993,0.000
			-72.71531288599994,-37.30522046499994,0.000
			-72.71528144899997,-37.305569823999974,0.000
			-72.71522097599996,-37.30624184799996,0.000
			-72.71518587199995,-37.30647112499998,0.000
			-72.71497357699997,-37.30785771499995,0.000
			-72.71485445699994,-37.308635736,0.000
			-72.71478875599996,-37.30899902499993,0.000
			-72.71468503499995,-37.30957254099996,0.000
			-72.71434998399997,-37.31142510699993,0.000
			-72.71390027599995,-37.312779710999955,0.000
			-72.71376154099994,-37.31339147199997,0.000
			-72.71375182699995,-37.31339644999996,0.000
			-72.71293127899997,-37.31381705099993,0.000
			-72.71174585299997,-37.314062940999975,0.000
			-72.71128438599999,-37.31446598499996,0.000
			-72.71107909899996,-37.31464528099997,0.000
			-72.71062100499995,-37.315481272999925,0.000
			-72.71008790599996,-37.31641181699995,0.000
			-72.70980779299998,-37.31822673499994,0.000
			-72.70961768799998,-37.31945840399993,0.000
			-72.70944261199998,-37.320592707999936,0.000
			-72.70939318999996,-37.32091290399995,0.000
			-72.70937947799996,-37.32100174099997,0.000
			-72.70916009999996,-37.32242305799997,0.000
			-72.70913400999996,-37.322726004999936,0.000
			-72.70904053899994,-37.323811365999966,0.000
			-72.70903695499999,-37.32385298099995,0.000
			-72.70886294299999,-37.325873533999975,0.000
			-72.70883507599996,-37.32604595699997,0.000
			-72.70844839499995,-37.32843847299995,0.000
			-72.70715329199999,-37.32991106999998,0.000
			-72.70754151499995,-37.33137789099993,0.000
			-72.70779956099994,-37.33238135999994,0.000
			-72.70794164899996,-37.33403542199994,0.000
			-72.70789031099997,-37.335724136999936,0.000
			-72.70774983499996,-37.33718071,0.000
			-72.70830213999994,-37.33799786699995,0.000
			-72.70842650799995,-37.33865311999994,0.000
			-72.70855554799994,-37.339154852999954,0.000
			-72.70832710199994,-37.34034090299997,0.000
			-72.70764898599998,-37.34129044199995,0.000
			-72.70692046099998,-37.34231056199996,0.000
			-72.70672754499998,-37.34289418499998,0.000
			-72.70665558699994,-37.343111875999966,0.000
			-72.70668614199997,-37.34368850599997,0.000
			-72.70677929599998,-37.34544645799998,0.000
			-72.70682403399996,-37.345444946999976,0.000
			-72.70664097199995,-37.348334323999936,0.000
			-72.70650627999999,-37.34959899299997,0.000
			-72.70629881399998,-37.35011542299997,0.000
			-72.706246041,-37.35024678599996,0.000
			-72.70619737299995,-37.35033168299997,0.000
			-72.70548401299999,-37.35157608399993,0.000
			-72.70536154399997,-37.35168698099994,0.000
			-72.70394134099996,-37.35297298299998,0.000
			-72.70388999499994,-37.353019476999975,0.000
			-72.70315892599996,-37.35368147199994,0.000
			-72.70091223899993,-37.35478987499994,0.000
			-72.70085314699998,-37.35481778299993,0.000
			-72.69817883499996,-37.35608077099993,0.000
			-72.69794246099997,-37.35621375699996,0.000
			-72.69637919699994,-37.35709320299998,0.000
			-72.69448309199998,-37.35815990599996,0.000
			-72.69408835299998,-37.35838197599997,0.000
			-72.69357297599998,-37.358646146999945,0.000
			-72.69357944999996,-37.35864698299997,0.000
			-72.68997038899994,-37.36013110399994,0.000
			-72.68869635399994,-37.36060880799993,0.000
			-72.68860024099996,-37.36064485999998,0.000
			-72.68490864199998,-37.36202900499995,0.000
			-72.68042128399998,-37.36401476099997,0.000
			-72.68008989999998,-37.36425786099995,0.000
			-72.67946223099995,-37.364718310999926,0.000
			-72.67756618699997,-37.36610922599994,0.000
			-72.67689029399997,-37.36651128399995,0.000
			-72.67647597099995,-37.36675774499998,0.000
			-72.67506649499995,-37.36759617399998,0.000
			-72.67453828699996,-37.36857917099996,0.000
			-72.67424972199996,-37.369116190999925,0.000
			-72.67414431899994,-37.36923587699993,0.000
			-72.67376438299993,-37.36966729499994,0.000
			-72.67316228099997,-37.37035098299998,0.000
			-72.67315269199997,-37.370361870999936,0.000
			-72.67089320699995,-37.37185345599993,0.000
			-72.66978473799998,-37.37247553499998,0.000
			-72.66975664199998,-37.37249130299994,0.000
			-72.66945494899994,-37.372808615999936,0.000
			-72.66898116799996,-37.373306925999934,0.000
			-72.66890987799997,-37.37338190599996,0.000
			-72.66816491799995,-37.373970403999984,0.000
			-72.66728865099998,-37.37504349699998,0.000
			-72.66667908999995,-37.376153492999954,0.000
			-72.66645681199998,-37.376558252999985,0.000
			-72.66643603499995,-37.37722849799996,0.000
			-72.66643600599998,-37.37722944199993,0.000
			-72.66641802699996,-37.37780940399995,0.000
			-72.66641797099999,-37.37781125699996,0.000
			-72.66641512599995,-37.37790300699994,0.000
			-72.66637631299994,-37.37915501999998,0.000
			-72.66636332299998,-37.37928942499996,0.000
			-72.66636326399998,-37.37929001999997,0.000
			-72.66632630999999,-37.37967237899994,0.000
			-72.66632620799999,-37.379673405999945,0.000
			-72.66628875999999,-37.380060844999946,0.000
			-72.66608213399996,-37.382198611999975,0.000
			-72.66608208299994,-37.38219911899996,0.000
			-72.66603388299995,-37.38269779799998,0.000
			-72.66600762499996,-37.383544515,0.000
			-72.66597851799997,-37.38448307299996,0.000
			-72.66596802599997,-37.385758842999955,0.000
			-72.66595370599998,-37.386318508999985,0.000
			-72.66589949899998,-37.38843704099998,0.000
			-72.66585375999995,-37.389911519999934,0.000
			-72.66584771499998,-37.390106386999946,0.000
			-72.66575996199998,-37.39293500099997,0.000
			-72.66571515499999,-37.394379141999934,0.000
			-72.66570744799998,-37.394627530999976,0.000
			-72.66567723199995,-37.395601315999954,0.000
			-72.66566730299996,-37.39884280599994,0.000
			-72.66565971099999,-37.40131965699994,0.000
			-72.66562301099998,-37.402502107999965,0.000
			-72.66556399799998,-37.40440330299997,0.000
			-72.66622949199996,-37.40779197799998,0.000
			-72.66646152099997,-37.40877980999994,0.000
			-72.66656344599994,-37.409213742999945,0.000
			-72.66666925399994,-37.409643519999975,0.000
			-72.66666935899998,-37.40964393699994,0.000
			-72.66699042199997,-37.41094802099997,0.000
			-72.66702835199999,-37.41110208299995,0.000
			-72.66704704499995,-37.41118564999994,0.000
			-72.66704734499996,-37.41118699399993,0.000
			-72.66717488499995,-37.411757155999965,0.000
			-72.66728376499998,-37.41224390099996,0.000
			-72.66876174599997,-37.41757415599993,0.000
			-72.66891181899996,-37.41805266199998,0.000
			-72.66910584799996,-37.41867131999992,0.000
			-72.66953716699999,-37.419770203999974,0.000
			-72.66991682799994,-37.420659271999966,0.000
			-72.67000615499995,-37.42107809999994,0.000
			-72.67002026899996,-37.42114427699993,0.000
			-72.67014539599995,-37.42173095599997,0.000
			-72.67021177399994,-37.42228127699997,0.000
			-72.67023795899996,-37.42249836399998,0.000
			-72.67226694699997,-37.425078699,0.000
			-72.67243430699995,-37.425394271999956,0.000
			-72.67246649999998,-37.42545497599997,0.000
			-72.67278915099996,-37.426063364999955,0.000
			-72.67372951199997,-37.427636248999924,0.000
			-72.67479409499998,-37.428956375999974,0.000
			-72.67571549699994,-37.43020407899996,0.000
			-72.67607409299995,-37.430837518999965,0.000
			-72.67786197899994,-37.433801806999945,0.000
			-72.67879998599994,-37.435357008,0.000
			-72.67914830699993,-37.43726620799998,0.000
			-72.67982480099994,-37.43985463799993,0.000
			-72.67988839899994,-37.44062146899994,0.000
			-72.68007045799999,-37.44132102899993,0.000
			-72.68157027799998,-37.445226499999926,0.000
			-72.68169978199997,-37.44556371699996,0.000
			-72.68182585699998,-37.446192576999984,0.000
			-72.68196734899993,-37.44660289399997,0.000
			-72.68233329299994,-37.44766409999993,0.000
			-72.68275779499999,-37.448994796999955,0.000
			-72.68282045499996,-37.45073598399995,0.000
			-72.68282162899999,-37.45164078499994,0.000
			-72.68279658299997,-37.452452273999945,0.000
			-72.68248909099998,-37.45628574699998,0.000
			-72.68245709999997,-37.45732188499994,0.000
			-72.68245687799998,-37.457329088999984,0.000
			-72.68244053999996,-37.45785820899994,0.000
			-72.68240962899995,-37.45885932399995,0.000
			-72.68238027599995,-37.459809923999956,0.000
			-72.68234376099997,-37.46099237699997,0.000
			-72.68230796099994,-37.46215164499994,0.000
			-72.68229077599995,-37.46270809299995,0.000
			-72.68218449799997,-37.46890869399993,0.000
			-72.68218448399995,-37.46890952499996,0.000
			-72.68216376899994,-37.470117805999955,0.000
			-72.68216277399995,-37.47109215999995,0.000
			-72.682126242,-37.47227461099993,0.000
			-72.68192161099995,-37.47324496799996,0.000
			-72.68125048199994,-37.47485865199997,0.000
			-72.68027068499998,-37.477214439999955,0.000
			-72.67972233599994,-37.477903698999974,0.000
			-72.67945292099995,-37.47824234299998,0.000
			-72.67893362899997,-37.47997208799996,0.000
			-72.67849807699997,-37.48083254199997,0.000
			-72.67828248299998,-37.481258449999984,0.000
			-72.67715486299994,-37.48335901199993,0.000
			-72.67689173299993,-37.48359709299995,0.000
			-72.67688265999993,-37.48360530199995,0.000
			-72.67622635699996,-37.48419911799993,0.000
			-72.67621741999994,-37.484207430999945,0.000
			-72.67609447399997,-37.48432178499995,0.000
			-72.67509679499994,-37.485249737999936,0.000
			-72.67481925199998,-37.48533192699993,0.000
			-72.67441035599995,-37.48544501699997,0.000
			-72.67440799099995,-37.48544566999993,0.000
			-72.67381045999997,-37.48561092899996,0.000
			-72.67298443899996,-37.48604295799998,0.000
			-72.67228798599996,-37.486328100999955,0.000
			-72.67225694399997,-37.48633878399995,0.000
			-72.67196358899997,-37.48643973899994,0.000
			-72.67162188299994,-37.48655733199996,0.000
			-72.67146658699994,-37.48661077499996,0.000
			-72.67109801199996,-37.48674865299994,0.000
			-72.67109586299995,-37.48674945499994,0.000
			-72.67070765299997,-37.48689467699995,0.000
			-72.66963016699998,-37.48737153299992,0.000
			-72.66849019399996,-37.487847142999954,0.000
			-72.66709876899995,-37.48836758899995,0.000
			-72.66570732499997,-37.48888801599997,0.000
			-72.66400659699997,-37.48930268299994,0.000
			-72.66261666499997,-37.48977329199994,0.000
			-72.66129385299996,-37.490095778999944,0.000
			-72.66016155599993,-37.490322403999976,0.000
			-72.65978715599994,-37.49040387399997,0.000
			-72.65930254999995,-37.49050932499994,0.000
			-72.65911036199998,-37.49055114599997,0.000
			-72.65911024199994,-37.49055117299998,0.000
			-72.65911012299995,-37.49055119899998,0.000
			-72.65890275299995,-37.49059632199993,0.000
			-72.65752521499996,-37.49066862399995,0.000
			-72.65705910499997,-37.49076271299999,0.000
			-72.65705851699994,-37.49076282999994,0.000
			-72.65595246799995,-37.49098609199994,0.000
			-72.65570234999996,-37.491033565999935,0.000
			-72.65381432599997,-37.491391927999985,0.000
			-72.65243209299996,-37.49161351099997,0.000
			-72.64923159899996,-37.49214984999997,0.000
			-72.64591869799995,-37.492705025999946,0.000
			-72.64366528299996,-37.493082653999984,0.000
			-72.64355131799994,-37.49311499299994,0.000
			-72.64354845599996,-37.493115805999935,0.000
			-72.64284527499996,-37.49331534299994,0.000
			-72.64280558799999,-37.49332616199997,0.000
			-72.64118376899995,-37.49376827899993,0.000
			-72.64114277099998,-37.49377945499998,0.000
			-72.64102279299993,-37.49381299899995,0.000
			-72.64102255999995,-37.493813063999944,0.000
			-72.64102232699997,-37.49381312999998,0.000
			-72.63931372599995,-37.49429082199998,0.000
			-72.63761745499994,-37.49455576199994,0.000
			-72.63627065099996,-37.49460026999998,0.000
			-72.63626992199994,-37.49460029699997,0.000
			-72.63574002499996,-37.494617804999955,0.000
			-72.63487724699996,-37.49471014599993,0.000
			-72.63487595199996,-37.494710281,0.000
			-72.63417183299998,-37.49478563899992,0.000
			-72.63332221899998,-37.494897486999946,0.000
			-72.63332066399994,-37.49489769499996,0.000
			-72.63241861899996,-37.49501642799992,0.000
			-72.63185077299995,-37.495091170999956,0.000
			-72.63123450299997,-37.49517229399993,0.000
			-72.62990298099999,-37.49534756799995,0.000
			-72.62903925199998,-37.495496153999966,0.000
			-72.62903094199999,-37.49549757899997,0.000
			-72.62782864899998,-37.495704399999966,0.000
			-72.62764047499996,-37.49574528699998,0.000
			-72.62594015299999,-37.496114739999946,0.000
			-72.62510182099999,-37.49632833199995,0.000
			-72.62462209499995,-37.49645055799993,0.000
			-72.62462206899994,-37.496450564999975,0.000
			-72.62462204299999,-37.496450571999965,0.000
			-72.62449055599996,-37.49648407199992,0.000
			-72.62415991499995,-37.49653476499998,0.000
			-72.62415987899993,-37.49653477099997,0.000
			-72.62415984399996,-37.49653477699996,0.000
			-72.62266495999995,-37.496763962999985,0.000
			-72.62266338299997,-37.49676420599996,0.000
			-72.62248022799999,-37.49679228499997,0.000
			-72.62041056799995,-37.49699964499997,0.000
			-72.61897042099997,-37.49707023499997,0.000
			-72.61879517099999,-37.497096179999964,0.000
			-72.61879508699997,-37.49709619199995,0.000
			-72.61879500399994,-37.497096202999955,0.000
			-72.61826203899994,-37.49717510099998,0.000
			-72.616897581,-37.49737708899994,0.000
			-72.61626805199995,-37.497513813999944,0.000
			-72.61083357699995,-37.498350373999976,0.000
			-72.60869902799993,-37.49912806199995,0.000
			-72.60811364799997,-37.499341331999965,0.000
			-72.60545294999997,-37.500433046999945,0.000
			-72.60487312999999,-37.500969201999965,0.000
			-72.60436215,-37.50130750899996,0.000
			-72.60307751299996,-37.50237727099994,0.000
			-72.60199143499995,-37.50310238199994,0.000
			-72.60064424999996,-37.50417084599996,0.000
			-72.59974716599999,-37.504849960999934,0.000
			-72.59897822799996,-37.50543205199995,0.000
			-72.59833105299998,-37.506116241999955,0.000
			-72.59762616999996,-37.506649815999936,0.000
			-72.59704305399998,-37.507285485999944,0.000
			-72.59669033499995,-37.507684494999964,0.000
			-72.59666436599997,-37.50771387199995,0.000
			-72.59639424699998,-37.50801943899995,0.000
			-72.595557968,-37.50874956999996,0.000
			-72.59533056699996,-37.50999020599993,0.000
			-72.59528742399993,-37.51133421099997,0.000
			-72.59536661599998,-37.51155155399994,0.000
			-72.59568969499998,-37.512438240999984,0.000
			-72.59617340299997,-37.51321333399994,0.000
			-72.59622494299998,-37.51329592099996,0.000
			-72.59667134099993,-37.51405499499999,0.000
			-72.59667220799997,-37.51405646899997,0.000
			-72.59669930899997,-37.514102552999915,0.000
			-72.59747975899995,-37.515114651999966,0.000
			-72.59758995399994,-37.515202169999945,0.000
			-72.59761035199995,-37.51525992599994,0.000
			-72.59761053599993,-37.515260447999935,0.000
			-72.59761758199996,-37.51528039699997,0.000
			-72.59797294399993,-37.51586717799995,0.000
			-72.59886552199998,-37.516713698999986,0.000
			-72.59887897799996,-37.51672645999998,0.000
			-72.59900184499998,-37.51684298699996,0.000
			-72.59951799799995,-37.51723157299994,0.000
			-72.59999647099994,-37.51759178999998,0.000
			-72.60024997299996,-37.51777347899996,0.000
			-72.60025005999995,-37.51777354099995,0.000
			-72.60025014799999,-37.51777360299996,0.000
			-72.60026318199994,-37.51778294399997,0.000
			-72.60116159199998,-37.51842684299993,0.000
			-72.60167046099997,-37.51865403699998,0.000
			-72.60167146399993,-37.51865448499995,0.000
			-72.60168082099995,-37.51865742099994,0.000
			-72.60170657799995,-37.51866795199993,0.000
			-72.60173295399994,-37.51867726399997,0.000
			-72.60174999199995,-37.51868497999994,0.000
			-72.60281529599996,-37.51911311599998,0.000
			-72.60423470599994,-37.519937573999975,0.000
			-72.60452187799996,-37.52045761599993,0.000
			-72.60463227499997,-37.52065753299996,0.000
			-72.60487155599998,-37.521395215999966,0.000
			-72.60493027199993,-37.52184225899998,0.000
			-72.60501777299999,-37.52180273299996,0.000
			-72.60517441799993,-37.521744863999984,0.000
			-72.60533224799998,-37.52164991199993,0.000
			-72.60537197799994,-37.52163840099996,0.000
			-72.60582976499995,-37.52128418399996,0.000
			-72.60582984899997,-37.521284118999965,0.000
			-72.60582993399998,-37.521284052999924,0.000
			-72.60589592199995,-37.521232993999945,0.000
			-72.60676758199997,-37.519498933999955,0.000
			-72.60677700399998,-37.519499124999975,0.000
			-72.607096126,-37.519505594999956,0.000
			-72.60709627699998,-37.51950550099996,0.000
			-72.60709642799998,-37.519505407999915,0.000
			-72.60742970899997,-37.519299259999976,0.000
			-72.60747776999995,-37.519269531999946,0.000
			-72.60748336499995,-37.51927195899999,0.000
			-72.60918938299994,-37.52001196299993,0.000
			-72.60919181699995,-37.52000888999993,0.000
			-72.60939417199995,-37.51975336199996,0.000
			-72.60974267599994,-37.51926928799997,0.000
			-72.61015735999996,-37.518705447999935,0.000
			-72.61059744999994,-37.51819243399995,0.000
			-72.61063987299997,-37.51814298199997,0.000
			-72.61086505399999,-37.51793534299998,0.000
			-72.61087196499994,-37.51793774699996,0.000
			-72.61346574599997,-37.51883994199994,0.000
			-72.61394019099998,-37.51996017099997,0.000
			-72.61394945699993,-37.51995957699995,0.000
			-72.61468993199998,-37.51991211699993,0.000
			-72.61469112299994,-37.51991265099997,0.000
			-72.61488653899994,-37.52000024999996,0.000
			-72.61749538799995,-37.521169708999935,0.000
			-72.61757681499995,-37.52217363599994,0.000
			-72.61828322399998,-37.52247300399994,0.000
			-72.61828343999997,-37.52247309499995,0.000
			-72.61828362099999,-37.522473171999934,0.000
			-72.61820288699994,-37.52250679399999,0.000
			-72.61793022499995,-37.52260858599992,0.000
			-72.61783569499994,-37.52268611599993,0.000
			-72.61774579699994,-37.52275984599992,0.000
			-72.61738924499997,-37.52314606299995,0.000
			-72.61711164999997,-37.523402734999934,0.000
			-72.61678917799998,-37.52365850099995,0.000
			-72.61657904099997,-37.52377989099994,0.000
			-72.61652995399999,-37.52380824699998,0.000
			-72.61620899599995,-37.52401635499996,0.000
			-72.61588386399997,-37.52435551499997,0.000
			-72.61575205299995,-37.524734344999956,0.000
			-72.61541081899998,-37.525108942999964,0.000
			-72.61513207199994,-37.52540135199996,0.000
			-72.61495272399998,-37.52586267099998,0.000
			-72.61485120499998,-37.52623018899993,0.000
			-72.61482210699995,-37.52659075699995,0.000
			-72.61487069199995,-37.52685694699994,0.000
			-72.61489789699993,-37.526999750999934,0.000
			-72.61490296199997,-37.52702633999996,0.000
			-72.61490532899995,-37.52724762499997,0.000
			-72.61487148599997,-37.52742318199995,0.000
			-72.61483569099994,-37.52749778199995,0.000
			-72.61463483299997,-37.52805229899996,0.000
			-72.61439142199998,-37.52882975499995,0.000
			-72.61428713399994,-37.529094799999946,0.000
			-72.61409362699999,-37.52971583499993,0.000
			-72.61401649899994,-37.52992436799996,0.000
			-72.61388691699995,-37.53027471899997,0.000
			-72.61386419899998,-37.53033614199994,0.000
			-72.61359951999998,-37.530881792999935,0.000
			-72.61357838799995,-37.530922213999936,0.000
			-72.61354956499997,-37.530969038999956,0.000
			-72.61354524099994,-37.53097748599998,0.000
			-72.61354091699997,-37.53098593199997,0.000
			-72.61376000399997,-37.53109868299997,0.000
			-72.61376009799994,-37.531098731999975,0.000
			-72.61376019199997,-37.53109878099997,0.000
			-72.61376120799997,-37.53109930399996,0.000
			-72.61401526199995,-37.53123004899992,0.000
			-72.61432389999999,-37.531388886999935,0.000
			-72.61515969499999,-37.531819017999965,0.000
			-72.61905164699994,-37.53382195899995,0.000
			-72.61905673999996,-37.53382457999992,0.000
			-72.61914957599998,-37.53387235699995,0.000
			-72.61921933599996,-37.53390825799995,0.000
			-72.61925481499998,-37.533926504999954,0.000
			-72.61925483799996,-37.53392648899995,0.000
			-72.61925876499998,-37.53392365099996,0.000
			-72.61926327399993,-37.53392039299995,0.000
			-72.61929089799997,-37.53390043399998,0.000
			-72.61939845299997,-37.53382272199997,0.000
			-72.61942044699998,-37.53380683099993,0.000
			-72.61956934899996,-37.53369924699996,0.000
			-72.61999934699998,-37.533388560999974,0.000
			-72.62043853499995,-37.53307123499996,0.000
			-72.62044461099998,-37.533073721999976,0.000
			-72.62051185599995,-37.533101246999934,0.000
			-72.62203726099995,-37.533725624999924,0.000
			-72.62302029399996,-37.53412799799998,0.000
			-72.623022807,-37.53412513099994,0.000
			-72.62414842599998,-37.53284080599996,0.000
			-72.62467559099997,-37.53223931299993,0.000
			-72.62514753499994,-37.531700827999934,0.000
			-72.62515420499994,-37.53170407699997,0.000
			-72.62670059999994,-37.53245731699996,0.000
			-72.62698533499997,-37.53259600999996,0.000
			-72.62705750599997,-37.53280678299995,0.000
			-72.62705989999995,-37.53356038699997,0.000
			-72.62969789199997,-37.53374391499994,0.000
			-72.63382651399996,-37.53403114899993,0.000
			-72.63382677599998,-37.53403050499997,0.000
			-72.63405451399996,-37.533470551999976,0.000
			-72.63406372599997,-37.533471302999935,0.000
			-72.63419779099996,-37.53348223599993,0.000
			-72.63425466999996,-37.53348687399994,0.000
			-72.63428045299997,-37.53348897699992,0.000
			-72.63605948299994,-37.53363405099998,0.000
			-72.63617394999994,-37.53364338499995,0.000
			-72.63617405899998,-37.53364339399997,0.000
			-72.63617416899996,-37.53364340399996,0.000
			-72.63737744199994,-37.53377833499996,0.000
			-72.63799963399998,-37.533848105999944,0.000
			-72.63800046499995,-37.53384713199995,0.000
			-72.63814955599997,-37.53367225999995,0.000
			-72.63823200199994,-37.53357555699995,0.000
			-72.63831780899994,-37.53326280099998,0.000
			-72.63851313299995,-37.53255086899998,0.000
			-72.63871558799997,-37.53244264199998,0.000
			-72.63872378799994,-37.532443346,0.000
			-72.63956749599998,-37.53251582099993,0.000
			-72.63957515699998,-37.53251566199998,0.000
			-72.63989114899994,-37.53250908399997,0.000
			-72.64011412399998,-37.53245064899994,0.000
			-72.64024170199997,-37.53241721399996,0.000
			-72.64024253699995,-37.53241484199999,0.000
			-72.64024337299998,-37.53241246999994,0.000
			-72.64025255999998,-37.532413407999954,0.000
			-72.64291097199998,-37.53268487099996,0.000
			-72.64780865599994,-37.53324308499998,0.000
			-72.64835962899997,-37.53331174699996,0.000
			-72.64918980399995,-37.53341517699993,0.000
			-72.65211015899996,-37.533779066999955,0.000
			-72.65219586299997,-37.53378974499998,0.000
			-72.65219602299999,-37.533789764999945,0.000
			-72.65219618299994,-37.53378978499994,0.000
			-72.65278191899995,-37.533862756999945,0.000
			-72.65264833799995,-37.53392923399998,0.000
			-72.65131353099997,-37.534593493999985,0.000
			-72.65002634099994,-37.53615700599993,0.000
			-72.64995935799993,-37.53633546899994,0.000
			-72.64913613499994,-37.538528776999954,0.000
			-72.64904219699997,-37.53962569899994,0.000
			-72.64890606799997,-37.54121527799998,0.000
			-72.64891062999999,-37.541321075999974,0.000
			-72.64894479599997,-37.54211336599998,0.000
			-72.64900719599996,-37.54356039099997,0.000
			-72.64901516599997,-37.545161279999945,0.000
			-72.64869954199997,-37.54732409799994,0.000
			-72.64713064399996,-37.54996070999994,0.000
			-72.64694076199999,-37.550347118999966,0.000
			-72.64610331099993,-37.55205132799995,0.000
			-72.64587386399995,-37.553786671999944,0.000
			-72.64615472699995,-37.555909302999964,0.000
			-72.64630936899994,-37.55707800999994,0.000
			-72.64746244399998,-37.56025605899998,0.000
			-72.64899207799995,-37.562583238999935,0.000
			-72.649895998,-37.56395838299994,0.000
			-72.64999863099996,-37.56532916399994,0.000
			-72.64994108399998,-37.566232775999936,0.000
			-72.64990029799998,-37.56660314599997,0.000
			-72.64973246399995,-37.56696115599993,0.000
			-72.64969837099994,-37.567015703999964,0.000
			-72.64968990299997,-37.56701992999995,0.000
			-72.64954546299998,-37.56715829999996,0.000
			-72.64927596399997,-37.56725637799997,0.000
			-72.64905305899998,-37.56731917699995,0.000
			-72.64858240699994,-37.567511518999936,0.000
			-72.64814422699999,-37.56760105999995,0.000
			-72.64785954699994,-37.567665211999966,0.000
			-72.64720129799997,-37.56783053299995,0.000
			-72.64680749099995,-37.567858866999984,0.000
			-72.64680738399996,-37.56785887499995,0.000
			-72.64680727799998,-37.567858880999964,0.000
			-72.64652462999999,-37.567858416999954,0.000
			-72.64459393099997,-37.56762592999996,0.000
			-72.64330721399995,-37.56721748499995,0.000
			-72.64288253199999,-37.56708486699995,0.000
			-72.64253382199996,-37.56701583199998,0.000
			-72.64201431699996,-37.56700545099994,0.000
			-72.64171560199998,-37.566999480999975,0.000
			-72.64125579199998,-37.56699029099998,0.000
			-72.64124804799997,-37.56699013599996,0.000
			-72.64089689499997,-37.56702078399995,0.000
			-72.64076764899994,-37.567032063999925,0.000
			-72.64076587399995,-37.567032218999934,0.000
			-72.64054508499999,-37.56702780399996,0.000
			-72.63993704599994,-37.56702583499998,0.000
			-72.63992784699997,-37.56702580499995,0.000
			-72.63965412799996,-37.56705136399995,0.000
			-72.63925535899995,-37.567333034999926,0.000
			-72.63901211299998,-37.56762816199994,0.000
			-72.63871847399997,-37.56828434199996,0.000
			-72.63870912899995,-37.56858019099996,0.000
			-72.63870867799994,-37.56859448499995,0.000
			-72.63854385699995,-37.569698059999936,0.000
			-72.63855356899995,-37.569898217999935,0.000
			-72.63856747199998,-37.57018472999993,0.000
			-72.63856021199996,-37.570825950999954,0.000
			-72.63855269299995,-37.57270068599996,0.000
			-72.63855170699998,-37.57294642699998,0.000
			-72.63853831499995,-37.573370287999964,0.000
			-72.63851610499995,-37.574073276999975,0.000
			-72.63850467299994,-37.57443510999996,0.000
			-72.63848638099995,-37.575014041999964,0.000
			-72.63851489499996,-37.57534563999997,0.000
			-72.63863367999994,-37.57569973399995,0.000
			-72.63908524899995,-37.57642254999997,0.000
			-72.63918778399994,-37.576879763999955,0.000
			-72.63955525999995,-37.57759054999997,0.000
			-72.63991206799994,-37.57800816799994,0.000
			-72.63996889299995,-37.57807467699997,0.000
			-72.64034392199994,-37.578552084999956,0.000
			-72.64043122699997,-37.57866322299997,0.000
			-72.64066432199996,-37.57910235799993,0.000
			-72.64091171399997,-37.579500399999965,0.000
			-72.64114416099996,-37.57996021099995,0.000
			-72.64147238099997,-37.58051386599993,0.000
			-72.64222401799998,-37.58178175799998,0.000
			-72.64234250299995,-37.58214618799997,0.000
			-72.64251327699998,-37.58250131699998,0.000
			-72.64262105699999,-37.58279311999997,0.000
			-72.64266323399994,-37.583104300999935,0.000
			-72.64266643899998,-37.58341470299996,0.000
			-72.64258746099995,-37.58385794299995,0.000
			-72.64254033499998,-37.58411561599995,0.000
			-72.64240488299998,-37.58428876799997,0.000
			-72.64202548499998,-37.58477772599996,0.000
			-72.64187769199998,-37.584929940999984,0.000
			-72.64017703699994,-37.58588901699994,0.000
			-72.63983372199993,-37.586058006999956,0.000
			-72.63943582799999,-37.58630866099998,0.000
			-72.63902396099996,-37.58659006799995,0.000
			-72.63875858599994,-37.58676061499995,0.000
			-72.63831811799997,-37.58712420299997,0.000
			-72.63815634199996,-37.58730716699995,0.000
			-72.63811641699994,-37.58737957699998,0.000
			-72.63803222999996,-37.587532262999964,0.000
			-72.63783049899996,-37.58774545999995,0.000
			-72.63765442199997,-37.58796951499994,0.000
			-72.63749068099997,-37.588214506999975,0.000
			-72.63713786599999,-37.588683291999985,0.000
			-72.63684191799996,-37.58899804599997,0.000
			-72.63678635599996,-37.58911072299997,0.000
			-72.63677392499994,-37.58917466299993,0.000
			-72.63672424999999,-37.58943016099993,0.000
			-72.63672627199998,-37.58950048499997,0.000
			-72.63673972299995,-37.58996838999996,0.000
			-72.63686015399998,-37.59027079499999,0.000
			-72.63694193899994,-37.59056208199996,0.000
			-72.63706966499996,-37.59081380999993,0.000
			-72.63710101999999,-37.59087560599993,0.000
			-72.63727374699994,-37.59116871399994,0.000
			-72.63742956099998,-37.59158561799996,0.000
			-72.63743143599999,-37.59193737199996,0.000
			-72.63744760899993,-37.592248032999976,0.000
			-72.63744365099996,-37.59226378499995,0.000
			-72.63732863099995,-37.592721500999964,0.000
			-72.63659201299998,-37.594020507,0.000
			-72.63633141799994,-37.59444975799993,0.000
			-72.63622288599998,-37.59457106699995,0.000
			-72.63518582699999,-37.59573021399995,0.000
			-72.63481024799995,-37.59609508899995,0.000
			-72.63436544599995,-37.59659305399998,0.000
			-72.63409183599998,-37.59702203799997,0.000
			-72.63377826399994,-37.59748125399994,0.000
			-72.63319974299998,-37.59871099599996,0.000
			-72.63317822999996,-37.598979522999976,0.000
			-72.63307351599997,-37.59941189399995,0.000
			-72.63306597899998,-37.59964966799998,0.000
			-72.63292130099995,-37.60011226999995,0.000
			-72.63292020099993,-37.600557063999936,0.000
			-72.63309031199998,-37.60093288199993,0.000
			-72.63328837699999,-37.60124719299995,0.000
			-72.63346367599996,-37.60166449299993,0.000
			-72.63370269199999,-37.60191755699997,0.000
			-72.63404467499998,-37.60220372,0.000
			-72.63470986599998,-37.60254808699995,0.000
			-72.63533870099997,-37.602808964999944,0.000
			-72.63586653699997,-37.60297471399996,0.000
			-72.63629205999996,-37.603086686999966,0.000
			-72.63677993599998,-37.60328266499994,0.000
			-72.63709521599998,-37.60347154799995,0.000
			-72.63709526399998,-37.60347157699993,0.000
			-72.63740518699996,-37.60365725099995,0.000
			-72.63786152199998,-37.60402844999994,0.000
			-72.63834482999994,-37.604369153999976,0.000
			-72.63882454699996,-37.604823573999965,0.000
			-72.63910191899998,-37.605098084999945,0.000
			-72.63946240799999,-37.60562252799997,0.000
			-72.63972286899997,-37.606020833999935,0.000
			-72.64026332799995,-37.606610943999954,0.000
			-72.64054019099996,-37.60705452099996,0.000
			-72.64054032399997,-37.60705473499997,0.000
			-72.64060985799995,-37.60716613799997,0.000
			-72.64187049099996,-37.60821546099992,0.000
			-72.64237624399993,-37.60867038799995,0.000
			-72.64403458099997,-37.609686257999954,0.000
			-72.64461865399994,-37.610132395999976,0.000
			-72.64544442499994,-37.610748867999966,0.000
			-72.64615422899993,-37.61133198799996,0.000
			-72.64647031199996,-37.61161759899994,0.000
			-72.64826841599995,-37.61336031999997,0.000
			-72.64882264299996,-37.613929976999934,0.000
			-72.64942658299998,-37.61457303399993,0.000
			-72.64985672599994,-37.61495401099994,0.000
			-72.65013222299996,-37.61529052599997,0.000
			-72.65056690799997,-37.61594054999995,0.000
			-72.65084306199998,-37.616256387999954,0.000
			-72.65092947999995,-37.616402932999954,0.000
			-72.65097751199995,-37.616509175999965,0.000
			-72.65128814399998,-37.617196263999965,0.000
			-72.65204125799994,-37.61805951499997,0.000
			-72.65256847299997,-37.61876348799995,0.000
			-72.65267018199995,-37.61901964399993,0.000
			-72.65285257099998,-37.619507727999974,0.000
			-72.65300308799993,-37.61979032499995,0.000
			-72.65300924399997,-37.619801881999926,0.000
			-72.65314384899995,-37.620054603999954,0.000
			-72.65337268799993,-37.620323404999965,0.000
			-72.65356599299997,-37.620576856999946,0.000
			-72.65356634399996,-37.62057765799994,0.000
			-72.65361988499996,-37.62069974399997,0.000
			-72.65377970399999,-37.621064171999926,0.000
			-72.65378002699998,-37.62106490999998,0.000
			-72.65377529199998,-37.62148909999997,0.000
			-72.65377177799996,-37.621803881999924,0.000
			-72.65375627899994,-37.62211244499996,0.000
			-72.65373169799994,-37.62260182699998,0.000
			-72.65374106299998,-37.622660455999956,0.000
			-72.65384440299994,-37.62330743999996,0.000
			-72.65405410199998,-37.62378847299993,0.000
			-72.65429159799999,-37.62397661299997,0.000
			-72.65433196099997,-37.62400858699994,0.000
			-72.65433203499998,-37.624008830999955,0.000
			-72.65444042099995,-37.62436794399996,0.000
			-72.65444055699999,-37.62436839399993,0.000
			-72.65435255099999,-37.62478389699993,0.000
			-72.65439002999994,-37.62489650099997,0.000
			-72.65444841599998,-37.62507192099997,0.000
			-72.65480795399998,-37.62526489499993,0.000
			-72.65480801899997,-37.62526492999996,0.000
			-72.65495771999997,-37.62534527899993,0.000
			-72.65495792599995,-37.62534535099996,0.000
			-72.655246064,-37.62544542799998,0.000
			-72.65557150699993,-37.625470431999915,0.000
			-72.65566473699994,-37.62547759499995,0.000
			-72.65582539199994,-37.62561192499993,0.000
			-72.65593021099994,-37.625736086999936,0.000
			-72.65593023499997,-37.62573611499993,0.000
			-72.65607105799995,-37.62590292599997,0.000
			-72.65632730299996,-37.626179740999945,0.000
			-72.65662193999998,-37.62649802799996,0.000
			-72.65694176199997,-37.62681434299998,0.000
			-72.65775217699996,-37.62725961699994,0.000
			-72.65812584399998,-37.627387189999965,0.000
			-72.65837834299998,-37.62747339499998,0.000
			-72.65856777399995,-37.62754004099997,0.000
			-72.65931243099999,-37.627685489999976,0.000
			-72.65971766399997,-37.62768001599994,0.000
			-72.66022198799999,-37.627856735999956,0.000
			-72.66073750699996,-37.62814412099993,0.000
			-72.66075392299996,-37.62815327199997,0.000
			-72.66082540699995,-37.62819312199996,0.000
			-72.66099457099995,-37.62820989499994,0.000
			-72.661677501,-37.628277607999976,0.000
			-72.66189877999994,-37.62831141199995,0.000
			-72.66242315899996,-37.628391517999944,0.000
			-72.66297518499994,-37.62847004499997,0.000
			-72.66338851399996,-37.62868099499997,0.000
			-72.66336279099994,-37.629027429999944,0.000
			-72.66356593099994,-37.62923421499994,0.000
			-72.66393961199998,-37.62926414699996,0.000
			-72.66491414799998,-37.62926091899993,0.000
			-72.66546498699995,-37.62905941899993,0.000
			-72.66562693099996,-37.62900017799995,0.000
			-72.66598723199996,-37.62850716899993,0.000
			-72.66618889899996,-37.62828587099995,0.000
			-72.66581719399994,-37.628192904999935,0.000
			-72.66532249999995,-37.628183111999924,0.000
			-72.66480104299995,-37.628078165999966,0.000
			-72.66453986499994,-37.62782517699998,0.000
			-72.66466693999996,-37.62758888699993,0.000
			-72.66527271199993,-37.627398121999924,0.000
			-72.66576894699995,-37.62733585299997,0.000
			-72.66608908999996,-37.627175474999945,0.000
			-72.66611071399996,-37.626959625999966,0.000
			-72.66563539899994,-37.62680603299998,0.000
			-72.66531181299996,-37.626623901999956,0.000
			-72.66544790199998,-37.626099420999935,0.000
			-72.66584763299994,-37.625296292999955,0.000
			-72.66639323099997,-37.62510433099993,0.000
			-72.66680838299999,-37.62525672999992,0.000
			-72.66722840099999,-37.62572913399998,0.000
			-72.66776090699994,-37.62595594399994,0.000
			-72.66844251499998,-37.62571709799993,0.000
			-72.66908014799998,-37.62498174299998,0.000
			-72.66958006999994,-37.62432476699996,0.000
			-72.66963323799996,-37.62407349399995,0.000
			-72.66983192899994,-37.623946753,0.000
			-72.67007140999993,-37.62396500099993,0.000
			-72.67029574399999,-37.62396943299997,0.000
			-72.67055655399997,-37.62378083599999,0.000
			-72.67080418799998,-37.62353790999998,0.000
			-72.67114629599996,-37.62362576999993,0.000
			-72.67136317999996,-37.62386885899997,0.000
			-72.67167430299997,-37.62399665799995,0.000
			-72.67189094199995,-37.62377113999998,0.000
			-72.67228047599997,-37.62329220399994,0.000
			-72.67261811799995,-37.623046543999976,0.000
			-72.67303958699996,-37.62297375699996,0.000
			-72.67347409699994,-37.62298232899997,0.000
			-72.67377751899994,-37.622880175999974,0.000
			-72.67421174199995,-37.622875221999955,0.000
			-72.67459787899998,-37.62300449299994,0.000
			-72.67470821299997,-37.62330404999994,0.000
			-72.67517286899994,-37.62329969399996,0.000
			-72.67584644099998,-37.62334000499993,0.000
			-72.67637713899995,-37.62314770199997,0.000
			-72.67681809399994,-37.622926593999985,0.000
			-72.67754297599998,-37.62275162799994,0.000
			-72.67818472199997,-37.622858884999964,0.000
			-72.67895979999997,-37.622982280999956,0.000
			-72.67972044599998,-37.62311439899998,0.000
			-72.68023066499995,-37.623079377999936,0.000
			-72.68065773499995,-37.62284897099994,0.000
			-72.68057189799998,-37.62223900099997,0.000
			-72.68058855499999,-37.62170313899998,0.000
			-72.68075047699995,-37.621323330999985,0.000
			-72.68114892499995,-37.62103378399997,0.000
			-72.68156885499997,-37.620781870999956,0.000
			-72.68160710099994,-37.62075892699994,0.000
			-72.68198337599995,-37.62022562799996,0.000
			-72.68199171999998,-37.62020776899994,0.000
			-72.68221088399997,-37.61964885199995,0.000
			-72.68222864699999,-37.61907696499996,0.000
			-72.68259553899998,-37.61884536799994,0.000
			-72.68321623499997,-37.61851640199995,0.000
			-72.68335792699997,-37.61844130599996,0.000
			-72.68358699899994,-37.61829260899997,0.000
			-72.68362003,-37.61770750399995,0.000
			-72.68416552899998,-37.617515455999985,0.000
			-72.68434372899998,-37.617568517999985,0.000
			-72.68460886299994,-37.617717908999964,0.000
			-72.68537393799994,-37.61770589199995,0.000
			-72.68614333199997,-37.617531744999944,0.000
			-72.68668547399996,-37.617447757999976,0.000
			-72.68713188499999,-37.61755113499998,0.000
			-72.68769636199994,-37.617728917999955,0.000
			-72.68789661199997,-37.61803022699996,0.000
			-72.68788764599998,-37.61804947999997,0.000
			-72.68771987399998,-37.61840975499996,0.000
			-72.68773203999996,-37.618431861999966,0.000
			-72.68801816899997,-37.61895179299996,0.000
			-72.68859722999997,-37.61911633999995,0.000
			-72.68889056499995,-37.619315838,0.000
			-72.68891572899997,-37.619359454999945,0.000
			-72.68916138299994,-37.61978524199998,0.000
			-72.68932853199995,-37.61996164399995,0.000
			-72.68955290199995,-37.620198433999974,0.000
			-72.69013114999996,-37.62041252199998,0.000
			-72.69057835499996,-37.620464898999955,0.000
			-72.69110124999997,-37.62052613999999,0.000
			-72.69194122699997,-37.620520051999954,0.000
			-72.69221530099998,-37.620381229999964,0.000
			-72.69264008099998,-37.62020029699995,0.000
			-72.69338695199997,-37.62033351599996,0.000
			-72.69351962699994,-37.620357180999974,0.000
			-72.69418887399996,-37.62053698199997,0.000
			-72.69508829599994,-37.62053203399996,0.000
			-72.69561002899997,-37.62062783999993,0.000
			-72.69611257999998,-37.62084041899992,0.000
			-72.69712730499998,-37.62099991699995,0.000
			-72.69772223699994,-37.62113318899998,0.000
			-72.69807297999995,-37.62142390199994,0.000
			-72.69865640299997,-37.62147133399998,0.000
			-72.69910910499993,-37.62137202699994,0.000
			-72.69952653099995,-37.62145226299998,0.000
			-72.69989172699997,-37.621756768999944,0.000
			-72.70042542199997,-37.621947408999965,0.000
			-72.70122052899995,-37.621904333999964,0.000
			-72.70204871499993,-37.62179881699994,0.000
			-72.70261657599997,-37.621845926999974,0.000
			-72.70327458899999,-37.62188577799998,0.000
			-72.70362144499995,-37.62182043899997,0.000
			-72.70432312499997,-37.622092023999976,0.000
			-72.70433240699998,-37.62209561699996,0.000
			-72.70477263999999,-37.622401568999976,0.000
			-72.70482285499997,-37.622461888999965,0.000
			-72.70494078899998,-37.62260355699994,0.000
			-72.705047155,-37.62273132899997,0.000
			-72.70535376599997,-37.623007643999976,0.000
			-72.70570994699995,-37.62312271299993,0.000
			-72.70602877699997,-37.62346234499994,0.000
			-72.70629510099997,-37.623598192999964,0.000
			-72.70683503899994,-37.62356363499997,0.000
			-72.70743417899996,-37.62358429499993,0.000
			-72.70805915099999,-37.62370443499997,0.000
			-72.70805957599998,-37.623704516999965,0.000
			-72.70805978699997,-37.62370455699995,0.000
			-72.70805999899994,-37.62370459799996,0.000
			-72.70835670099996,-37.62371036299993,0.000
			-72.70864455499998,-37.623715956999945,0.000
			-72.70864469499998,-37.623715994999934,0.000
			-72.70864483499997,-37.623716032999944,0.000
			-72.70864511599996,-37.62371610899992,0.000
			-72.70907472099998,-37.623832369999946,0.000
			-72.70907488799998,-37.62383241499999,0.000
			-72.70907505199995,-37.62383246299998,0.000
			-72.70941638399995,-37.623947228999945,0.000
			-72.70954356199996,-37.62384544399998,0.000
			-72.70972418899999,-37.62370088199998,0.000
			-72.70984738299995,-37.62358612299994,0.000
			-72.70984752099997,-37.62358615199997,0.000
			-72.70984765799994,-37.62358618099994,0.000
			-72.70987647199996,-37.62359218299997,0.000
			-72.71000822199994,-37.62361962899996,0.000
			-72.71000928799998,-37.62361985099995,0.000
			-72.71000997999994,-37.623619994999956,0.000
			-72.71001049399996,-37.62362010199996,0.000
			-72.71001171699999,-37.623620355999954,0.000
			-72.71001181699995,-37.62362037699995,0.000
			-72.71001191699997,-37.62362039799996,0.000
			-72.71008590999998,-37.623635812999964,0.000
			-72.71011925699997,-37.62384061299997,0.000
			-72.71012344599995,-37.62386633799997,0.000
			-72.71015770699995,-37.62389048999995,0.000
			-72.71031405499997,-37.62400070699993,0.000
			-72.71076675999996,-37.62390135599997,0.000
			-72.71101247199994,-37.62371688099995,0.000
			-72.71101406499997,-37.623716911999956,0.000
			-72.71101459499994,-37.62371692199996,0.000
			-72.71116253799994,-37.623764851999965,0.000
			-72.71133961699996,-37.62378631199993,0.000
			-72.71176903499997,-37.623776620999934,0.000
			-72.71209191699995,-37.62400817599995,0.000
			-72.71221138699997,-37.62425260299994,0.000
			-72.71230314099995,-37.62444032599996,0.000
			-72.71261677799998,-37.62497358999996,0.000
			-72.71291830099996,-37.62539397199998,0.000
			-72.71310189699994,-37.625780526999954,0.000
			-72.71323103799995,-37.62581239999997,0.000
			-72.71351796699997,-37.62588321699995,0.000
			-72.71440659799998,-37.625747243999975,0.000
			-72.71466072299995,-37.625288069999954,0.000
			-72.71520413699994,-37.62516342399993,0.000
			-72.71601553399995,-37.62509803599993,0.000
			-72.71696332499994,-37.62497220199998,0.000
			-72.71803021899996,-37.62498393899996,0.000
			-72.71804215299994,-37.62498406999998,0.000
			-72.71841542999994,-37.624690967999975,0.000
			-72.71857978699995,-37.62456191299997,0.000
			-72.71870049999995,-37.62404157299995,0.000
			-72.71911549299995,-37.62371616899998,0.000
			-72.71972012599997,-37.62353410999998,0.000
			-72.72028872299995,-37.62358114899995,0.000
			-72.72074279499998,-37.62392335599998,0.000
			-72.72123374599994,-37.624031971999955,0.000
			-72.72185642099998,-37.623769145999965,0.000
			-72.72227648599996,-37.623277112999965,0.000
			-72.72273755699996,-37.622903021999946,0.000
			-72.72317496799997,-37.622816844999925,0.000
			-72.72358773999997,-37.62302757499999,0.000
			-72.72418895899995,-37.62334823699996,0.000
			-72.72419254299996,-37.62335014899998,0.000
			-72.72439360799996,-37.62348538999998,0.000
			-72.72464772999997,-37.623656317,0.000
			-72.72484526399997,-37.62405213399995,0.000
			-72.72484180799995,-37.624165471999945,0.000
			-72.72483620099996,-37.62434934399993,0.000
			-72.72467561299999,-37.62471572299995,0.000
			-72.72471683999999,-37.62475707099997,0.000
			-72.72495173699997,-37.624995905999974,0.000
			-72.72556562199998,-37.62502126399994,0.000
			-72.725618076,-37.62504163899996,0.000
			-72.72598063099997,-37.625182464999966,0.000
			-72.72616688199997,-37.62546091099995,0.000
			-72.72610703899994,-37.62593737499998,0.000
			-72.72610995999997,-37.62632943799997,0.000
			-72.72676160499998,-37.626603339,0.000
			-72.72775565599994,-37.62644676799993,0.000
			-72.72810649199994,-37.62625076499997,0.000
			-72.72855376599995,-37.62581780899996,0.000
			-72.72876294499997,-37.62536674899996,0.000
			-72.72834938199998,-37.62466939299996,0.000
			-72.72831903399998,-37.62417767299995,0.000
			-72.72880070099995,-37.62361470899998,0.000
			-72.72961022899995,-37.62312113799994,0.000
			-72.73008393399994,-37.622819352999954,0.000
			-72.73006873199995,-37.62234144299998,0.000
			-72.73002015699996,-37.621470882999965,0.000
			-72.72988581799996,-37.62046349599996,0.000
			-72.72978060599996,-37.61998835899993,0.000
			-72.72952370699994,-37.619690939999934,0.000
			-72.72931754599995,-37.61945226199998,0.000
			-72.72925993599995,-37.61887891199994,0.000
			-72.72935303499997,-37.61828593499997,0.000
			-72.72959233799997,-37.61798414499998,0.000
			-72.73035285799995,-37.61793570099996,0.000
			-72.73080180599999,-37.617957856999965,0.000
			-72.73124136999996,-37.61779959799997,0.000
			-72.73158206199997,-37.617423154999976,0.000
			-72.73162850599994,-37.61689686499994,0.000
			-72.73175384599995,-37.61671003099997,0.000
			-72.73213174499995,-37.61660014599994,0.000
			-72.73228860299997,-37.61655440499994,0.000
			-72.73282755299994,-37.61639724299996,0.000
			-72.73326819699997,-37.61620294999994,0.000
			-72.73383875399998,-37.61624749599997,0.000
			-72.73388062399994,-37.61625076499996,0.000
			-72.73483769599994,-37.61632772499996,0.000
			-72.73558596799995,-37.61635561099996,0.000
			-72.73627589099993,-37.616346326,0.000
			-72.73670573799996,-37.61650777299997,0.000
			-72.73673802899998,-37.61691391899996,0.000
			-72.73674021399995,-37.61735553299996,0.000
			-72.73687696399998,-37.61777269399992,0.000
			-72.73727914699998,-37.61786602199992,0.000
			-72.73802961999996,-37.61782184099997,0.000
			-72.73825230399996,-37.617758082999956,0.000
			-72.73861959999994,-37.61765292099994,0.000
			-72.73893338899995,-37.617672453999944,0.000
			-72.73901739999997,-37.61771530999993,0.000
			-72.73927296899996,-37.61784567999995,0.000
			-72.73997790399994,-37.617832154999974,0.000
			-72.74020517099996,-37.617809473999955,0.000
			-72.74054890299993,-37.61777550699997,0.000
			-72.74120882099999,-37.61775210099995,0.000
			-72.74209846999997,-37.61770026799997,0.000
			-72.74214015199993,-37.61769783999995,0.000
			-72.74269522599997,-37.61751275699992,0.000
			-72.74271523599998,-37.617506084999945,0.000
			-72.74304212599998,-37.61711582599997,0.000
			-72.74352038799998,-37.61715201199996,0.000
			-72.74364740699997,-37.617156140999946,0.000
			-72.74419379899996,-37.61717390499996,0.000
			-72.74477026199997,-37.61695963699998,0.000
			-72.74497692499995,-37.61662540499998,0.000
			-72.74499880399998,-37.61659002099998,0.000
			-72.74517960599997,-37.61630059799995,0.000
			-72.74567350699994,-37.61581890199994,0.000
			-72.74602315899995,-37.615658867999976,0.000
			-72.74607919199997,-37.61530397699993,0.000
			-72.74622479299995,-37.61493727899994,0.000
			-72.74695530099996,-37.614568238999944,0.000
			-72.74736407599994,-37.614354287999966,0.000
			-72.74741211999998,-37.61432914199997,0.000
			-72.74746586999998,-37.614328604999955,0.000
			-72.74747829799998,-37.61432848099997,0.000
			-72.74765706199997,-37.614326692999946,0.000
			-72.74787672999997,-37.61432449699997,0.000
			-72.74799533299995,-37.61440631099997,0.000
			-72.74805412699999,-37.61444686699997,0.000
			-72.74811185899995,-37.61448669099997,0.000
			-72.74843082899997,-37.61435760499995,0.000
			-72.74844726599997,-37.61381271099998,0.000
			-72.74820692399999,-37.61333050299993,0.000
			-72.74793826099994,-37.61316068799994,0.000
			-72.74783938899998,-37.613098192999985,0.000
			-72.74754941699996,-37.612759222999955,0.000
			-72.74789111999996,-37.612369232999974,0.000
			-72.74830806899996,-37.611949136999954,0.000
			-72.74852719199998,-37.61165593399994,0.000
			-72.74885947199994,-37.611319830999946,0.000
			-72.74886368399996,-37.611321037999964,0.000
			-72.74886621099995,-37.611321761999925,0.000
			-72.74887631899998,-37.611324658999926,0.000
			-72.74919384499998,-37.61140731799997,0.000
			-72.74932872399995,-37.61141890299997,0.000
			-72.74967753399994,-37.61128587699994,0.000
			-72.75029950199996,-37.61150951699994,0.000
			-72.75053808799998,-37.61205026399993,0.000
			-72.75061180499995,-37.612587865999956,0.000
			-72.75071256399997,-37.612732888999965,0.000
			-72.75085609599995,-37.61293947499996,0.000
			-72.75152041399997,-37.61328557399998,0.000
			-72.75223867599993,-37.61332179399994,0.000
			-72.75273150899994,-37.61336723099997,0.000
			-72.75339097999995,-37.61335726499995,0.000
			-72.75407387799999,-37.61308640199995,0.000
			-72.75458256099995,-37.61260494799995,0.000
			-72.75494812299996,-37.61240914299997,0.000
			-72.75546877099998,-37.612379235999974,0.000
			-72.75571410399994,-37.61236514399996,0.000
			-72.75602044999994,-37.612231290999944,0.000
			-72.75602570199999,-37.612228947999945,0.000
			-72.75607857899996,-37.61220536199995,0.000
			-72.75689010999997,-37.61163503599994,0.000
			-72.75751066899994,-37.61143506099995,0.000
			-72.75802540499996,-37.610750942999964,0.000
			-72.75802555899998,-37.61025079499995,0.000
			-72.75850582999993,-37.60972372599996,0.000
			-72.75855664299996,-37.609021776999946,0.000
			-72.75863571599996,-37.60839245899996,0.000
			-72.75873370599999,-37.60799144099996,0.000
			-72.75875517299994,-37.60790358999997,0.000
			-72.75931083199998,-37.60736443099996,0.000
			-72.75964096899999,-37.60686153899996,0.000
			-72.76026553399998,-37.60652644799994,0.000
			-72.76049847499996,-37.60624249599992,0.000
			-72.76004458699998,-37.605891431999964,0.000
			-72.75950165599994,-37.605511638999936,0.000
			-72.75944975799996,-37.605235795999924,0.000
			-72.75975608099998,-37.60451166399997,0.000
			-72.75997805199995,-37.60446018499994,0.000
			-72.76013320599998,-37.604424201999954,0.000
			-72.76083234199996,-37.604104040999964,0.000
			-72.76114732499997,-37.60360986899997,0.000
			-72.76150049999995,-37.60330566699997,0.000
			-72.76220744799997,-37.60272430499999,0.000
			-72.76271303799996,-37.60234188499993,0.000
			-72.76281544099999,-37.60192478099996,0.000
			-72.76312500499995,-37.60161073499995,0.000
			-72.76364264099993,-37.60134569199993,0.000
			-72.76395270599994,-37.600991099999916,0.000
			-72.76431378499996,-37.59992554599996,0.000
			-72.76430404799999,-37.59976087599994,0.000
			-72.76429051699995,-37.59953204199995,0.000
			-72.76427430899997,-37.59925792899996,0.000
			-72.76407850999993,-37.59879912499997,0.000
			-72.76415249999997,-37.59831389299995,0.000
			-72.76473004599995,-37.597536309999946,0.000
			-72.76478704999994,-37.59714537899998,0.000
			-72.76513596799998,-37.596485119999954,0.000
			-72.76515980699997,-37.59639641999996,0.000
			-72.76530942999995,-37.59583970399995,0.000
			-72.76542272299997,-37.595418153999965,0.000
			-72.77156463999995,-37.59577546199995,0.000
			-72.77293955799998,-37.595855447999945,0.000
			-72.77349830799994,-37.59588795299993,0.000
			-72.77364472399995,-37.59589647099995,0.000
			-72.77594001899996,-37.59603,0.000
			-72.77591816899997,-37.59584195399997,0.000
			-72.77589016999997,-37.59577585399996,0.000
			-72.77578942499997,-37.595636848999966,0.000
			-72.77567370499997,-37.59549756199993,0.000
			-72.77547526799998,-37.59536863699998,0.000
			-72.77518857799998,-37.59518439699996,0.000
			-72.77487193999997,-37.594999591999965,0.000
			-72.77459934099994,-37.594845421999935,0.000
			-72.77442996899998,-37.59474684899993,0.000
			-72.77431907799996,-37.59469706799996,0.000
			-72.77392490599993,-37.59460021399997,0.000
			-72.77369856099995,-37.594546924999975,0.000
			-72.77354674099996,-37.594511180999966,0.000
			-72.77337438799998,-37.59447060299995,0.000
			-72.77323336999996,-37.594426212999956,0.000
			-72.77306308599998,-37.59410705999994,0.000
			-72.77308676399997,-37.59381541299996,0.000
			-72.77318836199998,-37.59367426399996,0.000
			-72.77369176199994,-37.59337378799995,0.000
			-72.77387500799995,-37.59325802399997,0.000
			-72.77404256999995,-37.59316580799998,0.000
			-72.77422617099995,-37.593038127999925,0.000
			-72.77432776599994,-37.59289697799994,0.000
			-72.77431169499994,-37.59268207499996,0.000
			-72.77418955999997,-37.59250689799995,0.000
			-72.77401995599996,-37.59191354799998,0.000
			-72.77388121999996,-37.59154134199997,0.000
			-72.77377083599998,-37.59122332,0.000
			-72.77362837399994,-37.590976226999935,0.000
			-72.77343939299993,-37.59078190399998,0.000
			-72.77335167899997,-37.590708715999945,0.000
			-72.77260148799996,-37.590116326999976,0.000
			-72.77207130999994,-37.58980825999998,0.000
			-72.77201537199994,-37.589671259999925,0.000
			-72.77188979799996,-37.58936370999993,0.000
			-72.77181452599996,-37.58887347799998,0.000
			-72.77183513799997,-37.588182378999925,0.000
			-72.77199475099997,-37.587100471999975,0.000
			-72.77200079199997,-37.586897907999955,0.000
			-72.77203896699996,-37.58674365799993,0.000
			-72.77208596199995,-37.586553771999945,0.000
			-72.77212194899994,-37.58635177399997,0.000
			-72.77223280099997,-37.58615118899996,0.000
			-72.77234685099995,-37.58584336599994,0.000
			-72.77235502199994,-37.585569308999936,0.000
			-72.77236624299996,-37.58538140499996,0.000
			-72.77236468699994,-37.58532436799993,0.000
			-72.77236413499998,-37.58523366299995,0.000
			-72.77231282699995,-37.585097948999916,0.000
			-72.77223873799994,-37.58496180399994,0.000
			-72.77220269799994,-37.58486006499992,0.000
			-72.77216619399996,-37.58477386399994,0.000
			-72.77203732299995,-37.58461854599995,0.000
			-72.77187373699996,-37.58442629499995,0.000
			-72.77163653899999,-37.58419119299998,0.000
			-72.77142444899995,-37.583987659999934,0.000
			-72.77125792099997,-37.58378498699993,0.000
			-72.77117159099998,-37.58362269799994,0.000
			-72.77111748499993,-37.583362549999954,0.000
			-72.77108477299998,-37.583203865999955,0.000
			-72.77280508699994,-37.58273863699998,0.000
			-72.77387031999996,-37.58245056399994,0.000
			-72.77491099899999,-37.58216912899996,0.000
			-72.77654362799996,-37.58172761299995,0.000
			-72.77684922499998,-37.58251739699995,0.000
			-72.77717425399999,-37.58329,0.000
			-72.77718644599997,-37.583318979999945,0.000
			-72.77719889199994,-37.583348563999955,0.000
			-72.77803176899994,-37.58406717199993,0.000
			-72.77837283599996,-37.58439530499993,0.000
			-72.77861456399995,-37.584627864999966,0.000
			-72.77900427199995,-37.58561298099994,0.000
			-72.77963323099993,-37.58605881099993,0.000
			-72.77967943999994,-37.58609156599995,0.000
			-72.77989611899994,-37.586245156999944,0.000
			-72.78007521399996,-37.58637210399996,0.000
			-72.78075537699993,-37.58718244299996,0.000
			-72.78090708299999,-37.58760969799993,0.000
			-72.78092127599997,-37.587649669999955,0.000
			-72.78138216299999,-37.58828916399994,0.000
			-72.78168835699996,-37.588560768999976,0.000
			-72.78200035599997,-37.58916141299994,0.000
			-72.78235625799994,-37.58978541099999,0.000
			-72.78277281199996,-37.58989236999997,0.000
			-72.78353223399995,-37.59003731099995,0.000
			-72.78406994599999,-37.590092470999934,0.000
			-72.78458879799996,-37.59028245099994,0.000
			-72.78480530299998,-37.59054785899996,0.000
			-72.78512427899994,-37.59091431899997,0.000
			-72.78555155999999,-37.591161152999966,0.000
			-72.78577378999995,-37.59129687899997,0.000
			-72.78599303399994,-37.59143077999994,0.000
			-72.78639630699996,-37.59146087699997,0.000
			-72.78650318199993,-37.591413317999965,0.000
			-72.78733823299996,-37.59103696899995,0.000
			-72.78837640499995,-37.59087619999996,0.000
			-72.78889667999994,-37.59051646899997,0.000
			-72.78918020099997,-37.590048662999955,0.000
			-72.78951971799995,-37.58972158799998,0.000
			-72.78980409799993,-37.589726915999954,0.000
			-72.79009640599998,-37.58996669899995,0.000
			-72.79078542899998,-37.58997960299995,0.000
			-72.79154873099998,-37.589993894999964,0.000
			-72.79182381699997,-37.59009817299995,0.000
			-72.79223070099994,-37.59024547099994,0.000
			-72.79235938799997,-37.590441632999955,0.000
			-72.79234501399998,-37.59092800199994,0.000
			-72.79233815699996,-37.591160011999925,0.000
			-72.79233157199997,-37.59138284599993,0.000
			-72.79273883599996,-37.591805008999984,0.000
			-72.79339067299998,-37.59204700399994,0.000
			-72.79395196599995,-37.59217532899992,0.000
			-72.79412047099999,-37.59221385299997,0.000
			-72.79459053299996,-37.59201987499995,0.000
			-72.79468335399997,-37.59199391899995,0.000
			-72.79514937499994,-37.59186360299997,0.000
			-72.79524233999996,-37.59185527099992,0.000
			-72.79569016899995,-37.591815131999965,0.000
			-72.79637998499999,-37.59230564399996,0.000
			-72.79686368399996,-37.59265712699993,0.000
			-72.79729234399997,-37.59285888499994,0.000
			-72.79799811199996,-37.59280897799993,0.000
			-72.79801866499997,-37.59312026899993,0.000
			-72.79826843499995,-37.59329164899997,0.000
			-72.798750564,-37.593192503999944,0.000
			-72.79901877699997,-37.593098378999976,0.000
			-72.79915973699997,-37.59304693699995,0.000
			-72.79954671099995,-37.59312624999995,0.000
			-72.79991153399999,-37.59345297399995,0.000
			-72.80031341499995,-37.59391556399992,0.000
			-72.80086735599997,-37.594070080999984,0.000
			-72.80099684299996,-37.594158773999936,0.000
			-72.80129338499995,-37.594361892999984,0.000
			-72.80173705699997,-37.594559409999924,0.000
			-72.80215936599996,-37.594472653999965,0.000
			-72.80270401699994,-37.59429355199996,0.000
			-72.80322612799996,-37.59437536999997,0.000
			-72.80341789799996,-37.59439999899996,0.000
			-72.80388265799996,-37.594459687999965,0.000
			-72.80455589899998,-37.59448122999992,0.000
			-72.80512051199997,-37.594658454999944,0.000
			-72.80588307599999,-37.59469967499995,0.000
			-72.80658634499997,-37.594735282999984,0.000
			-72.80730830599998,-37.59464056199993,0.000
			-72.80765812999994,-37.59446682699997,0.000
			-72.80809661099994,-37.59433529099994,0.000
			-72.80846464999996,-37.59455390699998,0.000
			-72.80884061799998,-37.594502313999946,0.000
			-72.80926291999998,-37.59441553199997,0.000
			-72.80964245199993,-37.594242342999955,0.000
			-72.80988031899994,-37.59378264999997,0.000
			-72.81043999799994,-37.59309011699996,0.000
			-72.81071547799996,-37.59289246299994,0.000
			-72.81100883999994,-37.593123201999965,0.000
			-72.81156132599995,-37.593183017999934,0.000
			-72.81198229799998,-37.593141260999964,0.000
			-72.81236913299995,-37.593080845999964,0.000
			-72.81303135899998,-37.59311565399998,0.000
			-72.81343576099994,-37.593132160999964,0.000
			-72.81386447099999,-37.593333860999955,0.000
			-72.81401305799994,-37.59338067199997,0.000
			-72.81450272499997,-37.59353493499997,0.000
			-72.81489182799999,-37.593542141999926,0.000
			-72.81505455899998,-37.593617250999955,0.000
			-72.81581553999996,-37.59371244899995,0.000
			-72.81629796499993,-37.59362675499994,0.000
			-72.81659024399994,-37.593870978999966,0.000
			-72.81700661199994,-37.593986825999934,0.000
			-72.81759092999994,-37.59397510699995,0.000
			-72.81772223999997,-37.59410820799995,0.000
			-72.81756738899998,-37.59427206199995,0.000
			-72.81773012399998,-37.59434716699996,0.000
			-72.81818147199994,-37.59428342099995,0.000
			-72.81851049499994,-37.594312034999966,0.000
			-72.81871227799996,-37.59457710899994,0.000
			-72.81891222199994,-37.59490523199998,0.000
			-72.81934319299995,-37.59503035299998,0.000
			-72.81991271299995,-37.59504087899996,0.000
			-72.82024517399998,-37.595339906999975,0.000
			-72.82076623299997,-37.59550724099995,0.000
			-72.82140223899995,-37.59544689299997,0.000
			-72.82252324199999,-37.59530988199998,0.000
			-72.82335190799995,-37.595415292999974,0.000
			-72.82401304399997,-37.59526978199994,0.000
			-72.82475765699996,-37.59524746599993,0.000
			-72.82521751999997,-37.59525594499996,0.000
			-72.82594111799995,-37.595201693,0.000
			-72.82681221099995,-37.595357425999964,0.000
			-72.82773070899998,-37.59539236599994,0.000
			-72.82858498299998,-37.595372045999966,0.000
			-72.82908747399995,-37.59523412299995,0.000
			-72.82960037099997,-37.59509333999994,0.000
			-72.83054629399999,-37.59493951299992,0.000
			-72.83104428299998,-37.595013299999955,0.000
			-72.83148371499993,-37.59507840799996,0.000
			-72.83219332299996,-37.59550599499995,0.000
			-72.83315544999994,-37.595631033999936,0.000
			-72.83328357199997,-37.59564768399997,0.000
			-72.83429016599996,-37.59559857799996,0.000
			-72.83478831999997,-37.59567068899997,0.000
			-72.83478924099995,-37.59567082199993,0.000
			-72.83483083199997,-37.59567426599994,0.000
			-72.83484499199994,-37.59567543799995,0.000
			-72.83485915199998,-37.595676610999924,0.000
			-72.83490522699998,-37.595648643999944,0.000
			-72.83503928699997,-37.59556727099994,0.000
			-72.83554416099997,-37.59546388399997,0.000
			-72.83565783699999,-37.59547939199996,0.000
			-72.83584945999996,-37.59550553299994,0.000
			-72.83619718799997,-37.59559752399996,0.000
			-72.83645966699999,-37.59560233799993,0.000
			-72.83694323899994,-37.59552559299993,0.000
			-72.83744574299999,-37.59555282899997,0.000
			-72.83818950199998,-37.595584483999964,0.000
			-72.83877986599998,-37.59560881799996,0.000
			-72.83928328399998,-37.595604521999974,0.000
			-72.839812,-37.59536187199995,0.000
			-72.83981343799996,-37.59536483599992,0.000
			-72.83991145799996,-37.59556678699993,0.000
			-72.83995763699994,-37.59566192999994,0.000
			-72.84027521399997,-37.595915570999985,0.000
			-72.84056543399998,-37.59586681299992,0.000
			-72.84090646399994,-37.59582348899993,0.000
			-72.84120619199996,-37.59561719499993,0.000
			-72.84146219399997,-37.595184804,0.000
			-72.84157318299998,-37.59487141899996,0.000
			-72.84179922899995,-37.59456915099997,0.000
			-72.84205859899998,-37.594240455999966,0.000
			-72.84209173699998,-37.594196002999965,0.000
			-72.84212533899995,-37.59414473699996,0.000
			-72.84243902499998,-37.59366614899995,0.000
			-72.84256853699998,-37.593533538999964,0.000
			-72.84267681599994,-37.59342266999993,0.000
			-72.84295105999996,-37.593215905999955,0.000
			-72.84308117199998,-37.593154685999934,0.000
			-72.84328539999997,-37.59305859199998,0.000
			-72.84343041199998,-37.59299036099997,0.000
			-72.84389656399998,-37.59280512499998,0.000
			-72.84395533199995,-37.59274132899998,0.000
			-72.84401494299993,-37.59267661699994,0.000
			-72.84414598399997,-37.59257537499997,0.000
			-72.84450604099999,-37.59250985899996,0.000
			-72.84469945299998,-37.59245481499994,0.000
			-72.84498102399994,-37.592459958999925,0.000
			-72.84508166899997,-37.59249297999996,0.000
			-72.84532117499998,-37.59257155899996,0.000
			-72.84537369699996,-37.59258879099997,0.000
			-72.84567561399996,-37.59274750699995,0.000
			-72.84607127699996,-37.59277275499993,0.000
			-72.84657614399998,-37.59257019199997,0.000
			-72.84691423499999,-37.592382606999934,0.000
			-72.84724005099997,-37.592154243999964,0.000
			-72.84754343899994,-37.59184436399993,0.000
			-72.84782430099995,-37.59184948799998,0.000
			-72.84814199699998,-37.59192737799997,0.000
			-72.84856714599994,-37.59181347099997,0.000
			-72.84914464599996,-37.591742893999935,0.000
			-72.84946739999998,-37.59164514099996,0.000
			-72.84968692299998,-37.591568034999966,0.000
			-72.84984684699998,-37.59154288599996,0.000
			-72.84991801399997,-37.59153169399997,0.000
			-72.85019216199998,-37.59135194599997,0.000
			-72.85033482999995,-37.59126442599996,0.000
			-72.85066652099994,-37.59085592299994,0.000
			-72.85101405199998,-37.59033956399997,0.000
			-72.85136358199998,-37.59001715099998,0.000
			-72.85142123199995,-37.589963973999936,0.000
			-72.85181140099996,-37.589736769999945,0.000
			-72.85223549699998,-37.58965887799997,0.000
			-72.85232880199999,-37.58967296199996,0.000
			-72.85244683799993,-37.58969077899997,0.000
			-72.85252426499994,-37.58970246599994,0.000
			-72.85264284399994,-37.58972036499995,0.000
			-72.85280583199994,-37.58976141099997,0.000
			-72.85313279099995,-37.589843751999986,0.000
			-72.85316356499999,-37.589851501999945,0.000
			-72.85321717699998,-37.58988450999993,0.000
			-72.85321726299998,-37.589884562999934,0.000
			-72.85321734999997,-37.58988461699993,0.000
			-72.85369145799996,-37.59017652299996,0.000
			-72.85431889999995,-37.59058445899995,0.000
			-72.85484822599994,-37.59085993599996,0.000
			-72.85539533199994,-37.59096000099998,0.000
			-72.85588090499994,-37.59095981499996,0.000
			-72.85611334499998,-37.590900955999984,0.000
			-72.85631779999994,-37.59090467099998,0.000
			-72.85648172599998,-37.59098875699993,0.000
			-72.85678598699997,-37.591066378999976,0.000
			-72.85742456299994,-37.591086989999944,0.000
			-72.85812738899995,-37.59111326999994,0.000
			-72.85852098299995,-37.59121053399997,0.000
			-72.85882363199994,-37.59136922899995,0.000
			-72.85900055399998,-37.59144453499993,0.000
			-72.85914781599996,-37.591640962999975,0.000
			-72.85916586099997,-37.591925165999946,0.000
			-72.85911888099997,-37.59223071799994,0.000
			-72.85910143799998,-37.59237008599997,0.000
			-72.85917325999998,-37.59255613299996,0.000
			-72.85935018599997,-37.592631438999945,0.000
			-72.86006724799995,-37.592581363999955,0.000
			-72.86048896399996,-37.592611541999936,0.000
			-72.86067012699993,-37.59274075699994,0.000
			-72.86086493499994,-37.59287970499997,0.000
			-72.86099830899997,-37.593116432999985,0.000
			-72.86113983899997,-37.59353805199993,0.000
			-72.86142164499995,-37.593980237999965,0.000
			-72.86161772799994,-37.59427667899996,0.000
			-72.86165038899998,-37.59447102699993,0.000
			-72.86158000999995,-37.59470406099996,0.000
			-72.86140730199998,-37.59492622799997,0.000
			-72.86122250199998,-37.595125645999936,0.000
			-72.86111527199995,-37.595285915999966,0.000
			-72.86110908199998,-37.59550208899998,0.000
			-72.86139824499998,-37.59568756899995,0.000
			-72.86172367999995,-37.595941295999964,0.000
			-72.86196671599998,-37.59616573799997,0.000
			-72.86202229499997,-37.596217064999955,0.000
			-72.86203375399998,-37.596303537999965,0.000
			-72.86206478999998,-37.596537756999965,0.000
			-72.86223496199995,-37.59682471599995,0.000
			-72.86236737899998,-37.59712000199993,0.000
			-72.86254738799994,-37.59753330499995,0.000
			-72.86285881099997,-37.59783183399996,0.000
			-72.86306468099997,-37.59823208699992,0.000
			-72.86340183799996,-37.59852206899995,0.000
			-72.86362534399996,-37.59875141399994,0.000
			-72.86389117999994,-37.59883733499998,0.000
			-72.86418693099995,-37.59879312399994,0.000
			-72.86454147899997,-37.598475113999925,0.000
			-72.86482944999995,-37.59823249899994,0.000
			-72.86526876499994,-37.598069222999975,0.000
			-72.86571611499994,-37.598095340999976,0.000
			-72.86623601799994,-37.598257947999954,0.000
			-72.86643702099997,-37.59838324499997,0.000
			-72.86658270699996,-37.59866074199993,0.000
			-72.86703938799997,-37.59878164899994,0.000
			-72.86795873499995,-37.59883882099996,0.000
			-72.86868331899996,-37.598973574999945,0.000
			-72.86914818099996,-37.59927936499997,0.000
			-72.86926493799996,-37.59967799799995,0.000
			-72.86930945699999,-37.59990409999995,0.000
			-72.86916982599996,-37.60030711399998,0.000
			-72.86898928699998,-37.60080401299995,0.000
			-72.86877760599998,-37.60105252299996,0.000
			-72.86792108199995,-37.60149665299997,0.000
			-72.86755868399996,-37.60164330499998,0.000
			-72.86721339399998,-37.60163706199995,0.000
			-72.86705612199995,-37.60176489099995,0.000
			-72.86696002299993,-37.602006474999946,0.000
			-72.86692670299993,-37.602280735999955,0.000
			-72.86709722799998,-37.60258121199994,0.000
			-72.86717390399997,-37.603019674999985,0.000
			-72.86730480699998,-37.603369,0.000
			-72.86787082499995,-37.603768835999965,0.000
			-72.86789396799998,-37.603785184999936,0.000
			-72.86812721299998,-37.60379841299993,0.000
			-72.86832790899996,-37.60381105099997,0.000
			-72.86884321999997,-37.603689689999946,0.000
			-72.86919288899998,-37.60354280399997,0.000
			-72.86945269499995,-37.60339429399993,0.000
			-72.869673134,-37.603285625999945,0.000
			-72.86983877299997,-37.60331114699996,0.000
			-72.87009286099999,-37.603387829999974,0.000
			-72.87049259499997,-37.60371947499993,0.000
			-72.87090327099997,-37.60411439999996,0.000
			-72.87095976299997,-37.604367752999956,0.000
			-72.87085260499998,-37.604550562999975,0.000
			-72.87064605599994,-37.60461892999995,0.000
			-72.87067938499996,-37.60479075799997,0.000
			-72.87084066099999,-37.604969400999956,0.000
			-72.87105481099996,-37.60508140899997,0.000
			-72.87133277399994,-37.605190061999956,0.000
			-72.87170291299998,-37.605219269999964,0.000
			-72.87213988299999,-37.60516406999994,0.000
			-72.87237395899996,-37.60502410099996,0.000
			-72.87249949699998,-37.60464335999995,0.000
			-72.87243334299995,-37.60428168999994,0.000
			-72.87245185399996,-37.60407925599998,0.000
			-72.87269891899996,-37.60393050899995,0.000
			-72.87316263699995,-37.60383072799994,0.000
			-72.87356067999997,-37.60377481999996,0.000
			-72.87412115899997,-37.603857016999946,0.000
			-72.87478071199996,-37.604040127999944,0.000
			-72.87530905699998,-37.604356049999986,0.000
			-72.87551113299997,-37.60459399899997,0.000
			-72.87575028799995,-37.60449917499993,0.000
			-72.87579662499996,-37.60450318199997,0.000
			-72.87607938599996,-37.60452762999996,0.000
			-72.87618475799997,-37.60460424099994,0.000
			-72.87631452099998,-37.60469858399994,0.000
			-72.87659359499997,-37.60489285799998,0.000
			-72.87662413099997,-37.60489833799993,0.000
			-72.87681687899999,-37.604932924999964,0.000
			-72.87716455199995,-37.604831038999976,0.000
			-72.87739328099997,-37.60470448199994,0.000
			-72.87782774499993,-37.60471229899997,0.000
			-72.87810874299998,-37.60483901399993,0.000
			-72.87857369399995,-37.604820340999936,0.000
			-72.87893136299995,-37.604889855999936,0.000
			-72.87938068799997,-37.60489793399996,0.000
			-72.87979996999997,-37.60489195299993,0.000
			-72.88014316399995,-37.60494768599994,0.000
			-72.88018150399995,-37.60492715599997,0.000
			-72.88046860499998,-37.60477342399997,0.000
			-72.88049326199996,-37.60476022099993,0.000
			-72.88074863599996,-37.604742278999936,0.000
			-72.88080231099997,-37.604745263999966,0.000
			-72.88101310299999,-37.604756986,0.000
			-72.88110771199996,-37.60476224699994,0.000
			-72.88134081499999,-37.60500524999997,0.000
			-72.88136248399996,-37.60528951399994,0.000
			-72.88155170799996,-37.60548216299998,0.000
			-72.88195466999997,-37.60555248199996,0.000
			-72.88237395499993,-37.605546491999974,0.000
			-72.88247918899998,-37.605528138999944,0.000
			-72.88300646499994,-37.605436184,0.000
			-72.88336608099996,-37.60545036899998,0.000
			-72.88363514299994,-37.60546098199995,0.000
			-72.88423244399996,-37.60554379199994,0.000
			-72.88517874499996,-37.60545261799996,0.000
			-72.88564466299994,-37.60542492199993,0.000
			-72.88590200899995,-37.60531237899994,0.000
			-72.88617371699996,-37.60526768299997,0.000
			-72.88669428599997,-37.60538515299993,0.000
			-72.88704296799995,-37.60524720799997,0.000
			-72.88735989199995,-37.605180788999974,0.000
			-72.88746348399997,-37.60523805199995,0.000
			-72.88765474899998,-37.605343777999956,0.000
			-72.88792434699997,-37.60534860499996,0.000
			-72.88825778599994,-37.60522390199998,0.000
			-72.88850243299999,-37.60503452399997,0.000
			-72.88851124699994,-37.60503590699996,0.000
			-72.88869696799998,-37.605065041999985,0.000
			-72.88909769899993,-37.60518936899996,0.000
			-72.88954804799994,-37.60516137899998,0.000
			-72.88977739399996,-37.60501227899993,0.000
			-72.89021153699997,-37.60500652599996,0.000
			-72.89055308699994,-37.605120776999954,0.000
			-72.89069253599996,-37.605183188999945,0.000
			-72.89080477199997,-37.60523342099998,0.000
			-72.89107538799993,-37.60520221199994,0.000
			-72.89144390399997,-37.605109044999935,0.000
			-72.89155812499996,-37.60508016799997,0.000
			-72.89162686699996,-37.605081395999946,0.000
			-72.89178314399999,-37.60508418899997,0.000
			-72.89195071999995,-37.60509168999993,0.000
			-72.89215721299996,-37.605099885999955,0.000
			-72.89222047199996,-37.60508726999996,0.000
			-72.89248899199998,-37.605033717999966,0.000
			-72.89338422099996,-37.60517136999992,0.000
			-72.89408600399997,-37.60526500699996,0.000
			-72.89463358499995,-37.605504585999945,0.000
			-72.89500892699994,-37.60547523599995,0.000
			-72.89544213099998,-37.605528025999945,0.000
			-72.89602717999998,-37.60549340199998,0.000
			-72.89621406299995,-37.60543882499997,0.000
			-72.89641979299995,-37.60537874299995,0.000
			-72.89669606299998,-37.60517188799997,0.000
			-72.89687845899994,-37.60508051499994,0.000
			-72.89711674299997,-37.60511630399998,0.000
			-72.89738063499993,-37.60532377699997,0.000
			-72.89767216599995,-37.605630872999946,0.000
			-72.89791412899996,-37.60553605399998,0.000
			-72.89825046799996,-37.60530773599992,0.000
			-72.89834210999999,-37.605246284999964,0.000
			-72.89841445499997,-37.605342198999956,0.000
			-72.89851208299996,-37.60559627299994,0.000
			-72.89864450099998,-37.60567072699997,0.000
			-72.89887116999995,-37.60561618699995,0.000
			-72.89909624399996,-37.605593159999955,0.000
			-72.89944085199994,-37.60559929699996,0.000
			-72.89969709099995,-37.60554852299998,0.000
			-72.89998334799998,-37.605491799999974,0.000
			-72.90046475599996,-37.60544179199996,0.000
			-72.90077564499995,-37.605564479999934,0.000
			-72.90131320099994,-37.60563262199997,0.000
			-72.90176481499998,-37.60555954799998,0.000
			-72.90218708799995,-37.605472432999946,0.000
			-72.90250126899997,-37.60547801999996,0.000
			-72.90299095899996,-37.60566245899997,0.000
			-72.90313786299998,-37.60575068399993,0.000
			-72.90354565499996,-37.60564978799993,0.000
			-72.90399562399995,-37.605635253999935,0.000
			-72.90432441299998,-37.60565010799996,0.000
			-72.90471026499995,-37.60580115299995,0.000
			-72.90494475299994,-37.60581945499996,0.000
			-72.90508396399997,-37.60583031999993,0.000
			-72.90542288899996,-37.60603910699996,0.000
			-72.90569148199995,-37.60607992399998,0.000
			-72.90604202999998,-37.60587436599997,0.000
			-72.90633356499995,-37.605627205999944,0.000
			-72.90666735599997,-37.60548893799995,0.000
			-72.90716127199994,-37.60549770199998,0.000
			-72.90732739399994,-37.60549066799995,0.000
			-72.90753623299997,-37.60548182399997,0.000
			-72.90783361199993,-37.60558172399993,0.000
			-72.90802793299997,-37.60576970699998,0.000
			-72.90803764099996,-37.60577909899995,0.000
			-72.90837960299996,-37.60587978799998,0.000
			-72.90842405499995,-37.60589187499994,0.000
			-72.90884052299998,-37.60600511499996,0.000
			-72.90916283399997,-37.60627668099995,0.000
			-72.90916603299996,-37.60627971199994,0.000
			-72.90916923299994,-37.606282742999944,0.000
			-72.90934697799997,-37.606451171999936,0.000
			-72.90946907499995,-37.60656598599995,0.000
			-72.90954573899995,-37.606567343999984,0.000
			-72.90976840199994,-37.60657128999997,0.000
			-72.91002743399997,-37.606422675999966,0.000
			-72.91042099199996,-37.606298974999966,0.000
			-72.91080410199999,-37.60626108499997,0.000
			-72.91096196699993,-37.606245471999955,0.000
			-72.91130612499995,-37.60624255399995,0.000
			-72.91135286799994,-37.60625933699998,0.000
			-72.91154374299998,-37.60632786899998,0.000
			-72.91161434199996,-37.60648682799995,0.000
			-72.91180238999993,-37.60672446799998,0.000
			-72.91198338799995,-37.60668261199993,0.000
			-72.91216753399993,-37.60652816199996,0.000
			-72.91228674499996,-37.60654378999993,0.000
			-72.91249061499997,-37.60677269699993,0.000
			-72.91258720799993,-37.60704025899997,0.000
			-72.91271279699998,-37.60738493599996,0.000
			-72.91274209499994,-37.60795771399996,0.000
			-72.91282126399994,-37.608342122999936,0.000
			-72.91279872299998,-37.60861658899995,0.000
			-72.91301939599998,-37.60875116699997,0.000
			-72.91315948499994,-37.60881200999996,0.000
			-72.91330059899997,-37.60887329699995,0.000
			-72.91393356599997,-37.60930354799995,0.000
			-72.91420936199995,-37.60961933799995,0.000
			-72.91432392299998,-37.60980160299994,0.000
			-72.91431800899994,-37.61001327899992,0.000
			-72.91416269999996,-37.61019978399998,0.000
			-72.91394945599995,-37.610331192999986,0.000
			-72.91400671299994,-37.61043584299995,0.000
			-72.91444147199996,-37.61043451799996,0.000
			-72.91492131699994,-37.61041596499996,0.000
			-72.91517406499997,-37.61049252799995,0.000
			-72.91545248399996,-37.61072463099998,0.000
			-72.91546674299997,-37.61073651799994,0.000
			-72.91538468699997,-37.61098740199997,0.000
			-72.91535951299994,-37.61135644799999,0.000
			-72.91540804699997,-37.61155691299996,0.000
			-72.91550742399994,-37.611967368999956,0.000
			-72.91559820199996,-37.61246913699994,0.000
			-72.91578212699994,-37.61285539499994,0.000
			-72.91579332499998,-37.61286218099997,0.000
			-72.91579361599997,-37.612862357,0.000
			-72.91579744499995,-37.61286467799993,0.000
			-72.91601738199995,-37.61302627299993,0.000
			-72.91655903199995,-37.61295022699994,0.000
			-72.91697932199997,-37.61293511999998,0.000
			-72.91723133799997,-37.61289299599997,0.000
			-72.91768641099998,-37.61281693099994,0.000
			-72.91796481899996,-37.61277906899995,0.000
			-72.91824362699998,-37.61274115299993,0.000
			-72.91862063299999,-37.61265317999994,0.000
			-72.91898516099997,-37.61247937199994,0.000
			-72.91926726699995,-37.61256996199996,0.000
			-72.91930683,-37.61275089999997,0.000
			-72.91915223399997,-37.61293742399994,0.000
			-72.91890906199995,-37.61305028899993,0.000
			-72.91869456099994,-37.61322674399997,0.000
			-72.91903519099998,-37.61337694499998,0.000
			-72.919254444,-37.61336224299998,0.000
			-72.91962042199998,-37.61333770199996,0.000
			-72.92017479999998,-37.61333846599996,0.000
			-72.92040743099994,-37.61360391499994,0.000
			-72.92035492299993,-37.61365615399995,0.000
			-72.92020716699994,-37.613803152999935,0.000
			-72.92021113399994,-37.61412370799996,0.000
			-72.92021114599999,-37.614124704999945,0.000
			-72.92021115699998,-37.614125601999945,0.000
			-72.92021124399997,-37.61413265199996,0.000
			-72.92021164399995,-37.61416500499996,0.000
			-72.92021173899997,-37.61417272399996,0.000
			-72.92021555299995,-37.614182814999936,0.000
			-72.92021697999998,-37.61418658999996,0.000
			-72.92023674699993,-37.61423888899998,0.000
			-72.92024490599994,-37.61426047499998,0.000
			-72.92027016699996,-37.61432730799993,0.000
			-72.92034043299998,-37.614513210999974,0.000
			-72.92034890299993,-37.614535620999966,0.000
			-72.92037919899997,-37.61461726299996,0.000
			-72.92040354599999,-37.61463916099995,0.000
			-72.92072358099995,-37.614926994999955,0.000
			-72.92090555199997,-37.615090657999936,0.000
			-72.92110813699998,-37.61534205799993,0.000
			-72.92113016399998,-37.61564434699994,0.000
			-72.92113850299995,-37.61587880499997,0.000
			-72.92142024799995,-37.61598290099993,0.000
			-72.92170475199998,-37.61598791399995,0.000
			-72.92183864599997,-37.61590916599993,0.000
			-72.92184087999993,-37.615907901999954,0.000
			-72.92207029399998,-37.61577806699996,0.000
			-72.92255744399995,-37.615498264999985,0.000
			-72.92291821799995,-37.61545955899993,0.000
			-72.92343015599994,-37.61538295899992,0.000
			-72.92381978399999,-37.61538348399994,0.000
			-72.92398454999994,-37.61538370499994,0.000
			-72.92404931999994,-37.61540133199997,0.000
			-72.92463950999996,-37.615561951999936,0.000
			-72.92506307599997,-37.61593889499995,0.000
			-72.92512757799994,-37.61631853199999,0.000
			-72.92511630999996,-37.616723871999966,0.000
			-72.92541100499994,-37.61692281299997,0.000
			-72.92585978999995,-37.616953235,0.000
			-72.92620074499996,-37.61706737399994,0.000
			-72.92646275899995,-37.61734684499993,0.000
			-72.92647169799994,-37.617585818999935,0.000
			-72.92630274699997,-37.617742247999956,0.000
			-72.92627110599994,-37.617771543999936,0.000
			-72.92607084499997,-37.61797079299998,0.000
			-72.92611050899995,-37.61817425899994,0.000
			-72.92636366999994,-37.61823728799994,0.000
			-72.92665018599996,-37.61817022899994,0.000
			-72.926871164,-37.61829577499998,0.000
			-72.92709059799995,-37.618502399999954,0.000
			-72.92736122999997,-37.61900732099998,0.000
			-72.92782251499995,-37.619123568999946,0.000
			-72.92858032099997,-37.61881244899997,0.000
			-72.92898016599997,-37.61846349699993,0.000
			-72.92920652999999,-37.617859162999935,0.000
			-72.92937044199994,-37.617361875999954,0.000
			-72.92937872599998,-37.617282702999944,0.000
			-72.92945138199997,-37.61658826699994,0.000
			-72.92948356899996,-37.615989535999965,0.000
			-72.92953902499994,-37.61559848899998,0.000
			-72.92990516899994,-37.61536609699994,0.000
			-72.93039016499995,-37.61516282699995,0.000
			-72.93078448799997,-37.615012034999936,0.000
			-72.93084760299996,-37.61477727299996,0.000
			-72.93085080299994,-37.61476536899994,0.000
			-72.93123288199996,-37.61451973499993,0.000
			-72.93135617999997,-37.614473521999976,0.000
			-72.93189900099998,-37.61427006799993,0.000
			-72.932351392,-37.61416985499994,0.000
			-72.93311800399994,-37.614075146999944,0.000
			-72.93373653599997,-37.61393277899998,0.000
			-72.93423645899998,-37.61375228399992,0.000
			-72.93446740699994,-37.61351750999996,0.000
			-72.93455862499997,-37.61293332899993,0.000
			-72.93472647599998,-37.61229190999997,0.000
			-72.93492993699994,-37.611975546999936,0.000
			-72.93494974699996,-37.61125944099995,0.000
			-72.93506245699996,-37.61097302999997,0.000
			-72.93527479599999,-37.610873108999954,0.000
			-72.93528434999996,-37.61087327599994,0.000
			-72.93528753399994,-37.61087333199998,0.000
			-72.93555837199995,-37.610936649999985,0.000
			-72.93585672499995,-37.61097791899996,0.000
			-72.93630481199995,-37.610494605999975,0.000
			-72.93657260799995,-37.610406208999954,0.000
			-72.93657705199996,-37.61040474199996,0.000
			-72.93678254099996,-37.61055252799997,0.000
			-72.93697516099996,-37.61062799299997,0.000
			-72.93731855599998,-37.61067905799995,0.000
			-72.93784195099994,-37.61072425699996,0.000
			-72.93837324399993,-37.61102192799996,0.000
			-72.93872254899998,-37.611397524,0.000
			-72.93903915099997,-37.61188069099995,0.000
			-72.93930318699995,-37.612088074,0.000
			-72.93982961499995,-37.61199813699994,0.000
			-72.94011382099995,-37.61203914899994,0.000
			-72.94036750999999,-37.612057095999944,0.000
			-72.94053998199996,-37.61178524199993,0.000
			-72.94056337899997,-37.61150177199993,0.000
			-72.94073747499993,-37.61138367099994,0.000
			-72.94082240899996,-37.611326054999935,0.000
			-72.94119711099995,-37.61134611299997,0.000
			-72.94129539599999,-37.611403657999965,0.000
			-72.94150647999999,-37.61152724599998,0.000
			-72.94155508399996,-37.61194715199997,0.000
			-72.94159949399995,-37.61208831399995,0.000
			-72.94163775899995,-37.612209942999975,0.000
			-72.94215810099996,-37.61234068299994,0.000
			-72.94307281899995,-37.612343118999945,0.000
			-72.94348681299994,-37.61253057699997,0.000
			-72.94407779999995,-37.61284728699995,0.000
			-72.94422642399996,-37.612849876999974,0.000
			-72.94508132299995,-37.61286477299995,0.000
			-72.94587842799996,-37.61294858799993,0.000
			-72.94590310799998,-37.61295118299994,0.000
			-72.94640633599994,-37.61327548699996,0.000
			-72.94649237399994,-37.61333093399997,0.000
			-72.94685053999996,-37.61353078899998,0.000
			-72.94720087899998,-37.61372627699995,0.000
			-72.94784192599997,-37.613845574999964,0.000
			-72.94863536199995,-37.61388190599995,0.000
			-72.94912807499998,-37.613962568999966,0.000
			-72.94948004799994,-37.61424355499997,0.000
			-72.94977733499996,-37.61425749999995,0.000
			-72.95024305799996,-37.61427934599994,0.000
			-72.95052323299996,-37.614441923999955,0.000
			-72.95083235799997,-37.614659076999956,0.000
			-72.95163893699998,-37.614758699999975,0.000
			-72.95203939199997,-37.61470688199995,0.000
			-72.95237581299995,-37.614663349999944,0.000
			-72.95302852899994,-37.614899978999965,0.000
			-72.95318344499998,-37.61492679099995,0.000
			-72.95393602599995,-37.615057042999986,0.000
			-72.95447532099996,-37.61515037699995,0.000
			-72.95515435199997,-37.61499542799993,0.000
			-72.95578198199996,-37.61451965799994,0.000
			-72.95583350599998,-37.61451668299998,0.000
			-72.95644222999994,-37.614481531999964,0.000
			-72.95649975399994,-37.614422429999934,0.000
			-72.95657014799997,-37.614350105999954,0.000
			-72.95665787999997,-37.614259966999946,0.000
			-72.95681938299998,-37.61384370599996,0.000
			-72.95719635399996,-37.61375560899996,0.000
			-72.95770455499996,-37.61381397499997,0.000
			-72.95789498799998,-37.613970475999956,0.000
			-72.95812443299997,-37.61435745799998,0.000
			-72.95834091199998,-37.61450180499997,0.000
			-72.95872802199995,-37.614759927999955,0.000
			-72.95950590699994,-37.61479591699998,0.000
			-72.96036703099998,-37.61493693799998,0.000
			-72.96036716799995,-37.61493695999996,0.000
			-72.96036730499998,-37.61493698299996,0.000
			-72.96036763199999,-37.61493703699994,0.000
			-72.96058017799999,-37.61497220499995,0.000
			-72.96131409499998,-37.614984891999946,0.000
			-72.96200403999995,-37.61497428399996,0.000
			-72.96254111799993,-37.61506467099998,0.000
			-72.96280646199995,-37.615226963999945,0.000
			-72.96302316299995,-37.61553711499993,0.000
			-72.96335962699999,-37.61581779199997,0.000
			-72.96371780699997,-37.61587354199996,0.000
			-72.96383968199996,-37.61586034399994,0.000
			-72.96418438999996,-37.615823016999975,0.000
			-72.96426590199997,-37.61578637899998,0.000
			-72.96492777199995,-37.615488881999966,0.000
			-72.96555154099997,-37.615152678999955,0.000
			-72.96617030099998,-37.614974095999976,0.000
			-72.96664964499996,-37.61502089099997,0.000
			-72.96751558899996,-37.61510542799994,0.000
			-72.96790294999994,-37.615155139999956,0.000
			-72.96836725099996,-37.61521472599997,0.000
			-72.96994316299998,-37.615692459999934,0.000
			-72.97023559699994,-37.61579662499997,0.000
			-72.97069995899994,-37.61595781899996,0.000
			-72.97133947699997,-37.61613554199993,0.000
			-72.97209931599997,-37.61631532999997,0.000
			-72.97286138599998,-37.61638700699996,0.000
			-72.97302993099999,-37.61645638999994,0.000
			-72.97340968399999,-37.61661271699995,0.000
			-72.97411971299994,-37.616958358999966,0.000
			-72.97530256699997,-37.61702372899998,0.000
			-72.97542956999996,-37.61704285199994,0.000
			-72.97594430399994,-37.617120356999976,0.000
			-72.97603163299993,-37.61714605099996,0.000
			-72.97680625299995,-37.61737396299998,0.000
			-72.97755638099994,-37.617364296999945,0.000
			-72.97776904399996,-37.61737538899996,0.000
			-72.97819983399995,-37.61739785799994,0.000
			-72.97900429199996,-37.61757836599997,0.000
			-72.97956454499996,-37.61768056899996,0.000
			-72.97979486799994,-37.617722583999985,0.000
			-72.98016895599994,-37.617846972999985,0.000
			-72.98049315199995,-37.61795477199997,0.000
			-72.98055208699998,-37.617974368999974,0.000
			-72.98115997299993,-37.618223593999964,0.000
			-72.98189066299994,-37.61820865999994,0.000
			-72.98211997599998,-37.618203972999936,0.000
			-72.98253800299995,-37.61824717099995,0.000
			-72.98316076099997,-37.61849663999993,0.000
			-72.98355895199995,-37.61856901899994,0.000
			-72.98357664599996,-37.618572234999924,0.000
			-72.98381748599996,-37.61861601199996,0.000
			-72.98498419899994,-37.61870353899997,0.000
			-72.98539932799997,-37.61866801399999,0.000
			-72.98612546399994,-37.61860587299997,0.000
			-72.98687165699994,-37.61838288099993,0.000
			-72.98688143799995,-37.618379957999935,0.000
			-72.98728006699997,-37.618039795999934,0.000
			-72.98748138299999,-37.61779539999997,0.000
			-72.98750290199996,-37.617521615999976,0.000
			-72.98750401899997,-37.61750739999996,0.000
			-72.98768996399997,-37.617307800999974,0.000
			-72.98775056099998,-37.617288859999974,0.000
			-72.98797703499997,-37.61721807199994,0.000
			-72.98845934699995,-37.61710914099995,0.000
			-72.98862360399994,-37.617042511999955,0.000
			-72.98862370999996,-37.61704254799997,0.000
			-72.98862381599997,-37.61704258499998,0.000
			-72.98869727999994,-37.61706791199999,0.000
			-72.99106928899994,-37.61788543299997,0.000
			-72.99384690999995,-37.618842755999935,0.000
			-73.00401782199998,-37.622348221999964,0.000
			-73.00395075199998,-37.62239188599994,0.000
			-73.00395064499997,-37.62239195599993,0.000
			-73.00395054099994,-37.622392022999975,0.000
			-73.00364150899998,-37.622720239999964,0.000
			-73.00360671899996,-37.622908904999974,0.000
			-73.00345098199995,-37.62314508799994,0.000
			-73.00317420399995,-37.623379222999965,0.000
			-73.00297159599995,-37.623673190999966,0.000
			-73.00296970299996,-37.62367330099995,0.000
			-73.00279150599994,-37.62368365499998,0.000
			-73.00279146199995,-37.62368366199996,0.000
			-73.00266910799996,-37.62378517599995,0.000
			-73.00266907799994,-37.62378520099996,0.000
			-73.00266904799997,-37.62378522299996,0.000
			-73.00248677799993,-37.623881177999976,0.000
			-73.00248669099994,-37.623881223999945,0.000
			-73.00248660699998,-37.62388126799993,0.000
			-73.00234862199994,-37.62400960699995,0.000
			-73.00237195999995,-37.62424882199996,0.000
			-73.00251588799995,-37.62445403099997,0.000
			-73.00276950399996,-37.62450338599995,0.000
			-73.00276959499996,-37.62450331699994,0.000
			-73.00276968599997,-37.62450324899992,0.000
			-73.00289238899995,-37.624410842999964,0.000
			-73.00311542799994,-37.62446418199994,0.000
			-73.00332119599994,-37.62463438899994,0.000
			-73.00352890999994,-37.62470549599992,0.000
			-73.00378240699996,-37.624759352999945,0.000
			-73.00397513599995,-37.624834710999956,0.000
			-73.00422164699997,-37.625149798999985,0.000
			-73.00439252599995,-37.62548613599996,0.000
			-73.00461667299999,-37.62549894099994,0.000
			-73.00485976599998,-37.62538589599997,0.000
			-73.00503546499993,-37.62554207299997,0.000
			-73.00501674699996,-37.62568594999995,0.000
			-73.00504358599994,-37.62579454799993,0.000
			-73.00529552299997,-37.625906953999966,0.000
			-73.00550288099998,-37.62599156899994,0.000
			-73.00551389299994,-37.626135948999945,0.000
			-73.005284686,-37.626312313999954,0.000
			-73.00517739499998,-37.62640512599995,0.000
			-73.00521982199996,-37.62648695199994,0.000
			-73.00543029699998,-37.62648149999996,0.000
			-73.00543040499997,-37.62648143499995,0.000
			-73.00543051299996,-37.62648136999996,0.000
			-73.00578009499998,-37.626271124999974,0.000
			-73.00613836299993,-37.62632674799993,0.000
			-73.00637772499994,-37.626353323999986,0.000
			-73.00664609499995,-37.62640742699994,0.000
			-73.00670253299995,-37.62654806799998,0.000
			-73.00662557499999,-37.62661886399996,0.000
			-73.00650305799996,-37.626724937999946,0.000
			-73.00648495799999,-37.626819258999944,0.000
			-73.00663273899994,-37.626907370999966,0.000
			-73.00693216499997,-37.62691243099993,0.000
			-73.00693227499994,-37.62691236999996,0.000
			-73.00693238499997,-37.62691230899997,0.000
			-73.00709962299999,-37.626820632999966,0.000
			-73.00732472399994,-37.62682443699998,0.000
			-73.00750428099997,-37.62683648199993,0.000
			-73.00760579799999,-37.626959859999936,0.000
			-73.00760134699993,-37.62712650799995,0.000
			-73.00768715699996,-37.627281162999964,0.000
			-73.00788145999996,-37.62729796299993,0.000
			-73.00788148499998,-37.627297889999966,0.000
			-73.00788150999995,-37.62729781799993,0.000
			-73.00793061199994,-37.627154599999976,0.000
			-73.00805372799994,-37.62702600399996,0.000
			-73.00805377199998,-37.62702600399996,0.000
			-73.00805381599997,-37.62702600499994,0.000
			-73.00830855999999,-37.62703030799997,0.000
			-73.00854685699994,-37.627070379999964,0.000
			-73.00863362999996,-37.62718900199996,0.000
			-73.00861431699997,-37.62735539899995,0.000
			-73.00880549499993,-37.62748930199996,0.000
			-73.00924826299996,-37.627749113999975,0.000
			-73.00934075699996,-37.62823732699996,0.000
			-73.00933342699994,-37.62851207199998,0.000
			-73.00958238899995,-37.62871003299994,0.000
			-73.00952601599994,-37.62915067299997,0.000
			-73.00986895499994,-37.62922404999995,0.000
			-73.01001255199998,-37.62944276299993,0.000
			-73.010052091,-37.62965971999994,0.000
			-73.01015757899995,-37.62963446299995,0.000
			-73.01015770599997,-37.62963443199993,0.000
			-73.01015783299994,-37.629634400999976,0.000
			-73.01038424999996,-37.62957970899998,0.000
			-73.01053613699997,-37.62948764399994,0.000
			-73.01065384899994,-37.62956172599997,0.000
			-73.01065192699997,-37.62963378999994,0.000
			-73.01061871299999,-37.62976390499995,0.000
			-73.01069314899996,-37.629787690999926,0.000
			-73.01092007299997,-37.62969689099998,0.000
			-73.01115752699997,-37.62979552199994,0.000
			-73.01131072199996,-37.629680948999976,0.000
			-73.01147818199998,-37.62958914499995,0.000
			-73.01156724399993,-37.629622188999974,0.000
			-73.01174416699996,-37.62973331699993,0.000
			-73.01177161799995,-37.62981939399997,0.000
			-73.01173780499994,-37.62997202899993,0.000
			-73.01205175099994,-37.629990838999966,0.000
			-73.01224774199994,-37.62994457599996,0.000
			-73.01228610199996,-37.62964782399995,0.000
			-73.01266117699998,-37.62963161499994,0.000
			-73.01281246099995,-37.62956206699994,0.000
			-73.01296409399998,-37.629506042999935,0.000
			-73.01314809599997,-37.62935143199996,0.000
			-73.01334084699994,-37.62942677499996,0.000
			-73.01350542599994,-37.629443064999975,0.000
			-73.01353839499996,-37.62932195699994,0.000
			-73.01355804599996,-37.629169082999965,0.000
			-73.01368019699999,-37.62907651299998,0.000
			-73.01410381099998,-37.62893945399997,0.000
			-73.01419754899996,-37.62879683899996,0.000
			-73.01457609499994,-37.62865000599992,0.000
			-73.01463244099995,-37.62876811099995,0.000
			-73.01485311499994,-37.628938548999926,0.000
			-73.01492335699999,-37.629119972999945,0.000
			-73.01503915499995,-37.62926611499994,0.000
			-73.01504766999994,-37.62950507899995,0.000
			-73.01495465199999,-37.62962066999995,0.000
			-73.01510340699997,-37.62967273999992,0.000
			-73.01531545999995,-37.62958168199998,0.000
			-73.01534314299994,-37.629685786999964,0.000
			-73.01535417499997,-37.62983016499993,0.000
			-73.01568394499998,-37.629813183999936,0.000
			-73.01602557599995,-37.62993608799997,0.000
			-73.01634022999997,-37.629954898999976,0.000
			-73.01658427899997,-37.62980579699996,0.000
			-73.01676876399995,-37.62960612799998,0.000
			-73.01727593399994,-37.629709281999965,0.000
			-73.01749757399995,-37.62984368199994,0.000
			-73.01778178899997,-37.62986197799996,0.000
			-73.01803986299996,-37.62974465099995,0.000
			-73.01831076699995,-37.62970414299997,0.000
			-73.01881854799996,-37.62975773399995,0.000
			-73.01931527999994,-37.629693979999956,0.000
			-73.01977810599993,-37.629760329999954,0.000
			-73.02015090999998,-37.62982967299995,0.000
			-73.02055391499994,-37.62990853399999,0.000
			-73.02089555499998,-37.63003142399998,0.000
			-73.02125827399993,-37.62992035299993,0.000
			-73.02165776999993,-37.629544040999974,0.000
			-73.02191667299996,-37.629395177999974,0.000
			-73.02213862799994,-37.628930270999945,0.000
			-73.02246151799994,-37.62863828699994,0.000
			-73.02285109399998,-37.62863580599997,0.000
			-73.02319965399994,-37.628497454999945,0.000
			-73.02340005099995,-37.62828452299994,0.000
			-73.02347723399998,-37.62820470699995,0.000
			-73.02365739399994,-37.62819420799997,0.000
			-73.02355930899995,-37.627940225999964,0.000
			-73.02337646299998,-37.62746402699997,0.000
			-73.02305302899998,-37.62724231599998,0.000
			-73.02272793499998,-37.62705662499997,0.000
			-73.02272130499995,-37.62674559699997,0.000
			-73.02279848799998,-37.626665781999975,0.000
			-73.02311755499994,-37.62649088799998,0.000
			-73.02315527199994,-37.626216650999936,0.000
			-73.02298323999997,-37.62589383799997,0.000
			-73.02296234099998,-37.62556003999999,0.000
			-73.02316201399998,-37.62537413299997,0.000
			-73.02356571499996,-37.62542595899997,0.000
			-73.02421010299997,-37.62542774299993,0.000
			-73.02473498299999,-37.62542301599995,0.000
			-73.02515343899995,-37.625452552999946,0.000
			-73.02576845499993,-37.62544031799997,0.000
			-73.02631010699997,-37.62536376799993,0.000
			-73.02709219699994,-37.62527321299996,0.000
			-73.02755421599994,-37.62518180699993,0.000
			-73.02777059499994,-37.625140364999936,0.000
			-73.02830071599993,-37.62491040699996,0.000
			-73.02848646099994,-37.62468820899995,0.000
			-73.02848960799997,-37.624650420999956,0.000
			-73.02853105999998,-37.62415273499994,0.000
			-73.02873238099994,-37.62390375999997,0.000
			-73.02887068699994,-37.62381692599996,0.000
			-73.02906794699999,-37.62369307799997,0.000
			-73.02908935499994,-37.62344560199996,0.000
			-73.02908400699994,-37.62308502899998,0.000
			-73.02909875799998,-37.622526524999955,0.000
			-73.02903122199996,-37.622241514999985,0.000
			-73.02876951099995,-37.62193523599995,0.000
			-73.02865572399998,-37.62168550099994,0.000
			-73.02845346699996,-37.62140725099994,0.000
			-73.02863991599997,-37.62115802799997,0.000
			-73.02922552599995,-37.62113176599997,0.000
			-73.02959770299998,-37.62122359799997,0.000
			-73.03008509999995,-37.62092082099996,0.000
			-73.03052659399998,-37.620666842999974,0.000
			-73.03093919399998,-37.62035380099997,0.000
			-73.03134572599998,-37.620297501999964,0.000
			-73.03176474499998,-37.62033153099996,0.000
			-73.03211135499998,-37.62023817999994,0.000
			-73.03236381999996,-37.62017029499997,0.000
			-73.03242882499995,-37.620148848999975,0.000
			-73.03251491699996,-37.62029447899993,0.000
			-73.03258365199997,-37.620534446999955,0.000
			-73.03257795199994,-37.620750641999955,0.000
			-73.03261981399999,-37.62085497999993,0.000
			-73.03297772299999,-37.620924033999984,0.000
			-73.03332504199994,-37.620830691999956,0.000
			-73.03365132499994,-37.620971312999984,0.000
			-73.03394096999995,-37.62078238099997,0.000
			-73.03432477799998,-37.62043279899995,0.000
			-73.03467861599995,-37.620091727999984,0.000
			-73.03466814099994,-37.619924828999956,0.000
			-73.03465640999997,-37.61987589999995,0.000
			-73.03464030599997,-37.619808729999924,0.000
			-73.03461390799998,-37.61969862299998,0.000
			-73.03481678799994,-37.61956668199996,0.000
			-73.03490141899994,-37.61951164299996,0.000
			-73.03492391399993,-37.619497013999926,0.000
			-73.03494678199996,-37.61948214199999,0.000
			-73.03502600699994,-37.61943061899996,0.000
			-73.03506261299998,-37.61916987699993,0.000
			-73.03516564699999,-37.61914265599996,0.000
			-73.03557602499995,-37.61903423399996,0.000
			-73.03622483499998,-37.61910812299993,0.000
			-73.03630811899995,-37.619118520999955,0.000
			-73.03644187599997,-37.61917985499996,0.000
			-73.03693012899998,-37.61940374399995,0.000
			-73.03767401299996,-37.619605375999974,0.000
			-73.03847640799995,-37.61987106199996,0.000
			-73.03892184399996,-37.62003167399997,0.000
			-73.03940044199999,-37.62006216099996,0.000
			-73.03958424899997,-37.619912008999954,0.000
			-73.03978622999995,-37.61966302699994,0.000
			-73.04019310899997,-37.619566147999926,0.000
			-73.04072516299993,-37.619286597999974,0.000
			-73.04091676799999,-37.618839173999966,0.000
			-73.04107663399998,-37.618467825999964,0.000
			-73.04092011199998,-37.618145295999966,0.000
			-73.04103053999995,-37.617930838999946,0.000
			-73.04132346499995,-37.61761577199996,0.000
			-73.04167749499999,-37.617265671,0.000
			-73.04210004799995,-37.617164539999976,0.000
			-73.04265500199995,-37.61717374999995,0.000
			-73.04272927099998,-37.61717498199993,0.000
			-73.04342785199998,-37.61737582599994,0.000
			-73.04374422399997,-37.61789476499997,0.000
			-73.04399407199998,-37.618088162999975,0.000
			-73.04460808499994,-37.618111860999925,0.000
			-73.04591857399998,-37.61841745999993,0.000
			-73.04683471399994,-37.61893731299994,0.000
			-73.04730706299995,-37.61920648499996,0.000
			-73.04754879499995,-37.61971065999996,0.000
			-73.04759929699998,-37.62008099399998,0.000
			-73.04783076299998,-37.62038222499996,0.000
			-73.04784889699994,-37.62038907699996,0.000
			-73.04824236599995,-37.62053773699995,0.000
			-73.048261359,-37.620542556999965,0.000
			-73.04832415399994,-37.62055466399994,0.000
			-73.04861928399998,-37.62061156399994,0.000
			-73.04911193199996,-37.62070082199993,0.000
			-73.04930246299995,-37.62086168599995,0.000
			-73.04948651999997,-37.62127027599996,0.000
			-73.04973427599998,-37.62154473599998,0.000
			-73.05011663899997,-37.621816915999936,0.000
			-73.05063867399997,-37.62192017199994,0.000
			-73.05086529299996,-37.62183830099997,0.000
			-73.05098715399998,-37.62178173599994,0.000
			-73.05150337999999,-37.62153792499998,0.000
			-73.05183252199998,-37.621543360999965,0.000
			-73.05218645799994,-37.621765497999945,0.000
			-73.05250050399997,-37.62180673199998,0.000
			-73.05274803499998,-37.622063158999936,0.000
			-73.05292300999997,-37.62227783199995,0.000
			-73.05325027599997,-37.62235533099993,0.000
			-73.05339129099997,-37.62270462599998,0.000
			-73.05353383199997,-37.62296832999993,0.000
			-73.05383055199997,-37.623103901999954,0.000
			-73.05421704999998,-37.62321842499994,0.000
			-73.05475490499998,-37.62328587499997,0.000
			-73.05542697899995,-37.623963854999936,0.000
			-73.05573129299995,-37.62435188799998,0.000
			-73.05572413399995,-37.62462663999999,0.000
			-73.05590612199995,-37.625116294999955,0.000
			-73.05616772399998,-37.62543152599995,0.000
			-73.05685437499994,-37.62555098499996,0.000
			-73.05735234399998,-37.625437523999956,0.000
			-73.05767625299995,-37.62507335999994,0.000
			-73.05775656299994,-37.624871908999985,0.000
			-73.05779329599994,-37.62477953299998,0.000
			-73.05786871199996,-37.624589873999966,0.000
			-73.05811090499998,-37.62450824599994,0.000
			-73.05861927799998,-37.62456618099998,0.000
			-73.05908644799996,-37.62446572299995,0.000
			-73.05965334399997,-37.62456066599999,0.000
			-73.06017787199994,-37.62456929299997,0.000
			-73.06059353299997,-37.62470680399996,0.000
			-73.06097151099993,-37.62460487299996,0.000
			-73.06168730899998,-37.62474731399994,0.000
			-73.06231075399995,-37.62498286099998,0.000
			-73.06251654099998,-37.62513043599995,0.000
			-73.06290458299998,-37.62518637599993,0.000
			-73.06313471399994,-37.624996393999936,0.000
			-73.06312534399996,-37.62478445499993,0.000
			-73.06337114899998,-37.624536149999976,0.000
			-73.06359812099998,-37.62446777899993,0.000
			-73.06385201699999,-37.62450799599998,0.000
			-73.06414583499998,-37.62472910999997,0.000
			-73.06454967699995,-37.624749255999966,0.000
			-73.06505096599994,-37.62484833999997,0.000
			-73.06507175399997,-37.62485244899994,0.000
			-73.065389092,-37.62476753199996,0.000
			-73.06571249199999,-37.62442136199996,0.000
			-73.06576398399994,-37.624183383999934,0.000
			-73.06586135399994,-37.62389659199993,0.000
			-73.06610212799995,-37.62384196099999,0.000
			-73.06667440599995,-37.62375671499995,0.000
			-73.06711673199999,-37.623466561999976,0.000
			-73.06766544999994,-37.62311506599997,0.000
			-73.06815504399998,-37.622722044999925,0.000
			-73.068686439,-37.62246488799997,0.000
			-73.06902013299998,-37.622294613999934,0.000
			-73.06917485799994,-37.62211690299995,0.000
			-73.06920114399998,-37.62167573799997,0.000
			-73.06920989699995,-37.62163972499996,0.000
			-73.06967807699994,-37.62157990399994,0.000
			-73.07008827699997,-37.62142635299995,0.000
			-73.07065842299994,-37.621212924999945,0.000
			-73.07157573499995,-37.620763798999974,0.000
			-73.07195205999994,-37.62075192699996,0.000
			-73.07182300099998,-37.620347881999976,0.000
			-73.07179402299994,-37.62025716099998,0.000
			-73.07161204499994,-37.619687437999964,0.000
			-73.07160931899995,-37.61968253699996,0.000
			-73.07136471399997,-37.619242723999946,0.000
			-73.07120739099997,-37.61895984899996,0.000
			-73.07098278999996,-37.61830729999997,0.000
			-73.07057972099994,-37.61699844899994,0.000
			-73.07017550599994,-37.61680258099994,0.000
			-73.06948174099995,-37.61676869899998,0.000
			-73.06843784099993,-37.617272957999944,0.000
			-73.06822760599994,-37.61737451299996,0.000
			-73.06785640399994,-37.61768349599996,0.000
			-73.06779800899994,-37.61773210299998,0.000
			-73.06754805599996,-37.61794016099997,0.000
			-73.06715614699993,-37.61823810799996,0.000
			-73.06715176499995,-37.61824143899998,0.000
			-73.06665453499994,-37.61861945699996,0.000
			-73.06451974899994,-37.61937751899995,0.000
			-73.06255884499996,-37.61927322999997,0.000
			-73.06203021299996,-37.61868776799998,0.000
			-73.06168653099996,-37.61796114899994,0.000
			-73.06127145999994,-37.617665937999966,0.000
			-73.06019364599996,-37.61728773299995,0.000
			-73.05908728199995,-37.61683694999993,0.000
			-73.05852767899995,-37.61630052999992,0.000
			-73.05839536999997,-37.61589339799997,0.000
			-73.05827592499998,-37.61552584699995,0.000
			-73.05836291599996,-37.61449538699998,0.000
			-73.05844163799998,-37.613396663999936,0.000
			-73.05844245699996,-37.61338522699998,0.000
			-73.05845740099994,-37.613176659999965,0.000
			-73.05829812399998,-37.61233140199994,0.000
			-73.05799195899993,-37.612109224999976,0.000
			-73.05798572099998,-37.61210469799993,0.000
			-73.05758651699995,-37.61181500499998,0.000
			-73.05662724899997,-37.61153785399995,0.000
			-73.05603738699995,-37.61099641699997,0.000
			-73.05548277199995,-37.61024377299998,0.000
			-73.05518269599997,-37.60997236399993,0.000
			-73.05483323799996,-37.609656286999936,0.000
			-73.05436054199998,-37.609048532999964,0.000
			-73.05419064399996,-37.60883008899998,0.000
			-73.05399594299996,-37.608178000999935,0.000
			-73.05390004799995,-37.60721211799995,0.000
			-73.05407086399998,-37.60647143199997,0.000
			-73.05444276399999,-37.60614951799993,0.000
			-73.05447153099993,-37.60612461499995,0.000
			-73.05454429999998,-37.606061626999974,0.000
			-73.05475028399997,-37.60588332799994,0.000
			-73.05544862399995,-37.60549839499998,0.000
			-73.05585358899998,-37.60527516999996,0.000
			-73.05779078499995,-37.60486097599995,0.000
			-73.06127765899998,-37.60346736799995,0.000
			-73.06287391599994,-37.602347340999984,0.000
			-73.06288763299995,-37.60233771699995,0.000
			-73.06315393299997,-37.602150864999935,0.000
			-73.06375303799996,-37.60161303499995,0.000
			-73.06383970399997,-37.601535232999936,0.000
			-73.06435369499997,-37.60107381199998,0.000
			-73.06439119999999,-37.60104014199993,0.000
			-73.06517729399997,-37.59985441599996,0.000
			-73.06522991099996,-37.59949028499994,0.000
			-73.06528653899994,-37.59913523199997,0.000
			-73.06499126799997,-37.59886452999995,0.000
			-73.06432490599997,-37.598606435999955,0.000
			-73.06382499399996,-37.598412810999946,0.000
			-73.06358371499995,-37.59802583299995,0.000
			-73.06306052099995,-37.597492654999925,0.000
			-73.06302644699997,-37.59745792999996,0.000
			-73.06268590099995,-37.59696181999993,0.000
			-73.06254301699994,-37.59675366399995,0.000
			-73.06220993799997,-37.59626843099995,0.000
			-73.06140537799996,-37.594619501999944,0.000
			-73.06125035399998,-37.59408120499996,0.000
			-73.06124466799997,-37.59406146199994,0.000
			-73.06124108899996,-37.594049033999966,0.000
			-73.06091533999995,-37.593917509999976,0.000
			-73.05939437999996,-37.59374380299994,0.000
			-73.05743317399998,-37.59340511399995,0.000
			-73.05564531499994,-37.59290703099998,0.000
			-73.05555259199997,-37.592835857999944,0.000
			-73.05510538499993,-37.59249258399994,0.000
			-73.05457777599997,-37.59160519799997,0.000
			-73.05457115399997,-37.59140857499994,0.000
			-73.05455302599995,-37.590870295999935,0.000
			-73.05436692799998,-37.59075908099992,0.000
			-73.05384272899994,-37.59067944499998,0.000
			-73.05350182599994,-37.59062765399995,0.000
			-73.05200617299994,-37.59030106199998,0.000
			-73.05108468999998,-37.58991634599994,0.000
			-73.05086271099998,-37.589624545999975,0.000
			-73.05065422499996,-37.589350478999954,0.000
			-73.05048535699996,-37.58919117099998,0.000
			-73.04974510499994,-37.58849281699997,0.000
			-73.04844865799998,-37.58783151599993,0.000
			-73.04826889199995,-37.58774066299997,0.000
			-73.04665119399994,-37.58692308499997,0.000
			-73.04544582799997,-37.58602894299997,0.000
			-73.04457772499995,-37.58520346399995,0.000
			-73.04444439399998,-37.585121709999946,0.000
			-73.04423307599995,-37.584992135999975,0.000
			-73.04361849499998,-37.58461528999993,0.000
			-73.04358123699996,-37.58458709399997,0.000
			-73.04277345499997,-37.58397577699997,0.000
			-73.04266791799995,-37.58389590799993,0.000
			-73.04220615399998,-37.58354645199995,0.000
			-73.04158820599997,-37.583099939999954,0.000
			-73.04058492099995,-37.582374993999956,0.000
			-73.04052675099996,-37.582332639999954,0.000
			-73.04044043999994,-37.58226979599993,0.000
			-73.04028302899997,-37.58215518399993,0.000
			-73.03979513299998,-37.581799935999975,0.000
			-73.03925495799997,-37.58140662299996,0.000
			-73.03904327199996,-37.58124395599999,0.000
			-73.03867358399998,-37.58095987099994,0.000
			-73.03812529099997,-37.58061840299995,0.000
			-73.03750647999993,-37.58023300999997,0.000
			-73.03603860799996,-37.57966785799993,0.000
			-73.03401550699994,-37.57940920899995,0.000
			-73.03299919199998,-37.579279274999976,0.000
			-73.03266087599997,-37.57918397399993,0.000
			-73.03148595899995,-37.578852998999935,0.000
			-73.03014656999994,-37.578222324999956,0.000
			-73.03021008099995,-37.57777277699994,0.000
			-73.030922451,-37.576433797999975,0.000
			-73.03109166999997,-37.57611573199995,0.000
			-73.03277556099994,-37.57489562999995,0.000
			-73.03326921799999,-37.57385844599998,0.000
			-73.03332633399998,-37.57324276099995,0.000
			-73.03332848599997,-37.573219567999956,0.000
			-73.03309338699995,-37.57247214499995,0.000
			-73.03205106499996,-37.571850950999924,0.000
			-73.03002869199997,-37.571443202999944,0.000
			-73.02960235199998,-37.57121687799997,0.000
			-73.02827349599994,-37.57051145099996,0.000
			-73.02806553399995,-37.570401050999976,0.000
			-73.02781983499995,-37.570007884999924,0.000
			-73.02761876099999,-37.569686127999944,0.000
			-73.02742509299998,-37.56900697799994,0.000
			-73.02729691299999,-37.56863999899997,0.000
			-73.02707046799998,-37.56799168599997,0.000
			-73.02657783199999,-37.56740666999997,0.000
			-73.02633500999997,-37.567216678999955,0.000
			-73.02583045599994,-37.566821895999965,0.000
			-73.02580382699995,-37.566249176999975,0.000
			-73.02603040899999,-37.56568069399999,0.000
			-73.02604888499997,-37.56498077099996,0.000
			-73.02606060899996,-37.56453665199996,0.000
			-73.02586053099998,-37.56378087599995,0.000
			-73.02579101199996,-37.56351827199995,0.000
			-73.02459853099998,-37.563114302999956,0.000
			-73.02432177199995,-37.563020545999954,0.000
			-73.02360783899996,-37.562805817999966,0.000
			-73.02328054999998,-37.56241813499997,0.000
			-73.02303289299994,-37.562124779999984,0.000
			-73.02124184899998,-37.56098175999994,0.000
			-73.02020252799997,-37.56025687399995,0.000
			-73.01902518999998,-37.55993520999993,0.000
			-73.01790424099994,-37.55957804799993,0.000
			-73.01768157999999,-37.55950710199994,0.000
			-73.01706333799996,-37.55939235999994,0.000
			-73.01607979999994,-37.55920982199995,0.000
			-73.01427170599999,-37.55874232299993,0.000
			-73.01388215499998,-37.55847340199995,0.000
			-73.01331496899996,-37.55808185199993,0.000
			-73.01325138799996,-37.557305734999936,0.000
			-73.01399298099994,-37.55647557799994,0.000
			-73.01539854499998,-37.55616576999995,0.000
			-73.01636232299995,-37.55595688099993,0.000
			-73.01642111799998,-37.55594413799997,0.000
			-73.01659634799995,-37.55571276599995,0.000
			-73.01661583599997,-37.555564474999976,0.000
			-73.01664952799996,-37.55530811199997,0.000
			-73.01628531199998,-37.554662126,0.000
			-73.01597691299997,-37.553512394999984,0.000
			-73.01595956699998,-37.552565823999934,0.000
			-73.01616922799997,-37.55238182199998,0.000
			-73.01606077099996,-37.55211067999994,0.000
			-73.01602559299994,-37.552022732999944,0.000
			-73.01491200499999,-37.55119468099997,0.000
			-73.01307030199996,-37.55033807499996,0.000
			-73.01294722299997,-37.550252175999965,0.000
			-73.01169973299994,-37.549381531999984,0.000
			-73.01068292899998,-37.548887458999964,0.000
			-73.01035989699994,-37.54873048499996,0.000
			-73.00967243199995,-37.54839643499998,0.000
			-73.00915846799995,-37.547554105999964,0.000
			-73.00798639599998,-37.54714746999996,0.000
			-73.00775934499995,-37.54706869499994,0.000
			-73.00702885099997,-37.54670065999994,0.000
			-73.00663745899995,-37.54650347699993,0.000
			-73.00588908899994,-37.54612642899996,0.000
			-73.00503248299998,-37.54536975999998,0.000
			-73.00429013499996,-37.54514705799994,0.000
			-73.00374757399999,-37.54498428799998,0.000
			-73.00294969699996,-37.54496766599993,0.000
			-73.00274120499995,-37.544963321999944,0.000
			-73.00237700399998,-37.54495573399998,0.000
			-73.00141194899999,-37.54492245599994,0.000
			-73.00125363599994,-37.54491699699997,0.000
			-73.00113492599996,-37.54491290399994,0.000
			-73.00072950399993,-37.54484744999996,0.000
			-72.99910853899996,-37.54458573299996,0.000
			-72.99839378699994,-37.54447032399999,0.000
			-72.99728019899999,-37.54428472599995,0.000
			-72.99619516499996,-37.544199065999976,0.000
			-72.99453905999997,-37.54417051199993,0.000
			-72.99446582999997,-37.54416034099995,0.000
			-72.99379535299994,-37.54406721899994,0.000
			-72.99351113299997,-37.54402774399995,0.000
			-72.99309655799993,-37.54385682599997,0.000
			-72.99188358099997,-37.54335673599996,0.000
			-72.99115546599995,-37.54294270999997,0.000
			-72.99069860999998,-37.54227170199993,0.000
			-72.99058576799996,-37.54169338599996,0.000
			-72.99058439599997,-37.54168635499997,0.000
			-72.99062023799996,-37.54156779999993,0.000
			-72.99076999399995,-37.541072453999966,0.000
			-72.99081940599996,-37.54104452599994,0.000
			-72.99098510999994,-37.54095086699992,0.000
			-72.99109835899998,-37.54088685599993,0.000
			-72.99114118899996,-37.54047282999994,0.000
			-72.99098919299996,-37.540196472999966,0.000
			-72.99098414499997,-37.54018729399997,0.000
			-72.99086685199995,-37.540152422999945,0.000
			-72.99045590499998,-37.54003024999997,0.000
			-72.98992451299995,-37.539781695999984,0.000
			-72.98957074499998,-37.539616223999936,0.000
			-72.98860597699996,-37.53931681299997,0.000
			-72.98832866699996,-37.539230750999934,0.000
			-72.98784597099996,-37.53889286599997,0.000
			-72.98747206099995,-37.53863112699997,0.000
			-72.98690844899994,-37.537895980999956,0.000
			-72.98681532899997,-37.53777452099996,0.000
			-72.98625853599998,-37.53703212899995,0.000
			-72.98625033199994,-37.536999795999975,0.000
			-72.98616549199994,-37.53666542999997,0.000
			-72.98613843499999,-37.53655879299997,0.000
			-72.98601582999999,-37.53607558599998,0.000
			-72.98631564299995,-37.53451941799995,0.000
			-72.98638968499995,-37.53397335999994,0.000
			-72.98642985699996,-37.53367708899997,0.000
			-72.98651551699999,-37.53250639399994,0.000
			-72.98657754899995,-37.53224999899992,0.000
			-72.98671562599998,-37.53167927899994,0.000
			-72.98672966899994,-37.53162123499993,0.000
			-72.98671539199995,-37.53120720799995,0.000
			-72.98661545499994,-37.530636137999984,0.000
			-72.98648766299993,-37.53027672699994,0.000
			-72.98640962799993,-37.53005725099996,0.000
			-72.98638702599999,-37.52999368299993,0.000
			-72.98616494099997,-37.52968469599994,0.000
			-72.98612310299995,-37.529626486,0.000
			-72.98607088899996,-37.52955383999995,0.000
			-72.98605866099996,-37.52953682699996,0.000
			-72.98573316999995,-37.52922802799996,0.000
			-72.98550186699998,-37.52900858599998,0.000
			-72.98533850299998,-37.52885319099994,0.000
			-72.98491651999996,-37.52845179299992,0.000
			-72.98448821699998,-37.52763801699996,0.000
			-72.98448562899995,-37.52762611199994,0.000
			-72.98427406499997,-37.52665291999994,0.000
			-72.98430261899995,-37.52573920699995,0.000
			-72.98450364199994,-37.52502067199998,0.000
			-72.98472383499995,-37.52423360199998,0.000
			-72.98476035299996,-37.52410306899998,0.000
			-72.98497362699999,-37.52334070999994,0.000
			-72.98570174199995,-37.52265542599997,0.000
			-72.98599460199995,-37.522520948999954,0.000
			-72.98710086499995,-37.522012971,0.000
			-72.98837149699995,-37.52148473099992,0.000
			-72.98905678199998,-37.52079944599995,0.000
			-72.98945107099996,-37.520587697999936,0.000
			-72.98982772699998,-37.52038541999997,0.000
			-72.98987331399996,-37.52032811099997,0.000
			-72.99032741399998,-37.51975724199996,0.000
			-72.99246431999995,-37.51820312199994,0.000
			-72.99312058999993,-37.51772583999998,0.000
			-72.99331125799995,-37.51758717399997,0.000
			-72.99421069399995,-37.517258807999944,0.000
			-72.99662346799994,-37.51731591499998,0.000
			-72.99759428799996,-37.51740157599993,0.000
			-72.99812895399998,-37.518435267999955,0.000
			-72.99823674199996,-37.51864365399995,0.000
			-72.99890774999994,-37.51948598399997,0.000
			-72.99993567699994,-37.519999946999974,0.000
			-73.00097788099998,-37.521313409999955,0.000
			-73.00176310299997,-37.52215573899996,0.000
			-73.00235975899994,-37.52263923599998,0.000
			-73.00259115599994,-37.52282674699994,0.000
			-73.00391643299997,-37.52346118799995,0.000
			-73.00393317199996,-37.523469200999955,0.000
			-73.00455575799998,-37.52375973799997,0.000
			-73.00457562599996,-37.52376901299993,0.000
			-73.00498965299994,-37.524068824999965,0.000
			-73.00528946499998,-37.52425442299994,0.000
			-73.00551638999997,-37.52426349999996,0.000
			-73.00556283799995,-37.52426535799999,0.000
			-73.00564638399999,-37.52426869999993,0.000
			-73.00577635499997,-37.52407756699995,0.000
			-73.00588908899994,-37.52391178099999,0.000
			-73.00606979199995,-37.52367325399996,0.000
			-73.00624600799995,-37.52344064799997,0.000
			-73.00697412299996,-37.52286957699992,0.000
			-73.00743346799999,-37.52258035899995,0.000
			-73.00743395499995,-37.522580052999956,0.000
			-73.00750238599994,-37.52253696699995,0.000
			-73.00760801199993,-37.522470461999944,0.000
			-73.00774506799996,-37.522384166999984,0.000
			-73.00812556399995,-37.52234231299997,0.000
			-73.00917274499994,-37.52222712299994,0.000
			-73.01031488599995,-37.52231278299996,0.000
			-73.01057701999997,-37.52239530699996,0.000
			-73.01095631599998,-37.522514714999936,0.000
			-73.01108583199994,-37.52255548799995,0.000
			-73.01222797299994,-37.52282674699994,0.000
			-73.01264199899998,-37.52291240699997,0.000
			-73.01311313199994,-37.52296951399995,0.000
			-73.01351288199999,-37.52302662099993,0.000
			-73.01375815799997,-37.52301681099994,0.000
			-73.01386980099994,-37.523012344999984,0.000
			-73.01401493099996,-37.52282851399996,0.000
			-73.01408395299995,-37.52274108599993,0.000
			-73.01412998999996,-37.522628870999945,0.000
			-73.01428259099998,-37.52225690499994,0.000
			-73.01428732299996,-37.52224537099995,0.000
			-73.01431238099997,-37.52218429199996,0.000
			-73.01436948799994,-37.52167032899996,0.000
			-73.01425527399994,-37.52097076699994,0.000
			-73.01391263099998,-37.52029975899995,0.000
			-73.01376814599996,-37.51953460599997,0.000
			-73.01362884299994,-37.519149925999955,0.000
			-73.01345718699997,-37.51877473199993,0.000
			-73.01314892399995,-37.51810093899997,0.000
			-73.01297568599996,-37.51705990099998,0.000
			-73.01292935099997,-37.516781457999976,0.000
			-73.01294810899998,-37.51607431399997,0.000
			-73.01356371199995,-37.51520598099995,0.000
			-73.01359677299996,-37.51511217299997,0.000
			-73.01374265999993,-37.514698227999915,0.000
			-73.01392997699998,-37.51416672299997,0.000
			-73.01442428899998,-37.513098074999945,0.000
			-73.01452029499995,-37.51286017599994,0.000
			-73.01455975599998,-37.512762393999935,0.000
			-73.01448926499995,-37.51222047499993,0.000
			-73.01448997899996,-37.51221385399998,0.000
			-73.01460176999996,-37.51117694699997,0.000
			-73.01474498099998,-37.51057553499993,0.000
			-73.01472225799995,-37.51038560599994,0.000
			-73.01471939299995,-37.51036165899995,0.000
			-73.01450243399995,-37.50854820899997,0.000
			-73.01403324599994,-37.50736546699994,0.000
			-73.01392117599994,-37.50708295599998,0.000
			-73.01391988199998,-37.50707842799995,0.000
			-73.01392056399999,-37.506812578999984,0.000
			-73.01424106499996,-37.50648451599994,0.000
			-73.01465668699996,-37.50595527699995,0.000
			-73.01532540699998,-37.505132885999956,0.000
			-73.01541443499997,-37.505094362999955,0.000
			-73.01591139099997,-37.504879326999955,0.000
			-73.01595694899999,-37.504859612999944,0.000
			-73.01600848999993,-37.50484854999996,0.000
			-73.01636581299995,-37.504771853999955,0.000
			-73.01674263599995,-37.50469256699994,0.000
			-73.01723956799998,-37.50452671199997,0.000
			-73.01792508999995,-37.504297909999934,0.000
			-73.01800236499997,-37.50427211799997,0.000
			-73.01842503999995,-37.50409028999996,0.000
			-73.01870946099996,-37.50396793699996,0.000
			-73.01904076899996,-37.50382541199997,0.000
			-73.01967883399993,-37.503304391999954,0.000
			-73.02000455799998,-37.50291225199993,0.000
			-73.02034699899997,-37.502499985999975,0.000
			-73.02072790599993,-37.50159613299998,0.000
			-73.02094917899996,-37.50082028099995,0.000
			-73.02150339499997,-37.50009957499998,0.000
			-73.02207757799994,-37.499749677999944,0.000
			-73.02208322499996,-37.499746236999954,0.000
			-73.02241018699993,-37.499546991999985,0.000
			-73.02350002199995,-37.49886228199994,0.000
			-73.02318724499997,-37.498685812999945,0.000
			-73.02110470899999,-37.49776773099995,0.000
			-73.02083059599994,-37.49758388599997,0.000
			-73.02016067099999,-37.49713456699994,0.000
			-73.01924791899995,-37.49670920199998,0.000
			-73.01858999699994,-37.49643230299995,0.000
			-73.01776634599997,-37.49544515599995,0.000
			-73.01769361299995,-37.49527347999997,0.000
			-73.01745293999994,-37.49470539499998,0.000
			-73.01743263299994,-37.494083207999935,0.000
			-73.01747199099998,-37.493951336999935,0.000
			-73.01767618499997,-37.493267179999975,0.000
			-73.01770556299994,-37.49286242799997,0.000
			-73.01773400599996,-37.49247056499996,0.000
			-73.01760109399999,-37.49190957399998,0.000
			-73.01739018199999,-37.49149146899998,0.000
			-73.01712632599998,-37.49130370199998,0.000
			-73.01573838499996,-37.49031597899994,0.000
			-73.01561327199994,-37.49022694299999,0.000
			-73.01491816999999,-37.489729818999926,0.000
			-73.01484720599996,-37.48967906699995,0.000
			-73.01456154399995,-37.48947476699993,0.000
			-73.01317788199998,-37.48868545399995,0.000
			-73.01281658099998,-37.48850736699996,0.000
			-73.01267748899994,-37.48843880499992,0.000
			-73.01257368599994,-37.48838763799995,0.000
			-73.01193796799998,-37.48807428399993,0.000
			-73.01019192699994,-37.48751766099997,0.000
			-73.00994670199998,-37.48749041499997,0.000
			-73.00990507899996,-37.487485791,0.000
			-73.00944621499997,-37.487383428999976,0.000
			-73.00902061399995,-37.487146441999975,0.000
			-73.00786797799998,-37.48607256999997,0.000
			-73.00782029699997,-37.48598506199994,0.000
			-73.00753839899994,-37.485467694999954,0.000
			-73.00731955999998,-37.485031413999934,0.000
			-73.00732566299996,-37.48480170399995,0.000
			-73.00747410099996,-37.484641987999964,0.000
			-73.00824240199996,-37.48389791699998,0.000
			-73.00851329299996,-37.48346538999993,0.000
			-73.00848929499995,-37.48328073199996,0.000
			-73.00846575399999,-37.48309959199997,0.000
			-73.00824894899996,-37.48258674299997,0.000
			-73.00791678999997,-37.482265710999975,0.000
			-73.00748166899996,-37.48190337199997,0.000
			-73.00706622899997,-37.48155741699997,0.000
			-73.00659183299996,-37.48097713199996,0.000
			-73.00631400299994,-37.48058040899996,0.000
			-73.00625673999997,-37.48051482099993,0.000
			-73.00586678899998,-37.48006817199996,0.000
			-73.00579758999999,-37.47998589299993,0.000
			-73.00580866399997,-37.47956935799993,0.000
			-73.00580992399995,-37.479521969999944,0.000
			-73.00560998099996,-37.47909157099997,0.000
			-73.00551243099994,-37.47888158099993,0.000
			-73.00490545499997,-37.478105286999956,0.000
			-73.00434111099997,-37.47708187299997,0.000
			-73.00414156299996,-37.47626739599997,0.000
			-73.00410755999997,-37.47567710999994,0.000
			-73.00410336899995,-37.47560434899998,0.000
			-73.00425457299997,-37.474782280999925,0.000
			-73.00431359199996,-37.47394513699994,0.000
			-73.00430488099994,-37.473923299999974,0.000
			-73.00407109899999,-37.47333721699993,0.000
			-73.00399971299998,-37.472912433999966,0.000
			-73.00381022199997,-37.47270093299993,0.000
			-73.00370046699999,-37.47257842899996,0.000
			-73.00282012299994,-37.47315384999996,0.000
			-73.00199515899999,-37.47364293899993,0.000
			-73.00188161199998,-37.47371025699994,0.000
			-73.00144548399999,-37.473963897999965,0.000
			-73.00123410699996,-37.47408682899993,0.000
			-73.00077877599995,-37.474359894999964,0.000
			-72.99985297199999,-37.47491510699996,0.000
			-72.99894976799999,-37.475418013999956,0.000
			-72.99894524199993,-37.47542041299994,0.000
			-72.99846090799997,-37.475677109999936,0.000
			-72.99787873699995,-37.47598566099998,0.000
			-72.99773713999997,-37.476047090999955,0.000
			-72.99688912699997,-37.47641498799993,0.000
			-72.99590803299998,-37.47655155299998,0.000
			-72.99522701399997,-37.476508769999946,0.000
			-72.99522005299997,-37.47650833199997,0.000
			-72.99516951099997,-37.47649995099994,0.000
			-72.99417962399997,-37.476335887999944,0.000
			-72.99397817399995,-37.47630249799993,0.000
			-72.99390866299996,-37.47625135899995,0.000
			-72.99344076299997,-37.47590712799996,0.000
			-72.99315683299994,-37.475698241999964,0.000
			-72.99291262499997,-37.47543864499993,0.000
			-72.99286820599997,-37.47539142699997,0.000
			-72.99249725899995,-37.47512376699995,0.000
			-72.99215183199993,-37.47490610799996,0.000
			-72.99161333199999,-37.47485189099994,0.000
			-72.99153002799994,-37.474863770999946,0.000
			-72.99093580499994,-37.47494851499994,0.000
			-72.99026336299994,-37.47482892799996,0.000
			-72.98986256699999,-37.474673405999965,0.000
			-72.98963741399996,-37.47419527999995,0.000
			-72.98945399899998,-37.473805781999936,0.000
			-72.98922946299996,-37.47311252199995,0.000
			-72.98885004799996,-37.472159775999955,0.000
			-72.98860218099998,-37.47133543999996,0.000
			-72.98852680499994,-37.47109919899998,0.000
			-72.98842238099996,-37.47077191299996,0.000
			-72.98840268999999,-37.47071019699995,0.000
			-72.98838362499998,-37.47069180599993,0.000
			-72.98821762699998,-37.47053167599994,0.000
			-72.98806031499998,-37.47037992399992,0.000
			-72.98773033499998,-37.47024605699993,0.000
			-72.98744581199998,-37.470130630999954,0.000
			-72.98699716199997,-37.46975798899996,0.000
			-72.98678097199998,-37.46939552199995,0.000
			-72.98668426799998,-37.469233386,0.000
			-72.98645411899997,-37.46884750799996,0.000
			-72.98590043099995,-37.46836041799997,0.000
			-72.98544359699997,-37.46826701099997,0.000
			-72.98482270999995,-37.46825641999993,0.000
			-72.98430868599996,-37.46829271099996,0.000
			-72.98421036199994,-37.46819547399997,0.000
			-72.98415104399999,-37.468136811999955,0.000
			-72.98413339899997,-37.46779404599993,0.000
			-72.98428186199999,-37.46729189299998,0.000
			-72.98431440799999,-37.46706152699995,0.000
			-72.98438220599996,-37.466581636999926,0.000
			-72.98431367899997,-37.46610732399995,0.000
			-72.98396470699998,-37.465024403999955,0.000
			-72.98381051799998,-37.464618592999955,0.000
			-72.98356145999998,-37.46396308699997,0.000
			-72.98330300099997,-37.46346965299994,0.000
			-72.98326556399996,-37.46339817899996,0.000
			-72.98317564299998,-37.46322650799993,0.000
			-72.98281277899997,-37.46266155199993,0.000
			-72.98262993999998,-37.46240504199994,0.000
			-72.98242259599995,-37.462114152999966,0.000
			-72.98231663099995,-37.46103537799995,0.000
			-72.98231789799996,-37.461011429999985,0.000
			-72.98237119399994,-37.46000440599994,0.000
			-72.98235646199998,-37.459553540999934,0.000
			-72.98232007299998,-37.459412632999936,0.000
			-72.98216126799997,-37.45879768399994,0.000
			-72.98151035899997,-37.45811965599995,0.000
			-72.98105493899999,-37.45759877099992,0.000
			-72.98095442199997,-37.45748380299994,0.000
			-72.98088446899999,-37.45706353699996,0.000
			-72.98094507299999,-37.456913785,0.000
			-72.98104110799994,-37.45667648299997,0.000
			-72.98108730999996,-37.456562316999964,0.000
			-72.98144186999997,-37.45591048099992,0.000
			-72.98179589399996,-37.45550953599996,0.000
			-72.98184559599997,-37.45545324699998,0.000
			-72.98197866099997,-37.45536822099995,0.000
			-72.98235386099998,-37.455128474999974,0.000
			-72.98264756899994,-37.45476849499993,0.000
			-72.98265737199995,-37.45440366499997,0.000
			-72.98255179199998,-37.45328434099997,0.000
			-72.98259834999999,-37.452077491999944,0.000
			-72.98269156299995,-37.45160593899994,0.000
			-72.98273698299995,-37.45153999899997,0.000
			-72.98302901599999,-37.451116025999966,0.000
			-72.98303797499995,-37.45109815399995,0.000
			-72.98331967399997,-37.45055321499996,0.000
			-72.98333913999994,-37.450328239999976,0.000
			-72.98336485299996,-37.45023403199997,0.000
			-72.98342069799997,-37.45002942299993,0.000
			-72.98343659599993,-37.449971174999966,0.000
			-72.98344233299997,-37.44995015699993,0.000
			-72.98351826599998,-37.44967194999998,0.000
			-72.98352038099995,-37.44966419999998,0.000
			-72.98353407399998,-37.44961403299992,0.000
			-72.98363294599994,-37.44925166899998,0.000
			-72.98366353799997,-37.44913955,0.000
			-72.98364802799995,-37.449159012999985,0.000
			-72.983638435,-37.44917105199994,0.000
			-72.98355804099998,-37.44927193599994,0.000
			-72.98355538599998,-37.449275267999944,0.000
			-72.98337638599997,-37.44949988999997,0.000
			-72.98333857799997,-37.44953558099996,0.000
			-72.98305422999994,-37.449804007999944,0.000
			-72.98290596899994,-37.44994396799994,0.000
			-72.98290244099996,-37.449947297999984,0.000
			-72.98282933699994,-37.45001630899998,0.000
			-72.98241307199999,-37.450409258999976,0.000
			-72.98182826299995,-37.45035545099995,0.000
			-72.98182809499997,-37.45035543599994,0.000
			-72.98162437799994,-37.45033669199995,0.000
			-72.98135401899998,-37.450320710999954,0.000
			-72.98115567699995,-37.450308985999975,0.000
			-72.98078523399994,-37.45030265499998,0.000
			-72.98048887799997,-37.45029758899994,0.000
			-72.98011419699998,-37.45044876899993,0.000
			-72.97978996699999,-37.45056141399993,0.000
			-72.97931437799997,-37.45078965999994,0.000
			-72.97819294299995,-37.45103267599995,0.000
			-72.97792898399996,-37.45101889399995,0.000
			-72.97676416099995,-37.45059256799993,0.000
			-72.97661480099998,-37.45053992299995,0.000
			-72.97569007399994,-37.450213978999955,0.000
			-72.97559893099998,-37.45018185299995,0.000
			-72.97519301999995,-37.450122914999945,0.000
			-72.97508506899999,-37.45010723999996,0.000
			-72.97507846299999,-37.45010628099993,0.000
			-72.97502876499993,-37.45009906399998,0.000
			-72.97462250899997,-37.45004007599994,0.000
			-72.97398769299997,-37.449635507999965,0.000
			-72.97363956299995,-37.449413644999936,0.000
			-72.97297226999996,-37.448714471999956,0.000
			-72.97271897599995,-37.448509844999926,0.000
			-72.97270350299993,-37.448497345999954,0.000
			-72.97261732999993,-37.44842772999993,0.000
			-72.97231994599997,-37.44818748399996,0.000
			-72.97201729799997,-37.448152648999944,0.000
			-72.97152811599994,-37.44809634399996,0.000
			-72.970404671,-37.44796703399994,0.000
			-72.96946494399998,-37.44791962599992,0.000
			-72.96947634899993,-37.44749780899997,0.000
			-72.96952652299996,-37.44709228799995,0.000
			-72.96974304999998,-37.446828815999936,0.000
			-72.97018401699995,-37.446292236999966,0.000
			-72.97064613999999,-37.446117829999935,0.000
			-72.97089547599995,-37.445428757999935,0.000
			-72.97100314899996,-37.445131189999984,0.000
			-72.97125254199995,-37.44456236199994,0.000
			-72.97138226099997,-37.44426649199995,0.000
			-72.97237094199994,-37.44341225499994,0.000
			-72.97270255199999,-37.443303107999945,0.000
			-72.97434005999999,-37.44276411399994,0.000
			-72.97453194599996,-37.44265849799996,0.000
			-72.97477248799999,-37.44259911599993,0.000
			-72.97500120499996,-37.442542653999965,0.000
			-72.97500754199996,-37.442541472999956,0.000
			-72.97589411299998,-37.44237631999994,0.000
			-72.97619359999999,-37.44232052799998,0.000
			-72.97652378399994,-37.44225901799995,0.000
			-72.97656140999999,-37.44212472899995,0.000
			-72.97702783399997,-37.44046008599997,0.000
			-72.97707810799994,-37.440280659999985,0.000
			-72.97704797599994,-37.44017133199998,0.000
			-72.97691446699997,-37.43968691499998,0.000
			-72.97687346599997,-37.43953814899994,0.000
			-72.97672556899994,-37.438918274999935,0.000
			-72.97658643799997,-37.438812250999945,0.000
			-72.97656569399999,-37.438797383999926,0.000
			-72.97647694099999,-37.43873377099993,0.000
			-72.97613817899997,-37.43853871099998,0.000
			-72.97604083999994,-37.43827118099994,0.000
			-72.97603355899997,-37.43815750799996,0.000
			-72.97602162399994,-37.437971164999965,0.000
			-72.97601945899999,-37.43793736099996,0.000
			-72.975670972,-37.437552874999945,0.000
			-72.97546157299996,-37.437337116,0.000
			-72.97529295599998,-37.43716337599995,0.000
			-72.97486975599998,-37.43677310099997,0.000
			-72.97450620999996,-37.43639736599994,0.000
			-72.97438396099994,-37.43595366799997,0.000
			-72.97437756599999,-37.43591931199996,0.000
			-72.97436545099998,-37.43585421599994,0.000
			-72.97430512399995,-37.43552423299997,0.000
			-72.97429323099993,-37.43535020899997,0.000
			-72.97428384999995,-37.43521294499994,0.000
			-72.97410321699994,-37.43507466299996,0.000
			-72.97403477599994,-37.43501941599994,0.000
			-72.97372615399996,-37.43483387799994,0.000
			-72.97365872499995,-37.434557846999944,0.000
			-72.97383282599998,-37.43420484799998,0.000
			-72.97360282999995,-37.43389626199997,0.000
			-72.97347221299998,-37.43372101199998,0.000
			-72.97285039499997,-37.43362472899997,0.000
			-72.97259354699997,-37.43358877899993,0.000
			-72.97228483599997,-37.433380704999934,0.000
			-72.97170212499998,-37.43337971599993,0.000
			-72.97133985799998,-37.43319325099997,0.000
			-72.97133503799995,-37.43318866299996,0.000
			-72.97133021699995,-37.43318407299994,0.000
			-72.97130375299997,-37.433170100999966,0.000
			-72.97116955099995,-37.43311841399997,0.000
			-72.97110569799997,-37.43309382199993,0.000
			-72.97094862199998,-37.43303332499995,0.000
			-72.97038292999997,-37.432951510999935,0.000
			-72.97004905899996,-37.43312602099996,0.000
			-72.96965685399994,-37.43326347799995,0.000
			-72.96948804199997,-37.43321100999997,0.000
			-72.96925629699996,-37.43313492899994,0.000
			-72.96912787499997,-37.43292093299994,0.000
			-72.96892437299994,-37.432714658999934,0.000
			-72.96870631399997,-37.432472084999965,0.000
			-72.96858625099998,-37.43238808599995,0.000
			-72.96855321899994,-37.432364975999974,0.000
			-72.96844219499998,-37.432287298999945,0.000
			-72.96834513399995,-37.432010754999965,0.000
			-72.96823611899998,-37.431810610999946,0.000
			-72.96820252399993,-37.43174694699996,0.000
			-72.96814416899997,-37.43173693099993,0.000
			-72.96800934699996,-37.43170757599995,0.000
			-72.96760257199998,-37.43144372999995,0.000
			-72.96761837299994,-37.43140795299996,0.000
			-72.96738572399994,-37.43079111599996,0.000
			-72.96709681099998,-37.43045269099998,0.000
			-72.96722927599996,-37.43022966299998,0.000
			-72.96731075999998,-37.43007127099997,0.000
			-72.96731083799995,-37.43007111999998,0.000
			-72.96739701699994,-37.429903600999964,0.000
			-72.96751358599994,-37.429563138999974,0.000
			-72.96750123099999,-37.42949936199994,0.000
			-72.96736731899995,-37.428808097999934,0.000
			-72.96671420199993,-37.42851297399995,0.000
			-72.96661176899994,-37.42815828799996,0.000
			-72.96655856599995,-37.427974064999944,0.000
			-72.96671355499996,-37.42744050199997,0.000
			-72.96647037699995,-37.42703076399994,0.000
			-72.96620204599998,-37.42684589999994,0.000
			-72.96586857499994,-37.42661485299993,0.000
			-72.96592063599996,-37.42643829899998,0.000
			-72.96593467699995,-37.426390683999955,0.000
			-72.96619474699997,-37.42609775499994,0.000
			-72.96621098699997,-37.42593996099998,0.000
			-72.96623594999994,-37.42569741799997,0.000
			-72.96629788999996,-37.42539206699995,0.000
			-72.96637964599995,-37.42503298199994,0.000
			-72.96668072499995,-37.42479032599993,0.000
			-72.96666730299995,-37.42429441899998,0.000
			-72.96688123299998,-37.42400970699998,0.000
			-72.96668465199997,-37.42373144999994,0.000
			-72.96667662499993,-37.423506003999925,0.000
			-72.96694605299996,-37.42325829599998,0.000
			-72.96693574899996,-37.42256867899993,0.000
			-72.96695961399996,-37.42220859799993,0.000
			-72.96682259799998,-37.422025994999956,0.000
			-72.96672859299997,-37.42189820499992,0.000
			-72.96668996899996,-37.421681245999935,0.000
			-72.96687377799998,-37.42151768099994,0.000
			-72.96714784499994,-37.42133313799996,0.000
			-72.96737067799995,-37.42082327099996,0.000
			-72.96751256799998,-37.420564354999954,0.000
			-72.96769929499999,-37.420292690999936,0.000
			-72.96780362299995,-37.42021656899994,0.000
			-72.96798890999997,-37.42008137699996,0.000
			-72.96832491799995,-37.41982579799998,0.000
			-72.96846609699998,-37.419566867999954,0.000
			-72.96850643099998,-37.41919805799994,0.000
			-72.96857473199998,-37.41886577699995,0.000
			-72.96856538599997,-37.41866283999997,0.000
			-72.96831711099998,-37.41844227599996,0.000
			-72.96794430899996,-37.418413334999954,0.000
			-72.96786391299997,-37.41833084199993,0.000
			-72.96774084799995,-37.41820705999993,0.000
			-72.96768768999993,-37.41805744299995,0.000
			-72.96767126099996,-37.41801209899995,0.000
			-72.96766465399998,-37.417985889999954,0.000
			-72.96759025999995,-37.41769076899993,0.000
			-72.96735608399996,-37.417497482999984,0.000
			-72.96722824899996,-37.41744571699996,0.000
			-72.96700115499993,-37.41735619399998,0.000
			-72.96658486399997,-37.41729045099993,0.000
			-72.96588118499994,-37.41732790899993,0.000
			-72.96548388799994,-37.41708224299998,0.000
			-72.96516273099996,-37.41681535699997,0.000
			-72.96498083499995,-37.41633457399997,0.000
			-72.96498863799997,-37.41604631499995,0.000
			-72.96500513399997,-37.41603932099997,0.000
			-72.96536654599998,-37.41588609399997,0.000
			-72.96548177299996,-37.41582949799994,0.000
			-72.96568516099995,-37.415724852,0.000
			-72.96564544499995,-37.415548428999955,0.000
			-72.96556393199995,-37.415533506999964,0.000
			-72.96539231299994,-37.415508022,0.000
			-72.96504856399997,-37.41550210299993,0.000
			-72.96447235999995,-37.415239834999966,0.000
			-72.96444438399993,-37.41522210599992,0.000
			-72.96444434499995,-37.415222079999964,0.000
			-72.96420923299996,-37.41507308099994,0.000
			-72.96394266599998,-37.41490541999996,0.000
			-72.96387039099996,-37.414859960999934,0.000
			-72.96370619899994,-37.414821082999936,0.000
			-72.96351530799997,-37.41477723799993,0.000
			-72.96303814099997,-37.414665372999934,0.000
			-72.96253587799998,-37.41459362799996,0.000
			-72.96241284399997,-37.41457348199998,0.000
			-72.96228125499994,-37.41439997999998,0.000
			-72.96218162099996,-37.41427208999995,0.000
			-72.96251676599996,-37.41404805499995,0.000
			-72.96270178399999,-37.41383945599994,0.000
			-72.96283373499995,-37.41340012799998,0.000
			-72.96280711799994,-37.413330870999964,0.000
			-72.96280709899997,-37.41333082099993,0.000
			-72.96276051399997,-37.41320960799993,0.000
			-72.96274995299996,-37.413182389,0.000
			-72.96280656699997,-37.413151821999975,0.000
			-72.96299230499994,-37.413046875999946,0.000
			-72.96325360099998,-37.412785516999975,0.000
			-72.96323042299997,-37.41254629099994,0.000
			-72.96290565799995,-37.41238748499997,0.000
			-72.96259324999994,-37.41234604999994,0.000
			-72.96219074199996,-37.41229404899997,0.000
			-72.96193835599996,-37.41222660999995,0.000
			-72.96185482099997,-37.41199986199996,0.000
			-72.96187708999997,-37.41172537099993,0.000
			-72.96196460599998,-37.411492560999925,0.000
			-72.96200647799998,-37.41138062899996,0.000
			-72.96207431599998,-37.411300688999965,0.000
			-72.96220728899993,-37.411136254,0.000
			-72.96240529199997,-37.410995470999985,0.000
			-72.96264651399997,-37.41092753199996,0.000
			-72.96284732199996,-37.41068315499996,0.000
			-72.96290610399996,-37.410598551999946,0.000
			-72.96300906499994,-37.41044711699993,0.000
			-72.96321120399995,-37.41028387399995,0.000
			-72.96321696699994,-37.41027947099996,0.000
			-72.96322274099998,-37.41027505999995,0.000
			-72.96337432199994,-37.41020557399997,0.000
			-72.96362841099995,-37.41020995199995,0.000
			-72.96379517899999,-37.41012720899994,0.000
			-72.96379834999993,-37.41001010399998,0.000
			-72.96389420599996,-37.409781941999945,0.000
			-72.96388914099998,-37.40977317899996,0.000
			-72.96384159299998,-37.409690911999974,0.000
			-72.96377700799997,-37.40957263999995,0.000
			-72.96363252799995,-37.40935385499994,0.000
			-72.96356051899994,-37.409248972999926,0.000
			-72.96349639599998,-37.40913972,0.000
			-72.96338764299998,-37.40895759999995,0.000
			-72.96321086499995,-37.40881035699993,0.000
			-72.96305109499997,-37.40871297399997,0.000
			-72.96290025799993,-37.408624757,0.000
			-72.96245316599999,-37.40847285299998,0.000
			-72.96189342099996,-37.40828295599994,0.000
			-72.96178337299995,-37.40822698399996,0.000
			-72.96148814999998,-37.40807318899993,0.000
			-72.96129720799996,-37.40797977199997,0.000
			-72.96124359599997,-37.40795181099997,0.000
			-72.96115379599996,-37.40791391499994,0.000
			-72.96103206499998,-37.407862544999944,0.000
			-72.96093260299995,-37.40757243499996,0.000
			-72.96095197499994,-37.40746733199995,0.000
			-72.96096406299995,-37.407401743999976,0.000
			-72.96104769599998,-37.407286026999934,0.000
			-72.96111816299998,-37.40716107099996,0.000
			-72.96110792799993,-37.40704373399996,0.000
			-72.96111061399995,-37.406944644999946,0.000
			-72.96110062399998,-37.40681830099992,0.000
			-72.96110330999994,-37.40671921199998,0.000
			-72.96105233099996,-37.406646233999936,0.000
			-72.96099908599996,-37.40660475999994,0.000
			-72.96109795899997,-37.406421712999936,0.000
			-72.96134460699994,-37.406205166999946,0.000
			-72.96152091099998,-37.40610907299997,0.000
			-72.96175058099993,-37.40604994799998,0.000
			-72.96180482899996,-37.40602835199997,0.000
			-72.96189823299994,-37.40602095099996,0.000
			-72.96203008899994,-37.406027730999945,0.000
			-72.96225933899996,-37.406036189999945,0.000
			-72.96244731499998,-37.40603041899993,0.000
			-72.96270541599995,-37.40588616499996,0.000
			-72.96281476499996,-37.40581144499998,0.000
			-72.96284536599995,-37.405672281999955,0.000
			-72.96276652199998,-37.40558530599998,0.000
			-72.96268908899998,-37.405498353999974,0.000
			-72.96262484899995,-37.40539360499997,0.000
			-72.96260071399996,-37.40529405399997,0.000
			-72.96264325999994,-37.40520917099997,0.000
			-72.96275224299995,-37.405147962999926,0.000
			-72.96291330299994,-37.40511919599993,0.000
			-72.96297949499996,-37.40515187999994,0.000
			-72.96308701399994,-37.40514472099994,0.000
			-72.96314150499995,-37.40511411699999,0.000
			-72.96331682799996,-37.40505405199996,0.000
			-72.96353052299997,-37.405089277999934,0.000
			-72.96363599399996,-37.40513164999992,0.000
			-72.96381031499999,-37.40513465399994,0.000
			-72.96403756799998,-37.40513856899997,0.000
			-72.96419847899995,-37.40514134099993,0.000
			-72.96421892599994,-37.40514574099995,0.000
			-72.96435783199996,-37.405175629,0.000
			-72.96459859099997,-37.405202305999985,0.000
			-72.96478933699996,-37.40525065199995,0.000
			-72.96491763699999,-37.40528440499996,0.000
			-72.96507820899996,-37.405273650999966,0.000
			-72.96525630799994,-37.40513702699996,0.000
			-72.96526482799999,-37.40508309899997,0.000
			-72.96527251999998,-37.405033663999966,0.000
			-72.96526264399995,-37.40490281599995,0.000
			-72.96513318199999,-37.40472935299992,0.000
			-72.96505504199996,-37.40464239099997,0.000
			-72.96503187899998,-37.40450680699996,0.000
			-72.96514146799996,-37.40442307699994,0.000
			-72.96531690899997,-37.404358504999955,0.000
			-72.96545270699994,-37.40429775699994,0.000
			-72.96549439699999,-37.404244400999964,0.000
			-72.96549719899997,-37.40414080699998,0.000
			-72.96540650199995,-37.404022085999934,0.000
			-72.96527640699998,-37.40389817999994,0.000
			-72.96502565499998,-37.40374515999998,0.000
			-72.96483095199994,-37.40353001799997,0.000
			-72.96468832799997,-37.403347315999945,0.000
			-72.96454567899997,-37.40319164999995,0.000
			-72.96448180299996,-37.403073389999975,0.000
			-72.96444559799994,-37.40292406299995,0.000
			-72.96444669499994,-37.40288352599998,0.000
			-72.96439598499995,-37.40277450499997,0.000
			-72.96437087399994,-37.40271098699997,0.000
			-72.96435033799997,-37.402666217999965,0.000
			-72.96432086899995,-37.40260197799995,0.000
			-72.96428442099995,-37.402461658999975,0.000
			-72.96427442599997,-37.40233531499996,0.000
			-72.96427472999994,-37.40232405699993,0.000
			-72.96427503499996,-37.40231279399995,0.000
			-72.96426455199997,-37.40220446599995,0.000
			-72.96425345899996,-37.40211865799994,0.000
			-72.96422944499994,-37.40201460299995,0.000
			-72.96423444299995,-37.40182993699995,0.000
			-72.96423675899996,-37.401744358999956,0.000
			-72.96420079899997,-37.40158602499997,0.000
			-72.96413546199994,-37.40152181299994,0.000
			-72.96403072699997,-37.40145241699997,0.000
			-72.96395198199997,-37.401387973999924,0.000
			-72.96388810899998,-37.40126971299997,0.000
			-72.96366199099998,-37.401198224999966,0.000
			-72.96356956799997,-37.40116959599993,0.000
			-72.96334162199997,-37.40116566799998,0.000
			-72.96317800899999,-37.401289020999975,0.000
			-72.96310889299997,-37.40136443499994,0.000
			-72.96306686399998,-37.40140426599992,0.000
			-72.96302612399995,-37.401448624999944,0.000
			-72.96289188899993,-37.40147785499994,0.000
			-72.96267710699993,-37.401483164999945,0.000
			-72.96256883499996,-37.40154438499996,0.000
			-72.96244522899997,-37.401650401999966,0.000
			-72.96238695799997,-37.401820630999964,0.000
			-72.96236952299995,-37.401969032999936,0.000
			-72.96226904699995,-37.40223766999998,0.000
			-72.96198233699994,-37.402421984999926,0.000
			-72.96153857199994,-37.40251346799994,0.000
			-72.96125674299998,-37.40251761899998,0.000
			-72.96100158199994,-37.402553772999966,0.000
			-72.96081582699998,-37.402582110999965,0.000
			-72.96081512099994,-37.402582098999964,0.000
			-72.96081441499996,-37.40258208699998,0.000
			-72.96059819099997,-37.402614404999944,0.000
			-72.96018160799997,-37.40269283299994,0.000
			-72.95989953399999,-37.402705988999976,0.000
			-72.95964278299994,-37.40280069199998,0.000
			-72.95927314299998,-37.402866408999955,0.000
			-72.95915890999999,-37.40288696699997,0.000
			-72.95895348699997,-37.40293749299996,0.000
			-72.95876782399995,-37.40298836099997,0.000
			-72.95832689299993,-37.402949201999945,0.000
			-72.95786158899995,-37.40281949699994,0.000
			-72.95736858599997,-37.402747890999926,0.000
			-72.95712842199998,-37.40272571599996,0.000
			-72.95702408699998,-37.40261576499995,0.000
			-72.95690511999999,-37.40255062199998,0.000
			-72.95673444799996,-37.402439523999924,0.000
			-72.95632351999996,-37.40228371599994,0.000
			-72.95607239699996,-37.40217122599995,0.000
			-72.95601829399999,-37.40210939299993,0.000
			-72.95596830899996,-37.402052265999934,0.000
			-72.95572937199995,-37.40198504699999,0.000
			-72.95541059599998,-37.40189391599994,0.000
			-72.95514217699997,-37.401898284999966,0.000
			-72.95506243099999,-37.40189690499994,0.000
			-72.95482107499998,-37.40189272899994,0.000
			-72.95470281799999,-37.40182759699995,0.000
			-72.95454546599996,-37.40169419499994,0.000
			-72.95454528999994,-37.40169341999995,0.000
			-72.95450952599998,-37.40153585799994,0.000
			-72.95451307799993,-37.401405240999964,0.000
			-72.95450309899996,-37.401278895999944,0.000
			-72.95445310999997,-37.40116988299996,0.000
			-72.95445715199997,-37.40102124999992,0.000
			-72.95443351899996,-37.400903681999985,0.000
			-72.95442329499997,-37.40078634499997,0.000
			-72.95447628199999,-37.40073318799994,0.000
			-72.95458814499995,-37.400617963999935,0.000
			-72.95467030999998,-37.40055629999995,0.000
			-72.95474200499996,-37.400386306999955,0.000
			-72.95467790299995,-37.400277049999936,0.000
			-72.95453322699996,-37.40017090499998,0.000
			-72.95449514799998,-37.40014320899996,0.000
			-72.95442850299997,-37.40010149999995,0.000
			-72.95435380999999,-37.399888417999925,0.000
			-72.95434652499995,-37.39966298499996,0.000
			-72.95433769299996,-37.39964668799997,0.000
			-72.95420601599994,-37.39940370199998,0.000
			-72.95415651899998,-37.399276672999974,0.000
			-72.95402537699994,-37.399166255999944,0.000
			-72.95393213199998,-37.39914211099994,0.000
			-72.95385303099994,-37.39909117399997,0.000
			-72.95382890899998,-37.398991620999944,0.000
			-72.95376600499998,-37.398864359999955,0.000
			-72.95367533299998,-37.398745629999944,0.000
			-72.95359672299998,-37.39867667699996,0.000
			-72.95341143099995,-37.39861038199996,0.000
			-72.95327881999998,-37.398554011999984,0.000
			-72.95311911999994,-37.39853322199997,0.000
			-72.95303952899997,-37.398500300999956,0.000
			-72.95293459299995,-37.39841286599995,0.000
			-72.95281600499999,-37.39833420799993,0.000
			-72.95278651799998,-37.39830215399996,0.000
			-72.95268606199994,-37.39820578499996,0.000
			-72.95263573999995,-37.39808324699993,0.000
			-72.95254046799994,-37.398003864999964,0.000
			-72.95249214499995,-37.39796359999997,0.000
			-72.95237196399995,-37.39794349299994,0.000
			-72.95228363099994,-37.39794646899997,0.000
			-72.95218400799996,-37.397949248999964,0.000
			-72.95207806299999,-37.39792488299998,0.000
			-72.95206477799996,-37.39792014699997,0.000
			-72.95205149199995,-37.39791540999993,0.000
			-72.95188013199999,-37.39780429299998,0.000
			-72.95179747499998,-37.39778032999993,0.000
			-72.95171098199995,-37.39771574499997,0.000
			-72.95151857499997,-37.39759975699996,0.000
			-72.95131453999994,-37.39747004799994,0.000
			-72.95092764399999,-37.397314638999944,0.000
			-72.95076837299996,-37.39725818099998,0.000
			-72.95045984199999,-37.39714881299992,0.000
			-72.95043459099998,-37.39711683199993,0.000
			-72.95025817199996,-37.396906488999946,0.000
			-72.95024706399994,-37.396875131999934,0.000
			-72.95019392499995,-37.39672512899995,0.000
			-72.95026151499997,-37.396550561999945,0.000
			-72.95045827299998,-37.39645483799995,0.000
			-72.95046387199994,-37.39644366999994,0.000
			-72.95046947199995,-37.39643250199998,0.000
			-72.95050613499996,-37.39635653299997,0.000
			-72.95047766199997,-37.39626140999997,0.000
			-72.95038653899996,-37.39613365799993,0.000
			-72.95032094199996,-37.39600184199996,0.000
			-72.95019290999994,-37.39585542499998,0.000
			-72.95011525699994,-37.395777473999935,0.000
			-72.95010295399999,-37.39573670499993,0.000
			-72.95012286499997,-37.39549822399993,0.000
			-72.95004116199993,-37.39536162299993,0.000
			-72.95000735199994,-37.39530696299993,0.000
			-72.94992985299996,-37.39519747099996,0.000
			-72.94993328899994,-37.39507135799994,0.000
			-72.94984284299994,-37.39497065399996,0.000
			-72.94984431499995,-37.394916605999974,0.000
			-72.94984713799994,-37.394813013999965,0.000
			-72.94979522699998,-37.39474902699994,0.000
			-72.94963976999998,-37.39462466399993,0.000
			-72.94959736899995,-37.39457436099996,0.000
			-72.94963660999997,-37.394507449999935,0.000
			-72.94977540799995,-37.39449183299997,0.000
			-72.94981811499997,-37.39447905499998,0.000
			-72.94989622699995,-37.394462384999926,0.000
			-72.94992537299999,-37.39437727399997,0.000
			-72.94984772099997,-37.39429932299998,0.000
			-72.94979642399994,-37.39421281599993,0.000
			-72.94980022899995,-37.394073190999954,0.000
			-72.94976813699998,-37.39405911599994,0.000
			-72.94973405199994,-37.39404049999996,0.000
			-72.94959936599997,-37.39406069499995,0.000
			-72.94945406499995,-37.39400409999996,0.000
			-72.94934938499995,-37.393907654999964,0.000
			-72.94930940999996,-37.39379430799994,0.000
			-72.94923302799998,-37.39375600199997,0.000
			-72.94923243499994,-37.39375570499993,0.000
			-72.94923194899997,-37.39375546099995,0.000
			-72.94922822499996,-37.39375359299993,0.000
			-72.94922813699998,-37.39375354899993,0.000
			-72.94920703099996,-37.39374296399995,0.000
			-72.94919054199994,-37.39374343999998,0.000
			-72.94919047499997,-37.39374344199995,0.000
			-72.94918915999995,-37.39374347999996,0.000
			-72.94918840099996,-37.39374350199995,0.000
			-72.94910952999999,-37.39374577799999,0.000
			-72.94900383599997,-37.39381604299996,0.000
			-72.94882877499998,-37.39386707899996,0.000
			-72.94861548799997,-37.39381831599996,0.000
			-72.94851056399996,-37.39373087799992,0.000
			-72.94851228299996,-37.39366782199993,0.000
			-72.94862162799996,-37.39359311499993,0.000
			-72.94862730599993,-37.39359199299998,0.000
			-72.94881043299995,-37.39355583599996,0.000
			-72.94889296299993,-37.39348066399998,0.000
			-72.94892121899994,-37.39345411699997,0.000
			-72.94897503299995,-37.39339647099995,0.000
			-72.94898018899994,-37.393207301999944,0.000
			-72.94889137299998,-37.39302100899994,0.000
			-72.94872914499996,-37.39290341599997,0.000
			-72.94866845699994,-37.392859425,0.000
			-72.94863470999996,-37.39285433299995,0.000
			-72.94833521599998,-37.39280857999996,0.000
			-72.94830129099995,-37.39278689699995,0.000
			-72.94820476799998,-37.39272520499998,0.000
			-72.94816276999995,-37.39263435299995,0.000
			-72.94819888399996,-37.392423190999985,0.000
			-72.94829988599997,-37.39213654999997,0.000
			-72.94833308599993,-37.39190280699995,0.000
			-72.94829691799998,-37.39175347599995,0.000
			-72.94827329699996,-37.391635905999976,0.000
			-72.94834561199997,-37.39144339699993,0.000
			-72.94853858599998,-37.39125298199996,0.000
			-72.94871535999994,-37.39113888999997,0.000
			-72.94877137999998,-37.391103812,0.000
			-72.94887918699999,-37.39103358499995,0.000
			-72.94893913399994,-37.39095801999997,0.000
			-72.94893686499995,-37.39088588299996,0.000
			-72.94880537599994,-37.39078897199994,0.000
			-72.94868161899996,-37.39071923199999,0.000
			-72.94856820099994,-37.39065868399996,0.000
			-72.94845134799994,-37.390516964999954,0.000
			-72.94837959499995,-37.390222819999956,0.000
			-72.94844402199993,-37.39017695499995,0.000
			-72.94852789699996,-37.39011724599991,0.000
			-72.94873166499997,-37.390048683999964,0.000
			-72.94874342999998,-37.39004438199998,0.000
			-72.94875519499993,-37.39004007999995,0.000
			-72.94898921199996,-37.389949510999934,0.000
			-72.94927298799996,-37.389846286999955,0.000
			-72.94942380399993,-37.38970020099997,0.000
			-72.94944015599998,-37.38959233699996,0.000
			-72.94944211899997,-37.389520271999956,0.000
			-72.94944506499996,-37.389412175999944,0.000
			-72.94971690499995,-37.38925466999996,0.000
			-72.94993803199998,-37.389015172999976,0.000
			-72.95003472899998,-37.38888617099997,0.000
			-72.95013053599996,-37.388815733999934,0.000
			-72.95025692599995,-37.38873448699996,0.000
			-72.95037626499999,-37.38865777399997,0.000
			-72.95052732199997,-37.38850267799995,0.000
			-72.95055793599994,-37.38836351799995,0.000
			-72.95064278899997,-37.38820276699994,0.000
			-72.95070046099994,-37.38805506399996,0.000
			-72.95070426299998,-37.387915438999975,0.000
			-72.95063701799995,-37.38767910799992,0.000
			-72.95063081699993,-37.387657314999956,0.000
			-72.95071934799995,-37.387361443999964,0.000
			-72.95072597099994,-37.387118225999984,0.000
			-72.95072621599996,-37.38710921799997,0.000
			-72.95072646099999,-37.38710020999997,0.000
			-72.95073210299995,-37.38689302399997,0.000
			-72.95073480099995,-37.38679393599994,0.000
			-72.95072654499995,-37.38660453399996,0.000
			-72.95070273899995,-37.386545540999975,0.000
			-72.95055026899996,-37.386182404999936,0.000
			-72.95049888399996,-37.38607336699994,0.000
			-72.95038626599995,-37.38582808199993,0.000
			-72.95028478499995,-37.38561453299997,0.000
			-72.95019753899999,-37.38550036599997,0.000
			-72.95016818099998,-37.38546380799995,0.000
			-72.95007835899997,-37.38534058399996,0.000
			-72.95007707099995,-37.38533605599998,0.000
			-72.95007578199994,-37.38533152699995,0.000
			-72.95005436899999,-37.38523652599997,0.000
			-72.95005645399993,-37.38515995799996,0.000
			-72.95010096499993,-37.38500301399994,0.000
			-72.95009405999997,-37.38476406799998,0.000
			-72.95009749499997,-37.38463795499996,0.000
			-72.95014044099997,-37.38451252799996,0.000
			-72.95014362999996,-37.384395422999944,0.000
			-72.95006598799996,-37.384317471999964,0.000
			-72.94994622799999,-37.38425681499996,0.000
			-72.94986748199995,-37.38421939999994,0.000
			-72.94970768999997,-37.38420310999993,0.000
			-72.94947942899995,-37.38421266899996,0.000
			-72.94945417399998,-37.38422066199995,0.000
			-72.94916898599996,-37.38431092499996,0.000
			-72.94907180299998,-37.38445794199997,0.000
			-72.94905149499994,-37.38452968799993,0.000
			-72.94892102899996,-37.38457699199994,0.000
			-72.94878881499994,-37.38450710599994,0.000
			-72.94867206199996,-37.384387919999945,0.000
			-72.94856764099995,-37.384282465999945,0.000
			-72.94815867099999,-37.384059072999946,0.000
			-72.94804013999999,-37.38395337399993,0.000
			-72.94803109299994,-37.38384506899996,0.000
			-72.94810131199995,-37.38372912799996,0.000
			-72.94822573599998,-37.383618632999976,0.000
			-72.94826564499994,-37.38357877099998,0.000
			-72.94835037399997,-37.38342252599994,0.000
			-72.94831457799995,-37.383259682999956,0.000
			-72.94811610999994,-37.38303092999996,0.000
			-72.94806138599995,-37.382966893999935,0.000
			-72.94795209099993,-37.38280728199992,0.000
			-72.94796040599994,-37.38273532699997,0.000
			-72.94802206399999,-37.38270034799995,0.000
			-72.94806053199994,-37.382687497999925,0.000
			-72.94821074999999,-37.38264053699993,0.000
			-72.94829289999996,-37.38257887699996,0.000
			-72.94831096999997,-37.382407956999934,0.000
			-72.94831391599996,-37.38229985999993,0.000
			-72.94825094199996,-37.382150063999966,0.000
			-72.94826790699994,-37.382019679999985,0.000
			-72.94843134599995,-37.38192788699996,0.000
			-72.94847622599997,-37.38175743199998,0.000
			-72.94846958399995,-37.381681131999976,0.000
			-72.94846601199998,-37.38164009499997,0.000
			-72.94854770099994,-37.381569413999955,0.000
			-72.94869785599997,-37.38147288399994,0.000
			-72.94870215099996,-37.38131524299995,0.000
			-72.94846512799995,-37.38118045099997,0.000
			-72.94824313399994,-37.38116758599994,0.000
			-72.94821068,-37.38116702299994,0.000
			-72.94807132499994,-37.381151519999946,0.000
			-72.947970711,-37.38114032699997,0.000
			-72.94773430099997,-37.38108665499993,0.000
			-72.94765522399996,-37.38093207299994,0.000
			-72.94764080999994,-37.380787624999975,0.000
			-72.94762139699998,-37.380593523999934,0.000
			-72.94758670599998,-37.38049378599993,0.000
			-72.94751078999997,-37.380352776999985,0.000
			-72.94743355399999,-37.38023427599995,0.000
			-72.94738140899995,-37.38017929599993,0.000
			-72.94731585899996,-37.38012408399993,0.000
			-72.94731696499997,-37.38008354799996,0.000
			-72.94730712099994,-37.379952698999936,0.000
			-72.94723878099995,-37.37987040099995,0.000
			-72.94719016399995,-37.37981548299995,0.000
			-72.94706506899996,-37.379739883999946,0.000
			-72.94701222399993,-37.379707947999975,0.000
			-72.94691379299996,-37.37964846199998,0.000
			-72.94685729799994,-37.379616830999964,0.000
			-72.94680373999995,-37.37958684599994,0.000
			-72.94675597699995,-37.37956010399994,0.000
			-72.94674727899996,-37.37955673099998,0.000
			-72.94674292899998,-37.37955504399997,0.000
			-72.94661000099995,-37.37950349399995,0.000
			-72.94649263799994,-37.37943539599995,0.000
			-72.94646880299996,-37.37942156599996,0.000
			-72.94642586799995,-37.37939665399995,0.000
			-72.94639637799997,-37.379371973999966,0.000
			-72.94625541699997,-37.379254001999975,0.000
			-72.94604484499996,-37.379133183999954,0.000
			-72.94591947699996,-37.37901051699998,0.000
			-72.94581041299995,-37.37890380199997,0.000
			-72.94577486999998,-37.378731950999956,0.000
			-72.94576708299996,-37.378720826999924,0.000
			-72.94573688799994,-37.378677687999975,0.000
			-72.94571101099996,-37.37864071799992,0.000
			-72.94577435599996,-37.37856971999998,0.000
			-72.94582721799998,-37.37856370199996,0.000
			-72.94591171399998,-37.37855408199993,0.000
			-72.94591241899997,-37.37855409399998,0.000
			-72.94591312499995,-37.37855410699995,0.000
			-72.94594263699997,-37.378455483999964,0.000
			-72.94597178099997,-37.37837037399998,0.000
			-72.94596385199998,-37.378319206999954,0.000
			-72.94596041099999,-37.37829700499997,0.000
			-72.94595609399994,-37.37826914599997,0.000
			-72.94595144099998,-37.378239117999954,0.000
			-72.94594518199995,-37.37819872899996,0.000
			-72.94594237299998,-37.378180603999965,0.000
			-72.94592198399994,-37.37814372799995,0.000
			-72.94581658999994,-37.377953109999964,0.000
			-72.94564501099995,-37.37777438899996,0.000
			-72.94556736699997,-37.37771225699998,0.000
			-72.94552208999994,-37.377676024999964,0.000
			-72.94541253299997,-37.37758835499994,0.000
			-72.94538598399998,-37.37756710999997,0.000
			-72.94526944499995,-37.37740839999997,0.000
			-72.94525191999998,-37.37738453299993,0.000
			-72.94518061199994,-37.37723008499995,0.000
			-72.94516126399998,-37.377173027999945,0.000
			-72.94512835299997,-37.37707596699993,0.000
			-72.94510577699998,-37.37706148899997,0.000
			-72.94500557299995,-37.376997227999944,0.000
			-72.94486166099995,-37.37689108499995,0.000
			-72.94474311399995,-37.376812418999975,0.000
			-72.94462279899994,-37.37653995799997,0.000
			-72.944591609,-37.37646731699992,0.000
			-72.94459181499997,-37.376465407999945,0.000
			-72.94459191799996,-37.37646445299998,0.000
			-72.94459652899997,-37.37642170899993,0.000
			-72.94460213599996,-37.376369740999955,0.000
			-72.94460377999997,-37.376354497999955,0.000
			-72.94464395499995,-37.37598210099997,0.000
			-72.94464546899997,-37.37596806999995,0.000
			-72.94467116799996,-37.375517900999974,0.000
			-72.94464694299995,-37.37542284999994,0.000
			-72.94474482699997,-37.375275848999934,0.000
			-72.94481356699998,-37.37521395799996,0.000
			-72.94492608399997,-37.37502214899995,0.000
			-72.94490456199998,-37.37482800999993,0.000
			-72.94477949999998,-37.37449688599996,0.000
			-72.94477881299997,-37.374480469999966,0.000
			-72.94477881199998,-37.374480440999946,0.000
			-72.94477138199994,-37.374302979999975,0.000
			-72.94488328299997,-37.37413369099993,0.000
			-72.94496705599994,-37.37398644399997,0.000
			-72.94494353599998,-37.373891405999984,0.000
			-72.94483950299997,-37.37377243699995,0.000
			-72.94469681999993,-37.373724894999945,0.000
			-72.94445951699998,-37.37365317699994,0.000
			-72.94424567499993,-37.373626927999965,0.000
			-72.94403389199994,-37.37355114599994,0.000
			-72.94397392099995,-37.373548058,0.000
			-72.94397388399994,-37.37354805599995,0.000
			-72.94376959399995,-37.37353753699994,0.000
			-72.94367204399998,-37.37348595999998,0.000
			-72.94366384199998,-37.373481623999965,0.000
			-72.94356640699993,-37.373353756999954,0.000
			-72.94352914899997,-37.37324496099995,0.000
			-72.94355159999998,-37.37315568799995,0.000
			-72.94357045299995,-37.37308071899998,0.000
			-72.94357045999993,-37.37308068999993,0.000
			-72.94357427999995,-37.37306549999993,0.000
			-72.94354046599994,-37.37283059099997,0.000
			-72.94345106999998,-37.372666813999956,0.000
			-72.94328220699998,-37.37249264299994,0.000
			-72.94311288499995,-37.37230944999993,0.000
			-72.94298570899997,-37.37208192999998,0.000
			-72.94299777699996,-37.371640164999974,0.000
			-72.94299911999997,-37.37159099199994,0.000
			-72.94300698199999,-37.37156577399997,0.000
			-72.94304243799996,-37.37145205399997,0.000
			-72.94312777799996,-37.371273292999945,0.000
			-72.94321311699997,-37.37109453099998,0.000
			-72.94324435199997,-37.37093285299994,0.000
			-72.94337674799993,-37.37063324299993,0.000
			-72.94335713399994,-37.370421111999974,0.000
			-72.94328694299998,-37.37022612599997,0.000
			-72.94316534799998,-37.37005277699995,0.000
			-72.94297762599996,-37.36992333799997,0.000
			-72.94244909899999,-37.36976543799995,0.000
			-72.94200616599994,-37.36970365399998,0.000
			-72.94156429899994,-37.36973201099993,0.000
			-72.94140288299997,-37.36969187499994,0.000
			-72.94127198899997,-37.36965932899994,0.000
			-72.94083089399999,-37.36963362199998,0.000
			-72.94075232499996,-37.36956466099997,0.000
			-72.94047440499997,-37.36945617799995,0.000
			-72.94039632899995,-37.36936920099998,0.000
			-72.94036252599994,-37.369134291999956,0.000
			-72.94026010799996,-37.36895676799997,0.000
			-72.93995609099994,-37.36884782899994,0.000
			-72.93975652999995,-37.36879027799995,0.000
			-72.93952877399994,-37.36880883899994,0.000
			-72.93951866899994,-37.36880415699995,0.000
			-72.93950856399994,-37.368799474999946,0.000
			-72.93932945999995,-37.36874227899994,0.000
			-72.93918544799999,-37.368640632999984,0.000
			-72.93912181799995,-37.36856742599997,0.000
			-72.93908143199997,-37.36852165999995,0.000
			-72.93903213499993,-37.36836308499994,0.000
			-72.93895414399998,-37.368118392999975,0.000
			-72.93886769499994,-37.368053799999984,0.000
			-72.93872873199997,-37.36805137699997,0.000
			-72.93845650399999,-37.36809619799993,0.000
			-72.93815810799998,-37.36819463599995,0.000
			-72.93806000899997,-37.368323603999954,0.000
			-72.93821435299998,-37.36843444299994,0.000
			-72.93828785799997,-37.36850782399994,0.000
			-72.93823923999997,-37.368556543999944,0.000
			-72.93823417899995,-37.36856096199994,0.000
			-72.93822911699993,-37.36856537999995,0.000
			-72.93801771499994,-37.36875996399994,0.000
			-72.93794599599994,-37.368853341999966,0.000
			-72.93781010399994,-37.369022205999954,0.000
			-72.93758000399998,-37.36912633999997,0.000
			-72.937245396,-37.36912951399995,0.000
			-72.93703095299998,-37.36912577299994,0.000
			-72.93667237799997,-37.36902488599998,0.000
			-72.93650205699998,-37.36890475299998,0.000
			-72.93647387599998,-37.36887722399996,0.000
			-72.93635808399995,-37.36877606799993,0.000
			-72.93624137499995,-37.368656870999985,0.000
			-72.93597566799997,-37.36856661499997,0.000
			-72.93572271299996,-37.36852614899994,0.000
			-72.93554785899994,-37.36853857199998,0.000
			-72.93546815199994,-37.36854423499994,0.000
			-72.93524055499995,-37.368531247999954,0.000
			-72.93505749299999,-37.368432556999934,0.000
			-72.93505736699996,-37.36843248799994,0.000
			-72.93491230099995,-37.36835428099994,0.000
			-72.93483241499996,-37.36830782399995,0.000
			-72.93449453699998,-37.367941429,0.000
			-72.93447448699999,-37.367900522999946,0.000
			-72.93432882899998,-37.367627608999946,0.000
			-72.93410490599996,-37.36736121899998,0.000
			-72.93408279699997,-37.367334915999955,0.000
			-72.93394266099995,-37.367066603999945,0.000
			-72.93366723099996,-37.36686802599997,0.000
			-72.93361660399995,-37.366835597999966,0.000
			-72.93348351799995,-37.366747655,0.000
			-72.93335147399995,-37.36667324799997,0.000
			-72.93303287399993,-37.366582061999964,0.000
			-72.93267209199996,-37.36656223499994,0.000
			-72.93247666799994,-37.366552222999985,0.000
			-72.93240500099995,-37.366548551999976,0.000
			-72.93208615599997,-37.366466370999945,0.000
			-72.93159098099994,-37.366457708999974,0.000
			-72.93116179099997,-37.36651328599994,0.000
			-72.930925416,-37.36656322299996,0.000
			-72.93092224199995,-37.36656316799997,0.000
			-72.93091906699993,-37.36656311199992,0.000
			-72.93058001599996,-37.36672841199993,0.000
			-72.93025287999997,-37.36694799299994,0.000
			-72.93020935699997,-37.36696525599995,0.000
			-72.93013795199994,-37.36699554899996,0.000
			-72.92999597199997,-37.36705164299997,0.000
			-72.92976797199998,-37.36707919399998,0.000
			-72.92953165799997,-37.366998450999965,0.000
			-72.92932376999994,-37.366936229999965,0.000
			-72.92925499199998,-37.36676829799995,0.000
			-72.92914994399996,-37.366559174999956,0.000
			-72.929197183,-37.36640679299995,0.000
			-72.92919447399998,-37.36632563499995,0.000
			-72.92918935299997,-37.366203878999954,0.000
			-72.92919294399996,-37.36607326299997,0.000
			-72.92914375699996,-37.365937216999946,0.000
			-72.92896170099993,-37.36573125099995,0.000
			-72.92870410899997,-37.36562210799997,0.000
			-72.92865570699996,-37.365601599999934,0.000
			-72.92861779399993,-37.365585535999976,0.000
			-72.92861468199999,-37.365583227999934,0.000
			-72.92861156999999,-37.365580920999946,0.000
			-72.92849866299997,-37.365529374999944,0.000
			-72.92849884699996,-37.36548817099998,0.000
			-72.92849941499998,-37.36536102499997,0.000
			-72.92850003199999,-37.36522297999994,0.000
			-72.92849998899999,-37.36521171399994,0.000
			-72.92849994599999,-37.36520044799993,0.000
			-72.92850120199995,-37.36497516199994,0.000
			-72.92859278199995,-37.36472442199993,0.000
			-72.92873226699999,-37.364348348999954,0.000
			-72.92874101199999,-37.363978997999936,0.000
			-72.92898056699994,-37.363582145999935,0.000
			-72.92908669299999,-37.36352091899993,0.000
			-72.92927317799996,-37.36341153099993,0.000
			-72.92935284899994,-37.36318311299994,0.000
			-72.929269844,-37.363019436999934,0.000
			-72.92922622499998,-37.36293756299993,0.000
			-72.92913897699998,-37.36269720799992,0.000
			-72.92930701299997,-37.362411756999954,0.000
			-72.92952750199998,-37.36219481699993,0.000
			-72.92971763399999,-37.362080985999974,0.000
			-72.93006771599994,-37.36200149899997,0.000
			-72.93034631999996,-37.36196768899998,0.000
			-72.93045713499998,-37.36195424199997,0.000
			-72.93059442699996,-37.36170880599995,0.000
			-72.93061292599998,-37.36167758699997,0.000
			-72.93059183999998,-37.361623143999964,0.000
			-72.93056079299998,-37.36154599599996,0.000
			-72.93051206299998,-37.36141897099997,0.000
			-72.93027119999994,-37.361324630999945,0.000
			-72.93012468999997,-37.361263486999974,0.000
			-72.92984797799994,-37.361153364999936,0.000
			-72.92983406499997,-37.36114782799995,0.000
			-72.92975752499996,-37.36111736699997,0.000
			-72.92969437099998,-37.361120763999956,0.000
			-72.92931512399997,-37.36114116299996,0.000
			-72.92884901099995,-37.36130873899998,0.000
			-72.92865306499993,-37.361377404999985,0.000
			-72.92839868899995,-37.361363935999975,0.000
			-72.92839234099995,-37.36136382499995,0.000
			-72.92838599299995,-37.36136371399993,0.000
			-72.92823928499996,-37.36136114299995,0.000
			-72.92795003299995,-37.36115329699992,0.000
			-72.92777402499996,-37.36075367099994,0.000
			-72.92776716199995,-37.36061836599998,0.000
			-72.92774819299996,-37.36023050399996,0.000
			-72.92767139899996,-37.35991823299996,0.000
			-72.92751891799998,-37.35984346199996,0.000
			-72.92736842899996,-37.359773231999945,0.000
			-72.92729845099996,-37.35954669699998,0.000
			-72.92715732299996,-37.359341445999966,0.000
			-72.92703960399996,-37.35920870399997,0.000
			-72.92686903499998,-37.35912460199995,0.000
			-72.92671119999994,-37.35901368699995,0.000
			-72.92664053699997,-37.358940348999965,0.000
			-72.92650896099997,-37.358798350999955,0.000
			-72.92630363299997,-37.358772219999935,0.000
			-72.92589909199995,-37.35888228399995,0.000
			-72.92586063299996,-37.358895127999965,0.000
			-72.92556118199998,-37.359007033999944,0.000
			-72.92541921399999,-37.35906312299995,0.000
			-72.92524212899997,-37.35893384399997,0.000
			-72.92524324499993,-37.35889330799994,0.000
			-72.92524646999993,-37.35877620399998,0.000
			-72.92514397799994,-37.35860317199995,0.000
			-72.92502659699994,-37.358483951999965,0.000
			-72.92489738899997,-37.35833298099993,0.000
			-72.92483274299997,-37.358246229999956,0.000
			-72.92480134899995,-37.357925741999956,0.000
			-72.92484404399994,-37.35775081199995,0.000
			-72.92487691199995,-37.35761614299997,0.000
			-72.92488575199997,-37.357599811999926,0.000
			-72.92488578699994,-37.35759974699993,0.000
			-72.92503155099998,-37.35733046299998,0.000
			-72.92503897599994,-37.357317074999976,0.000
			-72.92508837799994,-37.35721429999995,0.000
			-72.92509433199996,-37.35699810899995,0.000
			-72.92508738099997,-37.356763666999946,0.000
			-72.92492231699998,-37.35645435199996,0.000
			-72.92483422099997,-37.356245523,0.000
			-72.92477242999996,-37.356055178999945,0.000
			-72.92476200699997,-37.35594684899996,0.000
			-72.92476547999996,-37.355820736999924,0.000
			-72.92476672099997,-37.35577569799994,0.000
			-72.92476932599999,-37.355681113999935,0.000
			-72.92482681799999,-37.355592,0.000
			-72.92489526099996,-37.35548955899998,0.000
			-72.92501871499996,-37.35538808399997,0.000
			-72.92516875999996,-37.35526905099994,0.000
			-72.92527968199994,-37.355135812999954,0.000
			-72.92531007799995,-37.35500566799993,0.000
			-72.92516788699999,-37.35481391399996,0.000
			-72.92471770499998,-37.35463477899998,0.000
			-72.92446939299998,-37.35442764399994,0.000
			-72.92412799399995,-37.35424081099994,0.000
			-72.92411210099993,-37.35423211299996,0.000
			-72.92395565099997,-37.354148255,0.000
			-72.92374526299994,-37.35397332699995,0.000
			-72.92364183299998,-37.35388589399998,0.000
			-72.92348748899997,-37.353648863999986,0.000
			-72.92343972299994,-37.35343623499995,0.000
			-72.92317652999998,-37.35328290999997,0.000
			-72.92299050699995,-37.35324809899997,0.000
			-72.92283293899999,-37.35312817099998,0.000
			-72.92266329699999,-37.352985499999946,0.000
			-72.92249506099995,-37.352766248999956,0.000
			-72.92228571899994,-37.35260485499998,0.000
			-72.92205916699999,-37.35255581199993,0.000
			-72.92177897799996,-37.35253286299996,0.000
			-72.92147335599998,-37.35245989899994,0.000
			-72.92142705799995,-37.35245007299996,0.000
			-72.92136665599998,-37.35243999899995,0.000
			-72.921278037,-37.352276218999975,0.000
			-72.92126935899995,-37.352104832999935,0.000
			-72.92119243999997,-37.35197730799996,0.000
			-72.92113946399998,-37.351953845999965,0.000
			-72.92113786799996,-37.35195375499995,0.000
			-72.92113706999999,-37.35195370899993,0.000
			-72.92107305799993,-37.35195003999998,0.000
			-72.92099716199994,-37.35194568999998,0.000
			-72.92091262599996,-37.35194084499994,0.000
			-72.92076287099997,-37.35202382899995,0.000
			-72.92068683199994,-37.35209459099996,0.000
			-72.92051895399999,-37.35234848899995,0.000
			-72.92034409999997,-37.35247158599997,0.000
			-72.92012817399996,-37.35254889899994,0.000
			-72.91984753099996,-37.352593529999986,0.000
			-72.91964794799998,-37.35259001899994,0.000
			-72.91951208499995,-37.35257861599995,0.000
			-72.91946815199998,-37.35255981899996,0.000
			-72.91926587099994,-37.35247514799993,0.000
			-72.91920360199998,-37.35245602799995,0.000
			-72.91896099799999,-37.35237515399996,0.000
			-72.91857523099998,-37.35229175899997,0.000
			-72.91840253099997,-37.352234644999946,0.000
			-72.91827616899997,-37.35223692699998,0.000
			-72.91814677799994,-37.35229773499998,0.000
			-72.91813885599998,-37.35248234799996,0.000
			-72.91800054599997,-37.35253398599997,0.000
			-72.91761930099995,-37.35249122399995,0.000
			-72.91731218999996,-37.35247229599997,0.000
			-72.91688398499997,-37.35254586399997,0.000
			-72.91663880699997,-37.35276234599997,0.000
			-72.91646058899994,-37.352700625999944,0.000
			-72.91606561499998,-37.352567492999974,0.000
			-72.91591232799993,-37.35247735099995,0.000
			-72.91571013899996,-37.35235845099992,0.000
			-72.91557851099998,-37.35227051299994,0.000
			-72.91535055199995,-37.352298037999965,0.000
			-72.91531786199994,-37.35230647399993,0.000
			-72.91509517199995,-37.35234760899993,0.000
			-72.91477216999994,-37.352418517999986,0.000
			-72.91454649699995,-37.352337932999944,0.000
			-72.91437861799994,-37.35213219499995,0.000
			-72.91439613099993,-37.35198380099995,0.000
			-72.91440829099997,-37.351875867999986,0.000
			-72.91441389399995,-37.35182639899994,0.000
			-72.91441950299998,-37.35162372099995,0.000
			-72.91442398999999,-37.351461578999924,0.000
			-72.91443847199997,-37.351371710999956,0.000
			-72.91436148099997,-37.35129825499997,0.000
			-72.91418276699996,-37.351331151999936,0.000
			-72.91401665999996,-37.351418344999956,0.000
			-72.91384964599996,-37.35141089199993,0.000
			-72.91355569099994,-37.351401198999945,0.000
			-72.91306899699998,-37.351446683999946,0.000
			-72.91239944899996,-37.35139430999993,0.000
			-72.91213826499995,-37.351398710999945,0.000
			-72.91188242999993,-37.351439254999946,0.000
			-72.91174564699998,-37.35156301099993,0.000
			-72.91164536199994,-37.35179555999997,0.000
			-72.91163999399998,-37.35198922999996,0.000
			-72.91162851099995,-37.352403592999956,0.000
			-72.91163510999996,-37.35252142099995,0.000
			-72.91164644799994,-37.35272384599994,0.000
			-72.91158386199999,-37.35304718299994,0.000
			-72.91147017399999,-37.353279494999974,0.000
			-72.91134773799996,-37.35337824799995,0.000
			-72.91125149099997,-37.35345587799998,0.000
			-72.91080288899997,-37.35370480299995,0.000
			-72.91062265399995,-37.353944949999956,0.000
			-72.91028124599995,-37.354195766999965,0.000
			-72.90988948399996,-37.354328532999936,0.000
			-72.90985367699994,-37.35437296199996,0.000
			-72.90987711199996,-37.35441843799998,0.000
			-72.90996575999998,-37.354478584999974,0.000
			-72.91041007699994,-37.35484242299998,0.000
			-72.91076617399995,-37.35502896199995,0.000
			-72.91102530699999,-37.35535347599995,0.000
			-72.91103766099997,-37.35540866499997,0.000
			-72.91105669999996,-37.35549372199995,0.000
			-72.91099138999994,-37.35560972799993,0.000
			-72.91076121599997,-37.35569127799993,0.000
			-72.91065903099997,-37.35572093899998,0.000
			-72.91024905199998,-37.35583994199993,0.000
			-72.90986855699998,-37.35604951099997,0.000
			-72.90969232999998,-37.35624540099996,0.000
			-72.90966105799998,-37.356280162999944,0.000
			-72.90953061899995,-37.356327423999964,0.000
			-72.90940715999994,-37.35627567399996,0.000
			-72.90935840999998,-37.35623466499994,0.000
			-72.90923753799997,-37.356132983999935,0.000
			-72.90920020299995,-37.35610528699994,0.000
			-72.90907998599994,-37.35601303799994,0.000
			-72.90885526499994,-37.35592344699995,0.000
			-72.90861476799995,-37.355919193999966,0.000
			-72.90834526599997,-37.35596849999996,0.000
			-72.90816848399999,-37.35603296499994,0.000
			-72.90808874399995,-37.35605859099996,0.000
			-72.90728339599997,-37.35614347499995,0.000
			-72.90693801599997,-37.35611840699993,0.000
			-72.90693798699994,-37.356118404999954,0.000
			-72.90687284899997,-37.35611367699994,0.000
			-72.90687049799999,-37.35611363499992,0.000
			-72.90687026299997,-37.35611363099998,0.000
			-72.90687002799996,-37.356113626999964,0.000
			-72.90686861799998,-37.35611360199993,0.000
			-72.90658361999994,-37.356288802999984,0.000
			-72.90649113899997,-37.356341238999946,0.000
			-72.90642438799995,-37.35633104499992,0.000
			-72.90639547199999,-37.356330532999955,0.000
			-72.90627276699996,-37.35625175499996,0.000
			-72.90616994699997,-37.356092219999944,0.000
			-72.90616590299999,-37.35608538899994,0.000
			-72.90616185899995,-37.35607855799998,0.000
			-72.90612620399999,-37.35597426299994,0.000
			-72.90609986499999,-37.35589721499997,0.000
			-72.90607819699994,-37.35571207899994,0.000
			-72.90577896399998,-37.355409373999976,0.000
			-72.90578221899995,-37.35529227199992,0.000
			-72.90585334899998,-37.355144828999975,0.000
			-72.90585835699994,-37.35496467199993,0.000
			-72.90575416199994,-37.35485467899998,0.000
			-72.90537340799995,-37.35459108399992,0.000
			-72.90516835599995,-37.35427652799994,0.000
			-72.90513441699994,-37.35405061899996,0.000
			-72.90523347399994,-37.353863115999964,0.000
			-72.90533220099996,-37.35366208899996,0.000
			-72.90531641499996,-37.35354464999995,0.000
			-72.90521769299994,-37.353466295999965,0.000
			-72.90502609799995,-37.35341232199994,0.000
			-72.90485923799997,-37.35336531599995,0.000
			-72.90485000799998,-37.35336740499997,0.000
			-72.90484077699995,-37.35336949499999,0.000
			-72.90477539399996,-37.353386360999934,0.000
			-72.90471184299997,-37.35336270399995,0.000
			-72.90466568599999,-37.35327176399993,0.000
			-72.90466334299998,-37.35326721599994,0.000
			-72.904661,-37.35326266799996,0.000
			-72.90466425599993,-37.353145565999974,0.000
			-72.90480772499996,-37.35299971699993,0.000
			-72.90482980999997,-37.35297726599999,0.000
			-72.90482079299994,-37.35281939199996,0.000
			-72.90457817999999,-37.35240953899995,0.000
			-72.90443704899997,-37.35218173099997,0.000
			-72.90436617099994,-37.35183800799996,0.000
			-72.90432329999999,-37.35147675699994,0.000
			-72.90424413799997,-37.351304119999945,0.000
			-72.90402200699998,-37.35122357799998,0.000
			-72.90380895099997,-37.351197270999926,0.000
			-72.90351900899998,-37.351043427999976,0.000
			-72.90342634199999,-37.351001229999945,0.000
			-72.90330855399998,-37.35094648399997,0.000
			-72.90325498799996,-37.35092158699996,0.000
			-72.90297821199994,-37.350700383999936,0.000
			-72.90295402999999,-37.35068192999994,0.000
			-72.90276970199994,-37.350561500999966,0.000
			-72.90254588199997,-37.35044037199997,0.000
			-72.90234727799998,-37.35035123199997,0.000
			-72.90222801899995,-37.350326584999955,0.000
			-72.902198211,-37.350434203999946,0.000
			-72.90219670699997,-37.35048825099994,0.000
			-72.90218955999995,-37.350744973999944,0.000
			-72.90218604999995,-37.35087108399995,0.000
			-72.90210114099995,-37.35103179899994,0.000
			-72.901775,-37.35121526999995,0.000
			-72.90149394599996,-37.35122380099994,0.000
			-72.90095930999996,-37.351191779999965,0.000
			-72.90077330499997,-37.35115693499995,0.000
			-72.90065095599994,-37.35121784899996,0.000
			-72.90060698199994,-37.35125650199996,0.000
			-72.90055548299995,-37.35130177099995,0.000
			-72.90046918999997,-37.35151202699994,0.000
			-72.90032653899993,-37.35182041799993,0.000
			-72.90016080499998,-37.35202025099994,0.000
			-72.89979495799997,-37.35218498699994,0.000
			-72.89948000199996,-37.35221994799997,0.000
			-72.89947485699997,-37.35222098299994,0.000
			-72.89945942499997,-37.35222408799996,0.000
			-72.89931504499998,-37.35211337599997,0.000
			-72.89928471799995,-37.351990916999966,0.000
			-72.89926684699998,-37.35191875599998,0.000
			-72.89926631499998,-37.35188720299993,0.000
			-72.89926261299996,-37.35158973199998,0.000
			-72.89932487299996,-37.351279914999964,0.000
			-72.89942670199997,-37.350993330999984,0.000
			-72.89938001099995,-37.35074466299994,0.000
			-72.89920015999996,-37.35048912399997,0.000
			-72.89916798999997,-37.35040293599997,0.000
			-72.89910012499996,-37.35023049699998,0.000
			-72.89917251799994,-37.350038018999946,0.000
			-72.89921484999996,-37.349962166999944,0.000
			-72.89924232299995,-37.34991308699995,0.000
			-72.89924709399997,-37.349741938999955,0.000
			-72.89922622599994,-37.349660814999936,0.000
			-72.89919935099994,-37.349556338999946,0.000
			-72.89923091999998,-37.349385665999925,0.000
			-72.89919750299998,-37.349141741,0.000
			-72.89919697899995,-37.34913721499998,0.000
			-72.89919671699994,-37.34913495199993,0.000
			-72.89919036199996,-37.34908005699998,0.000
			-72.89917940099997,-37.34898538299995,0.000
			-72.89916509099999,-37.34886178399996,0.000
			-72.89915441799997,-37.34877324799992,0.000
			-72.89914331599994,-37.348681152,0.000
			-72.89892199799993,-37.348217592999966,0.000
			-72.89881474099997,-37.34799037999995,0.000
			-72.89872622399997,-37.347799548999944,0.000
			-72.89873099599998,-37.34762839999997,0.000
			-72.89873426099996,-37.347511298999954,0.000
			-72.89883194299995,-37.347373343999955,0.000
			-72.89900868199999,-37.347259325,0.000
			-72.89922431299993,-37.34721809399997,0.000
			-72.89930512899997,-37.34717897499996,0.000
			-72.899373,-37.34714863699998,0.000
			-72.89945426899999,-37.34711853799996,0.000
			-72.89948671399998,-37.34691633799998,0.000
			-72.89947645399997,-37.34682325599993,0.000
			-72.89946531499999,-37.34672219399993,0.000
			-72.89926981499997,-37.34654748699994,0.000
			-72.89872034599995,-37.346087109999985,0.000
			-72.89853166499995,-37.34584819999998,0.000
			-72.89829443399998,-37.34554781599998,0.000
			-72.89824567099998,-37.345474850999956,0.000
			-72.89803772599998,-37.34516473699994,0.000
			-72.89794770799995,-37.34502795299995,0.000
			-72.89778458699993,-37.34462851199993,0.000
			-72.89775506799998,-37.344573913999966,0.000
			-72.89765784499998,-37.34439193999997,0.000
			-72.89765768099994,-37.34438517699994,0.000
			-72.89765751699997,-37.34437841499993,0.000
			-72.89765160699994,-37.344134977999936,0.000
			-72.89753605099997,-37.34395267799992,0.000
			-72.89731100299997,-37.343876577999936,0.000
			-72.89702193899996,-37.34384440699995,0.000
			-72.89702182199994,-37.34384439899998,0.000
			-72.89702176399999,-37.34384439799993,0.000
			-72.89702158799997,-37.34384439499996,0.000
			-72.89702052999996,-37.343844375999936,0.000
			-72.89694644799994,-37.343996267999955,0.000
			-72.89686342099998,-37.34408941999993,0.000
			-72.89644187899995,-37.344329759999944,0.000
			-72.89615795899994,-37.34444186899997,0.000
			-72.89593027099994,-37.34446034799998,0.000
			-72.89562282399999,-37.34445487699998,0.000
			-72.89530524799994,-37.34433206599993,0.000
			-72.89509452899995,-37.344197636999986,0.000
			-72.89506256799996,-37.34412947599998,0.000
			-72.895018544,-37.34403856899996,0.000
			-72.89477470299994,-37.34383500899997,0.000
			-72.89477034999999,-37.34383137499998,0.000
			-72.89459927399997,-37.34374271199993,0.000
			-72.89439931299995,-37.34370310299994,0.000
			-72.89400481099995,-37.34380873099996,0.000
			-72.89399304799997,-37.34381302899993,0.000
			-72.89398128899995,-37.34381732399992,0.000
			-72.89355517999996,-37.34391788199998,0.000
			-72.89321197399994,-37.343929791999976,0.000
			-72.89299020399994,-37.34386275499997,0.000
			-72.89289626799996,-37.34381601999997,0.000
			-72.89267351699993,-37.34370840899993,0.000
			-72.89246630499997,-37.343650642999926,0.000
			-72.89213939399997,-37.343685370999935,0.000
			-72.89185395999993,-37.34385151599997,0.000
			-72.89178502999994,-37.34394491599995,0.000
			-72.89172859199994,-37.344020514999954,0.000
			-72.89156189699997,-37.34422933099996,0.000
			-72.89138364199994,-37.34439738599998,0.000
			-72.89121878499998,-37.34456567899996,0.000
			-72.89115801099996,-37.34482144499998,0.000
			-72.89114133599998,-37.34493830799994,0.000
			-72.89098942199996,-37.34509781899993,0.000
			-72.89063673699997,-37.34527177399997,0.000
			-72.89056760399995,-37.34534714499995,0.000
			-72.89041922599995,-37.34545343599996,0.000
			-72.89032210199998,-37.34552301099995,0.000
			-72.89019672799998,-37.345692006999975,0.000
			-72.89019282,-37.345831627999985,0.000
			-72.89024602999996,-37.34597226799996,0.000
			-72.89035482299994,-37.34611840499997,0.000
			-72.89071165499996,-37.34642668199996,0.000
			-72.89133811399995,-37.34698309699996,0.000
			-72.89161373399998,-37.34716825799996,0.000
			-72.89200780099998,-37.347432133,0.000
			-72.89217913399995,-37.34751179199998,0.000
			-72.89229442999994,-37.34770310399994,0.000
			-72.89233996299998,-37.34799230899995,0.000
			-72.89225150999994,-37.34827912499996,0.000
			-72.89226936399996,-37.34859937899994,0.000
			-72.89229250899996,-37.348730469999964,0.000
			-72.89227495299997,-37.34887885899996,0.000
			-72.89200163799995,-37.34909028199996,0.000
			-72.89177847799995,-37.34928655199996,0.000
			-72.89174050999998,-37.34931994499993,0.000
			-72.89168618599996,-37.349375406999975,0.000
			-72.89142384399997,-37.34964324699995,0.000
			-72.89123026199997,-37.34975395899993,0.000
			-72.89122288299995,-37.349758178999934,0.000
			-72.89121840399997,-37.34976073999996,0.000
			-72.89120513499995,-37.34976832799998,0.000
			-72.89118409399998,-37.34978036199993,0.000
			-72.89116302299995,-37.34979241299994,0.000
			-72.89112060799994,-37.34981666999994,0.000
			-72.89093482999994,-37.34992291799994,0.000
			-72.89059602499998,-37.35007909499995,0.000
			-72.89027402199997,-37.35011390599994,0.000
			-72.89011094199998,-37.350142538999926,0.000
			-72.89000826299997,-37.35005508999995,0.000
			-72.88999990799994,-37.34987469599996,0.000
			-72.88999733999998,-37.349865637999976,0.000
			-72.88999477099998,-37.34985657899995,0.000
			-72.88996324199996,-37.34974786999992,0.000
			-72.88979599399994,-37.34949704799994,0.000
			-72.88977914599997,-37.349478168999944,0.000
			-72.88977912599995,-37.34947814699996,0.000
			-72.88964070599997,-37.34932304299997,0.000
			-72.88940305999995,-37.34919262999995,0.000
			-72.88911176899995,-37.34908829499995,0.000
			-72.88873907699997,-37.34901855499993,0.000
			-72.88834882199995,-37.34909720299992,0.000
			-72.88828268199995,-37.34914108399993,0.000
			-72.88824251299997,-37.349165464999935,0.000
			-72.88813123599994,-37.34923300799993,0.000
			-72.88792591099997,-37.34940958599997,0.000
			-72.88772846899997,-37.349581797999974,0.000
			-72.88771728599994,-37.34959061099993,0.000
			-72.88770610299997,-37.349599422999965,0.000
			-72.88769009699996,-37.349792900999944,0.000
			-72.88768613999997,-37.34983338499995,0.000
			-72.88765454499998,-37.35000405399995,0.000
			-72.88761831499994,-37.350064417999924,0.000
			-72.88760464699999,-37.35008718999994,0.000
			-72.88758497299995,-37.35011996999998,0.000
			-72.88752527099996,-37.350158316999966,0.000
			-72.88733924799999,-37.35027780099994,0.000
			-72.88716243399995,-37.350316101999965,0.000
			-72.88707020799995,-37.350336079999984,0.000
			-72.88622047799998,-37.35011811699997,0.000
			-72.88588966499998,-37.34994698699994,0.000
			-72.88553475199997,-37.34976338999997,0.000
			-72.88511149899995,-37.34958458799996,0.000
			-72.88480908899999,-37.349398933999964,0.000
			-72.88461088899999,-37.34929625299998,0.000
			-72.88444116999995,-37.34923463699994,0.000
			-72.88439923799996,-37.34922036899996,0.000
			-72.88411831799995,-37.34922435399995,0.000
			-72.88390725699998,-37.349264824999985,0.000
			-72.88390337899995,-37.34926556899994,0.000
			-72.88350717399999,-37.349555882999944,0.000
			-72.88345117599994,-37.34964049699994,0.000
			-72.88342452399996,-37.349685080999954,0.000
			-72.88331035799996,-37.34988130699998,0.000
			-72.88324221999996,-37.349900325999954,0.000
			-72.88294625899994,-37.34998293599993,0.000
			-72.88266584199994,-37.34996890299993,0.000
			-72.88234408999995,-37.34999468399997,0.000
			-72.88221080699998,-37.349992296999964,0.000
			-72.88214381299997,-37.34999109699993,0.000
			-72.88199288199996,-37.35011456499996,0.000
			-72.88199969799996,-37.35034900599993,0.000
			-72.88206036399998,-37.35057539899998,0.000
			-72.88213506099999,-37.35077951199996,0.000
			-72.88220753499996,-37.351037659999974,0.000
			-72.88209629299996,-37.351355601999956,0.000
			-72.88169439199999,-37.35154667299997,0.000
			-72.88118115499998,-37.35180784399995,0.000
			-72.88087637199999,-37.35198262799996,0.000
			-72.88080760699995,-37.35201797099995,0.000
			-72.88057138899995,-37.35213938199996,0.000
			-72.88009590099995,-37.352387706999934,0.000
			-72.87989194299996,-37.35251472799995,0.000
			-72.87938762399995,-37.35283463099995,0.000
			-72.87906167499995,-37.35300902999996,0.000
			-72.87857221499996,-37.35330215899996,0.000
			-72.87839472599995,-37.35341613399992,0.000
			-72.87804509999995,-37.35395510099994,0.000
			-72.87803305099999,-37.35438296599994,0.000
			-72.87801102599997,-37.354688986999975,0.000
			-72.87804488299997,-37.35491490099997,0.000
			-72.87818809399994,-37.35506617299994,0.000
			-72.87824675599995,-37.355062719999964,0.000
			-72.87840312299994,-37.35504750099995,0.000
			-72.87867396799999,-37.35515149499997,0.000
			-72.87869470499999,-37.35524198999996,0.000
			-72.87842215699999,-37.355393687999936,0.000
			-72.87816137599998,-37.355538835999944,0.000
			-72.87798754199997,-37.35566483599996,0.000
			-72.87798750799993,-37.35566485899995,0.000
			-72.87788837799997,-37.35573671199995,0.000
			-72.87780215099997,-37.355767108999935,0.000
			-72.87752348299995,-37.35586534599998,0.000
			-72.87689946299997,-37.35607494299995,0.000
			-72.87596499899996,-37.35628346599998,0.000
			-72.87541787699998,-37.35614295799995,0.000
			-72.87511543999995,-37.35585814399997,0.000
			-72.87504228199998,-37.35559998099996,0.000
			-72.87500906899999,-37.355351546999934,0.000
			-72.87497626399994,-37.35518873699993,0.000
			-72.87495019999994,-37.355062096999966,0.000
			-72.87486282399993,-37.35485775199992,0.000
			-72.87460270899999,-37.35457369699998,0.000
			-72.87449183299998,-37.35447707499997,0.000
			-72.87439410299999,-37.35438970199993,0.000
			-72.87426315799996,-37.35427920099994,0.000
			-72.87419496499996,-37.35412026099993,0.000
			-72.87431199599996,-37.35397366299998,0.000
			-72.87442165,-37.35381341399994,0.000
			-72.87446574199998,-37.35375112099995,0.000
			-72.87468361999998,-37.353606336,0.000
			-72.87486505199996,-37.353352747999956,0.000
			-72.87488442199998,-37.35314130799998,0.000
			-72.87474142199994,-37.352782753999975,0.000
			-72.87473779799996,-37.35277367699996,0.000
			-72.87473417299998,-37.35276459999995,0.000
			-72.87478231699998,-37.352508615999966,0.000
			-72.87481903599996,-37.35220736599996,0.000
			-72.87480323999995,-37.352116959999925,0.000
			-72.87431577899997,-37.351013209999955,0.000
			-72.87405562099997,-37.35075618999998,0.000
			-72.87395122499998,-37.35065517799995,0.000
			-72.87342411099998,-37.35035730799995,0.000
			-72.87313093199998,-37.35032049199997,0.000
			-72.87305022799995,-37.35035508899995,0.000
			-72.87254869299994,-37.35057587799999,0.000
			-72.87200175699996,-37.350755293999946,0.000
			-72.87133435599998,-37.35092803099997,0.000
			-72.87099703499996,-37.35103010499996,0.000
			-72.87097581899997,-37.351028289999924,0.000
			-72.87066340399997,-37.35100156699997,0.000
			-72.87011991599996,-37.35083406399997,0.000
			-72.86972896799995,-37.35046202599995,0.000
			-72.86956338299996,-37.350179662999935,0.000
			-72.86927370499996,-37.34999419899999,0.000
			-72.86911629999999,-37.34989673399997,0.000
			-72.86881036399996,-37.34983714699995,0.000
			-72.86867657299996,-37.34985275999997,0.000
			-72.86843437799996,-37.349884442999944,0.000
			-72.86806076499994,-37.34998590299993,0.000
			-72.86802981099999,-37.34999430799996,0.000
			-72.86784219599997,-37.35009206099993,0.000
			-72.86759513099997,-37.35022078799994,0.000
			-72.86713193499997,-37.35053236799995,0.000
			-72.86707134199997,-37.350572018999976,0.000
			-72.86673655299995,-37.35079109699994,0.000
			-72.86642427099997,-37.35092927499994,0.000
			-72.86638429899995,-37.35094696099998,0.000
			-72.86629416299996,-37.35101526899995,0.000
			-72.86596032899996,-37.35126825599996,0.000
			-72.86578852899999,-37.35135527799996,0.000
			-72.86568910199998,-37.35140304999994,0.000
			-72.86543548299996,-37.35138945999995,0.000
			-72.86521471899994,-37.35113763799994,0.000
			-72.86514274699994,-37.35083893499995,0.000
			-72.86517278899998,-37.35065340399996,0.000
			-72.86519146199998,-37.350538092999955,0.000
			-72.86519147699994,-37.35053799899998,0.000
			-72.86519149599997,-37.35053790699993,0.000
			-72.86523704699994,-37.35034947099995,0.000
			-72.86544657499996,-37.35005134399995,0.000
			-72.86565220699998,-37.34986579899992,0.000
			-72.86579085299996,-37.34972861199997,0.000
			-72.86579732699994,-37.34972422299995,0.000
			-72.86580380099997,-37.34971983399998,0.000
			-72.86585251199995,-37.34964410899992,0.000
			-72.86589972299998,-37.34939712499993,0.000
			-72.86587456899998,-37.349238956999955,0.000
			-72.86586814499998,-37.349228843999974,0.000
			-72.86586493099998,-37.34922378799995,0.000
			-72.86583404299995,-37.349175138999954,0.000
			-72.86582922299993,-37.34916756899998,0.000
			-72.86580730599997,-37.34913314199997,0.000
			-72.86575568599994,-37.34905205999996,0.000
			-72.86575398599996,-37.34904977599996,0.000
			-72.86575228699996,-37.349047492999944,0.000
			-72.86534397199995,-37.348940986999935,0.000
			-72.86492664499997,-37.34902808099997,0.000
			-72.86468617699995,-37.34902373899996,0.000
			-72.86407700099994,-37.34880996099997,0.000
			-72.86360225699997,-37.34855805499995,0.000
			-72.86311316299998,-37.34836446599997,0.000
			-72.86280800499998,-37.34827784099997,0.000
			-72.86250227099998,-37.34818669899993,0.000
			-72.86210326999998,-37.348174978999964,0.000
			-72.86209868599997,-37.348174895999925,0.000
			-72.86209410199996,-37.34817481299995,0.000
			-72.86205083099998,-37.34818304299994,0.000
			-72.86176247199995,-37.348234383999966,0.000
			-72.86159132299997,-37.34826485599995,0.000
			-72.86158920699997,-37.348264817999954,0.000
			-72.861587092,-37.34826477999998,0.000
			-72.86149074299993,-37.34830359199998,0.000
			-72.86137452099996,-37.34834655199995,0.000
			-72.86126970999999,-37.348385210999936,0.000
			-72.86112867899993,-37.348432226999925,0.000
			-72.86092941599998,-37.34856855999993,0.000
			-72.86066027699997,-37.34875269999997,0.000
			-72.86056708499996,-37.34900335599996,0.000
			-72.86045010999999,-37.349271605999945,0.000
			-72.86036530999996,-37.349450315999945,0.000
			-72.86014965799995,-37.349541041999935,0.000
			-72.85981232999995,-37.349643083999986,0.000
			-72.85938249099998,-37.34969838799998,0.000
			-72.85911458499999,-37.34971606899994,0.000
			-72.85876577599998,-37.34975030799995,0.000
			-72.85842844599995,-37.34985234499993,0.000
			-72.85825292199996,-37.34992126399993,0.000
			-72.85792527599995,-37.35015415199995,0.000
			-72.85744645899996,-37.350343745999965,0.000
			-72.85703351799998,-37.35038572399998,0.000
			-72.85699500899995,-37.35038963799997,0.000
			-72.85680428799998,-37.350422229999936,0.000
			-72.85663202899997,-37.35045065099995,0.000
			-72.85623032699993,-37.35048392299995,0.000
			-72.85614249799994,-37.35049584899997,0.000
			-72.85575021799997,-37.35042114399994,0.000
			-72.85568078799997,-37.35040636699995,0.000
			-72.85486370299998,-37.350229531999965,0.000
			-72.85456722699998,-37.35016536799998,0.000
			-72.85390595199993,-37.350121824999974,0.000
			-72.85345770799995,-37.35010467599994,0.000
			-72.85299420699994,-37.350127803999946,0.000
			-72.85244319999998,-37.35007724299993,0.000
			-72.85208784999998,-37.35004375199997,0.000
			-72.85191764399997,-37.35004967199996,0.000
			-72.85174859199998,-37.35001505799994,0.000
			-72.85156088399998,-37.350016153999945,0.000
			-72.85152472799997,-37.349997472,0.000
			-72.85128394399999,-37.34988044399994,0.000
			-72.85127878399999,-37.34987584499993,0.000
			-72.85127362299994,-37.34987124499997,0.000
			-72.85124620999994,-37.34984473599997,0.000
			-72.85123136899995,-37.34983038399997,0.000
			-72.85112428999997,-37.34900563099995,0.000
			-72.85111268999998,-37.348916279999955,0.000
			-72.85092341099994,-37.34864100899995,0.000
			-72.85074837499997,-37.348494758999955,0.000
			-72.85068735499993,-37.348466224999974,0.000
			-72.85064226599997,-37.348445139999974,0.000
			-72.85045189099998,-37.34841783499997,0.000
			-72.85014006699998,-37.34845985499993,0.000
			-72.84951561699995,-37.34836265899996,0.000
			-72.84950381799996,-37.34836131599995,0.000
			-72.84905834799997,-37.34831060999995,0.000
			-72.84871775399995,-37.348271841999974,0.000
			-72.84768922399996,-37.34810051799996,0.000
			-72.84739070199998,-37.34809508399996,0.000
			-72.84720738899995,-37.34802974999997,0.000
			-72.84708026099997,-37.34787959699998,0.000
			-72.84703362499994,-37.34774751499997,0.000
			-72.84695315499994,-37.34751960999995,0.000
			-72.84672597999997,-37.34648060799997,0.000
			-72.84661733199994,-37.34610188099998,0.000
			-72.84640542199998,-37.34578326899997,0.000
			-72.84612255099995,-37.345439520999946,0.000
			-72.84531862799997,-37.34443697599993,0.000
			-72.84507860199994,-37.34413764799995,0.000
			-72.84451345999997,-37.34322124399995,0.000
			-72.84411068999998,-37.34268454599993,0.000
			-72.84339684199995,-37.341647396999974,0.000
			-72.84335944299994,-37.34159305999998,0.000
			-72.84303497899998,-37.341033941999974,0.000
			-72.84281252699998,-37.34055394699994,0.000
			-72.84281250399994,-37.34055389799994,0.000
			-72.84279870399996,-37.34052412099994,0.000
			-72.84270512899997,-37.34024581399995,0.000
			-72.84271900999994,-37.339969466999946,0.000
			-72.84289822699998,-37.339133396999955,0.000
			-72.84292832499996,-37.33896,0.000
			-72.84294113699997,-37.33888619299995,0.000
			-72.84293980499996,-37.33872402399993,0.000
			-72.84278721599998,-37.33842079599997,0.000
			-72.84251325499997,-37.33776721799997,0.000
			-72.84240272899996,-37.33745521799994,0.000
			-72.84236547599994,-37.337087326999956,0.000
			-72.84237894799998,-37.33682527999997,0.000
			-72.84236670999996,-37.33678280399994,0.000
			-72.84229745399996,-37.33654242399995,0.000
			-72.84198236499998,-37.33607408399996,0.000
			-72.84167973099994,-37.33579672999997,0.000
			-72.84153864799998,-37.33571785099997,0.000
			-72.84128223599998,-37.33570363299997,0.000
			-72.84106000299994,-37.33574726499995,0.000
			-72.84068065299994,-37.33585479499994,0.000
			-72.84039654099996,-37.335973599999924,0.000
			-72.84029593699995,-37.33600742599998,0.000
			-72.84017103099995,-37.336012239999945,0.000
			-72.83971971199998,-37.33583247599995,0.000
			-72.83940398599998,-37.33568919499992,0.000
			-72.83920150699998,-37.33557502199994,0.000
			-72.83906315899998,-37.335400810999936,0.000
			-72.83898208799997,-37.33510365299996,0.000
			-72.83887846499994,-37.33496822799998,0.000
			-72.83858951899998,-37.33483895499995,0.000
			-72.83841289899993,-37.334749884999944,0.000
			-72.83807515099994,-37.33444803499998,0.000
			-72.83788631999994,-37.334368278999925,0.000
			-72.83765461099995,-37.33432589099994,0.000
			-72.83738626599995,-37.33431144599995,0.000
			-72.83713591699996,-37.33425657699996,0.000
			-72.83710138099997,-37.33424900799997,0.000
			-72.83680578799994,-37.33414345299996,0.000
			-72.83644804199997,-37.334122601999965,0.000
			-72.83598991299993,-37.33406176099993,0.000
			-72.83568799699998,-37.33400720199995,0.000
			-72.83496495599996,-37.333876542999974,0.000
			-72.83446292999997,-37.333785822999985,0.000
			-72.83440674099995,-37.33377835999993,0.000
			-72.83374180799996,-37.33369004199995,0.000
			-72.83367162399998,-37.33368071999996,0.000
			-72.83316807499995,-37.33353796299997,0.000
			-72.83227007199997,-37.33319721699996,0.000
			-72.83194300099997,-37.33314829999994,0.000
			-72.83157860699998,-37.333151156999975,0.000
			-72.83127568699997,-37.333093143999974,0.000
			-72.83038353099994,-37.33275725899995,0.000
			-72.82993913699994,-37.332634649999925,0.000
			-72.82964109199997,-37.332614873999944,0.000
			-72.82894366499994,-37.332568689999945,0.000
			-72.82853263699997,-37.332519453999964,0.000
			-72.82848591399994,-37.33251385699998,0.000
			-72.82847347699999,-37.332512366999936,0.000
			-72.82840116199998,-37.33253488399998,0.000
			-72.82840308299996,-37.33264423599996,0.000
			-72.82840342499998,-37.332663687999975,0.000
			-72.82851621899994,-37.33289466899998,0.000
			-72.82860423699998,-37.33307370299996,0.000
			-72.82859764399996,-37.33330265799998,0.000
			-72.82858850499997,-37.33332192099993,0.000
			-72.82840689599993,-37.333704703999956,0.000
			-72.82822742899998,-37.333908570999945,0.000
			-72.82822730699996,-37.333908709999946,0.000
			-72.82822718499995,-37.333908848999954,0.000
			-72.82820780899993,-37.333930858999956,0.000
			-72.82812907199997,-37.334019534999975,0.000
			-72.82812137299999,-37.33405264099997,0.000
			-72.82792456699997,-37.33489897299996,0.000
			-72.82779580199997,-37.33545085799993,0.000
			-72.82764373399993,-37.33610144799996,0.000
			-72.82763577599997,-37.33613284499996,0.000
			-72.82761432799998,-37.33618975599995,0.000
			-72.82759875599999,-37.33623107599992,0.000
			-72.82742496099998,-37.33669223399993,0.000
			-72.82740392799997,-37.33671640599994,0.000
			-72.82734839999995,-37.336780221999966,0.000
			-72.82734825699998,-37.33678036399993,0.000
			-72.82734811399996,-37.33678050699996,0.000
			-72.82692607099995,-37.33719909599994,0.000
			-72.82692259399994,-37.33720254299993,0.000
			-72.82659037699995,-37.33753204,0.000
			-72.82656519499994,-37.33755701599995,0.000
			-72.82616022999997,-37.337943873999954,0.000
			-72.82608152399996,-37.33801905999997,0.000
			-72.82581014599998,-37.338109449999926,0.000
			-72.82550334699994,-37.33813361499995,0.000
			-72.82534148999997,-37.33814273499996,0.000
			-72.82526404999999,-37.338147097999986,0.000
			-72.82503812899995,-37.33821447799994,0.000
			-72.82503689099997,-37.338216295999985,0.000
			-72.82481260699996,-37.33854563099994,0.000
			-72.82475746599994,-37.33862659899994,0.000
			-72.82457098599997,-37.338879499999955,0.000
			-72.82454256999995,-37.33889865799995,0.000
			-72.82437301899995,-37.33901296499993,0.000
			-72.82411827899995,-37.33904404599998,0.000
			-72.82361567499999,-37.33901195299994,0.000
			-72.82346248099998,-37.33900217099995,0.000
			-72.82325791099998,-37.33910570699993,0.000
			-72.82301987799997,-37.33933381199995,0.000
			-72.82283614299996,-37.33949138099995,0.000
			-72.82277631699998,-37.33950510799997,0.000
			-72.82259563699995,-37.33954656499998,0.000
			-72.82223728599996,-37.33954592699996,0.000
			-72.82212232599994,-37.33961953799996,0.000
			-72.82171241899994,-37.33988200899995,0.000
			-72.82148435099998,-37.34002191799993,0.000
			-72.82087417999998,-37.340396227999975,0.000
			-72.82043830799995,-37.340663614999976,0.000
			-72.82043304499996,-37.340666843999934,0.000
			-72.82013203999998,-37.34085149699995,0.000
			-72.82010863099998,-37.34086585699998,0.000
			-72.81996344599997,-37.34098417399996,0.000
			-72.81978548699993,-37.341129197999976,0.000
			-72.81975039099996,-37.34115779899996,0.000
			-72.81944339399996,-37.34140798199996,0.000
			-72.81907925699994,-37.34169437899993,0.000
			-72.81878855199994,-37.34192302199995,0.000
			-72.81868450399998,-37.342004855999974,0.000
			-72.81861646699997,-37.342058367999975,0.000
			-72.81833991799994,-37.342275875999974,0.000
			-72.81833052399998,-37.34228326399995,0.000
			-72.81798370399997,-37.342556040999966,0.000
			-72.81787835699998,-37.342638897999954,0.000
			-72.81778683399995,-37.34271088099996,0.000
			-72.81775491599996,-37.34273598399993,0.000
			-72.81762515099996,-37.34282071399997,0.000
			-72.81711565599994,-37.34315338999994,0.000
			-72.81682984199995,-37.34322560899995,0.000
			-72.81545727999998,-37.34318237699994,0.000
			-72.81538517899997,-37.34316893099998,0.000
			-72.81538508899996,-37.343168913999925,0.000
			-72.81481862399994,-37.343063274999956,0.000
			-72.81456922199999,-37.342909635999945,0.000
			-72.81374922799995,-37.34286467299995,0.000
			-72.81334853899995,-37.34303609899995,0.000
			-72.81162517899998,-37.344017617999945,0.000
			-72.81132105599994,-37.34418342099996,0.000
			-72.81127619699998,-37.34420787799996,0.000
			-72.81112140499994,-37.344179372999974,0.000
			-72.81110416299998,-37.344110766999954,0.000
			-72.81108818099995,-37.34404713799996,0.000
			-72.81105318599998,-37.343907852999955,0.000
			-72.81102618499995,-37.343800389999956,0.000
			-72.81098645999998,-37.343662310999946,0.000
			-72.81093739499994,-37.34349176399996,0.000
			-72.81095050699997,-37.34340469399995,0.000
			-72.81098583799997,-37.34317006999998,0.000
			-72.81103266799994,-37.343045274999945,0.000
			-72.81106764199995,-37.34295207199994,0.000
			-72.81077227199995,-37.34270505099993,0.000
			-72.81070912899997,-37.342652243999964,0.000
			-72.81063392599998,-37.34257099799998,0.000
			-72.81043404199994,-37.34235505299995,0.000
			-72.81036979999993,-37.34231340599995,0.000
			-72.81020686499994,-37.34220777799993,0.000
			-72.81005171599998,-37.342151253999944,0.000
			-72.80987973799995,-37.34215999099996,0.000
			-72.80982003999998,-37.342158884999954,0.000
			-72.80974245599998,-37.342002457999975,0.000
			-72.80955480599994,-37.341779862999935,0.000
			-72.80953314899995,-37.34175417299997,0.000
			-72.80920323699996,-37.341545380999946,0.000
			-72.80914874499996,-37.34151370299997,0.000
			-72.80855712999994,-37.341169776999955,0.000
			-72.80847586999994,-37.341156417999976,0.000
			-72.80847563099996,-37.34115637899997,0.000
			-72.80847539299998,-37.34115633999994,0.000
			-72.80831122499995,-37.34115329699995,0.000
			-72.80822773699998,-37.34116282299993,0.000
			-72.80822769399998,-37.34116282799993,0.000
			-72.80822765099998,-37.34116283299995,0.000
			-72.80822133299995,-37.341163553999934,0.000
			-72.80805976499994,-37.34107114099992,0.000
			-72.80802620599997,-37.34100687499995,0.000
			-72.80797489699997,-37.340908615999965,0.000
			-72.80796816999998,-37.34089232199994,0.000
			-72.80796813599994,-37.34089224099994,0.000
			-72.80796810299995,-37.34089215999995,0.000
			-72.80786329899996,-37.34063829499995,0.000
			-72.80786232999998,-37.34063444199995,0.000
			-72.80785248899997,-37.34059529799998,0.000
			-72.80785077199994,-37.340588468999954,0.000
			-72.80780307099997,-37.340398730999944,0.000
			-72.80779911599996,-37.34036437499997,0.000
			-72.80779900799996,-37.340363440999965,0.000
			-72.80778518899996,-37.340243408999974,0.000
			-72.80778865499997,-37.340124249999974,0.000
			-72.80771250499998,-37.34004367499994,0.000
			-72.80768593199997,-37.34001555699995,0.000
			-72.80765103399995,-37.339978629999955,0.000
			-72.80756929599994,-37.33993180199995,0.000
			-72.80750529499994,-37.33989513599994,0.000
			-72.80748499699996,-37.33988350699997,0.000
			-72.80742551999998,-37.339849432999976,0.000
			-72.80742155599995,-37.33984716199996,0.000
			-72.80734994299996,-37.33980613499995,0.000
			-72.80714950899994,-37.33976665099992,0.000
			-72.80696555899993,-37.339784162999926,0.000
			-72.80693987999996,-37.33978660799994,0.000
			-72.80689464199997,-37.33977309699997,0.000
			-72.80689460799994,-37.33977308599999,0.000
			-72.80676963999997,-37.33973576199998,0.000
			-72.80658829099997,-37.339553562999974,0.000
			-72.80658359199998,-37.339543584999944,0.000
			-72.80653429999995,-37.339438919999964,0.000
			-72.80649592899994,-37.33935744599995,0.000
			-72.80638437499994,-37.33912057599997,0.000
			-72.80620510899996,-37.33886688099994,0.000
			-72.80571625899995,-37.33847629599994,0.000
			-72.80547400699999,-37.33833469299998,0.000
			-72.80526169299998,-37.338235956999945,0.000
			-72.80526038799997,-37.33823534999993,0.000
			-72.80499054499995,-37.33801573899996,0.000
			-72.80484592699997,-37.337858178999966,0.000
			-72.80484587299998,-37.33785811999996,0.000
			-72.80484581899998,-37.337858061999945,0.000
			-72.80417639099994,-37.33712434199999,0.000
			-72.80402393599996,-37.33699499899995,0.000
			-72.80403505399994,-37.336990188999955,0.000
			-72.80398797999999,-37.33654771999994,0.000
			-72.80378794799998,-37.33624660399994,0.000
			-72.80377210899996,-37.33616069399995,0.000
			-72.80372331499996,-37.33589843599997,0.000
			-72.80389965599994,-37.335487152,0.000
			-72.80404226899998,-37.33519239899993,0.000
			-72.80407988099995,-37.334918226999946,0.000
			-72.80401700299996,-37.33453404299995,0.000
			-72.80422281899996,-37.33432157299995,0.000
			-72.80419202699994,-37.33416779399994,0.000
			-72.80421588199994,-37.33385731799996,0.000
			-72.80421183099998,-37.33348774399997,0.000
			-72.80427931399998,-37.33320511399995,0.000
			-72.80446428699997,-37.333005774999954,0.000
			-72.80448472999996,-37.33281239299998,0.000
			-72.80425476599999,-37.33232072499993,0.000
			-72.80423172999997,-37.33227147299993,0.000
			-72.80449418399996,-37.33197894399996,0.000
			-72.80463368899996,-37.33181480899997,0.000
			-72.80476832599999,-37.33174521099994,0.000
			-72.80495155699998,-37.331653984999946,0.000
			-72.80515759599996,-37.33167583299996,0.000
			-72.80547251599995,-37.33171321999998,0.000
			-72.80590852699999,-37.33161316399998,0.000
			-72.80612837899997,-37.331378420999954,0.000
			-72.80613386299996,-37.33137176299993,0.000
			-72.80613934699994,-37.33136510599997,0.000
			-72.80638488999995,-37.33114435699997,0.000
			-72.80671616499995,-37.33105587299997,0.000
			-72.80715046899996,-37.33101435999998,0.000
			-72.80738240999995,-37.331018660999966,0.000
			-72.80749309299995,-37.33102071299993,0.000
			-72.80776483599993,-37.330917604999975,0.000
			-72.80810095199996,-37.33066248199998,0.000
			-72.80821602399999,-37.33029511599994,0.000
			-72.80821358899993,-37.33029394399995,0.000
			-72.80820628499998,-37.330290428999945,0.000
			-72.80779010399993,-37.33004839899996,0.000
			-72.80759177299996,-37.329688741999966,0.000
			-72.80766112299995,-37.32936558999995,0.000
			-72.80771312899998,-37.32910520099994,0.000
			-72.80766294599994,-37.328793350999945,0.000
			-72.80752108599995,-37.32852936799997,0.000
			-72.80724633299997,-37.32822687299994,0.000
			-72.80711862499999,-37.32798568199996,0.000
			-72.80735209899996,-37.32767007899997,0.000
			-72.80730160499996,-37.327344704999966,0.000
			-72.80692082099995,-37.327098821999975,0.000
			-72.80657030299994,-37.32683096899994,0.000
			-72.80645949899997,-37.326517993999964,0.000
			-72.80658484099996,-37.32633106299994,0.000
			-72.80693574399999,-37.326076217999976,0.000
			-72.80684079099996,-37.32572748899999,0.000
			-72.80687923099998,-37.32548657899997,0.000
			-72.80689598999999,-37.325381543999974,0.000
			-72.80690293099997,-37.32514284999995,0.000
			-72.80682204699997,-37.32484394799997,0.000
			-72.80683239199993,-37.324488158999934,0.000
			-72.80698877699997,-37.32425223699994,0.000
			-72.80695374399994,-37.32390461799996,0.000
			-72.80697917199996,-37.32374694899994,0.000
			-72.80700880999996,-37.323563177,0.000
			-72.80696696099994,-37.32294056099994,0.000
			-72.80679760299995,-37.32260396999993,0.000
			-72.80656007499994,-37.322040810999965,0.000
			-72.80650940199996,-37.321866625999974,0.000
			-72.80646517799994,-37.32171461199994,0.000
			-72.80620184999998,-37.32152948499998,0.000
			-72.80592922799997,-37.32134868999998,0.000
			-72.80589406399997,-37.32132100099994,0.000
			-72.80561030299998,-37.32132925499997,0.000
			-72.80540230799994,-37.32130286499995,0.000
			-72.80543820299994,-37.32108723899995,0.000
			-72.80560860099996,-37.32087861499996,0.000
			-72.80571777199998,-37.32071391499994,0.000
			-72.80578361999994,-37.32065655799993,0.000
			-72.80585594299998,-37.32059481399995,0.000
			-72.80586144399996,-37.32040566099994,0.000
			-72.80580205199993,-37.31987734599994,0.000
			-72.80570807799995,-37.31951962199998,0.000
			-72.80586794099997,-37.31913956999995,0.000
			-72.80587344199995,-37.31895041699993,0.000
			-72.80571144599998,-37.31874914399997,0.000
			-72.80565759499996,-37.31868505899995,0.000
			-72.80574065099995,-37.31856944199996,0.000
			-72.80593767699997,-37.31829371899994,0.000
			-72.805946583,-37.317987470999974,0.000
			-72.80594964399995,-37.31797247699995,0.000
			-72.80597865699997,-37.31783035199992,0.000
			-72.80598032799998,-37.31782137099998,0.000
			-72.805982,-37.31781238999998,0.000
			-72.80601587599996,-37.31764178699996,0.000
			-72.80620294999994,-37.31739291599997,0.000
			-72.80600054699995,-37.317150338999966,0.000
			-72.80593744099997,-37.31689748199994,0.000
			-72.80592032899995,-37.31682891899993,0.000
			-72.80602123899996,-37.31643876099998,0.000
			-72.80607918399994,-37.315998238999946,0.000
			-72.80625414999997,-37.31563198399993,0.000
			-72.80651347399998,-37.31542050199994,0.000
			-72.80669063599998,-37.315267616999954,0.000
			-72.80674350499999,-37.315221992999966,0.000
			-72.80674479699996,-37.315177521999935,0.000
			-72.80675044299994,-37.31498329899995,0.000
			-72.80651804899998,-37.314753684999964,0.000
			-72.80616588499998,-37.314544379,0.000
			-72.80609850499997,-37.31429078799993,0.000
			-72.80628198399995,-37.31414098399995,0.000
			-72.80661593399998,-37.31395792199993,0.000
			-72.80661904399994,-37.313850932999976,0.000
			-72.80662156299996,-37.31376426399992,0.000
			-72.80650775699996,-37.31363054899998,0.000
			-72.80637607399996,-37.313475827999966,0.000
			-72.80609017999996,-37.31314608699995,0.000
			-72.80585460099998,-37.31300202799997,0.000
			-72.80579427199996,-37.31274856799997,0.000
			-72.80570405999998,-37.31243146799994,0.000
			-72.80550454099995,-37.31221147399997,0.000
			-72.80536128899996,-37.311875364999935,0.000
			-72.80532823499993,-37.31167202599994,0.000
			-72.80529369599998,-37.31145954999994,0.000
			-72.80528468999995,-37.31121154799996,0.000
			-72.80528760699997,-37.31120523399994,0.000
			-72.80536521099998,-37.31103730499995,0.000
			-72.80547386299997,-37.31096271699994,0.000
			-72.80557956399997,-37.31089257999997,0.000
			-72.80559208099999,-37.31075312399997,0.000
			-72.80540081199996,-37.31056482499998,0.000
			-72.80525619199994,-37.31037288599998,0.000
			-72.80533115499998,-37.31017150299993,0.000
			-72.80520923899996,-37.310047575999924,0.000
			-72.80500447899993,-37.309971064999964,0.000
			-72.80494275899997,-37.30994800299994,0.000
			-72.80451546299997,-37.30955768399996,0.000
			-72.80439391399995,-37.30944665299995,0.000
			-72.80413988599997,-37.30891922999995,0.000
			-72.80423941899994,-37.30867324299992,0.000
			-72.80439920099997,-37.30839232499994,0.000
			-72.80442927099995,-37.30830899199998,0.000
			-72.80453649099996,-37.30801185499997,0.000
			-72.80462481299998,-37.307860286999976,0.000
			-72.80463890399994,-37.30766678699996,0.000
			-72.80441539199995,-37.30761757699998,0.000
			-72.80444156399994,-37.30746936199994,0.000
			-72.80445283499995,-37.307275808999975,0.000
			-72.80456649199994,-37.30698051599995,0.000
			-72.80457356599999,-37.306737318999986,0.000
			-72.80450654099997,-37.30644768399998,0.000
			-72.80433645899996,-37.30621021099995,0.000
			-72.80403116499997,-37.30601528699998,0.000
			-72.80372091099997,-37.30606359999995,0.000
			-72.80373674399993,-37.306103933999964,0.000
			-72.80377080299996,-37.30619069699997,0.000
			-72.80375927099993,-37.30658701999994,0.000
			-72.80367849099997,-37.306964031999954,0.000
			-72.80344341399996,-37.307166947,0.000
			-72.80299572599995,-37.30721270599997,0.000
			-72.80286504399999,-37.307231446999936,0.000
			-72.80280099799995,-37.307240631999946,0.000
			-72.80239885599998,-37.307296245999964,0.000
			-72.80203306599998,-37.30741111499999,0.000
			-72.80179178999998,-37.30748774099992,0.000
			-72.80174986199995,-37.30750969799993,0.000
			-72.80147371499999,-37.30764765999993,0.000
			-72.80143433599994,-37.30766733399997,0.000
			-72.80123429899999,-37.30777091699998,0.000
			-72.80122633599996,-37.307786747999955,0.000
			-72.80114874499998,-37.30794100899993,0.000
			-72.80118870699994,-37.30810628099993,0.000
			-72.80130698299996,-37.30818809799995,0.000
			-72.80139061399996,-37.30824594899996,0.000
			-72.80145458599998,-37.30830436599997,0.000
			-72.80148657099994,-37.30833357399997,0.000
			-72.80160829799996,-37.30852039499996,0.000
			-72.80167440399998,-37.30875148699994,0.000
			-72.80169174799994,-37.30897594999993,0.000
			-72.80175958999996,-37.309077461999955,0.000
			-72.80181761099993,-37.30916427899996,0.000
			-72.80184952699994,-37.309298402999964,0.000
			-72.80183459799997,-37.30937517899997,0.000
			-72.80183031499996,-37.309397203999936,0.000
			-72.80181441499997,-37.309478970999976,0.000
			-72.80189254199996,-37.30966641199995,0.000
			-72.80192216799998,-37.30970431499998,0.000
			-72.80202492899997,-37.30983578499997,0.000
			-72.80194221799997,-37.310010699999964,0.000
			-72.80171213099999,-37.31012087899995,0.000
			-72.80140047299994,-37.31016187599994,0.000
			-72.80139447899995,-37.31016266399996,0.000
			-72.801130158,-37.310185623999985,0.000
			-72.80098745699996,-37.310198018999984,0.000
			-72.80063207999996,-37.31025995899994,0.000
			-72.80037221299995,-37.310305251999985,0.000
			-72.80036935799997,-37.31030574999995,0.000
			-72.80014093599993,-37.31035872899997,0.000
			-72.79980177499993,-37.310319038999985,0.000
			-72.79946830399996,-37.31028898999994,0.000
			-72.79927152399995,-37.31028055999997,0.000
			-72.79924812599995,-37.31028477299998,0.000
			-72.79916120699994,-37.31035426599993,0.000
			-72.79911923299994,-37.310507318999946,0.000
			-72.79910833899999,-37.310547043999975,0.000
			-72.79890036699999,-37.31071440499994,0.000
			-72.79866052299997,-37.311007343999954,0.000
			-72.79849019099998,-37.31131058699997,0.000
			-72.79837686199994,-37.311641927999965,0.000
			-72.79828118799998,-37.311924030999926,0.000
			-72.79817735499996,-37.31214740299998,0.000
			-72.79787746399995,-37.31244372799995,0.000
			-72.79769593099996,-37.31271972499997,0.000
			-72.79759943999994,-37.31315051299999,0.000
			-72.79721637399996,-37.31344528699998,0.000
			-72.79668187799996,-37.313588538999966,0.000
			-72.79628079899999,-37.313630632999946,0.000
			-72.79586406099997,-37.31353274699995,0.000
			-72.79549387199995,-37.31331406199996,0.000
			-72.79539560199999,-37.31303285299997,0.000
			-72.79517547699999,-37.312650238999936,0.000
			-72.79512359499995,-37.31237440099995,0.000
			-72.79498621599998,-37.31212851099997,0.000
			-72.79479874899995,-37.31185915699995,0.000
			-72.79452967499998,-37.31170255799997,0.000
			-72.79435081799994,-37.311598464999975,0.000
			-72.79408002699995,-37.311453725999975,0.000
			-72.79356864499994,-37.311385608999956,0.000
			-72.79324691499994,-37.31148775299994,0.000
			-72.79312994699995,-37.311773959999975,0.000
			-72.79306215599996,-37.31184790699996,0.000
			-72.79299591699998,-37.31192015999995,0.000
			-72.79270973399997,-37.31203648399999,0.000
			-72.79244767899996,-37.31202708899996,0.000
			-72.79244750199996,-37.31202708499996,0.000
			-72.79244732599994,-37.31202708199992,0.000
			-72.79244626899998,-37.31202706099998,0.000
			-72.79219970099996,-37.31180166099994,0.000
			-72.79199079199998,-37.311518383999946,0.000
			-72.79184518499994,-37.311240794999954,0.000
			-72.79173649099994,-37.31095488299996,0.000
			-72.79160513299998,-37.31073388499993,0.000
			-72.79159015599998,-37.31070868699993,0.000
			-72.79155502699996,-37.310649586999936,0.000
			-72.79145415599999,-37.31057129899994,0.000
			-72.79129921799995,-37.31045104899994,0.000
			-72.79104975799999,-37.31032472699996,0.000
			-72.79078863199999,-37.31028380099996,0.000
			-72.79058777299997,-37.310352146999946,0.000
			-72.79045840599997,-37.310435345999956,0.000
			-72.79031952599996,-37.31055441599994,0.000
			-72.79024099799994,-37.31075572299994,0.000
			-72.79023888799998,-37.31082777999995,0.000
			-72.79023638299998,-37.310913348999975,0.000
			-72.79023387699993,-37.31099891799994,0.000
			-72.79010222999995,-37.31128034099992,0.000
			-72.78996960799998,-37.31149866099997,0.000
			-72.78985187399996,-37.31169022299997,0.000
			-72.78975061699998,-37.31194517799998,0.000
			-72.78962522199998,-37.312253753999975,0.000
			-72.78944114699993,-37.31247111199997,0.000
			-72.78936270099996,-37.31264538299995,0.000
			-72.78917817999996,-37.312781621999925,0.000
			-72.78870640999997,-37.31307020499998,0.000
			-72.78833013999997,-37.31339661899994,0.000
			-72.78827220999996,-37.313434779999966,0.000
			-72.78787783399997,-37.31369457399995,0.000
			-72.78742943799995,-37.313690692999955,0.000
			-72.78706698199994,-37.31344959699993,0.000
			-72.78696768899994,-37.31327650799994,0.000
			-72.78689385799998,-37.31314895599995,0.000
			-72.78691402999993,-37.31294205399997,0.000
			-72.78689296999994,-37.31269833199997,0.000
			-72.78682979999996,-37.312616040999956,0.000
			-72.786651572,-37.31258566899993,0.000
			-72.78610010499995,-37.31256182999993,0.000
			-72.78569973199996,-37.312459707999956,0.000
			-72.78534829999995,-37.31222782499997,0.000
			-72.78500862999994,-37.312099799999935,0.000
			-72.78465164899995,-37.31205706599996,0.000
			-72.78433832099995,-37.312064715999945,0.000
			-72.78403287299994,-37.312284296999955,0.000
			-72.78375759799997,-37.31250894999994,0.000
			-72.78357790999996,-37.31274440499993,0.000
			-72.78338399699999,-37.31283990399992,0.000
			-72.78313660199996,-37.31305155899997,0.000
			-72.78299871599995,-37.31325625399995,0.000
			-72.78293827299996,-37.31341733999995,0.000
			-72.78289496299993,-37.31361930099996,0.000
			-72.78292491099995,-37.313800105999974,0.000
			-72.78291195899999,-37.313888161999955,0.000
			-72.78288525399995,-37.31406972699994,0.000
			-72.78281739899995,-37.314483013999954,0.000
			-72.78267744099998,-37.314868740999934,0.000
			-72.78267742799994,-37.314868775999976,0.000
			-72.78260790999997,-37.31506036999996,0.000
			-72.78249446299998,-37.315369161999975,0.000
			-72.78227397299997,-37.31557681299995,0.000
			-72.78189987099995,-37.31580411399995,0.000
			-72.78165377799996,-37.31611492299993,0.000
			-72.78118635799996,-37.31649367799997,0.000
			-72.78037350299996,-37.31705970899997,0.000
			-72.77961736099996,-37.31727983199993,0.000
			-72.77898241999998,-37.317335501999935,0.000
			-72.77894352099997,-37.317339276999974,0.000
			-72.77848246699995,-37.31728555799997,0.000
			-72.77796548199996,-37.317095602999984,0.000
			-72.77792553799998,-37.31707217199994,0.000
			-72.77729094599994,-37.31669991299997,0.000
			-72.77700018799999,-37.316419578999955,0.000
			-72.77690741699996,-37.31602580699996,0.000
			-72.77690482299994,-37.315611199999985,0.000
			-72.77666236499994,-37.315223626999966,0.000
			-72.775988118,-37.314818922999955,0.000
			-72.77564002599996,-37.314474422999965,0.000
			-72.77556560799997,-37.313936800999954,0.000
			-72.77573852599994,-37.313142478999964,0.000
			-72.77575989899998,-37.31241740399998,0.000
			-72.77576583199993,-37.31221610099993,0.000
			-72.77577927899995,-37.311759881999926,0.000
			-72.77576122699998,-37.31136751499998,0.000
			-72.77564738599995,-37.31116260099998,0.000
			-72.77537361999998,-37.31083301599993,0.000
			-72.77514629099994,-37.310459241999986,0.000
			-72.77481315499995,-37.310110513999966,0.000
			-72.77430074299997,-37.30976742399998,0.000
			-72.77382653399997,-37.30965936699993,0.000
			-72.77348397399999,-37.30963038899996,0.000
			-72.77295921299998,-37.30970612499994,0.000
			-72.77276895199998,-37.30979716999997,0.000
			-72.77245926599994,-37.309944544999944,0.000
			-72.77189971499996,-37.31019535799992,0.000
			-72.77125052099996,-37.31044898499994,0.000
			-72.77038505299998,-37.31043267399997,0.000
			-72.77004226399998,-37.31043522399995,0.000
			-72.76966513799994,-37.31054977699995,0.000
			-72.76930644499998,-37.31056554399998,0.000
			-72.76865695399994,-37.31032798999996,0.000
			-72.76832078599995,-37.310082825999984,0.000
			-72.76821924899997,-37.309724931999924,0.000
			-72.76780386299998,-37.30939265699992,0.000
			-72.76723375499995,-37.30899888099998,0.000
			-72.76698457099997,-37.30884097099994,0.000
			-72.76679289399993,-37.308765254999955,0.000
			-72.76652264699999,-37.308818731999956,0.000
			-72.76599055399998,-37.30914213199998,0.000
			-72.76573293399997,-37.30941213599993,0.000
			-72.76552097099994,-37.30959287999996,0.000
			-72.76510381999998,-37.31013023299994,0.000
			-72.76496120599995,-37.31039790099993,0.000
			-72.76484057199997,-37.31066147899997,0.000
			-72.76468637199997,-37.31108213499992,0.000
			-72.76454301799998,-37.31161433899996,0.000
			-72.76454299799997,-37.31161441499995,0.000
			-72.76451126999996,-37.31173220499994,0.000
			-72.76438152199995,-37.31227949099998,0.000
			-72.76428832899995,-37.312687780999966,0.000
			-72.76424019999996,-37.313241116999954,0.000
			-72.76416128899996,-37.31376232799994,0.000
			-72.76411153099997,-37.31384700199994,0.000
			-72.76401285399999,-37.314011860999976,0.000
			-72.76386832599997,-37.31415332299996,0.000
			-72.76357855299995,-37.31417487999994,0.000
			-72.76326713899994,-37.31423658199997,0.000
			-72.76286169599996,-37.314377613999966,0.000
			-72.76245137699993,-37.314468985999945,0.000
			-72.76211068299995,-37.314409749999975,0.000
			-72.76186975899998,-37.31436785999995,0.000
			-72.76114851999995,-37.31448037999995,0.000
			-72.76069577599998,-37.31457544899996,0.000
			-72.76043251699997,-37.31486786399995,0.000
			-72.76021182399995,-37.31524669899992,0.000
			-72.76019912399994,-37.31541318299997,0.000
			-72.76018987599997,-37.31553467099996,0.000
			-72.76018752999994,-37.315566168999965,0.000
			-72.76010027799998,-37.315654637999955,0.000
			-72.76006366299998,-37.315676473999936,0.000
			-72.75999254899995,-37.315720187999936,0.000
			-72.75980134699995,-37.31577063999998,0.000
			-72.75960907499996,-37.315857118999936,0.000
			-72.75929797999999,-37.31586023799997,0.000
			-72.75904228899998,-37.31577878999997,0.000
			-72.75888269499995,-37.31576224799995,0.000
			-72.75879402199996,-37.315756061999934,0.000
			-72.75837927299995,-37.315640056999946,0.000
			-72.758244705,-37.315493312999926,0.000
			-72.75819146899994,-37.315433724999934,0.000
			-72.75789895099996,-37.31523892599996,0.000
			-72.75760184799998,-37.31517471499995,0.000
			-72.75730023099999,-37.31528615399998,0.000
			-72.75717810899994,-37.315432537999975,0.000
			-72.75703333299998,-37.315605527999935,0.000
			-72.75659735399995,-37.31606138299998,0.000
			-72.75633980299995,-37.31668283799998,0.000
			-72.7561621,-37.31689575799993,0.000
			-72.75606192199996,-37.31701551999998,0.000
			-72.75601758799996,-37.31705973999992,0.000
			-72.75585139299994,-37.31724133499995,0.000
			-72.75575889699996,-37.31731618199996,0.000
			-72.75570680899995,-37.31736025399993,0.000
			-72.75553127299997,-37.31742102899995,0.000
			-72.75547237299999,-37.317441420999955,0.000
			-72.75478727699993,-37.317523043999984,0.000
			-72.75425982899998,-37.317639199999974,0.000
			-72.75415014299995,-37.31762810499998,0.000
			-72.75385592299995,-37.317609,0.000
			-72.75346695599995,-37.317669202999966,0.000
			-72.75320375199993,-37.31774531199994,0.000
			-72.75314642599994,-37.317775764999965,0.000
			-72.75306459899998,-37.31782377699995,0.000
			-72.75295521399994,-37.31782620499996,0.000
			-72.75277239299999,-37.317831743999946,0.000
			-72.75241973899995,-37.31785658499996,0.000
			-72.75217103299997,-37.31791944899993,0.000
			-72.75204654699996,-37.31809732499994,0.000
			-72.75210428099996,-37.31833724299998,0.000
			-72.75210218099994,-37.318348476999965,0.000
			-72.75210008599998,-37.318359692999934,0.000
			-72.75206796799996,-37.31856185499998,0.000
			-72.75206005099994,-37.31882756099998,0.000
			-72.75205911199998,-37.318859084999936,0.000
			-72.75205454899998,-37.31901220399994,0.000
			-72.75220774199994,-37.319362080999944,0.000
			-72.75233485499996,-37.31961683499998,0.000
			-72.75256424099996,-37.319918592999954,0.000
			-72.75265016999998,-37.32006441999993,0.000
			-72.75270481699994,-37.32021866399998,0.000
			-72.75271465499998,-37.320385573999936,0.000
			-72.75270794699998,-37.32061074899996,0.000
			-72.75246218899997,-37.320858416999954,0.000
			-72.75223347899998,-37.32100727599993,0.000
			-72.75189994399994,-37.32119469699995,0.000
			-72.75150739899993,-37.32132692199996,0.000
			-72.75110102399998,-37.32144986999998,0.000
			-72.75085653399998,-37.321607438999926,0.000
			-72.75070471699996,-37.32170818999998,0.000
			-72.75055464599996,-37.32175039699996,0.000
			-72.75004673299998,-37.32175425299993,0.000
			-72.74978139999996,-37.32164105999993,0.000
			-72.74951741199999,-37.32148283199995,0.000
			-72.74925463399995,-37.32128407199997,0.000
			-72.74898014599995,-37.32098144899994,0.000
			-72.74879880099998,-37.32074818899998,0.000
			-72.74876419699996,-37.32070246999996,0.000
			-72.74865918699999,-37.32022733699994,0.000
			-72.74848700799998,-37.319994250999976,0.000
			-72.74813915699997,-37.319645168999955,0.000
			-72.74803762899995,-37.319526078999964,0.000
			-72.74780691799998,-37.319269347999985,0.000
			-72.74765478899997,-37.31886090699992,0.000
			-72.74766294999995,-37.31875291799997,0.000
			-72.74768064799997,-37.31851443399995,0.000
			-72.74758450099995,-37.318215204999944,0.000
			-72.74751412299997,-37.31809220099995,0.000
			-72.74729563199998,-37.31789878599995,0.000
			-72.74717064399994,-37.317833320999966,0.000
			-72.74712898499996,-37.31781109199995,0.000
			-72.74712883999996,-37.317811014999954,0.000
			-72.74694295499995,-37.31771182699999,0.000
			-72.74654328699995,-37.31758705499993,0.000
			-72.74623397299996,-37.31745949899993,0.000
			-72.74602924399994,-37.317324921999955,0.000
			-72.74598978599994,-37.31713491599994,0.000
			-72.74602655199999,-37.316919326999944,0.000
			-72.74606328499993,-37.31668120699993,0.000
			-72.74609282899996,-37.31654208299995,0.000
			-72.74609786499997,-37.31651514199995,0.000
			-72.74610069099998,-37.31642056899994,0.000
			-72.74585583499999,-37.31611850399998,0.000
			-72.74550424599994,-37.31589551299993,0.000
			-72.74535543399998,-37.315825085999954,0.000
			-72.74509264699998,-37.31569841299995,0.000
			-72.74458908399998,-37.31555813599993,0.000
			-72.74421623799998,-37.31555102599998,0.000
			-72.74398433999994,-37.31533481899993,0.000
			-72.74386902799995,-37.31522897999997,0.000
			-72.74363171399995,-37.315170380999966,0.000
			-72.74339845299994,-37.31518846099993,0.000
			-72.74314816399993,-37.31532787899994,0.000
			-72.74279879599999,-37.315478922999944,0.000
			-72.74257039599996,-37.315546660999985,0.000
			-72.74242949499995,-37.315589031999934,0.000
			-72.74221808199997,-37.31560752599995,0.000
			-72.74204268799997,-37.31557714199993,0.000
			-72.74168730799994,-37.315457705999954,0.000
			-72.74132690399995,-37.31527058199998,0.000
			-72.74116667799996,-37.31499265399998,0.000
			-72.74103182699997,-37.314715209999974,0.000
			-72.74111435599997,-37.314455435999946,0.000
			-72.74130267799995,-37.314148115999956,0.000
			-72.74142569799994,-37.31401978999997,0.000
			-72.74164228199999,-37.31366344299994,0.000
			-72.74182781999997,-37.31359038199997,0.000
			-72.74202728799997,-37.313499563999976,0.000
			-72.74272843099999,-37.31311641499997,0.000
			-72.74313399299996,-37.31273663499996,0.000
			-72.74355930199994,-37.31216797599995,0.000
			-72.74380331699996,-37.31188424399994,0.000
			-72.74403739899998,-37.311555261999956,0.000
			-72.74406730899994,-37.31147472399994,0.000
			-72.74418234599995,-37.31118853099997,0.000
			-72.74427572499997,-37.31103710599996,0.000
			-72.74427540799996,-37.31081179799997,0.000
			-72.74421569999998,-37.31045017599996,0.000
			-72.74390787699997,-37.31015591799996,0.000
			-72.74354309699999,-37.309950693999944,0.000
			-72.74335647899994,-37.30984800099997,0.000
			-72.74294197099994,-37.309254305999964,0.000
			-72.74279315199993,-37.30906671899993,0.000
			-72.74246962899997,-37.30882622999997,0.000
			-72.74208126999997,-37.30858450299996,0.000
			-72.74175757499995,-37.308420611999956,0.000
			-72.74143913599994,-37.30808108499996,0.000
			-72.74136351599998,-37.30761551899997,0.000
			-72.74118632999995,-37.30729220599994,0.000
			-72.74118300899994,-37.307285383999954,0.000
			-72.74117968699994,-37.307278560999976,0.000
			-72.74095078799996,-37.30696327299995,0.000
			-72.74090917799998,-37.30693994799998,0.000
			-72.74055458799995,-37.306748426999945,0.000
			-72.74028611099999,-37.306554045,0.000
			-72.74009620399994,-37.30630258399998,0.000
			-72.74006905799996,-37.306031702999974,0.000
			-72.73985005099996,-37.30583375899994,0.000
			-72.73966422699993,-37.30568150899994,0.000
			-72.73954455599994,-37.30546293199995,0.000
			-72.73932977899995,-37.30526506699994,0.000
			-72.73920898699998,-37.30515461399995,0.000
			-72.73900323899994,-37.30496142699997,0.000
			-72.73864929299998,-37.304819479999935,0.000
			-72.73814152599994,-37.304845819999976,0.000
			-72.73787171299995,-37.30469646699992,0.000
			-72.73759117899993,-37.304646040999955,0.000
			-72.73714049499995,-37.304673468999965,0.000
			-72.73689840499998,-37.30470488599995,0.000
			-72.73667646799998,-37.304628542999986,0.000
			-72.73666494099996,-37.304624941999975,0.000
			-72.73666109899995,-37.30462374199992,0.000
			-72.73649993199996,-37.30456658599997,0.000
			-72.73597118599997,-37.30428159799994,0.000
			-72.73537017699994,-37.303914115999916,0.000
			-72.73454835299998,-37.30345678799995,0.000
			-72.73403333799996,-37.30320810299997,0.000
			-72.73375221499998,-37.303130620999966,0.000
			-72.73343903199998,-37.30311110199994,0.000
			-72.73321807899998,-37.30302575899997,0.000
			-72.73301027399998,-37.30297221099995,0.000
			-72.73300054299996,-37.30296751799994,0.000
			-72.73299081299996,-37.30296282599994,0.000
			-72.73283482699998,-37.302874220999975,0.000
			-72.73259352499997,-37.302856077999934,0.000
			-72.73245055799998,-37.302920927999935,0.000
			-72.73231591099994,-37.30299044399993,0.000
			-72.73225623199994,-37.30305238399995,0.000
			-72.73223934799995,-37.303074589999945,0.000
			-72.73218460199996,-37.30313662499997,0.000
			-72.73210337599994,-37.303211670999936,0.000
			-72.73192457599998,-37.30324879699997,0.000
			-72.73177016899996,-37.30329540299992,0.000
			-72.73163597899998,-37.303279310999976,0.000
			-72.73148647199999,-37.30318632299997,0.000
			-72.73126118099998,-37.303010772999976,0.000
			-72.73108819799995,-37.30273709299996,0.000
			-72.73100026299994,-37.30240195999993,0.000
			-72.73098056899994,-37.302091487999974,0.000
			-72.73097055499994,-37.301933625999936,0.000
			-72.73096821099995,-37.30189666799998,0.000
			-72.73073282999997,-37.30130636799998,0.000
			-72.73067525899995,-37.30113403399996,0.000
			-72.73058217999994,-37.30085287399993,0.000
			-72.73041668099995,-37.30047119199998,0.000
			-72.73017825499994,-37.30026384499996,0.000
			-72.73003872899994,-37.30014401099992,0.000
			-72.72992128899996,-37.29987590099994,0.000
			-72.72985016599995,-37.29956812599994,0.000
			-72.72995143899993,-37.29917804399996,0.000
			-72.73008544499999,-37.29859032399998,0.000
			-72.73023566399996,-37.29835438599997,0.000
			-72.73023481099995,-37.298347610999926,0.000
			-72.73023452299998,-37.298345351999956,0.000
			-72.73019896199997,-37.29807430799997,0.000
			-72.73018971799996,-37.29800653999996,0.000
			-72.73013973899998,-37.297914887999966,0.000
			-72.73012536299996,-37.29788852599995,0.000
			-72.73011326199997,-37.297866334999966,0.000
			-72.73007521299996,-37.29779656099998,0.000
			-72.73007132999999,-37.29778943999998,0.000
			-72.73000596099996,-37.29766956699996,0.000
			-72.72965585899993,-37.29740149799994,0.000
			-72.72949601199997,-37.29725423599995,0.000
			-72.72931920199994,-37.29717874599992,0.000
			-72.72913404599996,-37.29719321599997,0.000
			-72.72888184099997,-37.29723343499995,0.000
			-72.72874478999995,-37.297289381999974,0.000
			-72.72868844699997,-37.29731082999996,0.000
			-72.72849453599997,-37.29731161299997,0.000
			-72.72840052099997,-37.297179131999926,0.000
			-72.72823184299995,-37.29683343399995,0.000
			-72.72814324899997,-37.29663797299997,0.000
			-72.72794533099994,-37.296233134999966,0.000
			-72.72764475599996,-37.296006564999956,0.000
			-72.72745239699998,-37.29565139899995,0.000
			-72.72719247699996,-37.29536252499997,0.000
			-72.72707952599995,-37.295062955999974,0.000
			-72.72691148699994,-37.29429820699994,0.000
			-72.72690945599999,-37.29424860099994,0.000
			-72.72690671899994,-37.294198981999955,0.000
			-72.72689528699993,-37.29394642499995,0.000
			-72.72692255399994,-37.293649549999934,0.000
			-72.72691440199998,-37.29331143999996,0.000
			-72.72693145599999,-37.29272147699994,0.000
			-72.72705798799996,-37.29247607599994,0.000
			-72.72732532999999,-37.29202610199996,0.000
			-72.72757312899995,-37.291733462999964,0.000
			-72.72778669899998,-37.29157084199994,0.000
			-72.72799961799996,-37.291453267999934,0.000
			-72.72820952899997,-37.291412238999946,0.000
			-72.72846201199997,-37.29138554499997,0.000
			-72.72877817899996,-37.29135106099994,0.000
			-72.72907692099994,-37.29135679599994,0.000
			-72.72928506999995,-37.291374308999934,0.000
			-72.72956655199994,-37.291438289999974,0.000
			-72.72977250799994,-37.29150532699998,0.000
			-72.72993505099998,-37.291562518999974,0.000
			-72.73020338899994,-37.29159470399998,0.000
			-72.73033837099997,-37.291583775999975,0.000
			-72.73058006699995,-37.291493785999926,0.000
			-72.73068539999997,-37.29143722799994,0.000
			-72.730792277,-37.291376192999955,0.000
			-72.73098405399998,-37.291258207999924,0.000
			-72.73114280099998,-37.29117798199996,0.000
			-72.73126753199995,-37.29111494599994,0.000
			-72.73141979499997,-37.29095114199997,0.000
			-72.73157208499998,-37.29080986899992,0.000
			-72.73175235999997,-37.29059126599998,0.000
			-72.73176962499997,-37.29057032999999,0.000
			-72.73184568499994,-37.290432100999965,0.000
			-72.73196455899995,-37.29027666799992,0.000
			-72.73217453699993,-37.290068908999956,0.000
			-72.73231381399995,-37.28989133699998,0.000
			-72.73236521199993,-37.28975263499996,0.000
			-72.73243335599994,-37.28959622899998,0.000
			-72.73240643299994,-37.28936590499995,0.000
			-72.73233157199996,-37.289112130999975,0.000
			-72.73233086699997,-37.28911211799993,0.000
			-72.73233016199998,-37.28911210399996,0.000
			-72.73205536399996,-37.28875536499992,0.000
			-72.73191175699998,-37.28851379099995,0.000
			-72.73176717499996,-37.288281210999955,0.000
			-72.73177285599996,-37.28809206599993,0.000
			-72.73181059599995,-37.28796211399999,0.000
			-72.73186467699998,-37.287827969999974,0.000
			-72.73187035699993,-37.287638823999934,0.000
			-72.73187603699995,-37.28744967899997,0.000
			-72.73187995899997,-37.287319078999936,0.000
			-72.73192189199995,-37.28704951999998,0.000
			-72.73178599699997,-37.286551248999956,0.000
			-72.73157245699997,-37.28582168099995,0.000
			-72.73142493299997,-37.28514745099994,0.000
			-72.73140437099994,-37.284705463999956,0.000
			-72.73144954899993,-37.284327821999966,0.000
			-72.73161397499996,-37.28387586399997,0.000
			-72.73171684899995,-37.28375735299993,0.000
			-72.73201410999997,-37.28341490599995,0.000
			-72.73241315899998,-37.28298997399997,0.000
			-72.73245112399997,-37.28295334699993,0.000
			-72.73272458199995,-37.28268953099996,0.000
			-72.73303573299995,-37.28239809399997,0.000
			-72.73332781199997,-37.28217838699993,0.000
			-72.73346601899993,-37.28205937199994,0.000
			-72.73355309699997,-37.281952894999954,0.000
			-72.73355620499996,-37.28184931499993,0.000
			-72.73355647499994,-37.28184030799997,0.000
			-72.73355674499999,-37.281831300999954,0.000
			-72.73356079799998,-37.281696196999974,0.000
			-72.73346883899995,-37.28140154199997,0.000
			-72.73313356899996,-37.28110658099997,0.000
			-72.73281435499996,-37.28082574599995,0.000
			-72.73240462099994,-37.280479938999974,0.000
			-72.73222063699995,-37.28038629199994,0.000
			-72.73194149199998,-37.28024575899997,0.000
			-72.73178245199995,-37.27993179299994,0.000
			-72.73173608499997,-37.279809240999946,0.000
			-72.73170166999995,-37.27977659499994,0.000
			-72.73160518099996,-37.279685067999935,0.000
			-72.73142331399998,-37.27959145899996,0.000
			-72.73129322199998,-37.27944026499994,0.000
			-72.73118358399995,-37.279194835999924,0.000
			-72.73100480099998,-37.27897511699996,0.000
			-72.73089059199998,-37.27873597399997,0.000
			-72.73084817599994,-37.278647158999945,0.000
			-72.73083105199998,-37.27861130099996,0.000
			-72.73064459599993,-37.27822470999996,0.000
			-72.73061012799997,-37.27815195199997,0.000
			-72.73047909399997,-37.27803228099998,0.000
			-72.73043042999997,-37.277986286999976,0.000
			-72.73035653699998,-37.27781814599996,0.000
			-72.73021002399997,-37.27748639299995,0.000
			-72.73010766999995,-37.27697524599994,0.000
			-72.73005276399994,-37.27628274699998,0.000
			-72.73005225099998,-37.27627627599997,0.000
			-72.73004684099999,-37.27620804999997,0.000
			-72.73005189399998,-37.275852167999965,0.000
			-72.72798270899995,-37.27524028899996,0.000
			-72.72760562299999,-37.275128780999985,0.000
			-72.72622065399997,-37.27672955199994,0.000
			-72.72378022199996,-37.27951141699997,0.000
			-72.722821019,-37.28134389199994,0.000
			-72.72255782899998,-37.28184669099994,0.000
			-72.72132096899998,-37.28420960099994,0.000
			-72.72106060199997,-37.28508954499994,0.000
			-72.72066819599996,-37.286415728999934,0.000
			-72.72062707499998,-37.28655470299998,0.000
			-72.72060409099998,-37.286632379999965,0.000
			-72.72060340599995,-37.28663469399993,0.000
			-72.72001546199994,-37.288621572999936,0.000
			-72.71998680299998,-37.288718422999985,0.000
			-72.71978849599998,-37.28938856899998,0.000
			-72.71974753999996,-37.28954560599993,0.000
			-72.71974070499994,-37.289571811999956,0.000
		</coordinates>
	</LineString>
</Placemark>

</Document>
</kml>