<?xml version="1.0" encoding="UTF-8"?>
<kml xmlns="http://www.opengis.net/kml/2.2" xmlns:gx="http://www.google.com/kml/ext/2.2" xmlns:kml="http://www.opengis.net/kml/2.2" xmlns:atom="http://www.w3.org/2005/Atom">
<Document>
	<name>localidades_censales_nacimiento</name>
	<Style id="style1">
		<LineStyle>
			<color>40000000</color>
			<width>3</width>
		</LineStyle>
		<PolyStyle>
			<color>b82896f6</color>
		</PolyStyle>
	</Style>
	<Document>
		<name>label</name>
		<Style id="style10">
			<IconStyle>
				<Icon>
					<href>http://maps.gstatic.com/mapfiles/ms2/micons/green-dot.png</href>
				</Icon>
			</IconStyle>
		</Style>
		<Placemark>
			<name>SAN ROQUE</name>
			<description><![CDATA[<p>NOMBRE_LOCALIDAD: SAN ROQUE</p>]]></description>
			<styleUrl>#style10</styleUrl>
			<ExtendedData>
				<Data name="NOM_LOCALI">
					<displayName>NOM_LOCALI</displayName>
					<value>SAN ROQUE</value>
				</Data>
			</ExtendedData>
			<Point>
				<coordinates>-72.90645678113012,-37.40434352051419,0</coordinates>
			</Point>
		</Placemark>
		<Placemark>
			<name>CARRIZAL</name>
			<description><![CDATA[<p>NOMBRE_LOCALIDAD: CARRIZAL</p>]]></description>
			<styleUrl>#style10</styleUrl>
			<ExtendedData>
				<Data name="NOM_LOCALI">
					<displayName>NOM_LOCALI</displayName>
					<value>CARRIZAL</value>
				</Data>
			</ExtendedData>
			<Point>
				<coordinates>-72.94733467851952,-37.48200499232857,0</coordinates>
			</Point>
		</Placemark>
		<Placemark>
			<name>CULENCO</name>
			<description><![CDATA[<p>NOMBRE_LOCALIDAD: CULENCO</p>]]></description>
			<styleUrl>#style10</styleUrl>
			<ExtendedData>
				<Data name="NOM_LOCALI">
					<displayName>NOM_LOCALI</displayName>
					<value>CULENCO</value>
				</Data>
			</ExtendedData>
			<Point>
				<coordinates>-72.84417196017505,-37.38603705396289,0</coordinates>
			</Point>
		</Placemark>
		<Placemark>
			<name>INDETERMINADA</name>
			<description><![CDATA[<p>NOMBRE_LOCALIDAD: INDETERMINADA</p>]]></description>
			<styleUrl>#style10</styleUrl>
			<ExtendedData>
				<Data name="NOM_LOCALI">
					<displayName>NOM_LOCALI</displayName>
					<value>INDETERMINADA</value>
				</Data>
			</ExtendedData>
			<Point>
				<coordinates>-72.91052547655077,-37.4316083163942,0</coordinates>
			</Point>
		</Placemark>
		<Placemark>
			<name>EL PERAL</name>
			<description><![CDATA[<p>NOMBRE_LOCALIDAD: EL PERAL</p>]]></description>
			<styleUrl>#style10</styleUrl>
			<ExtendedData>
				<Data name="NOM_LOCALI">
					<displayName>NOM_LOCALI</displayName>
					<value>EL PERAL</value>
				</Data>
			</ExtendedData>
			<Point>
				<coordinates>-72.7872816328953,-37.33391056244987,0</coordinates>
			</Point>
		</Placemark>
		<Placemark>
			<name>LA MARAVILLA</name>
			<description><![CDATA[<p>NOMBRE_LOCALIDAD: LA MARAVILLA</p>]]></description>
			<styleUrl>#style10</styleUrl>
			<ExtendedData>
				<Data name="NOM_LOCALI">
					<displayName>NOM_LOCALI</displayName>
					<value>LA MARAVILLA</value>
				</Data>
			</ExtendedData>
			<Point>
				<coordinates>-72.72101342972091,-37.39821361151717,0</coordinates>
			</Point>
		</Placemark>
		<Placemark>
			<name>LAS CORRIENTES</name>
			<description><![CDATA[<p>NOMBRE_LOCALIDAD: LAS CORRIENTES</p>]]></description>
			<styleUrl>#style10</styleUrl>
			<ExtendedData>
				<Data name="NOM_LOCALI">
					<displayName>NOM_LOCALI</displayName>
					<value>LAS CORRIENTES</value>
				</Data>
			</ExtendedData>
			<Point>
				<coordinates>-72.82628731808592,-37.35499526825956,0</coordinates>
			</Point>
		</Placemark>
		<Placemark>
			<name>MILLAPOA</name>
			<description><![CDATA[<p>NOMBRE_LOCALIDAD: MILLAPOA</p>]]></description>
			<styleUrl>#style10</styleUrl>
			<ExtendedData>
				<Data name="NOM_LOCALI">
					<displayName>NOM_LOCALI</displayName>
					<value>MILLAPOA</value>
				</Data>
			</ExtendedData>
			<Point>
				<coordinates>-72.68798467948049,-37.37866029871596,0</coordinates>
			</Point>
		</Placemark>
		<Placemark>
			<name>MONTERREY</name>
			<description><![CDATA[<p>NOMBRE_LOCALIDAD: MONTERREY</p>]]></description>
			<styleUrl>#style10</styleUrl>
			<ExtendedData>
				<Data name="NOM_LOCALI">
					<displayName>NOM_LOCALI</displayName>
					<value>MONTERREY</value>
				</Data>
			</ExtendedData>
			<Point>
				<coordinates>-72.75161050359014,-37.3513074637075,0</coordinates>
			</Point>
		</Placemark>
		<Placemark>
			<name>CARMEN ALTO</name>
			<description><![CDATA[<p>NOMBRE_LOCALIDAD: CARMEN ALTO</p>]]></description>
			<styleUrl>#style10</styleUrl>
			<ExtendedData>
				<Data name="NOM_LOCALI">
					<displayName>NOM_LOCALI</displayName>
					<value>CARMEN ALTO</value>
				</Data>
			</ExtendedData>
			<Point>
				<coordinates>-72.71777165775873,-37.44326851425434,0</coordinates>
			</Point>
		</Placemark>
		<Placemark>
			<name>RINCONADA DE TAVOLEO</name>
			<description><![CDATA[<p>NOMBRE_LOCALIDAD: RINCONADA DE TAVOLEO</p>]]></description>
			<styleUrl>#style10</styleUrl>
			<ExtendedData>
				<Data name="NOM_LOCALI">
					<displayName>NOM_LOCALI</displayName>
					<value>RINCONADA DE TAVOLEO</value>
				</Data>
			</ExtendedData>
			<Point>
				<coordinates>-72.75183099404889,-37.44252256107337,0</coordinates>
			</Point>
		</Placemark>
		<Placemark>
			<name>SANTA LUISA</name>
			<description><![CDATA[<p>NOMBRE_LOCALIDAD: SANTA LUISA</p>]]></description>
			<styleUrl>#style10</styleUrl>
			<ExtendedData>
				<Data name="NOM_LOCALI">
					<displayName>NOM_LOCALI</displayName>
					<value>SANTA LUISA</value>
				</Data>
			</ExtendedData>
			<Point>
				<coordinates>-72.69056195504969,-37.43692756606541,0</coordinates>
			</Point>
		</Placemark>
		<Placemark>
			<name>CULENCO</name>
			<description><![CDATA[<p>NOMBRE_LOCALIDAD: CULENCO</p>]]></description>
			<styleUrl>#style10</styleUrl>
			<ExtendedData>
				<Data name="NOM_LOCALI">
					<displayName>NOM_LOCALI</displayName>
					<value>CULENCO</value>
				</Data>
			</ExtendedData>
			<Point>
				<coordinates>-72.78024183842449,-37.40490402930376,0</coordinates>
			</Point>
		</Placemark>
		<Placemark>
			<name>INDETERMINADA</name>
			<description><![CDATA[<p>NOMBRE_LOCALIDAD: INDETERMINADA</p>]]></description>
			<styleUrl>#style10</styleUrl>
			<ExtendedData>
				<Data name="NOM_LOCALI">
					<displayName>NOM_LOCALI</displayName>
					<value>INDETERMINADA</value>
				</Data>
			</ExtendedData>
			<Point>
				<coordinates>-72.69470501941586,-37.47759865269686,0</coordinates>
			</Point>
		</Placemark>
		<Placemark>
			<name>LA ESPERANZA</name>
			<description><![CDATA[<p>NOMBRE_LOCALIDAD: LA ESPERANZA</p>]]></description>
			<styleUrl>#style10</styleUrl>
			<ExtendedData>
				<Data name="NOM_LOCALI">
					<displayName>NOM_LOCALI</displayName>
					<value>LA ESPERANZA</value>
				</Data>
			</ExtendedData>
			<Point>
				<coordinates>-72.62939765665561,-37.52247459000852,0</coordinates>
			</Point>
		</Placemark>
		<Placemark>
			<name>LOS TRALPENES</name>
			<description><![CDATA[<p>NOMBRE_LOCALIDAD: LOS TRALPENES</p>]]></description>
			<styleUrl>#style10</styleUrl>
			<ExtendedData>
				<Data name="NOM_LOCALI">
					<displayName>NOM_LOCALI</displayName>
					<value>LOS TRALPENES</value>
				</Data>
			</ExtendedData>
			<Point>
				<coordinates>-72.63025478898125,-37.5063703066147,0</coordinates>
			</Point>
		</Placemark>
		<Placemark>
			<name>INDETERMINADA</name>
			<description><![CDATA[<p>NOMBRE_LOCALIDAD: INDETERMINADA</p>]]></description>
			<styleUrl>#style10</styleUrl>
			<ExtendedData>
				<Data name="NOM_LOCALI">
					<displayName>NOM_LOCALI</displayName>
					<value>INDETERMINADA</value>
				</Data>
			</ExtendedData>
			<Point>
				<coordinates>-72.64508045068604,-37.5249842190744,0</coordinates>
			</Point>
		</Placemark>
		<Placemark>
			<name>ARINCO</name>
			<description><![CDATA[<p>NOMBRE_LOCALIDAD: ARINCO</p>]]></description>
			<styleUrl>#style10</styleUrl>
			<ExtendedData>
				<Data name="NOM_LOCALI">
					<displayName>NOM_LOCALI</displayName>
					<value>ARINCO</value>
				</Data>
			</ExtendedData>
			<Point>
				<coordinates>-72.81593386137985,-37.44760434044054,0</coordinates>
			</Point>
		</Placemark>
		<Placemark>
			<name>EL PINO</name>
			<description><![CDATA[<p>NOMBRE_LOCALIDAD: EL PINO</p>]]></description>
			<styleUrl>#style10</styleUrl>
			<ExtendedData>
				<Data name="NOM_LOCALI">
					<displayName>NOM_LOCALI</displayName>
					<value>EL PINO</value>
				</Data>
			</ExtendedData>
			<Point>
				<coordinates>-72.84421096136643,-37.43816681965385,0</coordinates>
			</Point>
		</Placemark>
		<Placemark>
			<name>LOS PATOS</name>
			<description><![CDATA[<p>NOMBRE_LOCALIDAD: LOS PATOS</p>]]></description>
			<styleUrl>#style10</styleUrl>
			<ExtendedData>
				<Data name="NOM_LOCALI">
					<displayName>NOM_LOCALI</displayName>
					<value>LOS PATOS</value>
				</Data>
			</ExtendedData>
			<Point>
				<coordinates>-72.88446873118252,-37.46024121894639,0</coordinates>
			</Point>
		</Placemark>
		<Placemark>
			<name>LA SUERTE</name>
			<description><![CDATA[<p>NOMBRE_LOCALIDAD: LA SUERTE</p>]]></description>
			<styleUrl>#style10</styleUrl>
			<ExtendedData>
				<Data name="NOM_LOCALI">
					<displayName>NOM_LOCALI</displayName>
					<value>LA SUERTE</value>
				</Data>
			</ExtendedData>
			<Point>
				<coordinates>-72.698566099516,-37.52234898981606,0</coordinates>
			</Point>
		</Placemark>
		<Placemark>
			<name>SAN ANTONIO</name>
			<description><![CDATA[<p>NOMBRE_LOCALIDAD: SAN ANTONIO</p>]]></description>
			<styleUrl>#style10</styleUrl>
			<ExtendedData>
				<Data name="NOM_LOCALI">
					<displayName>NOM_LOCALI</displayName>
					<value>SAN ANTONIO</value>
				</Data>
			</ExtendedData>
			<Point>
				<coordinates>-72.70190646791893,-37.49698145321551,0</coordinates>
			</Point>
		</Placemark>
		<Placemark>
			<name>TAMBILLO</name>
			<description><![CDATA[<p>NOMBRE_LOCALIDAD: TAMBILLO</p>]]></description>
			<styleUrl>#style10</styleUrl>
			<ExtendedData>
				<Data name="NOM_LOCALI">
					<displayName>NOM_LOCALI</displayName>
					<value>TAMBILLO</value>
				</Data>
			</ExtendedData>
			<Point>
				<coordinates>-72.67117989968719,-37.55419938927671,0</coordinates>
			</Point>
		</Placemark>
		<Placemark>
			<name>CARRIZAL DE MEÑIR</name>
			<description><![CDATA[<p>NOMBRE_LOCALIDAD: CARRIZAL DE MEÑIR</p>]]></description>
			<styleUrl>#style10</styleUrl>
			<ExtendedData>
				<Data name="NOM_LOCALI">
					<displayName>NOM_LOCALI</displayName>
					<value>CARRIZAL DE MEÑIR</value>
				</Data>
			</ExtendedData>
			<Point>
				<coordinates>-72.75681924170432,-37.56723592703007,0</coordinates>
			</Point>
		</Placemark>
		<Placemark>
			<name>EL MAITÉN</name>
			<description><![CDATA[<p>NOMBRE_LOCALIDAD: EL MAITÉN</p>]]></description>
			<styleUrl>#style10</styleUrl>
			<ExtendedData>
				<Data name="NOM_LOCALI">
					<displayName>NOM_LOCALI</displayName>
					<value>EL MAITÉN</value>
				</Data>
			</ExtendedData>
			<Point>
				<coordinates>-72.71185906796835,-37.48087604248357,0</coordinates>
			</Point>
		</Placemark>
		<Placemark>
			<name>INDETERMINADA</name>
			<description><![CDATA[<p>NOMBRE_LOCALIDAD: INDETERMINADA</p>]]></description>
			<styleUrl>#style10</styleUrl>
			<ExtendedData>
				<Data name="NOM_LOCALI">
					<displayName>NOM_LOCALI</displayName>
					<value>INDETERMINADA</value>
				</Data>
			</ExtendedData>
			<Point>
				<coordinates>-72.70988756720578,-37.53691786564733,0</coordinates>
			</Point>
		</Placemark>
		<Placemark>
			<name>LOS GUINDOS</name>
			<description><![CDATA[<p>NOMBRE_LOCALIDAD: LOS GUINDOS</p>]]></description>
			<styleUrl>#style10</styleUrl>
			<ExtendedData>
				<Data name="NOM_LOCALI">
					<displayName>NOM_LOCALI</displayName>
					<value>LOS GUINDOS</value>
				</Data>
			</ExtendedData>
			<Point>
				<coordinates>-72.95874596775485,-37.55184504539721,0</coordinates>
			</Point>
		</Placemark>
		<Placemark>
			<name>CHOROICO</name>
			<description><![CDATA[<p>NOMBRE_LOCALIDAD: CHOROICO</p>]]></description>
			<styleUrl>#style10</styleUrl>
			<ExtendedData>
				<Data name="NOM_LOCALI">
					<displayName>NOM_LOCALI</displayName>
					<value>CHOROICO</value>
				</Data>
			</ExtendedData>
			<Point>
				<coordinates>-72.8487373289061,-37.54227647565821,0</coordinates>
			</Point>
		</Placemark>
		<Placemark>
			<name>INDETERMINADA</name>
			<description><![CDATA[<p>NOMBRE_LOCALIDAD: INDETERMINADA</p>]]></description>
			<styleUrl>#style10</styleUrl>
			<ExtendedData>
				<Data name="NOM_LOCALI">
					<displayName>NOM_LOCALI</displayName>
					<value>INDETERMINADA</value>
				</Data>
			</ExtendedData>
			<Point>
				<coordinates>-72.94106612969802,-37.58808563449553,0</coordinates>
			</Point>
		</Placemark>
		<Placemark>
			<name>LA AGUADA</name>
			<description><![CDATA[<p>NOMBRE_LOCALIDAD: LA AGUADA</p>]]></description>
			<styleUrl>#style10</styleUrl>
			<ExtendedData>
				<Data name="NOM_LOCALI">
					<displayName>NOM_LOCALI</displayName>
					<value>LA AGUADA</value>
				</Data>
			</ExtendedData>
			<Point>
				<coordinates>-72.94190847949059,-37.39712941098321,0</coordinates>
			</Point>
		</Placemark>
		<Placemark>
			<name>LOS CRUCEROS</name>
			<description><![CDATA[<p>NOMBRE_LOCALIDAD: LOS CRUCEROS</p>]]></description>
			<styleUrl>#style10</styleUrl>
			<ExtendedData>
				<Data name="NOM_LOCALI">
					<displayName>NOM_LOCALI</displayName>
					<value>LOS CRUCEROS</value>
				</Data>
			</ExtendedData>
			<Point>
				<coordinates>-72.96663288332232,-37.44891538494129,0</coordinates>
			</Point>
		</Placemark>
		<Placemark>
			<name>LOS PATOS</name>
			<description><![CDATA[<p>NOMBRE_LOCALIDAD: LOS PATOS</p>]]></description>
			<styleUrl>#style10</styleUrl>
			<ExtendedData>
				<Data name="NOM_LOCALI">
					<displayName>NOM_LOCALI</displayName>
					<value>LOS PATOS</value>
				</Data>
			</ExtendedData>
			<Point>
				<coordinates>-72.93037726794567,-37.46329007128136,0</coordinates>
			</Point>
		</Placemark>
		<Placemark>
			<name>QUILQUILCO</name>
			<description><![CDATA[<p>NOMBRE_LOCALIDAD: QUILQUILCO</p>]]></description>
			<styleUrl>#style10</styleUrl>
			<ExtendedData>
				<Data name="NOM_LOCALI">
					<displayName>NOM_LOCALI</displayName>
					<value>QUILQUILCO</value>
				</Data>
			</ExtendedData>
			<Point>
				<coordinates>-72.90045403376996,-37.36794566025807,0</coordinates>
			</Point>
		</Placemark>
		<Placemark>
			<name>PALMILLA</name>
			<description><![CDATA[<p>NOMBRE_LOCALIDAD: PALMILLA</p>]]></description>
			<styleUrl>#style10</styleUrl>
			<ExtendedData>
				<Data name="NOM_LOCALI">
					<displayName>NOM_LOCALI</displayName>
					<value>PALMILLA</value>
				</Data>
			</ExtendedData>
			<Point>
				<coordinates>-72.85728596937112,-37.50061572390174,0</coordinates>
			</Point>
		</Placemark>
		<Placemark>
			<name>SANTA GERTRUDIS</name>
			<description><![CDATA[<p>NOMBRE_LOCALIDAD: SANTA GERTRUDIS</p>]]></description>
			<styleUrl>#style10</styleUrl>
			<ExtendedData>
				<Data name="NOM_LOCALI">
					<displayName>NOM_LOCALI</displayName>
					<value>SANTA GERTRUDIS</value>
				</Data>
			</ExtendedData>
			<Point>
				<coordinates>-72.82342302364381,-37.41652104240428,0</coordinates>
			</Point>
		</Placemark>
		<Placemark>
			<name>CARRIZAL</name>
			<description><![CDATA[<p>NOMBRE_LOCALIDAD: CARRIZAL</p>]]></description>
			<styleUrl>#style10</styleUrl>
			<ExtendedData>
				<Data name="NOM_LOCALI">
					<displayName>NOM_LOCALI</displayName>
					<value>CARRIZAL</value>
				</Data>
			</ExtendedData>
			<Point>
				<coordinates>-72.95018309049021,-37.49474427840485,0</coordinates>
			</Point>
		</Placemark>
		<Placemark>
			<name>CHOROICO</name>
			<description><![CDATA[<p>NOMBRE_LOCALIDAD: CHOROICO</p>]]></description>
			<styleUrl>#style10</styleUrl>
			<ExtendedData>
				<Data name="NOM_LOCALI">
					<displayName>NOM_LOCALI</displayName>
					<value>CHOROICO</value>
				</Data>
			</ExtendedData>
			<Point>
				<coordinates>-72.82609613725518,-37.53418843881386,0</coordinates>
			</Point>
		</Placemark>
		<Placemark>
			<name>CULENCO</name>
			<description><![CDATA[<p>NOMBRE_LOCALIDAD: CULENCO</p>]]></description>
			<styleUrl>#style10</styleUrl>
			<ExtendedData>
				<Data name="NOM_LOCALI">
					<displayName>NOM_LOCALI</displayName>
					<value>CULENCO</value>
				</Data>
			</ExtendedData>
			<Point>
				<coordinates>-72.79836832303434,-37.41219989585244,0</coordinates>
			</Point>
		</Placemark>
		<Placemark>
			<name>DOLLINCO</name>
			<description><![CDATA[<p>NOMBRE_LOCALIDAD: DOLLINCO</p>]]></description>
			<styleUrl>#style10</styleUrl>
			<ExtendedData>
				<Data name="NOM_LOCALI">
					<displayName>NOM_LOCALI</displayName>
					<value>DOLLINCO</value>
				</Data>
			</ExtendedData>
			<Point>
				<coordinates>-72.78087223438834,-37.45502790559622,0</coordinates>
			</Point>
		</Placemark>
	</Document>
	<Placemark>
		<name>SAN ROQUE</name>
		<description><![CDATA[<p>COMUNA: NACIMIENTO
<br/>DISTRITO: 4
<br/>LOC_ZON: 33
<br/>NOMBRE_LOCALIDAD: SAN ROQUE
<br/>GEOCODIGO: 8306042033</p>]]></description>
		<styleUrl>#style1</styleUrl>
		<ExtendedData>
			<Data name="NOM_COMUNA">
				<displayName>NOM_COMUNA</displayName>
				<value>NACIMIENTO</value>
			</Data>
			<Data name="DISTRITO">
				<displayName>DISTRITO</displayName>
				<value>4</value>
			</Data>
			<Data name="LOC_ZON">
				<displayName>LOC_ZON</displayName>
				<value>33</value>
			</Data>
			<Data name="NOM_LOCALI">
				<displayName>NOM_LOCALI</displayName>
				<value>SAN ROQUE</value>
			</Data>
			<Data name="GEOCODIGO">
				<displayName>GEOCODIGO</displayName>
				<value>8306042033</value>
			</Data>
		</ExtendedData>
		<MultiGeometry>
			<Polygon>
				<outerBoundaryIs>
					<LinearRing>
						<tessellate>1</tessellate>
						<coordinates>
							-72.89988168399998,-37.38638554999994,0 -72.88939541999997,-37.38859089399995,0 -72.87810550799998,-37.38590815699996,0 -72.87624636099997,-37.38842326099996,0 -72.87521932899995,-37.38861801199994,0 -72.87390607899994,-37.38950894999994,0 -72.87375526899996,-37.38982400899994,0 -72.87360528299996,-37.38992178699993,0 -72.87139111099998,-37.39094929899994,0 -72.86776248299998,-37.39053391999994,0 -72.86666753499998,-37.39040857799995,0 -72.86661595499999,-37.39041689799996,0 -72.86652032599994,-37.39043232199998,0 -72.86621507299998,-37.39048155699993,0 -72.86087219499996,-37.39382073399997,0 -72.86097460499997,-37.39416472099998,0 -72.86287269199994,-37.40054007899994,0 -72.86371480899999,-37.40336860999997,0 -72.86571324699997,-37.41008123399996,0 -72.86665696199998,-37.41325111299994,0 -72.86724436099996,-37.41522414899998,0 -72.87149907899999,-37.41475522199994,0 -72.88109897399994,-37.41369718499993,0 -72.88535776699996,-37.41371013599996,0 -72.88666456499993,-37.41371411899996,0 -72.89381158299994,-37.41351825899994,0 -72.90980750199998,-37.41307832799998,0 -72.91037364799996,-37.41306271699995,0 -72.91104944299997,-37.41563798799996,0 -72.91153109899994,-37.41674699299995,0 -72.91561585599999,-37.42615074899993,0 -72.91734319999995,-37.42596488199996,0 -72.92326091499996,-37.42532802199997,0 -72.92513709099995,-37.42512607699996,0 -72.92760775799997,-37.42515687899999,0 -72.93364496599997,-37.42523187099994,0 -72.93686832299994,-37.42527187399998,0 -72.94552353099994,-37.42491191899995,0 -72.94697064499996,-37.42485170499998,0 -72.94882527599998,-37.42430850299996,0 -72.96234105399998,-37.42034874699993,0 -72.96473710299995,-37.41928529499995,0 -72.96766465399998,-37.41798588999995,0 -72.96759025999995,-37.41769076899993,0 -72.96735608399996,-37.41749748299998,0 -72.96722824899996,-37.41744571699996,0 -72.96700115499993,-37.41735619399998,0 -72.96658486399997,-37.41729045099993,0 -72.96588118499994,-37.41732790899994,0 -72.96548388799994,-37.41708224299998,0 -72.96516273099996,-37.41681535699996,0 -72.96498083499995,-37.41633457399996,0 -72.96498863799997,-37.41604631499996,0 -72.96500513399997,-37.41603932099997,0 -72.96536654599998,-37.41588609399997,0 -72.96548177299996,-37.41582949799994,0 -72.96568516099995,-37.41572485199998,0 -72.96564544499995,-37.41554842899995,0 -72.96556393199995,-37.41553350699996,0 -72.96539231299994,-37.41550802199998,0 -72.96504856399997,-37.41550210299994,0 -72.96447235999995,-37.41523983499997,0 -72.96444438399993,-37.41522210599993,0 -72.96444435199999,-37.41522208499998,0 -72.96420923299996,-37.41507308099995,0 -72.96394266599998,-37.41490541999997,0 -72.96387039099994,-37.41485996099993,0 -72.96370619899994,-37.41482108299994,0 -72.96351530799996,-37.41477723799994,0 -72.96303814099997,-37.41466537299993,0 -72.96253587799998,-37.41459362799998,0 -72.96241284399997,-37.41457348199998,0 -72.96228125499994,-37.41439997999998,0 -72.96218162099996,-37.41427208999994,0 -72.96251676599996,-37.41404805499997,0 -72.96270178399999,-37.41383945599995,0 -72.96283373499995,-37.41340012799998,0 -72.96280711299994,-37.41333085899998,0 -72.96075961799994,-37.41230039999994,0 -72.94894686299995,-37.41554116899994,0 -72.94788666099998,-37.41758297199993,0 -72.94126375899998,-37.41838342399996,0 -72.93632841699997,-37.41520703199996,0 -72.93292160199996,-37.40525140899996,0 -72.93243176299995,-37.40268098299998,0 -72.92924821399998,-37.40287523699993,0 -72.92829998099995,-37.39492531899998,0 -72.92803409099997,-37.39269599099998,0 -72.92196303099996,-37.38743889299997,0 -72.92220752099996,-37.38291263799994,0 -72.91631918699994,-37.38256218499998,0 -72.90957415499997,-37.38084887099996,0 -72.89988168399998,-37.38638554999994,0 
						</coordinates>
					</LinearRing>
				</outerBoundaryIs>
			</Polygon>
		</MultiGeometry>
	</Placemark>
	<Placemark>
		<name>CARRIZAL</name>
		<description><![CDATA[<p>COMUNA: NACIMIENTO
<br/>DISTRITO: 4
<br/>LOC_ZON: 4
<br/>NOMBRE_LOCALIDAD: CARRIZAL
<br/>GEOCODIGO: 8306042004</p>]]></description>
		<styleUrl>#style1</styleUrl>
		<ExtendedData>
			<Data name="NOM_COMUNA">
				<displayName>NOM_COMUNA</displayName>
				<value>NACIMIENTO</value>
			</Data>
			<Data name="DISTRITO">
				<displayName>DISTRITO</displayName>
				<value>4</value>
			</Data>
			<Data name="LOC_ZON">
				<displayName>LOC_ZON</displayName>
				<value>4</value>
			</Data>
			<Data name="NOM_LOCALI">
				<displayName>NOM_LOCALI</displayName>
				<value>CARRIZAL</value>
			</Data>
			<Data name="GEOCODIGO">
				<displayName>GEOCODIGO</displayName>
				<value>8306042004</value>
			</Data>
		</ExtendedData>
		<MultiGeometry>
			<Polygon>
				<outerBoundaryIs>
					<LinearRing>
						<tessellate>1</tessellate>
						<coordinates>
							-72.91491974399997,-37.47994278099998,0 -72.91508018199994,-37.48003246499997,0 -72.91549486999997,-37.48031916099995,0 -72.91588199799997,-37.48032599399994,0 -72.91621877099993,-37.48023730899996,0 -72.91646531799995,-37.48024165799995,0 -72.91670761199998,-37.48039913899999,0 -72.91695378399999,-37.48041699899994,0 -72.91715014399995,-37.48029429299993,0 -72.91719209499996,-37.48005621099998,0 -72.91735654499996,-37.47986084399997,0 -72.91756706299998,-37.47986455599994,0 -72.91779044699996,-37.48006676199998,0 -72.91794406299994,-37.48023619399993,0 -72.91806531399999,-37.48032394699993,0 -72.91834797699994,-37.48027485699998,0 -72.91851005099994,-37.48016506199997,0 -72.91857057599998,-37.47986872799993,0 -72.91857483599995,-37.47985259799998,0 -72.91862980799993,-37.47964446799995,0 -72.91875572599997,-37.47953854199994,0 -72.91894666499996,-37.47963653399995,0 -72.91916930199994,-37.47986575999994,0 -72.91945004599995,-37.47991126099998,0 -72.91979068499995,-37.47968294599997,0 -72.91977851999997,-37.47948446399994,0 -72.91988723299994,-37.47938724499994,0 -72.92015610199996,-37.47919821899995,0 -72.92035515799995,-37.47900345799997,0 -72.92038048099994,-37.47899070899996,0 -72.92062323299996,-37.47886848899998,0 -72.92101110399994,-37.47884828099996,0 -72.92116984299997,-37.47883305099998,0 -72.92118555199994,-37.47880178499997,0 -72.92122631999996,-37.47870787499994,0 -72.92142599599998,-37.47849059199996,0 -72.92165961899997,-37.47832347299993,0 -72.92199562799993,-37.47826179399993,0 -72.92240315299995,-37.47816982999996,0 -72.92257935299995,-37.47817292999997,0 -72.92266174899999,-37.47817437899994,0 -72.92271962999996,-37.47817539699997,0 -72.92315436799998,-37.47837680399994,0 -72.92350142899994,-37.47855413699995,0 -72.92372644699998,-37.47869778099994,0 -72.92400681499998,-37.47875678299994,0 -72.92432516399998,-37.47869478699994,0 -72.92459048999996,-37.47865889499997,0 -72.92492238699998,-37.47874583599997,0 -72.92497026099994,-37.47893142699996,0 -72.92521057599998,-37.47916095199997,0 -72.92541831099999,-37.47929077199996,0 -72.92561037899998,-37.47934821799998,0 -72.92585621799998,-37.47935253599996,0 -72.92608584999994,-37.47932953199995,0 -72.92615732399997,-37.47932628099994,0 -72.92635042999996,-37.47932065999998,0 -72.92649412299994,-37.47921053099998,0 -72.92672811099999,-37.47902988899995,0 -72.92731029099997,-37.47898603499993,0 -72.92760184099996,-37.47896761299995,0 -72.92764517999996,-37.47896487499997,0 -72.92787256999998,-37.47902293799996,0 -72.92796302399995,-37.47908710299998,0 -72.92821777999995,-37.47926781599995,0 -72.92892060299994,-37.47933421599998,0 -72.92965132999996,-37.47964442899996,0 -72.93007029999995,-37.47977794299993,0 -72.93038057199993,-37.48000868499997,0 -72.93066057799996,-37.48008118199994,0 -72.93103153899995,-37.48003360799999,0 -72.93162604599996,-37.48018370999995,0 -72.93200386399997,-37.48052828199997,0 -72.93201767599999,-37.48066821299994,0 -72.93221499799995,-37.48117634899995,0 -72.93219000999994,-37.48144176999995,0 -72.93204396199997,-37.48163747999996,0 -72.93165077499998,-37.48182435599995,0 -72.93162177199997,-37.48226093799997,0 -72.93187994299996,-37.48245921999995,0 -72.93216294099994,-37.48242362099995,0 -72.93237913999997,-37.48224716299995,0 -72.93271913299998,-37.48204132899997,0 -72.93322804299999,-37.48211782799996,0 -72.93360874399997,-37.48215820399997,0 -72.93373686899997,-37.48217179199997,0 -72.93406482399996,-37.48240283299998,0 -72.93400559699995,-37.48265413699994,0 -72.93412281599996,-37.48286346799995,0 -72.93441855199995,-37.48298129199998,0 -72.93471536799996,-37.48308561699997,0 -72.93476145099999,-37.48318213999994,0 -72.93486506099998,-37.48339915399998,0 -72.93497727699997,-37.48345660199993,0 -72.93522958799997,-37.48358577099998,0 -72.93538633799994,-37.48370961999996,0 -72.93543700099997,-37.48374964999994,0 -72.93560867999997,-37.48388529399995,0 -72.93595579699996,-37.48406259199993,0 -72.93628794299997,-37.48416752999998,0 -72.93656652199996,-37.48426702599994,0 -72.93657761599997,-37.48450604199996,0 -72.93655177499994,-37.48480299099998,0 -72.93666847099996,-37.48505737099998,0 -72.93687438499995,-37.48525472999995,0 -72.93713406699999,-37.48539895399995,0 -72.93752122599994,-37.48540571699994,0 -72.93783225099997,-37.48563645199994,0 -72.93807340599994,-37.48581189399994,0 -72.93844030599996,-37.48591292699996,0 -72.93873441599999,-37.48611632799998,0 -72.93920027499996,-37.48644889599996,0 -72.93922953499998,-37.48667020499994,0 -72.93927744899997,-37.48685578999994,0 -72.93938614799998,-37.48675855299996,0 -72.93963386999997,-37.48669528399995,0 -72.94012441499996,-37.48679846899995,0 -72.94045550199996,-37.48691689599997,0 -72.94072282999997,-37.48680890499998,0 -72.94091604299996,-37.48682579199993,0 -72.94121403099996,-37.48686252999994,0 -72.94131463299993,-37.48690473799996,0 -72.94138856599994,-37.48693575699997,0 -72.94152779299998,-37.48699416999995,0 -72.94157858199998,-37.48701812799993,0 -72.94180552399996,-37.48712518099995,0 -72.94195682899993,-37.48708932499994,0 -72.94214205399999,-37.48704542999997,0 -72.94239208799996,-37.48692361599996,0 -72.94255232399996,-37.48685431099995,0 -72.94285101999998,-37.48689105699998,0 -72.94318137099998,-37.48703649899994,0 -72.94321277599994,-37.48704144899995,0 -72.94337421499995,-37.48706689399995,0 -72.94369255099997,-37.48703188299993,0 -72.94392384199995,-37.48692325799993,0 -72.94415966699995,-37.48667502299998,0 -72.94430751299996,-37.48643877399996,0 -72.94451965799993,-37.48638388799998,0 -72.94497624099995,-37.48643689399995,0 -72.94530856899996,-37.48651026799996,0 -72.94572637399995,-37.48668876799996,0 -72.94581086299996,-37.48673596099997,0 -72.94593453699997,-37.48680504099997,0 -72.94591193899998,-37.48698489099996,0 -72.94574713999998,-37.48722084699995,0 -72.94599223399996,-37.48727918299994,0 -72.94634555999994,-37.48723125499998,0 -72.94667937299994,-37.48725057799993,0 -72.94702958299996,-37.48734228199993,0 -72.94746447599994,-37.48751656599995,0 -72.94791884999995,-37.48765063299993,0 -72.94839359999997,-37.48768591799995,0 -72.94888173499999,-37.48785210999995,0 -72.94933389699997,-37.48806724299993,0 -72.94964458199996,-37.48822314899996,0 -72.94985477599994,-37.48832862699993,0 -72.95030571299998,-37.48858879599993,0 -72.95053612699996,-37.48867738999996,0 -72.95084573999998,-37.48879643499998,0 -72.95144569799999,-37.48899157699998,0 -72.95253179699995,-37.48922797899996,0 -72.95389671799995,-37.48960933899997,0 -72.95421460899996,-37.48960249599997,0 -72.95432239999997,-37.48960460299998,0 -72.95440054499994,-37.48963439699997,0 -72.95443147999998,-37.48968823899997,0 -72.95448223099999,-37.48977656899996,0 -72.95463018699996,-37.49004351899998,0 -72.95475536299995,-37.49026936799993,0 -72.95481155599998,-37.49037075399997,0 -72.95502273099999,-37.49058115399998,0 -72.95547910299996,-37.49064312899998,0 -72.95604296299996,-37.49062585299998,0 -72.95607727599997,-37.49058589199996,0 -72.95617078499998,-37.49047485899996,0 -72.95612810599994,-37.49009560799993,0 -72.95612487999995,-37.49002649699997,0 -72.95612319299994,-37.48999035499997,0 -72.95611694899998,-37.48985659199997,0 -72.95615347999995,-37.48983152799997,0 -72.95628750799995,-37.48973956899994,0 -72.95628788299996,-37.48973931199998,0 -72.95628825799997,-37.48973905499997,0 -72.95629937599995,-37.48973142599993,0 -72.95647568299995,-37.48961045999994,0 -72.95681184199998,-37.48954417899995,0 -72.95704076299995,-37.48954813899996,0 -72.95718391199995,-37.48948302399998,0 -72.95743555599995,-37.48927558999998,0 -72.95780580799999,-37.48915131599995,0 -72.95791559599996,-37.48911716699996,0 -72.95834080599997,-37.48902538499993,0 -72.95860397699994,-37.48904345199998,0 -72.95871682399996,-37.48879306199996,0 -72.95881200699995,-37.48854236599993,0 -72.95900452399997,-37.48855921099994,0 -72.95942507099994,-37.48863857599997,0 -72.95945763699996,-37.48864003199998,0 -72.95950538299996,-37.48864216699997,0 -72.95991786599996,-37.48866060899996,0 -72.96014715099994,-37.48865105099998,0 -72.96029583799998,-37.48835621699993,0 -72.96049665599998,-37.48809382599995,0 -72.96054116999994,-37.48775663699996,0 -72.96069205799995,-37.48738073099997,0 -72.96106340699998,-37.48731955099998,0 -72.96148627599996,-37.48731333299997,0 -72.96204900999999,-37.48733656399997,0 -72.96229901399994,-37.48721470699996,0 -72.96254058099998,-37.48708480199997,0 -72.96265624699998,-37.48702260199997,0 -72.96278407599993,-37.48684456299998,0 -72.96317464799995,-37.48675216599997,0 -72.96358376499995,-37.48660150799998,0 -72.96376005499997,-37.48659102899995,0 -72.96414637099997,-37.48662923199998,0 -72.96442356999995,-37.48663400999993,0 -72.96460348999994,-37.48663711099994,0 -72.96490647599995,-37.48651616199993,0 -72.96501443699998,-37.48641888799995,0 -72.96501670999999,-37.48633513099998,0 -72.96502054799998,-37.48619368899995,0 -72.96483307399996,-37.48596515299994,0 -72.96483832999996,-37.48577148099997,0 -72.96489642999995,-37.48566126099996,0 -72.96498662599998,-37.48549015299994,0 -72.96520239299997,-37.48532714499999,0 -72.96554069899997,-37.48520680199994,0 -72.96580837999994,-37.48505820599996,0 -72.96578023599994,-37.48481889799996,0 -72.96566343999996,-37.48456454399997,0 -72.96584546699995,-37.48434237399994,0 -72.96604136799994,-37.48426013199997,0 -72.96630706399998,-37.48421063499995,0 -72.96665706899995,-37.48428425299994,0 -72.96704190999998,-37.48437649399995,0 -72.96737532599997,-37.48443630599996,0 -72.96752209299996,-37.48443413199993,0 -72.96779747299996,-37.48443005299998,0 -72.96809666299998,-37.48444871899994,0 -72.96834432999998,-37.48441242499996,0 -72.96841323799998,-37.48435595399997,0 -72.96855974699997,-37.48423588599996,0 -72.96896652299995,-37.48417078499995,0 -72.96913085099999,-37.48397534199995,0 -72.96913271899996,-37.48390637799997,0 -72.96913804699994,-37.48370960599993,0 -72.96919642599994,-37.48348530399994,0 -72.96913172699993,-37.48329042899996,0 -72.96901528799998,-37.48302256699998,0 -72.96916158499994,-37.48284033199997,0 -72.96946420899997,-37.48270584699998,0 -72.96973489599998,-37.48247167699998,0 -72.97000255899997,-37.48232306999995,0 -72.97014836599993,-37.48215884999996,0 -72.97052175499994,-37.48202107199995,0 -72.97084045099996,-37.48194543799997,0 -72.97108786399997,-37.48191814599994,0 -72.97131932199994,-37.48182749299997,0 -72.97142799799997,-37.48170318899997,0 -72.97150169899999,-37.48157835699993,0 -72.96320288999993,-37.47622517899998,0 -72.94701474799996,-37.48066616999995,0 -72.93203846299997,-37.47689971199998,0 -72.92464359499996,-37.47491011399995,0 -72.91430059399994,-37.47696945299998,0 -72.91502783699997,-37.47906861899997,0 -72.91491974399997,-37.47994278099998,0 
						</coordinates>
					</LinearRing>
				</outerBoundaryIs>
			</Polygon>
		</MultiGeometry>
	</Placemark>
	<Placemark>
		<name>CULENCO</name>
		<description><![CDATA[<p>COMUNA: NACIMIENTO
<br/>DISTRITO: 4
<br/>LOC_ZON: 7
<br/>NOMBRE_LOCALIDAD: CULENCO
<br/>GEOCODIGO: 8306042007</p>]]></description>
		<styleUrl>#style1</styleUrl>
		<ExtendedData>
			<Data name="NOM_COMUNA">
				<displayName>NOM_COMUNA</displayName>
				<value>NACIMIENTO</value>
			</Data>
			<Data name="DISTRITO">
				<displayName>DISTRITO</displayName>
				<value>4</value>
			</Data>
			<Data name="LOC_ZON">
				<displayName>LOC_ZON</displayName>
				<value>7</value>
			</Data>
			<Data name="NOM_LOCALI">
				<displayName>NOM_LOCALI</displayName>
				<value>CULENCO</value>
			</Data>
			<Data name="GEOCODIGO">
				<displayName>GEOCODIGO</displayName>
				<value>8306042007</value>
			</Data>
		</ExtendedData>
		<MultiGeometry>
			<Polygon>
				<outerBoundaryIs>
					<LinearRing>
						<tessellate>1</tessellate>
						<coordinates>
							-72.86176247199995,-37.34823438399997,0 -72.86159132299997,-37.34826485599996,0 -72.86158920699995,-37.34826481799996,0 -72.86158709199998,-37.34826477999997,0 -72.86149074299993,-37.34830359199998,0 -72.86137452099996,-37.34834655199995,0 -72.86126970999999,-37.34838521099994,0 -72.86112867899993,-37.34843222699993,0 -72.86092941599998,-37.34856855999993,0 -72.86066027699997,-37.34875269999998,0 -72.86056708499996,-37.34900335599997,0 -72.86045010999999,-37.34927160599995,0 -72.86036530999996,-37.34945031599995,0 -72.86014965799995,-37.34954104199994,0 -72.85981232999995,-37.34964308399998,0 -72.85938249099996,-37.34969838799998,0 -72.85911458499999,-37.34971606899995,0 -72.85876577599998,-37.34975030799995,0 -72.85842844599995,-37.34985234499993,0 -72.85825292199996,-37.34992126399993,0 -72.85792527599995,-37.35015415199996,0 -72.85744645899996,-37.35034374599996,0 -72.85703351899997,-37.35038572299993,0 -72.85699500899995,-37.35038963799997,0 -72.85680428799998,-37.35042222999994,0 -72.85663202899997,-37.35045065099996,0 -72.85623032699993,-37.35048392299996,0 -72.85614249799994,-37.35049584899997,0 -72.85575021799997,-37.35042114399994,0 -72.85568078799997,-37.35040636699995,0 -72.85486370299998,-37.35022953199996,0 -72.85456722699996,-37.35016536799998,0 -72.85390595199993,-37.35012182499997,0 -72.85345770799995,-37.35010467599994,0 -72.85299420699994,-37.35012780399995,0 -72.85244319999998,-37.35007724299993,0 -72.85208784999998,-37.35004375199998,0 -72.85191764399997,-37.35004967199995,0 -72.85174859199998,-37.35001505799994,0 -72.85156088399998,-37.35001615399995,0 -72.85152472799996,-37.34999747199998,0 -72.85128394399999,-37.34988044399995,0 -72.85127878399999,-37.34987584499993,0 -72.85127362299994,-37.34987124499997,0 -72.85124620999994,-37.34984473599997,0 -72.85123136899995,-37.34983038399997,0 -72.85121176599995,-37.34981142899994,0 -72.85115964399995,-37.34976102699994,0 -72.85102893099997,-37.34971809699994,0 -72.85081256599995,-37.34975922499996,0 -72.85065677999995,-37.34982849099998,0 -72.85036097699998,-37.35000786399996,0 -72.85022377999996,-37.35011802199995,0 -72.85012998699995,-37.35016588399998,0 -72.85003628599998,-37.35023126599998,0 -72.84990970199993,-37.35031959299994,0 -72.84986696399994,-37.35032359199994,0 -72.84954678399998,-37.35035354799993,0 -72.84931886899994,-37.35050260999998,0 -72.84912409299994,-37.35070184199998,0 -72.84896912799996,-37.35080161699995,0 -72.84879058499996,-37.35091657299995,0 -72.84861543099998,-37.35102153299994,0 -72.84843796499996,-37.35115272799993,0 -72.84819305699995,-37.35133377999995,0 -72.84817237799996,-37.35135176599994,0 -72.84782260599997,-37.35165598299994,0 -72.84778213399994,-37.35186252699998,0 -72.84776458699997,-37.35188476999997,0 -72.84756836699995,-37.35213350799995,0 -72.84754730899994,-37.35218251999993,0 -72.84747615699996,-37.35234812199997,0 -72.84750408899998,-37.35255591199996,0 -72.84750773799993,-37.35263413199993,0 -72.84751502899996,-37.35279042799993,0 -72.84751078399995,-37.35293905099996,0 -72.84747800199995,-37.35296209699993,0 -72.84731709299996,-37.35307521499993,0 -72.84709006599996,-37.35319274599993,0 -72.84705570499995,-37.35321014399995,0 -72.84705566899999,-37.35321015899996,0 -72.84705562999994,-37.35321017199993,0 -72.84702394599998,-37.35321952499993,0 -72.84701563399994,-37.35322744199993,0 -72.84697597999997,-37.35326521299993,0 -72.84691608799994,-37.35331999599998,0 -72.84688534499998,-37.35337530999993,0 -72.84679484199995,-37.35348075299993,0 -72.84677602399995,-37.35352697299993,0 -72.84649575799995,-37.35394557799998,0 -72.84642870599998,-37.35404679199996,0 -72.84636828099997,-37.35412018999995,0 -72.84631858499995,-37.35422637599993,0 -72.84630556099995,-37.35429836199995,0 -72.84629087699994,-37.35437952399997,0 -72.84627999199995,-37.35455625999998,0 -72.84627057099993,-37.35468180399994,0 -72.84626751199994,-37.35478883999997,0 -72.84626391999996,-37.35491448999994,0 -72.84625489699994,-37.35502607299998,0 -72.84623394899995,-37.35514675199994,0 -72.84621976299997,-37.35523496099995,0 -72.84614581499994,-37.35537329699997,0 -72.84609811199994,-37.35540967699995,0 -72.84575676799994,-37.35572007699994,0 -72.84561219599993,-37.35588040799996,0 -72.84551652499994,-37.35596247599995,0 -72.84540639299996,-37.35603582699997,0 -72.84540424099998,-37.35603725999994,0 -72.84506245499995,-37.35607125399997,0 -72.84466604199997,-37.35609106499993,0 -72.84436898599995,-37.35623885599995,0 -72.84410970799996,-37.35627468399997,0 -72.84370279899997,-37.35616812899997,0 -72.84342452199996,-37.35622388599995,0 -72.84324931399993,-37.35625899199994,0 -72.84301827399997,-37.35651613099998,0 -72.84275035399997,-37.35685370599998,0 -72.84259513199999,-37.35687790999998,0 -72.84225367999994,-37.35677705199998,0 -72.84180829999997,-37.35668330699997,0 -72.84146207699996,-37.35674908399994,0 -72.84116300799997,-37.35699145899997,0 -72.84089907899994,-37.35718941399995,0 -72.84058663499997,-37.35728284199996,0 -72.84022522899994,-37.35726272199997,0 -72.83994708299997,-37.35736578699994,0 -72.83992931299997,-37.35741953499996,0 -72.83985239099997,-37.35766596499997,0 -72.83991021199995,-37.35803652099997,0 -72.84003385099999,-37.35854796799998,0 -72.83997017899998,-37.35889827999995,0 -72.83994875199994,-37.35897922699996,0 -72.83989223899994,-37.35919271999995,0 -72.83988697499996,-37.35921260699996,0 -72.83985622299997,-37.35932878199998,0 -72.83939138699998,-37.35993762299995,0 -72.83935245399994,-37.36005138599995,0 -72.83924119899996,-37.36037647399996,0 -72.83921529899999,-37.36066439099994,0 -72.83915593299997,-37.36093817699998,0 -72.83892641499995,-37.36114126199993,0 -72.83823876699995,-37.36131627199995,0 -72.83823262899995,-37.36131783399998,0 -72.83778185799997,-37.36143576199999,0 -72.83765815099997,-37.36154164499993,0 -72.83737449599994,-37.36181132799993,0 -72.83690446599996,-37.36201000899996,0 -72.83642391599994,-37.36196066199994,0 -72.83622591299996,-37.36224542699995,0 -72.83594023799998,-37.36260969799997,0 -72.83564158699994,-37.36281150999997,0 -72.83539519799996,-37.36298724299996,0 -72.83500237199996,-37.36288091599994,0 -72.83472134999994,-37.36308304999994,0 -72.83438424999997,-37.36341933699998,0 -72.83419237899994,-37.36351495699995,0 -72.83404599199997,-37.36359716599998,0 -72.83391264799997,-37.36367205099998,0 -72.83378167899997,-37.36403013799998,0 -72.83378565299995,-37.36448081899994,0 -72.83388543199999,-37.36497949099993,0 -72.83392139399996,-37.36515921799997,0 -72.83403557599996,-37.36549984799996,0 -72.83422231499998,-37.36605693499996,0 -72.83474485499994,-37.36646304099997,0 -72.83491255399997,-37.36661931899994,0 -72.83500530499998,-37.36697699799998,0 -72.83526034299996,-37.36710285799995,0 -72.83541306699993,-37.36717822599996,0 -72.83604138899994,-37.36746459999995,0 -72.83704996899996,-37.36773089099995,0 -72.83752383199999,-37.36801443099995,0 -72.83768416899994,-37.36842741699996,0 -72.83767439199994,-37.36876794299997,0 -72.83767343599999,-37.36880122499997,0 -72.83768791899996,-37.36883753799998,0 -72.83762347099997,-37.36899387699998,0 -72.83766271099995,-37.36913258599998,0 -72.83770269299998,-37.36924543399994,0 -72.83778340199996,-37.36944526999997,0 -72.83783071999994,-37.36967899399997,0 -72.83786847799996,-37.36986942099998,0 -72.83766837999997,-37.37006412199997,0 -72.83737305899996,-37.37018808499994,0 -72.83698226899998,-37.37024993099993,0 -72.83653871499996,-37.37026768799996,0 -72.83615921799998,-37.37031248799997,0 -72.83576941699994,-37.37033984999994,0 -72.83536980599996,-37.37033253399994,0 -72.83501463499994,-37.37028290899997,0 -72.83464554999995,-37.36996567099993,0 -72.83441225999997,-37.36979235699994,0 -72.83426467399994,-37.36968271399996,0 -72.83364570199996,-37.36941264199993,0 -72.83306150299995,-37.36943643299998,0 -72.83261595699997,-37.36966756399994,0 -72.83246337099996,-37.36974671899998,0 -72.83241264199995,-37.36976831899995,0 -72.83239474799996,-37.36977700299997,0 -72.83171346099994,-37.37007993499998,0 -72.83127449799997,-37.37037378999997,0 -72.83070434199993,-37.37044443799994,0 -72.83017659199999,-37.37083128799998,0 -72.83000985999996,-37.37122926799998,0 -72.83006237399997,-37.37180700899995,0 -72.82995186099998,-37.37206633299996,0 -72.82976949299996,-37.37241896499995,0 -72.82974432899994,-37.37267985499994,0 -72.82970820799994,-37.37273326499997,0 -72.82936151099995,-37.37281251499996,0 -72.82904786599994,-37.37280675499994,0 -72.82896578799995,-37.37280524799996,0 -72.82863646499999,-37.37289382699998,0 -72.82850636199998,-37.37322037999996,0 -72.82827158099997,-37.37360358899997,0 -72.82814728299996,-37.37373178699994,0 -72.82788095999996,-37.37400646499998,0 -72.82749618299994,-37.37420667399994,0 -72.82682378599998,-37.37424838699997,0 -72.82655660499995,-37.37431106599996,0 -72.82628589599994,-37.37437367999996,0 -72.82579695299995,-37.37461252199995,0 -72.82575445499998,-37.37488661099997,0 -72.82595112599995,-37.37523719499995,0 -72.82618444399998,-37.37551635599993,0 -72.82622800799999,-37.37579202699993,0 -72.82631643499997,-37.37629833299997,0 -72.82657639299998,-37.37685285299995,0 -72.82663435899997,-37.37704489099997,0 -72.82676514199994,-37.37747815999995,0 -72.82694041799994,-37.37795902499994,0 -72.82708411899995,-37.37833566999996,0 -72.82711153599996,-37.37858400799996,0 -72.82703361799997,-37.37891151899998,0 -72.82658821299998,-37.37942603399995,0 -72.82621266599995,-37.37972103399994,0 -72.82618645099996,-37.37974282599998,0 -72.82616493499995,-37.37976071099996,0 -72.82590519799999,-37.37976044099997,0 -72.82570080999994,-37.37969797099998,0 -72.82561452399995,-37.37967159799996,0 -72.82555779899997,-37.37965425999994,0 -72.82533006999995,-37.37958465599996,0 -72.82530909699994,-37.37957824499995,0 -72.82479387799998,-37.37952821099998,0 -72.82429251499997,-37.37959004699997,0 -72.82399910799995,-37.37962623499993,0 -72.82354078499998,-37.38000081199993,0 -72.82335410499996,-37.38018684799994,0 -72.82313233699995,-37.38040784899994,0 -72.82279867599993,-37.38064503099997,0 -72.82271638399999,-37.38109862799996,0 -72.82284827299998,-37.38132185399996,0 -72.82313512599995,-37.38150737899997,0 -72.82370146499994,-37.38157187999997,0 -72.82389045499997,-37.38160239599995,0 -72.82410224199998,-37.38201634599994,0 -72.82409221699999,-37.38236312899994,0 -72.82408232299997,-37.38270540699995,0 -72.82386767399998,-37.38297632499996,0 -72.82355158699994,-37.38319130299993,0 -72.82349391099996,-37.38321558099994,0 -72.82302852899994,-37.38341147999995,0 -72.82259023499995,-37.38367827699994,0 -72.82249631799993,-37.38384688799994,0 -72.82235421699994,-37.38410200399994,0 -72.82222210999998,-37.38449610399994,0 -72.82180300899995,-37.38470917799998,0 -72.82141894199998,-37.38488234199997,0 -72.82123845699994,-37.38516740299997,0 -72.82098491799997,-37.38558629899995,0 -72.82080521199998,-37.38584433699998,0 -72.82104206199995,-37.38600190999995,0 -72.82134747799995,-37.38615623899994,0 -72.82142233899998,-37.38654513999995,0 -72.82147922499996,-37.38696975799996,0 -72.82141906299995,-37.38724351799993,0 -72.82124130999995,-37.38743400199996,0 -72.82103412399994,-37.38747073799993,0 -72.82076178499995,-37.38734405299994,0 -72.82058885599997,-37.38736790099995,0 -72.82033796799993,-37.38771925299994,0 -72.81981669599998,-37.38787636399996,0 -72.81955847399996,-37.38787160099997,0 -72.81960100399994,-37.38759751599997,0 -72.81959054299995,-37.38734948999996,0 -72.81927947299994,-37.38695172399997,0 -72.81927847999998,-37.38694945299994,0 -72.81927550099994,-37.38694263899998,0 -72.81917873699996,-37.38659584499993,0 -72.81906930699995,-37.38645583599998,0 -72.81891905699996,-37.38632585499994,0 -72.81863792799999,-37.38623657999995,0 -72.81845591099994,-37.38617716199997,0 -72.81827139499995,-37.38620394199995,0 -72.81807221799994,-37.38627606699998,0 -72.81791099899993,-37.38648036999996,0 -72.81748437799996,-37.38692760399994,0 -72.81740645699995,-37.38691264699997,0 -72.81700686299996,-37.38694815899999,0 -72.81666683099996,-37.38693325399998,0 -72.81661859899998,-37.38690789999998,0 -72.81636076199999,-37.38677236299998,0 -72.81614801299997,-37.38656144799995,0 -72.81595788399994,-37.38640916599996,0 -72.81575576499995,-37.38629762699998,0 -72.81554002799999,-37.38628285899995,0 -72.81535129899999,-37.38626859099998,0 -72.81505166699998,-37.38635145199993,0 -72.81478167599994,-37.38661531299994,0 -72.81478066699998,-37.38661629899997,0 -72.81477862899999,-37.38661964099998,0 -72.81477251399997,-37.38662966699997,0 -72.81462924699997,-37.38740656499994,0 -72.81453656399998,-37.38821593999995,0 -72.81449074499994,-37.38860261299993,0 -72.81434283299996,-37.38895585599994,0 -72.81420649299997,-37.38937239699993,0 -72.81415393799995,-37.38952913699995,0 -72.81400837699994,-37.38980131399995,0 -72.81384713899996,-37.39000560999995,0 -72.81362151899998,-37.39006902799997,0 -72.81315695899997,-37.39004691499997,0 -72.81294077499996,-37.39006094299998,0 -72.81234644199998,-37.39009950699995,0 -72.81197751799994,-37.38975021899995,0 -72.81159441499995,-37.38930603999995,0 -72.81116574099997,-37.38923952299996,0 -72.81078608299998,-37.38925952799997,0 -72.81041192799995,-37.38909037999997,0 -72.81012272099997,-37.38898588899997,0 -72.80994925999994,-37.38902773599995,0 -72.80978853799996,-37.38921401199997,0 -72.80964256899995,-37.38949969399994,0 -72.80921863499998,-37.38985231999993,0 -72.80897371899994,-37.38999647999998,0 -72.80853376399995,-37.39031726499996,0 -72.80821235599996,-37.39071234299996,0 -72.80806473199993,-37.39088581099998,0 -72.80789146799998,-37.39108940599994,0 -72.80760916799994,-37.39130496599995,0 -72.80726000299995,-37.39146521199996,0 -72.80694475199994,-37.39164861699993,0 -72.80677981599996,-37.39197900399995,0 -72.80676944499999,-37.39233478799997,0 -72.80698580699993,-37.39261367199998,0 -72.80750845199998,-37.39299286299996,0 -72.80793163299995,-37.39324854499995,0 -72.80816422899994,-37.39352772699993,0 -72.80810065199995,-37.39394110399996,0 -72.80790407799998,-37.39419430199996,0 -72.80779778299996,-37.39430498199994,0 -72.80752071999996,-37.39434039699995,0 -72.80717072199997,-37.39438565999995,0 -72.80691784399994,-37.39434647099995,0 -72.80666697699996,-37.39405290199994,0 -72.80624702599994,-37.39381225099993,0 -72.80600482899996,-37.39371746899997,0 -72.80564493699995,-37.39368825799994,0 -72.80535007099996,-37.39377740999998,0 -72.80517462599994,-37.39388680299993,0 -72.80498324999996,-37.39393732199994,0 -72.80470610399993,-37.39399976499993,0 -72.80438833899996,-37.39426873099995,0 -72.80428701199997,-37.39478954899994,0 -72.80425898899995,-37.39514500499996,0 -72.80466405199996,-37.39544091599998,0 -72.80521244199997,-37.39551869199994,0 -72.80544328299999,-37.39564013499995,0 -72.80557807699995,-37.39598059099995,0 -72.80560542599994,-37.39622893099994,0 -72.80560031299996,-37.39625707399995,0 -72.80552300899996,-37.39668250999995,0 -72.80544576399996,-37.39698297999996,0 -72.80544262599994,-37.39709054399998,0 -72.80544103399995,-37.39714510999994,0 -72.80521249499998,-37.39730758899998,0 -72.80495227199998,-37.39737034699994,0 -72.80462289799993,-37.39743181999995,0 -72.80426320399994,-37.39737106599995,0 -72.80400376899996,-37.39740679999994,0 -72.80358660099995,-37.39752521699995,0 -72.80303780399998,-37.39746094399993,0 -72.80269961599998,-37.39782415199994,0 -72.80248405699996,-37.39812204799995,0 -72.80232426499998,-37.39829931799994,0 -72.80223383799995,-37.39844633599995,0 -72.80240232399996,-37.39857563799995,0 -72.80253794699996,-37.39864574999996,0 -72.80241162799996,-37.39883716099996,0 -72.80216951699998,-37.39885969499994,0 -72.80208742599996,-37.39874551699995,0 -72.80193179499997,-37.39875614099998,0 -72.80173900399996,-37.39887872399999,0 -72.80169679499994,-37.39913928899995,0 -72.80153313399995,-37.39942463099993,0 -72.80138105799995,-37.39991746499993,0 -72.80112933199996,-37.40026875899997,0 -72.80086751499994,-37.40038554999995,0 -72.80047204999994,-37.40036467299996,0 -72.80014125799994,-37.40049820299998,0 -72.79989110499997,-37.40079544999998,0 -72.79989952499994,-37.40111102899994,0 -72.79994063099997,-37.40146777099994,0 -72.79965629199995,-37.40175086299996,0 -72.79943970299996,-37.40210731299993,0 -72.79935697699995,-37.40256989299996,0 -72.79933397999997,-37.40277674199996,0 -72.79956617599998,-37.40306945199995,0 -72.79983149999998,-37.40313631199996,0 -72.80016472599993,-37.40322028199995,0 -72.80050223999996,-37.40346087699993,0 -72.80083778099998,-37.40376902499997,0 -72.80091504999996,-37.40407236699997,0 -72.80090464699998,-37.40442814999994,0 -72.80062140099994,-37.40469774699994,0 -72.80035706499996,-37.40490010399998,0 -72.79973321799997,-37.40501015399997,0 -72.79934891299996,-37.40521027499994,0 -72.79930787699993,-37.40543030599997,0 -72.79954377099995,-37.40559691599998,0 -72.79974447499995,-37.40580792999998,0 -72.79975724199994,-37.40597489099997,0 -72.79952650899997,-37.40618688399996,0 -72.79931715299995,-37.40629563599998,0 -72.79902112899998,-37.40639826799998,0 -72.79872787199997,-37.40640632399993,0 -72.79869329299999,-37.40640567999998,0 -72.79854685099997,-37.40670485599998,0 -72.79858953399997,-37.40700755499995,0 -72.79874149099999,-37.40712303599997,0 -72.79898055199999,-37.40718156099996,0 -72.79909516299995,-37.40739097299996,0 -72.79952325099998,-37.40808386099997,0 -72.79959406099994,-37.40860787799994,0 -72.79958720799993,-37.40884206399994,0 -72.79942628399994,-37.40903282599993,0 -72.79940420699995,-37.40920814999998,0 -72.79962185699998,-37.40941947999994,0 -72.79975380599996,-37.40961569599995,0 -72.79983476499996,-37.40979293799995,0 -72.79972369099994,-37.41006573799996,0 -72.79964807199997,-37.41028512499997,0 -72.79946941699995,-37.41050259299993,0 -72.79932863699997,-37.41060811599993,0 -72.79939379699994,-37.41072197999995,0 -72.79965051299996,-37.41078083299993,0 -72.79991433399994,-37.41086234599993,0 -72.79997520499995,-37.41088150499996,0 -72.80012725699999,-37.41096994999998,0 -72.80029602999997,-37.41106734899995,0 -72.80029635999995,-37.41106753899993,0 -72.80050149399995,-37.41113913299995,0 -72.80074404099997,-37.41110309299995,0 -72.80105464899998,-37.41108183699998,0 -72.80122921799995,-37.41100397699995,0 -72.80147356099997,-37.41088235399997,0 -72.80166379799994,-37.41087237499994,0 -72.80190445299996,-37.41087685199994,0 -72.80216551599995,-37.41078708099997,0 -72.80242868399995,-37.41062525199993,0 -72.80250218899994,-37.41047791999995,0 -72.80244145099994,-37.41018840499993,0 -72.80246633399997,-37.40994103599996,0 -72.80262654599994,-37.40975025599994,0 -72.80282204399998,-37.40956013199997,0 -72.80296637099997,-37.40933300799998,0 -72.80290247399995,-37.40915157899997,0 -72.80242533899997,-37.40897598399994,0 -72.80215168899997,-37.40891682299997,0 -72.80196790699995,-37.40870612799995,0 -72.80180563399995,-37.40838768699996,0 -72.80165722399994,-37.40815061299998,0 -72.80190339999996,-37.40796593899995,0 -72.80221548999998,-37.40791767099995,0 -72.80244367299997,-37.40776870999997,0 -72.80277923099999,-37.40747304599995,0 -72.80295550099999,-37.40733663599997,0 -72.80326600899997,-37.40734240799998,0 -72.80354162699996,-37.40733401299997,0 -72.80380030799995,-37.40732530299994,0 -72.80397328799995,-37.40730148099993,0 -72.80412586399996,-37.40737190699997,0 -72.80434541199998,-37.40754270899998,0 -72.80477234199998,-37.40767230299997,0 -72.80506489799996,-37.40766421899997,0 -72.80528681499999,-37.40775395499998,0 -72.80536668499997,-37.40794469199994,0 -72.80536024499997,-37.40816536799997,0 -72.80549212399995,-37.40838861199995,0 -72.80585147699998,-37.40846287499994,0 -72.80606022199999,-37.40839916099998,0 -72.80626857199996,-37.40834895599994,0 -72.80657837999996,-37.40835470699994,0 -72.80696824199998,-37.40856921999995,0 -72.80711767199995,-37.40874772799998,0 -72.80711202499998,-37.40894138199997,0 -72.80724351599997,-37.40917813599998,0 -72.80750042499994,-37.40919733599998,0 -72.80772473499997,-37.40921409999993,0 -72.80813797599995,-37.40920824699998,0 -72.80855795899998,-37.40899524099996,0 -72.80896344699994,-37.40867381899994,0 -72.80915585899999,-37.40856473599996,0 -72.80943690999999,-37.40839420999998,0 -72.80959342899996,-37.40832952099998,0 -72.80980584299994,-37.40813969899995,0 -72.81013617899998,-37.40804668799996,0 -72.81032124399997,-37.40818980399996,0 -72.81031442499994,-37.40842399099995,0 -72.81040867299998,-37.40872764199997,0 -72.81062915799998,-37.40886690799994,0 -72.81087216799995,-37.40879030099995,0 -72.81117056599999,-37.40860125899997,0 -72.81118132599994,-37.40859444199998,0 -72.81129371399999,-37.40852324099995,0 -72.81153531099994,-37.40844660599998,0 -72.81171048999994,-37.40839577899993,0 -72.81204239699997,-37.40824871899997,0 -72.81250746199999,-37.40825732799993,0 -72.81288926099995,-37.40814273199993,0 -72.81301635599993,-37.40792428799995,0 -72.81304486999994,-37.40755081499998,0 -72.81305364499997,-37.40724907299995,0 -72.81315047999993,-37.40688136999995,0 -72.81336335399999,-37.40665099499995,0 -72.81354510299997,-37.40632541699995,0 -72.81350275299997,-37.40600921099997,0 -72.81321669899995,-37.40576960399994,0 -72.81275589099994,-37.40563941399995,0 -72.81260509299995,-37.40548341699997,0 -72.81248110799999,-37.40501249399995,0 -72.81238968599996,-37.40458723499995,0 -72.81219161899998,-37.40430869999994,0 -72.81217459599998,-37.40370457599994,0 -72.81230456699996,-37.40338705299996,0 -72.81282425899997,-37.40328852699997,0 -72.81315779199997,-37.40306038499995,0 -72.81330495499998,-37.40273416699995,0 -72.81341903099997,-37.40238030099994,0 -72.81361220599996,-37.40224418699995,0 -72.81394394999995,-37.40210162499994,0 -72.81416607299997,-37.40215980599993,0 -72.81438583999994,-37.40229905199993,0 -72.81451546099998,-37.40257631699995,0 -72.81474554499994,-37.40296809099993,0 -72.81503447099993,-37.40310861499995,0 -72.81554874399995,-37.40317219399998,0 -72.81601377899995,-37.40318078899998,0 -72.81638376199999,-37.40291275699997,0 -72.81666642399995,-37.40266113499996,0 -72.81698222299997,-37.40245969099993,0 -72.81720591799996,-37.40246382099997,0 -72.81729200799998,-37.40246541199997,0 -72.81767251699995,-37.40241836699994,0 -72.81786685999998,-37.40224171399996,0 -72.81811263799995,-37.40209304599995,0 -72.81842202999997,-37.40211227599997,0 -72.81861185299994,-37.40211577799994,0 -72.81868030099997,-37.40211704299998,0 -72.81890847299996,-37.40211272599998,0 -72.81904199099995,-37.40211019999998,0 -72.81953053699993,-37.40191644299995,0 -72.81975788599993,-37.40179446799993,0 -72.82011918199998,-37.40180113199995,0 -72.82015105199997,-37.401795,0 -72.82076030499996,-37.40167777499994,0 -72.82096627899995,-37.40170860899997,0 -72.82121270599998,-37.40202514299995,0 -72.82121541699996,-37.40202862499996,0 -72.82146051399997,-37.40248825399993,0 -72.82148773299997,-37.40271856399994,0 -72.82141132599997,-37.40299202499995,0 -72.82139617999997,-37.40302374799995,0 -72.82129500199994,-37.40323566799998,0 -72.82122792399997,-37.40337616399995,0 -72.82120492099995,-37.40347878699998,0 -72.82119772099998,-37.40351090899998,0 -72.82114846099995,-37.40373067599995,0 -72.82117468899997,-37.40401954699996,0 -72.82114653199994,-37.40440654699995,0 -72.82123925499997,-37.40476423399997,0 -72.82168196399994,-37.40493461299997,0 -72.82212446699998,-37.40513652799996,0 -72.82239290499996,-37.40537578899995,0 -72.82240345199995,-37.40559677999994,0 -72.82213791799995,-37.40586675499998,0 -72.82195503299994,-37.40623288099994,0 -72.82194668499994,-37.40652111399993,0 -72.82194107699996,-37.40671476999995,0 -72.82214401199997,-37.40682665499997,0 -72.82225454899998,-37.40719428099993,0 -72.82227219599997,-37.40725296999994,0 -72.82228570399997,-37.40729789499994,0 -72.82231154599998,-37.40760027599998,0 -72.82228712099999,-37.40783413999998,0 -72.82245096899999,-37.40812554599995,0 -72.82258368199996,-37.40832175099996,0 -72.82269452699995,-37.40863921699997,0 -72.82285603099996,-37.40901168799996,0 -72.82314017199997,-37.40931882699994,0 -72.82347896299996,-37.40951882699994,0 -72.82370963399995,-37.40989257099994,0 -72.82369764299995,-37.41030690599996,0 -72.82358594799996,-37.41057971799995,0 -72.82347261099994,-37.41093360799994,0 -72.82354841299997,-37.41129098099998,0 -72.82362079799998,-37.41153542999996,0 -72.82364232699996,-37.41160813399995,0 -72.82365436599997,-37.41180211499994,0 -72.82354736099995,-37.41191279499998,0 -72.82361183199998,-37.41207619999994,0 -72.82365696499994,-37.41229782799996,0 -72.82372456499996,-37.41235314499994,0 -72.82406532499994,-37.41248558899997,0 -72.82433978899996,-37.41251767899996,0 -72.82445851899996,-37.41258745499994,0 -72.82438023299994,-37.41290143699996,0 -72.82442184899998,-37.41324466199995,0 -72.82450156699997,-37.41346692599996,0 -72.82477387499995,-37.41359810799997,0 -72.82535778499994,-37.41364940899996,0 -72.82609657599994,-37.41371707499997,0 -72.82664778399999,-37.41372721399995,0 -72.82670125799996,-37.41366060699994,0 -72.82679100699994,-37.41353608799994,0 -72.82698281199998,-37.41347202499998,0 -72.82720810199999,-37.41342209499993,0 -72.82740852099994,-37.41347534499994,0 -72.82763549899994,-37.41353809799995,0 -72.82799763399998,-37.41351771799998,0 -72.82839955499998,-37.41331782699996,0 -72.82874709099997,-37.41321606799994,0 -72.82891030899998,-37.41306534199998,0 -72.82892410999995,-37.41305259699993,0 -72.82896843599997,-37.41250187699995,0 -72.82897806899996,-37.41238218699993,0 -72.82897108899994,-37.41201256299996,0 -72.82934432299999,-37.41163189899993,0 -72.82935159099998,-37.41162851999997,0 -72.83002498299999,-37.41131545899998,0 -72.83050072799995,-37.41095469799995,0 -72.83084877099998,-37.41083491799998,0 -72.83140307699995,-37.41073694599993,0 -72.83163316199995,-37.41052037099996,0 -72.83185890399994,-37.40986662999995,0 -72.83204110199995,-37.40952300699996,0 -72.83218495299997,-37.40930935499995,0 -72.83253220599994,-37.40921659199995,0 -72.83260944699998,-37.40923152499994,0 -72.83306327399998,-37.40931194599995,0 -72.83351459799997,-37.40979786199995,0 -72.83380781099999,-37.41038001199996,0 -72.83395113899996,-37.41079719599998,0 -72.83424168899995,-37.41088362999994,0 -72.83451770999994,-37.41086165199994,0 -72.83495016099994,-37.41080198499998,0 -72.83522695899995,-37.41075298299995,0 -72.83560205699996,-37.41089503499995,0 -72.83582176099998,-37.41103874599997,0 -72.83602310199996,-37.41123168799993,0 -72.83631041699994,-37.41143070899994,0 -72.83663601499995,-37.41147722399995,0 -72.83701500599994,-37.41148416199997,0 -72.83732250099996,-37.41157089899997,0 -72.83766172999998,-37.41175734799998,0 -72.83817044599994,-37.41204152499995,0 -72.83857379499995,-37.41240488099993,0 -72.83874792299997,-37.41293076799997,0 -72.83878753399995,-37.41334604999997,0 -72.83885035599997,-37.41356799499994,0 -72.83897360599997,-37.41360780899998,0 -72.83929393599993,-37.41371128799994,0 -72.83969613399995,-37.41411517399996,0 -72.83998276299997,-37.41431417399997,0 -72.84002937099996,-37.41444158499996,0 -72.84007900899996,-37.41457728399996,0 -72.84033059999996,-37.41481619699994,0 -72.84063487899994,-37.41501551799996,0 -72.84073171499995,-37.41523357799997,0 -72.84090224699997,-37.41529527299997,0 -72.84140039699997,-37.41535844599997,0 -72.84152575999997,-37.41541853599995,0 -72.84172291299996,-37.41551303699998,0 -72.84199293299997,-37.41572524699995,0 -72.84215610699994,-37.41597633199996,0 -72.84225668899995,-37.41613110199995,0 -72.84240847599995,-37.41625553599994,0 -72.84247538799997,-37.41631083099998,0 -72.84276584099996,-37.41640174899993,0 -72.84324773199995,-37.41635196599998,0 -72.84324799699993,-37.41635197099998,0 -72.84324958499997,-37.41635200099995,0 -72.84349562099999,-37.41619427299997,0 -72.84376221199994,-37.41591074999997,0 -72.84411180799998,-37.41573688699998,0 -72.84442359099995,-37.41567498399996,0 -72.84476685899995,-37.41572179899998,0 -72.84503734399993,-37.41589345599994,0 -72.84520013599996,-37.41622536699998,0 -72.84536847999993,-37.41636361799993,0 -72.84578091999998,-37.41641169199994,0 -72.84634625599995,-37.41652112999998,0 -72.84675869799997,-37.41656920099996,0 -72.84698721099994,-37.41640664099998,0 -72.84720039999996,-37.41616269099995,0 -72.84737571099998,-37.41605773999999,0 -72.84760015699999,-37.41606182799995,0 -72.84784834699997,-37.41607385199995,0 -72.84804724899993,-37.41608348899996,0 -72.84842626599993,-37.41609039099995,0 -72.84868265699998,-37.41616264999993,0 -72.84893698699995,-37.41630696699997,0 -72.84931143399996,-37.41644896499997,0 -72.84959687299994,-37.41671551099995,0 -72.85000764399996,-37.41682211799997,0 -72.85050626699996,-37.41684470799999,0 -72.85099039599999,-37.41678141599994,0 -72.85123010999996,-37.41684435399998,0 -72.85143227999998,-37.41701024799994,0 -72.85189155799998,-37.41719883999997,0 -72.85216404799996,-37.41732545799994,0 -72.85243378599995,-37.41752411999994,0 -72.85268773899998,-37.41768193799993,0 -72.85252699699998,-37.41436218599995,0 -72.86665696199998,-37.41325111299994,0 -72.86571324699997,-37.41008123399996,0 -72.86371480899999,-37.40336860999997,0 -72.86287269199994,-37.40054007899994,0 -72.86097460499997,-37.39416472099998,0 -72.86087219499996,-37.39382073399997,0 -72.86621507299998,-37.39048155699993,0 -72.86652032599994,-37.39043232199998,0 -72.86661595499999,-37.39041689799996,0 -72.86666753499998,-37.39040857799995,0 -72.86776248299998,-37.39053391999994,0 -72.87139111099998,-37.39094929899994,0 -72.87360528299996,-37.38992178699993,0 -72.87375526899996,-37.38982400899994,0 -72.87390607899994,-37.38950894999994,0 -72.87521932899995,-37.38861801199994,0 -72.87624636099997,-37.38842326099996,0 -72.87810550799998,-37.38590815699996,0 -72.87382784899995,-37.38200164299997,0 -72.87278509699996,-37.38093406499996,0 -72.86889029999998,-37.37694620399998,0 -72.86977494899998,-37.37643651899998,0 -72.87022290799996,-37.37624344199997,0 -72.86985323099998,-37.37588653599994,0 -72.87561945999994,-37.37442257799995,0 -72.87134929099994,-37.36559330099993,0 -72.87101264399996,-37.36489713799995,0 -72.86801924299994,-37.35609106299995,0 -72.86629416299996,-37.35101526899996,0 -72.86596032899996,-37.35126825599997,0 -72.86578852899999,-37.35135527799997,0 -72.86568910199998,-37.35140304999993,0 -72.86543548299994,-37.35138945999995,0 -72.86521471899994,-37.35113763799995,0 -72.86514274699994,-37.35083893499996,0 -72.86517278899998,-37.35065340399996,0 -72.86519146199998,-37.35053809299995,0 -72.86519147399997,-37.35053801799995,0 -72.86519149799994,-37.35053790699993,0 -72.86523704699994,-37.35034947099996,0 -72.86544657499996,-37.35005134399995,0 -72.86565220699998,-37.34986579899993,0 -72.86579085299996,-37.34972861199998,0 -72.86579732699994,-37.34972422299995,0 -72.86580380099997,-37.34971983399998,0 -72.86585251199995,-37.34964410899994,0 -72.86589972299998,-37.34939712499994,0 -72.86587456899997,-37.34923895699995,0 -72.86586814499998,-37.34922884399998,0 -72.86586493099998,-37.34922378799996,0 -72.86583429799998,-37.34917526599997,0 -72.86583421699999,-37.34917514199998,0 -72.86582922299993,-37.34916756799998,0 -72.86580730599997,-37.34913314199997,0 -72.86575568599994,-37.34905205999996,0 -72.86575398599996,-37.34904977599996,0 -72.86575228699996,-37.34904749299994,0 -72.86534397199995,-37.34894098699993,0 -72.86492664499997,-37.34902808099997,0 -72.86468617699995,-37.34902373899996,0 -72.86407700099994,-37.34880996099997,0 -72.86360225699997,-37.34855805499996,0 -72.86311316299998,-37.34836446599996,0 -72.86280800499998,-37.34827784099997,0 -72.86250227099998,-37.34818669899994,0 -72.86210326999998,-37.34817497899996,0 -72.86209868599997,-37.34817489599993,0 -72.86209410199996,-37.34817481299996,0 -72.86205083099998,-37.34818304299995,0 -72.86176247199995,-37.34823438399997,0 
						</coordinates>
					</LinearRing>
				</outerBoundaryIs>
			</Polygon>
		</MultiGeometry>
	</Placemark>
	<Placemark>
		<name>INDETERMINADA</name>
		<description><![CDATA[<p>COMUNA: NACIMIENTO
<br/>DISTRITO: 4
<br/>LOC_ZON: 901
<br/>NOMBRE_LOCALIDAD: INDETERMINADA
<br/>GEOCODIGO: 8306042901</p>]]></description>
		<styleUrl>#style1</styleUrl>
		<ExtendedData>
			<Data name="NOM_COMUNA">
				<displayName>NOM_COMUNA</displayName>
				<value>NACIMIENTO</value>
			</Data>
			<Data name="DISTRITO">
				<displayName>DISTRITO</displayName>
				<value>4</value>
			</Data>
			<Data name="LOC_ZON">
				<displayName>LOC_ZON</displayName>
				<value>901</value>
			</Data>
			<Data name="NOM_LOCALI">
				<displayName>NOM_LOCALI</displayName>
				<value>INDETERMINADA</value>
			</Data>
			<Data name="GEOCODIGO">
				<displayName>GEOCODIGO</displayName>
				<value>8306042901</value>
			</Data>
		</ExtendedData>
		<MultiGeometry>
			<Polygon>
				<outerBoundaryIs>
					<LinearRing>
						<tessellate>1</tessellate>
						<coordinates>
							-72.89381158299994,-37.41351825899994,0 -72.88666456499993,-37.41371411899996,0 -72.88535776699996,-37.41371013599996,0 -72.88109897399994,-37.41369718499993,0 -72.87149907899999,-37.41475522199994,0 -72.86724436099996,-37.41522414899998,0 -72.86665696199998,-37.41325111299994,0 -72.85252699699998,-37.41436218599995,0 -72.85268773899998,-37.41768193799993,0 -72.85272987199994,-37.41801164699996,0 -72.85272163899998,-37.41829988599994,0 -72.85283693399998,-37.41849123399993,0 -72.85283410299996,-37.41859031699994,0 -72.85276177799994,-37.41872418499997,0 -72.85273859999995,-37.41891752399994,0 -72.85275277699998,-37.41903944699993,0 -72.85284698799995,-37.41906375199994,0 -72.85294065299996,-37.41908791799995,0 -72.85318378499994,-37.41900671999997,0 -72.85351797999994,-37.41877847599994,0 -72.85369329099996,-37.41867351899998,0 -72.85398466499998,-37.41873288499994,0 -72.85410253399994,-37.41883415799998,0 -72.85425325399996,-37.41897207699998,0 -72.85438690999996,-37.41911418799998,0 -72.85459371799993,-37.41911794299995,0 -72.85478564499994,-37.41904933099994,0 -72.85492405299993,-37.41902481099993,0 -72.85511077399997,-37.41911381499995,0 -72.85532912499997,-37.41930702899998,0 -72.85547580399998,-37.41961160099993,0 -72.85574401699995,-37.41986429999997,0 -72.85591470099996,-37.41992146899997,0 -72.85613845299997,-37.41992552899995,0 -72.85639717699996,-37.41991670499993,0 -72.85656901599998,-37.41993334299997,0 -72.85677184899998,-37.42007670699996,0 -72.85709743599995,-37.42015020099996,0 -72.85737425599996,-37.42010114899995,0 -72.85768527799996,-37.42006623499998,0 -72.85830340599995,-37.42015854999994,0 -72.85898525799996,-37.42041873999995,0 -72.85932592699999,-37.42053305799993,0 -72.85957952499996,-37.42070437399997,0 -72.86006008299995,-37.42076715099995,0 -72.86069939199996,-37.42071113599997,0 -72.86123641299997,-37.42062622699996,0 -72.86158637999995,-37.42043880199998,0 -72.86191549499995,-37.42036364899997,0 -72.86231224399995,-37.42034379299997,0 -72.86250019599998,-37.42041478499993,0 -72.86271857199995,-37.42060798899996,0 -72.86305124799998,-37.42102855999997,0 -72.86316145199999,-37.42140005599998,0 -72.86331331799994,-37.42156659799997,0 -72.86332856399997,-37.42158331699994,0 -72.86343084899994,-37.42161220499997,0 -72.86366604299997,-37.42181021799996,0 -72.86388308399995,-37.42207548999994,0 -72.86399370199996,-37.42235995499993,0 -72.86404366799997,-37.42248844599993,0 -72.86406423899996,-37.42295744899997,0 -72.86419478599998,-37.42323468299998,0 -72.86461244799995,-37.42369734199997,0 -72.86499488699997,-37.42418189599994,0 -72.86534658099998,-37.42453071099993,0 -72.86571899499995,-37.42477175199997,0 -72.86621601599995,-37.42485282599995,0 -72.86715872499997,-37.42503206299995,0 -72.86750396699995,-37.42501125599995,0 -72.86766309799998,-37.42487894999994,0 -72.86758285599996,-37.42467022099993,0 -72.86757032299994,-37.42448974999996,0 -72.86771078799995,-37.42441999499994,0 -72.86772791999994,-37.42441148899997,0 -72.86781593599994,-37.42441999899995,0 -72.86807162699995,-37.42444472699998,0 -72.86859902099997,-37.42467503999995,0 -72.86891723299993,-37.42500971799996,0 -72.86895043399994,-37.42515901899998,0 -72.86896288799994,-37.42521782199998,0 -72.86882025699998,-37.42539098799995,0 -72.86838531899997,-37.42553634499995,0 -72.86818910599999,-37.42578064099996,0 -72.86818054699995,-37.42608239299994,0 -72.86820816999995,-37.42630369099993,0 -72.86796208999993,-37.42648850099994,0 -72.86759906599997,-37.42651349499994,0 -72.86718534199997,-37.42653306499994,0 -72.86656056599998,-37.42669751999995,0 -72.86639784499994,-37.42695593699995,0 -72.86563266199994,-37.42718994799998,0 -72.86543605299994,-37.42744774899995,0 -72.86545848999998,-37.42787623099997,0 -72.86551206299998,-37.42842693799997,0 -72.86559211199994,-37.42861764199995,0 -72.86572429599994,-37.42867889799993,0 -72.86596645999998,-37.42879112799994,0 -72.86615085699998,-37.42898821499995,0 -72.86610731299999,-37.42930285599994,0 -72.86586051099994,-37.42948764899995,0 -72.86517266999994,-37.42943467199996,0 -72.86496500099997,-37.42948499099998,0 -72.86475380799999,-37.42963437799995,0 -72.86454812199997,-37.42959010999994,0 -72.86439511899994,-37.42950623699994,0 -72.86419448699996,-37.42930885099997,0 -72.86362320199999,-37.42937962799994,0 -72.86274271199994,-37.42944481499995,0 -72.86241304599997,-37.42953798199994,0 -72.86226839899996,-37.42975616399997,0 -72.86227861599997,-37.43001769999995,0 -72.86244228199996,-37.43032256699996,0 -72.86236528399996,-37.43059604399997,0 -72.86228066999996,-37.43071020499997,0 -72.86211481699996,-37.43093397299998,0 -72.86207163999995,-37.43123509699996,0 -72.86204463899998,-37.43156355499997,0 -72.86251610999994,-37.43197312299998,0 -72.86300816099998,-37.43237440099995,0 -72.86330720899997,-37.43261828099998,0 -72.86349160599997,-37.43281537199994,0 -72.86327860799997,-37.43302781199998,0 -72.86320314799997,-37.43324724799993,0 -72.86335334199998,-37.43343020099996,0 -72.86361326499997,-37.43338083099997,0 -72.86382011499995,-37.43338457199997,0 -72.86399083599997,-37.43344172999997,0 -72.86440267899997,-37.43348972999996,0 -72.86446201999996,-37.43321593199994,0 -72.86450557299997,-37.43290129499997,0 -72.86467189399997,-37.43251677999996,0 -72.86466512499999,-37.43213364199994,0 -72.86463827899996,-37.43188532799996,0 -72.86481834399996,-37.43161370699994,0 -72.86520057599995,-37.43148543299998,0 -72.86580781199996,-37.43134319899997,0 -72.86618499099995,-37.43141760199995,0 -72.86647437899995,-37.43154899599995,0 -72.86665027599997,-37.43202080299994,0 -72.86672361699993,-37.43247273299994,0 -72.86670728199994,-37.43267691199998,0 -72.86669733899998,-37.43280120099996,0 -72.86667073899997,-37.43311614699996,0 -72.86647642299994,-37.43329287599994,0 -72.86642015899997,-37.43345858299995,0 -72.86662783699995,-37.43340826499997,0 -72.86695745499998,-37.43334211999996,0 -72.86726622699996,-37.43338824899996,0 -72.86769367699998,-37.43350861599998,0 -72.86813775499996,-37.43366532899995,0 -72.86830742099994,-37.43370710399995,0 -72.86839448199999,-37.43372853799997,0 -72.86840567099995,-37.43393151299995,0 -72.86820905699994,-37.43418931699995,0 -72.86826692999995,-37.43456436499997,0 -72.86831028899996,-37.43485353499995,0 -72.86830571699994,-37.43501498499995,0 -72.86830571499996,-37.43501502699996,0 -72.86830571299998,-37.43501506899997,0 -72.86830019499996,-37.43520933399998,0 -72.86826123799995,-37.43525376599996,0 -72.86805126999997,-37.43549322999996,0 -72.86784007099999,-37.43564261999995,0 -72.86758439399995,-37.43597030899997,0 -72.86758350899999,-37.43597144099994,0 -72.86752956699996,-37.43625435299998,0 -72.86777858999994,-37.43650111699998,0 -72.86779820199996,-37.43652055099994,0 -72.86808665399997,-37.43666093699994,0 -72.86866982699996,-37.43677059299995,0 -72.86898304099998,-37.43690051999994,0 -72.86901052699994,-37.43691191999994,0 -72.86945622099995,-37.43698754799993,0 -72.86985062999997,-37.43705323599994,0 -72.87002647399999,-37.43693023699996,0 -72.87021983999995,-37.43681206199994,0 -72.87054748699995,-37.43679093099996,0 -72.87087717199995,-37.43678188899997,0 -72.87094406799997,-37.43678005399994,0 -72.87151030399997,-37.43688938999998,0 -72.87205565599999,-37.43696792999998,0 -72.87236857499994,-37.43701299499998,0 -72.87278044399994,-37.43706096299996,0 -72.87300615799995,-37.43699743899998,0 -72.87306585899995,-37.43671012399994,0 -72.87320934299998,-37.43653246799994,0 -72.87336229799996,-37.43659379899998,0 -72.87368452999993,-37.43678885399993,0 -72.87385055199996,-37.43701263799994,0 -72.87421966999995,-37.43734822299996,0 -72.87455324999996,-37.43774174499998,0 -72.87533872099993,-37.43801722499995,0 -72.87573250599996,-37.43810541599998,0 -72.87591866199995,-37.43821690499993,0 -72.87599537599993,-37.43855173799994,0 -72.87623110899995,-37.43875874599996,0 -72.87674397599994,-37.43890764999998,0 -72.87707239599996,-37.43885947999996,0 -72.87731474799995,-37.43883229599993,0 -72.87733511499994,-37.43884959199994,0 -72.87733513899997,-37.43884961199996,0 -72.87746650999998,-37.43896119099998,0 -72.87779673199998,-37.43944926999995,0 -72.87781813099997,-37.43950766399996,0 -72.87789313999997,-37.43971235299995,0 -72.87787125299997,-37.43986516899997,0 -72.87785001899994,-37.44001348499995,0 -72.87786637399995,-37.44004941499998,0 -72.87796375899995,-37.44026336299993,0 -72.87825523999999,-37.44032266999994,0 -72.87842674999996,-37.44035278899997,0 -72.87868045899995,-37.44052406599997,0 -72.87911005899997,-37.44054529499994,0 -72.87940662999995,-37.44042445099996,0 -72.87970078399997,-37.44038917599994,0 -72.88002228699997,-37.44038593299996,0 -72.88011490699995,-37.44038309199993,0 -72.88040212699997,-37.44056848799994,0 -72.88053707899996,-37.44069256899996,0 -72.88063126899993,-37.44100968799995,0 -72.88081541099996,-37.44119323099994,0 -72.88120921999996,-37.44128140399994,0 -72.88205137699998,-37.44137761299993,0 -72.88258188399993,-37.44144337299997,0 -72.88285881299998,-37.44147770099994,0 -72.88361184499996,-37.44165340999996,0 -72.88407561599996,-37.44171579199997,0 -72.88450276199995,-37.44184960899997,0 -72.88458115999998,-37.44212588299996,0 -72.88457605899998,-37.44230704199998,0 -72.89301475599996,-37.43725736799996,0 -72.90082031799994,-37.44150952799998,0 -72.90000142999997,-37.44405828299995,0 -72.90668557199996,-37.45249804499997,0 -72.90641900199995,-37.45272125399998,0 -72.91288671199999,-37.45248078199995,0 -72.92278360099994,-37.45211211699996,0 -72.93343216699998,-37.45171452099993,0 -72.94488722899996,-37.45128573199997,0 -72.94589280499997,-37.44721740099993,0 -72.95381293299994,-37.43314325499995,0 -72.96858625099998,-37.43238808599995,0 -72.96855321899994,-37.43236497599997,0 -72.96844219499997,-37.43228729899994,0 -72.96834513399995,-37.43201075499996,0 -72.96823611899998,-37.43181061099995,0 -72.96820252399993,-37.43174694699997,0 -72.96814416899997,-37.43173693099993,0 -72.96800934699996,-37.43170757599995,0 -72.96760257199998,-37.43144372999996,0 -72.96761837299994,-37.43140795299996,0 -72.96738572399994,-37.43079111599997,0 -72.96709681099998,-37.43045269099997,0 -72.96722927599996,-37.43022966299998,0 -72.96731075999998,-37.43007127099997,0 -72.96731079899996,-37.43007119499998,0 -72.96731083799995,-37.43007111999998,0 -72.96739701699994,-37.42990360099998,0 -72.96751358599994,-37.42956313899998,0 -72.96750123099997,-37.42949936199994,0 -72.96736731899995,-37.42880809799993,0 -72.96671420199993,-37.42851297399994,0 -72.96661176899994,-37.42815828799996,0 -72.96655856599995,-37.42797406499994,0 -72.96671355499996,-37.42744050199997,0 -72.96647037699995,-37.42703076399994,0 -72.96620204599998,-37.42684589999993,0 -72.96586857499994,-37.42661485299993,0 -72.96592063599996,-37.42643829899998,0 -72.96593467699995,-37.42639068399995,0 -72.96619474699997,-37.42609775499994,0 -72.96621098699995,-37.42593996099998,0 -72.96623594999994,-37.42569741799997,0 -72.96629788999996,-37.42539206699996,0 -72.96637964599995,-37.42503298199995,0 -72.96668072499995,-37.42479032599994,0 -72.96666730299995,-37.42429441899998,0 -72.96688123299998,-37.42400970699998,0 -72.96668465199997,-37.42373144999993,0 -72.96667662499993,-37.42350600399993,0 -72.96694605299996,-37.42325829599997,0 -72.96693574899996,-37.42256867899994,0 -72.96695961399996,-37.42220859799994,0 -72.96682259799996,-37.42202599499996,0 -72.96672859299997,-37.42189820499993,0 -72.96668996899996,-37.42168124599993,0 -72.96687377799998,-37.42151768099995,0 -72.96714784499994,-37.42133313799997,0 -72.96737067799995,-37.42082327099996,0 -72.96751256799996,-37.42056435499995,0 -72.96769929499999,-37.42029269099993,0 -72.96780362299995,-37.42021656899993,0 -72.96798890999997,-37.42008137699997,0 -72.96832491799995,-37.41982579799998,0 -72.96846609699998,-37.41956686799995,0 -72.96850643099998,-37.41919805799995,0 -72.96857473199998,-37.41886577699995,0 -72.96856538599997,-37.41866283999997,0 -72.96831711099998,-37.41844227599995,0 -72.96794430899996,-37.41841333499997,0 -72.96786391299997,-37.41833084199993,0 -72.96774084799995,-37.41820705999993,0 -72.96768768999993,-37.41805744299995,0 -72.96767126099996,-37.41801209899995,0 -72.96766465399998,-37.41798588999995,0 -72.96473710299995,-37.41928529499995,0 -72.96234105399998,-37.42034874699993,0 -72.94882527599998,-37.42430850299996,0 -72.94697064499996,-37.42485170499998,0 -72.94552353099994,-37.42491191899995,0 -72.93686832299994,-37.42527187399998,0 -72.93364496599997,-37.42523187099994,0 -72.92760775799997,-37.42515687899999,0 -72.92513709099995,-37.42512607699996,0 -72.92326091499996,-37.42532802199997,0 -72.91734319999995,-37.42596488199996,0 -72.91561585599999,-37.42615074899993,0 -72.91153109899994,-37.41674699299995,0 -72.91104944299997,-37.41563798799996,0 -72.91037364799996,-37.41306271699995,0 -72.90980750199998,-37.41307832799998,0 -72.89381158299994,-37.41351825899994,0 
						</coordinates>
					</LinearRing>
				</outerBoundaryIs>
			</Polygon>
		</MultiGeometry>
	</Placemark>
	<Placemark>
		<name>EL PERAL</name>
		<description><![CDATA[<p>COMUNA: NACIMIENTO
<br/>DISTRITO: 5
<br/>LOC_ZON: 10
<br/>NOMBRE_LOCALIDAD: EL PERAL
<br/>GEOCODIGO: 8306052010</p>]]></description>
		<styleUrl>#style1</styleUrl>
		<ExtendedData>
			<Data name="NOM_COMUNA">
				<displayName>NOM_COMUNA</displayName>
				<value>NACIMIENTO</value>
			</Data>
			<Data name="DISTRITO">
				<displayName>DISTRITO</displayName>
				<value>5</value>
			</Data>
			<Data name="LOC_ZON">
				<displayName>LOC_ZON</displayName>
				<value>10</value>
			</Data>
			<Data name="NOM_LOCALI">
				<displayName>NOM_LOCALI</displayName>
				<value>EL PERAL</value>
			</Data>
			<Data name="GEOCODIGO">
				<displayName>GEOCODIGO</displayName>
				<value>8306052010</value>
			</Data>
		</ExtendedData>
		<MultiGeometry>
			<Polygon>
				<outerBoundaryIs>
					<LinearRing>
						<tessellate>1</tessellate>
						<coordinates>
							-72.80036935799995,-37.31030574999994,0 -72.80014093599993,-37.31035872899997,0 -72.79980177499993,-37.31031903899998,0 -72.79946830399996,-37.31028898999995,0 -72.79927152399995,-37.31028055999997,0 -72.79924812599995,-37.31028477299998,0 -72.79916120699994,-37.31035426599993,0 -72.79911923299994,-37.31050731899995,0 -72.79910833899999,-37.31054704399997,0 -72.79890036699999,-37.31071440499994,0 -72.79866052299997,-37.31100734399996,0 -72.79849019099998,-37.31131058699998,0 -72.79837686199994,-37.31164192799997,0 -72.79828118799998,-37.31192403099993,0 -72.79817735499995,-37.31214740299998,0 -72.79787746399995,-37.31244372799995,0 -72.79769593099996,-37.31271972499997,0 -72.79759943999994,-37.31315051299998,0 -72.79721637399996,-37.31344528699998,0 -72.79668187799996,-37.31358853899997,0 -72.79628079899999,-37.31363063299995,0 -72.79586406099997,-37.31353274699995,0 -72.79549387199995,-37.31331406199996,0 -72.79539560199999,-37.31303285299998,0 -72.79517547699999,-37.31265023899994,0 -72.79512359499995,-37.31237440099994,0 -72.79498621599998,-37.31212851099997,0 -72.79479874899994,-37.31185915699996,0 -72.79452967499998,-37.31170255799998,0 -72.79435081799994,-37.31159846499997,0 -72.79408002699995,-37.31145372599997,0 -72.79356864499994,-37.31138560899996,0 -72.79324691499994,-37.31148775299994,0 -72.79312994699995,-37.31177395999998,0 -72.79299591699998,-37.31192015999994,0 -72.79270973399997,-37.31203648399998,0 -72.79244767899996,-37.31202709499996,0 -72.79244732599994,-37.31202708499995,0 -72.79244688499995,-37.31202707299997,0 -72.79219970099996,-37.31180166099995,0 -72.79199079199998,-37.31151838399995,0 -72.79184518499994,-37.31124079499995,0 -72.79173649099994,-37.31095488299997,0 -72.79155502699996,-37.31064958699994,0 -72.79129921799995,-37.31045104899994,0 -72.79104975799999,-37.31032472699997,0 -72.79078863199999,-37.31028380099997,0 -72.79058777299997,-37.31035214699995,0 -72.79045840599997,-37.31043534599996,0 -72.79031952599996,-37.31055441599995,0 -72.79024099799994,-37.31075572299994,0 -72.79023888799998,-37.31082777999995,0 -72.79023638299998,-37.31091334899997,0 -72.79023387699993,-37.31099891799994,0 -72.79010222999995,-37.31128034099993,0 -72.78996960799998,-37.31149866099997,0 -72.78985187399996,-37.31169022299997,0 -72.78975061699998,-37.31194517799997,0 -72.78962522199998,-37.31225375399998,0 -72.78944114699993,-37.31247111199997,0 -72.78936270099996,-37.31264538299996,0 -72.78917817999996,-37.31278162199993,0 -72.78870640999997,-37.31307020499997,0 -72.78833013999997,-37.31339661899995,0 -72.78827220999995,-37.31343477999997,0 -72.78787783399997,-37.31369457399995,0 -72.78742943799995,-37.31369069299996,0 -72.78706698199994,-37.31344959699993,0 -72.78696768899994,-37.31327650799994,0 -72.78689385799998,-37.31314895599996,0 -72.78691402999993,-37.31294205399996,0 -72.78689296999994,-37.31269833199997,0 -72.78682979999996,-37.31261604099996,0 -72.78665157199998,-37.31258566899993,0 -72.78610010499995,-37.31256182999994,0 -72.78569973199996,-37.31245970799995,0 -72.78534829999995,-37.31222782499998,0 -72.78500862999994,-37.31209979999994,0 -72.78465164899995,-37.31205706599997,0 -72.78433832099995,-37.31206471599995,0 -72.78403287299994,-37.31228429699996,0 -72.78375759799997,-37.31250894999994,0 -72.78357790999996,-37.31274440499993,0 -72.78338399699999,-37.31283990399993,0 -72.78313660199996,-37.31305155899997,0 -72.78299871599995,-37.31325625399995,0 -72.78293827299996,-37.31341733999994,0 -72.78289496299993,-37.31361930099996,0 -72.78292491099995,-37.31380010599997,0 -72.78291195899999,-37.31388816199996,0 -72.78288525399995,-37.31406972699995,0 -72.78281739899995,-37.31448301399996,0 -72.78267743699996,-37.31486874999996,0 -72.78267742799994,-37.31486877599997,0 -72.78260790999997,-37.31506036999997,0 -72.78249446299998,-37.31536916199997,0 -72.78227397299997,-37.31557681299995,0 -72.78189987099995,-37.31580411399995,0 -72.78165377799996,-37.31611492299993,0 -72.78118635799996,-37.31649367799997,0 -72.78037350299996,-37.31705970899998,0 -72.77961736099996,-37.31727983199994,0 -72.77898241999998,-37.31733550199993,0 -72.77894352099997,-37.31733927699997,0 -72.77848246699995,-37.31728555799998,0 -72.77796548199996,-37.31709560299998,0 -72.77792553799998,-37.31707217199994,0 -72.77553604499997,-37.31858696199998,0 -72.77498321699994,-37.31893742099993,0 -72.76902891199995,-37.32069957599998,0 -72.76749814299995,-37.32115253899997,0 -72.76355184699997,-37.32334321599996,0 -72.75677646799994,-37.33078273499996,0 -72.75578255099998,-37.33817867499994,0 -72.75175187399998,-37.33790795799996,0 -72.75172865599995,-37.33793381699996,0 -72.75869065899997,-37.34175900699995,0 -72.76665789199996,-37.34613554599997,0 -72.77158621699994,-37.34713342899994,0 -72.77267852299997,-37.34660247999994,0 -72.77885845199995,-37.34359819799994,0 -72.77919589699997,-37.34146124199998,0 -72.78308630299995,-37.34190946199993,0 -72.78856989599996,-37.34556021899994,0 -72.78889919199997,-37.34666937799994,0 -72.78937439199996,-37.34691106999998,0 -72.79257102599996,-37.34853655399996,0 -72.79231428799994,-37.34960013799997,0 -72.79071088299997,-37.35120363699997,0 -72.79025189099997,-37.35154327499998,0 -72.79203074699996,-37.35982493499995,0 -72.79752097399995,-37.35854828499998,0 -72.79856417599996,-37.35830567299996,0 -72.80722465699995,-37.36152056299994,0 -72.80853808899997,-37.36200804899994,0 -72.81078166099996,-37.36110929699998,0 -72.813374,-37.36007079299998,0 -72.80813846899997,-37.35264161799995,0 -72.80816173399995,-37.35213868999995,0 -72.80835441599999,-37.34797336999998,0 -72.81112140399995,-37.34417936799997,0 -72.81110416299998,-37.34411076699996,0 -72.81108818099995,-37.34404713799995,0 -72.81105318599998,-37.34390785299996,0 -72.81102618499995,-37.34380038999996,0 -72.81098645999998,-37.34366231099995,0 -72.81093739499994,-37.34349176399996,0 -72.81095050699997,-37.34340469399996,0 -72.81098583799997,-37.34317006999999,0 -72.81103266799994,-37.34304527499995,0 -72.81106764199995,-37.34295207199995,0 -72.81077227199995,-37.34270505099994,0 -72.81070912899997,-37.34265224399996,0 -72.81063392599998,-37.34257099799999,0 -72.81043404199994,-37.34235505299995,0 -72.81036979999993,-37.34231340599996,0 -72.81020686499994,-37.34220777799993,0 -72.81005171599998,-37.34215125399993,0 -72.80987973799995,-37.34215999099996,0 -72.80982003999998,-37.34215888499995,0 -72.80974245599998,-37.34200245799997,0 -72.80955480599994,-37.34177986299994,0 -72.80953314899995,-37.34175417299997,0 -72.80920323699996,-37.34154538099995,0 -72.80914874499996,-37.34151370299998,0 -72.80855712999994,-37.34116977699995,0 -72.80847586999994,-37.34115641799997,0 -72.80847574999996,-37.34115639799995,0 -72.80831122499995,-37.34115329699995,0 -72.80822773699998,-37.34116282299993,0 -72.80822769399998,-37.34116282799994,0 -72.80822765099998,-37.34116283299994,0 -72.80822133299995,-37.34116355399993,0 -72.80805976499994,-37.34107114099993,0 -72.80802620599997,-37.34100687499995,0 -72.80797489699995,-37.34090861599998,0 -72.80796816999998,-37.34089232199995,0 -72.80796813599994,-37.34089224099995,0 -72.80796810299995,-37.34089215999995,0 -72.80786329899996,-37.34063829499996,0 -72.80786232999998,-37.34063444199995,0 -72.80785248899997,-37.34059529799998,0 -72.80785077199994,-37.34058846899995,0 -72.80780307099997,-37.34039873099994,0 -72.80779911599996,-37.34036437499998,0 -72.80779906199996,-37.34036390799997,0 -72.80779900799996,-37.34036344099997,0 -72.80778518899996,-37.34024340899998,0 -72.80778865499997,-37.34012424999997,0 -72.80771250499998,-37.34004367499995,0 -72.80768593199997,-37.34001555699996,0 -72.80765103399995,-37.33997862999996,0 -72.80756929599994,-37.33993180199997,0 -72.80750529499994,-37.33989513599994,0 -72.80748499699996,-37.33988350699997,0 -72.80742551999998,-37.33984943299998,0 -72.80742155599995,-37.33984716199996,0 -72.80734994299996,-37.33980613499995,0 -72.80714950899994,-37.33976665099993,0 -72.80696555899993,-37.33978416299993,0 -72.80693987999996,-37.33978660799994,0 -72.80689463099998,-37.33977309399995,0 -72.80689459699994,-37.33977308299995,0 -72.80676963999997,-37.33973576199998,0 -72.80658829099997,-37.33955356299998,0 -72.80658359199998,-37.33954358499994,0 -72.80653429999995,-37.33943891999996,0 -72.80649592899994,-37.33935744599995,0 -72.80638437499994,-37.33912057599997,0 -72.80620510899996,-37.33886688099994,0 -72.80571625899995,-37.33847629599995,0 -72.80547400699999,-37.33833469299998,0 -72.80526169299998,-37.33823595699994,0 -72.80526038799997,-37.33823534999993,0 -72.80499054499995,-37.33801573899996,0 -72.80484592699997,-37.33785817899997,0 -72.80484587299998,-37.33785811999996,0 -72.80484581999997,-37.33785806099996,0 -72.80417639099994,-37.33712434199998,0 -72.80402393599996,-37.33699499899996,0 -72.80403505399994,-37.33699018899995,0 -72.80398797999999,-37.33654771999994,0 -72.80378794799998,-37.33624660399994,0 -72.80377210899996,-37.33616069399994,0 -72.80372331499996,-37.33589843599998,0 -72.80389965599994,-37.33548715199998,0 -72.80404226899998,-37.33519239899994,0 -72.80407988099995,-37.33491822699995,0 -72.80401700299996,-37.33453404299996,0 -72.80422281899996,-37.33432157299995,0 -72.80419202699994,-37.33416779399994,0 -72.80421588199994,-37.33385731799996,0 -72.80421183099998,-37.33348774399997,0 -72.80427931399998,-37.33320511399995,0 -72.80446428699997,-37.33300577499995,0 -72.80448472999996,-37.33281239299998,0 -72.80425476599999,-37.33232072499993,0 -72.80423172999997,-37.33227147299993,0 -72.80449418399996,-37.33197894399996,0 -72.80463368899996,-37.33181480899998,0 -72.80476832599999,-37.33174521099994,0 -72.80495155699998,-37.33165398499995,0 -72.80515759599996,-37.33167583299996,0 -72.80547251599995,-37.33171321999998,0 -72.80590852699999,-37.33161316399998,0 -72.80612837899997,-37.33137842099995,0 -72.80613386299996,-37.33137176299994,0 -72.80613934699994,-37.33136510599996,0 -72.80638488999995,-37.33114435699997,0 -72.80671616499995,-37.33105587299997,0 -72.80715046899996,-37.33101435999998,0 -72.80738240999995,-37.33101866099997,0 -72.80749309299995,-37.33102071299993,0 -72.80776483599993,-37.33091760499997,0 -72.80810095199996,-37.33066248199998,0 -72.80821602399999,-37.33029511599995,0 -72.80821358899993,-37.33029394399995,0 -72.80820628499998,-37.33029042899994,0 -72.80779010399993,-37.33004839899996,0 -72.80759177299996,-37.32968874199997,0 -72.80766112299995,-37.32936558999995,0 -72.80771312899998,-37.32910520099995,0 -72.80766294599994,-37.32879335099994,0 -72.80752108599995,-37.32852936799998,0 -72.80724633299997,-37.32822687299995,0 -72.80711862499999,-37.32798568199996,0 -72.80735209899996,-37.32767007899997,0 -72.80730160499996,-37.32734470499997,0 -72.80692082099995,-37.32709882199998,0 -72.80657030299994,-37.32683096899996,0 -72.80645949899997,-37.32651799399997,0 -72.80658484099996,-37.32633106299994,0 -72.80693574399999,-37.32607621799997,0 -72.80684079099996,-37.32572748899997,0 -72.80687923099998,-37.32548657899997,0 -72.80689598999999,-37.32538154399998,0 -72.80690293099997,-37.32514284999996,0 -72.80682204699997,-37.32484394799997,0 -72.80683239199993,-37.32448815899994,0 -72.80698877699996,-37.32425223699994,0 -72.80695374399994,-37.32390461799997,0 -72.80697917199996,-37.32374694899994,0 -72.80700880999996,-37.32356317699998,0 -72.80696696099994,-37.32294056099994,0 -72.80679760299995,-37.32260396999993,0 -72.80656007499994,-37.32204081099997,0 -72.80650940199996,-37.32186662599997,0 -72.80646517799994,-37.32171461199994,0 -72.80620184999998,-37.32152948499999,0 -72.80592922799997,-37.32134868999998,0 -72.80589406399997,-37.32132100099994,0 -72.80561030299998,-37.32132925499997,0 -72.80540230799994,-37.32130286499995,0 -72.80543820299994,-37.32108723899995,0 -72.80560860099996,-37.32087861499997,0 -72.80571777199998,-37.32071391499994,0 -72.80578361999994,-37.32065655799994,0 -72.80585594299998,-37.32059481399995,0 -72.80586144399996,-37.32040566099994,0 -72.80580205199993,-37.31987734599994,0 -72.80570807799995,-37.31951962199997,0 -72.80586794099997,-37.31913956999995,0 -72.80587344199995,-37.31895041699994,0 -72.80571144599998,-37.31874914399998,0 -72.80565759499996,-37.31868505899996,0 -72.80574065099995,-37.31856944199995,0 -72.80593767699997,-37.31829371899994,0 -72.80594658299998,-37.31798747099998,0 -72.80594964399995,-37.31797247599997,0 -72.80597865699997,-37.31783035199993,0 -72.80598032799998,-37.31782137099998,0 -72.805982,-37.31781238999997,0 -72.80601587599995,-37.31764178699996,0 -72.80620294999994,-37.31739291599996,0 -72.80600054699994,-37.31715033899997,0 -72.80593744099997,-37.31689748199994,0 -72.80592032899995,-37.31682891899993,0 -72.80602123899996,-37.31643876099997,0 -72.80607918399994,-37.31599823899995,0 -72.80625414999997,-37.31563198399994,0 -72.80651347399998,-37.31542050199994,0 -72.80669063599998,-37.31526761699996,0 -72.80674350499999,-37.31522199299997,0 -72.80674479699996,-37.31517752199994,0 -72.80675044299994,-37.31498329899995,0 -72.80651804899998,-37.31475368499997,0 -72.80616588499998,-37.31454437899998,0 -72.80609850499997,-37.31429078799994,0 -72.80628198399995,-37.31414098399995,0 -72.80661593399998,-37.31395792199993,0 -72.80661904399994,-37.31385093299997,0 -72.80662156299996,-37.31376426399993,0 -72.80650775499998,-37.31363054699995,0 -72.80637607399996,-37.31347582799998,0 -72.80609017999996,-37.31314608699995,0 -72.80585460099996,-37.31300202799997,0 -72.80579427199996,-37.31274856799996,0 -72.80570405999998,-37.31243146799994,0 -72.80550454099995,-37.31221147399998,0 -72.80536128899996,-37.31187536499993,0 -72.80532823499993,-37.31167202599994,0 -72.80529369599998,-37.31145954999994,0 -72.80528468999995,-37.31121154799996,0 -72.80528760699997,-37.31120523299995,0 -72.80536521099998,-37.31103730499996,0 -72.80547386299997,-37.31096271699994,0 -72.80557956399997,-37.31089257999997,0 -72.80559208099999,-37.31075312399997,0 -72.80540081199996,-37.31056482499997,0 -72.80525619199994,-37.31037288599998,0 -72.80533115499998,-37.31017150299994,0 -72.80520923899996,-37.31004757599993,0 -72.80500447999998,-37.30997106499996,0 -72.80494275899997,-37.30994800299993,0 -72.80451546299997,-37.30955768399997,0 -72.80439391399995,-37.30944665299995,0 -72.80413988599997,-37.30891922999996,0 -72.80423941899994,-37.30867324299993,0 -72.80439920099997,-37.30839232499994,0 -72.80442927099995,-37.30830899099993,0 -72.80453649099996,-37.30801185499996,0 -72.80462481299998,-37.30786028699998,0 -72.80463890399994,-37.30766678699996,0 -72.80441539199995,-37.30761757699997,0 -72.80444156399994,-37.30746936199995,0 -72.80445283499995,-37.30727580899998,0 -72.80456649199994,-37.30698051599995,0 -72.80457356599999,-37.30673731899998,0 -72.80450654099997,-37.30644768399998,0 -72.80433645899996,-37.30621021099995,0 -72.80403116499997,-37.30601528699998,0 -72.80372091099997,-37.30606359999996,0 -72.80373674399993,-37.30610393399996,0 -72.80377080299996,-37.30619069699998,0 -72.80375927099993,-37.30658701999994,0 -72.80367849099997,-37.30696403199994,0 -72.80344341399996,-37.30716694699998,0 -72.80299572599995,-37.30721270599997,0 -72.80286504399999,-37.30723144699994,0 -72.80280099799995,-37.30724063199995,0 -72.80239885599997,-37.30729624599996,0 -72.80203306599998,-37.30741111499998,0 -72.80179178999998,-37.30748774099993,0 -72.80174986199995,-37.30750969799993,0 -72.80147371499999,-37.30764765999993,0 -72.80143433599994,-37.30766733399997,0 -72.80123429899999,-37.30777091699997,0 -72.80114874499998,-37.30794100899993,0 -72.80118870699994,-37.30810628099994,0 -72.80139061399996,-37.30824594899997,0 -72.80145458599998,-37.30830436599996,0 -72.80148657099994,-37.30833357399996,0 -72.80160829799996,-37.30852039499996,0 -72.80167440399998,-37.30875148699994,0 -72.80169174799994,-37.30897594999993,0 -72.80175958999996,-37.30907746199995,0 -72.80181761099993,-37.30916427899996,0 -72.80184952699994,-37.30929840299996,0 -72.80183459799997,-37.30937517899997,0 -72.80183031499996,-37.30939720099997,0 -72.80181441499997,-37.30947897099998,0 -72.80189254199996,-37.30966641199996,0 -72.80192216799998,-37.30970431499998,0 -72.80202492899997,-37.30983578499996,0 -72.80194221799997,-37.31001069999996,0 -72.80171213099999,-37.31012087899995,0 -72.80140047299994,-37.31016187599994,0 -72.80139447899995,-37.31016266399996,0 -72.80113015799998,-37.31018562399998,0 -72.80098745699996,-37.31019801899998,0 -72.80063207999996,-37.31025995899995,0 -72.80037221199996,-37.31030525199998,0 -72.80036935799995,-37.31030574999994,0 
						</coordinates>
					</LinearRing>
				</outerBoundaryIs>
			</Polygon>
		</MultiGeometry>
	</Placemark>
	<Placemark>
		<name>LA MARAVILLA</name>
		<description><![CDATA[<p>COMUNA: NACIMIENTO
<br/>DISTRITO: 5
<br/>LOC_ZON: 15
<br/>NOMBRE_LOCALIDAD: LA MARAVILLA
<br/>GEOCODIGO: 8306052015</p>]]></description>
		<styleUrl>#style1</styleUrl>
		<ExtendedData>
			<Data name="NOM_COMUNA">
				<displayName>NOM_COMUNA</displayName>
				<value>NACIMIENTO</value>
			</Data>
			<Data name="DISTRITO">
				<displayName>DISTRITO</displayName>
				<value>5</value>
			</Data>
			<Data name="LOC_ZON">
				<displayName>LOC_ZON</displayName>
				<value>15</value>
			</Data>
			<Data name="NOM_LOCALI">
				<displayName>NOM_LOCALI</displayName>
				<value>LA MARAVILLA</value>
			</Data>
			<Data name="GEOCODIGO">
				<displayName>GEOCODIGO</displayName>
				<value>8306052015</value>
			</Data>
		</ExtendedData>
		<MultiGeometry>
			<Polygon>
				<outerBoundaryIs>
					<LinearRing>
						<tessellate>1</tessellate>
						<coordinates>
							-72.71348565399995,-37.37114828599994,0 -72.70039844099995,-37.39149207399998,0 -72.69765121599994,-37.39127013299998,0 -72.68483271199995,-37.39023413199993,0 -72.67839058699997,-37.39192019699993,0 -72.67827420799995,-37.39456113999995,0 -72.67799163399997,-37.40097305799998,0 -72.68032826199999,-37.41311495799994,0 -72.68069678499995,-37.41502992499994,0 -72.68141242299998,-37.41406555199995,0 -72.68198209699995,-37.41378146599993,0 -72.68407338899993,-37.41182497099993,0 -72.68604218699994,-37.41037736399994,0 -72.68813497199994,-37.40709946499993,0 -72.68858208199998,-37.40512428099998,0 -72.70135506699995,-37.41172420199996,0 -72.71589575699994,-37.41486547999995,0 -72.71630465299995,-37.41467688399996,0 -72.73040467499999,-37.42067764199993,0 -72.74865209299998,-37.42844346999993,0 -72.75088343799996,-37.42109876999996,0 -72.74896343899997,-37.41928201699994,0 -72.74419720299994,-37.41477182799997,0 -72.75690892499995,-37.40952963999996,0 -72.75129555299998,-37.40397144999997,0 -72.74966868899998,-37.38079709599998,0 -72.73253684099996,-37.37915991299997,0 -72.72775549699998,-37.38079171499993,0 -72.72747796399995,-37.37784846199997,0 -72.72685741199996,-37.37126747499997,0 -72.72670050699998,-37.36960349399993,0 -72.72656732499996,-37.36819103599998,0 -72.72615717299993,-37.36444197499998,0 -72.71348565399995,-37.37114828599994,0 
						</coordinates>
					</LinearRing>
				</outerBoundaryIs>
			</Polygon>
		</MultiGeometry>
	</Placemark>
	<Placemark>
		<name>LAS CORRIENTES</name>
		<description><![CDATA[<p>COMUNA: NACIMIENTO
<br/>DISTRITO: 5
<br/>LOC_ZON: 18
<br/>NOMBRE_LOCALIDAD: LAS CORRIENTES
<br/>GEOCODIGO: 8306052018</p>]]></description>
		<styleUrl>#style1</styleUrl>
		<ExtendedData>
			<Data name="NOM_COMUNA">
				<displayName>NOM_COMUNA</displayName>
				<value>NACIMIENTO</value>
			</Data>
			<Data name="DISTRITO">
				<displayName>DISTRITO</displayName>
				<value>5</value>
			</Data>
			<Data name="LOC_ZON">
				<displayName>LOC_ZON</displayName>
				<value>18</value>
			</Data>
			<Data name="NOM_LOCALI">
				<displayName>NOM_LOCALI</displayName>
				<value>LAS CORRIENTES</value>
			</Data>
			<Data name="GEOCODIGO">
				<displayName>GEOCODIGO</displayName>
				<value>8306052018</value>
			</Data>
		</ExtendedData>
		<MultiGeometry>
			<Polygon>
				<outerBoundaryIs>
					<LinearRing>
						<tessellate>1</tessellate>
						<coordinates>
							-72.82860423699998,-37.33307370299997,0 -72.82859764399996,-37.33330265799998,0 -72.82858850499997,-37.33332192099994,0 -72.82840689599993,-37.33370470399996,0 -72.82822742899998,-37.33390857099994,0 -72.82822730699996,-37.33390870999995,0 -72.82822718499995,-37.33390884899995,0 -72.82820780899993,-37.33393085899996,0 -72.82812907199997,-37.33401953499998,0 -72.82812137299999,-37.33405264099997,0 -72.82792456699997,-37.33489897299995,0 -72.82779580199997,-37.33545085799994,0 -72.82764373399993,-37.33610144799997,0 -72.82763577599997,-37.33613284499995,0 -72.82761432799998,-37.33618975599995,0 -72.82759875599999,-37.33623107599993,0 -72.82742496099996,-37.33669223399994,0 -72.82740392799997,-37.33671640599994,0 -72.82734822799995,-37.33678039199998,0 -72.82734811299997,-37.33678050599997,0 -72.82692607099995,-37.33719909599995,0 -72.82692259399994,-37.33720254299993,0 -72.82659037699995,-37.33753203999999,0 -72.82656519499994,-37.33755701599995,0 -72.82616022999997,-37.33794387399996,0 -72.82608152399996,-37.33801905999997,0 -72.82581014599998,-37.33810944999993,0 -72.82550334699994,-37.33813361499995,0 -72.82534148999997,-37.33814273499996,0 -72.82526404999999,-37.33814709799998,0 -72.82503812899995,-37.33821447799994,0 -72.82503689099997,-37.33821629599998,0 -72.82481260699996,-37.33854563099993,0 -72.82475746599994,-37.33862659899995,0 -72.82457098599997,-37.33887949999996,0 -72.82454256999995,-37.33889865799995,0 -72.82437301899995,-37.33901296499994,0 -72.82411827899995,-37.33904404599997,0 -72.82361567499999,-37.33901195299995,0 -72.82346248099998,-37.33900217099995,0 -72.82325791099998,-37.33910570699993,0 -72.82301987799997,-37.33933381199995,0 -72.82283614299996,-37.33949138099996,0 -72.82277631699998,-37.33950510799997,0 -72.82259563699995,-37.33954656499998,0 -72.82223728599996,-37.33954592699996,0 -72.82212232599994,-37.33961953799997,0 -72.82171241899994,-37.33988200899995,0 -72.82148435099998,-37.34002191799993,0 -72.82087417999998,-37.34039622799997,0 -72.82043830799995,-37.34066361499998,0 -72.82043304499996,-37.34066684399994,0 -72.82013203999998,-37.34085149699996,0 -72.82010863099998,-37.34086585699998,0 -72.81996344599997,-37.34098417399997,0 -72.81978548699993,-37.34112919799998,0 -72.81975039099996,-37.34115779899997,0 -72.81944339399996,-37.34140798199996,0 -72.81907925699994,-37.34169437899993,0 -72.81878855199994,-37.34192302199995,0 -72.81868450399998,-37.34200485599996,0 -72.81861646699997,-37.34205836799998,0 -72.81833991799994,-37.34227587599997,0 -72.81833052399998,-37.34228326399995,0 -72.81798370399997,-37.34255604099997,0 -72.81787835699998,-37.34263889799996,0 -72.81778683399995,-37.34271088099996,0 -72.81775491599996,-37.34273598399994,0 -72.81762515199995,-37.34282071299998,0 -72.81711565599994,-37.34315338999994,0 -72.81682984199995,-37.34322560899994,0 -72.81545727999998,-37.34318237699995,0 -72.81538517899997,-37.34316892999993,0 -72.81538513399994,-37.34316892199996,0 -72.81538508899996,-37.34316891399993,0 -72.81481862399994,-37.34306327499996,0 -72.81456922199999,-37.34290963599994,0 -72.81374922799995,-37.34286467299995,0 -72.81334853899995,-37.34303609899996,0 -72.81162517899998,-37.34401761799995,0 -72.81132105599994,-37.34418342099997,0 -72.81127619699998,-37.34420787799996,0 -72.81112140399995,-37.34417936799997,0 -72.80835441599999,-37.34797336999998,0 -72.80816173399995,-37.35213868999995,0 -72.80813846899997,-37.35264161799995,0 -72.813374,-37.36007079299998,0 -72.81078166099996,-37.36110929699998,0 -72.80853808899997,-37.36200804899994,0 -72.80579623299997,-37.36306835299996,0 -72.80804795699999,-37.37438384999996,0 -72.81656901899999,-37.37405133699997,0 -72.81920763599999,-37.37531783099996,0 -72.81961663499999,-37.37568322999994,0 -72.82033274299994,-37.37710285799994,0 -72.82066658899998,-37.37776467399993,0 -72.82098088999999,-37.37808203699996,0 -72.82358847399996,-37.37833629199997,0 -72.82432042699998,-37.37803992899995,0 -72.82453389399996,-37.37802698799993,0 -72.82477356299995,-37.37714595899996,0 -72.82578853699994,-37.37727221799997,0 -72.82663435899997,-37.37704489099997,0 -72.82657639299998,-37.37685285299995,0 -72.82631643499997,-37.37629833299997,0 -72.82622800799999,-37.37579202699993,0 -72.82618444399998,-37.37551635599993,0 -72.82595112599995,-37.37523719499995,0 -72.82575445499998,-37.37488661099997,0 -72.82579695299995,-37.37461252199995,0 -72.82628589599994,-37.37437367999996,0 -72.82655660499995,-37.37431106599996,0 -72.82682378599998,-37.37424838699997,0 -72.82749618299994,-37.37420667399994,0 -72.82788095999996,-37.37400646499998,0 -72.82814728299996,-37.37373178699994,0 -72.82827158099997,-37.37360358899997,0 -72.82850636199998,-37.37322037999996,0 -72.82863646499999,-37.37289382699998,0 -72.82896578799995,-37.37280524799996,0 -72.82904786599994,-37.37280675499994,0 -72.82936151099995,-37.37281251499996,0 -72.82970820799994,-37.37273326499997,0 -72.82974432899994,-37.37267985499994,0 -72.82976949299996,-37.37241896499995,0 -72.82995186099998,-37.37206633299996,0 -72.83006237399997,-37.37180700899995,0 -72.83000985999996,-37.37122926799998,0 -72.83017659199999,-37.37083128799998,0 -72.83070434199993,-37.37044443799994,0 -72.83127449799997,-37.37037378999997,0 -72.83171346099994,-37.37007993499998,0 -72.83239474799996,-37.36977700299997,0 -72.83241264199995,-37.36976831899995,0 -72.83246337099996,-37.36974671899998,0 -72.83261595699997,-37.36966756399994,0 -72.83306150299995,-37.36943643299998,0 -72.83364570199996,-37.36941264199993,0 -72.83426467399994,-37.36968271399996,0 -72.83441225999997,-37.36979235699994,0 -72.83464554999995,-37.36996567099993,0 -72.83501463499994,-37.37028290899997,0 -72.83536980599996,-37.37033253399994,0 -72.83576941699994,-37.37033984999994,0 -72.83615921799998,-37.37031248799997,0 -72.83653871499996,-37.37026768799996,0 -72.83698226899998,-37.37024993099993,0 -72.83737305899996,-37.37018808499994,0 -72.83766837999997,-37.37006412199997,0 -72.83786847799996,-37.36986942099998,0 -72.83783071999994,-37.36967899399997,0 -72.83778340199996,-37.36944526999997,0 -72.83770269299998,-37.36924543399994,0 -72.83766271099995,-37.36913258599998,0 -72.83762347099997,-37.36899387699998,0 -72.83768791899996,-37.36883753799998,0 -72.83767343599999,-37.36880122499997,0 -72.83767439199994,-37.36876794299997,0 -72.83768416899994,-37.36842741699996,0 -72.83752383199999,-37.36801443099995,0 -72.83704996899996,-37.36773089099995,0 -72.83604138899994,-37.36746459999995,0 -72.83541306699993,-37.36717822599996,0 -72.83526034299996,-37.36710285799995,0 -72.83500530499998,-37.36697699799998,0 -72.83491255399997,-37.36661931899994,0 -72.83474485499994,-37.36646304099997,0 -72.83422231499998,-37.36605693499996,0 -72.83403557599996,-37.36549984799996,0 -72.83392139399996,-37.36515921799997,0 -72.83388543199999,-37.36497949099993,0 -72.83378565299995,-37.36448081899994,0 -72.83378167899997,-37.36403013799998,0 -72.83391264799997,-37.36367205099998,0 -72.83404599199997,-37.36359716599998,0 -72.83419237899994,-37.36351495699995,0 -72.83438424999997,-37.36341933699998,0 -72.83472134999994,-37.36308304999994,0 -72.83500237199996,-37.36288091599994,0 -72.83539519799996,-37.36298724299996,0 -72.83564158699994,-37.36281150999997,0 -72.83594023799998,-37.36260969799997,0 -72.83622591299996,-37.36224542699995,0 -72.83642391599994,-37.36196066199994,0 -72.83690446599996,-37.36201000899996,0 -72.83737449599994,-37.36181132799993,0 -72.83765815099997,-37.36154164499993,0 -72.83778185799997,-37.36143576199999,0 -72.83823262899995,-37.36131783399998,0 -72.83823876699995,-37.36131627199995,0 -72.83892641499995,-37.36114126199993,0 -72.83915593299997,-37.36093817699998,0 -72.83921529899999,-37.36066439099994,0 -72.83924119899996,-37.36037647399996,0 -72.83935245399994,-37.36005138599995,0 -72.83939138699998,-37.35993762299995,0 -72.83985622299997,-37.35932878199998,0 -72.83988697499996,-37.35921260699996,0 -72.83989223899994,-37.35919271999995,0 -72.83994875199994,-37.35897922699996,0 -72.83997017899998,-37.35889827999995,0 -72.84003385099999,-37.35854796799998,0 -72.83991021199995,-37.35803652099997,0 -72.83985239099997,-37.35766596499997,0 -72.83992931299997,-37.35741953499996,0 -72.83994708299997,-37.35736578699994,0 -72.84022522899994,-37.35726272199997,0 -72.84058663499997,-37.35728284199996,0 -72.84089907899994,-37.35718941399995,0 -72.84116300799997,-37.35699145899997,0 -72.84146207699996,-37.35674908399994,0 -72.84180829999997,-37.35668330699997,0 -72.84225367999994,-37.35677705199998,0 -72.84259513199999,-37.35687790999998,0 -72.84275035399997,-37.35685370599998,0 -72.84301827399997,-37.35651613099998,0 -72.84324931399993,-37.35625899199994,0 -72.84342452199996,-37.35622388599995,0 -72.84370279899997,-37.35616812899997,0 -72.84410970799996,-37.35627468399997,0 -72.84436898599995,-37.35623885599995,0 -72.84466604199997,-37.35609106499993,0 -72.84506245499995,-37.35607125399997,0 -72.84540424099998,-37.35603725999994,0 -72.84540639299996,-37.35603582699997,0 -72.84551652499994,-37.35596247599995,0 -72.84561219599993,-37.35588040799996,0 -72.84575676799994,-37.35572007699994,0 -72.84609811199994,-37.35540967699995,0 -72.84614581499994,-37.35537329699997,0 -72.84621976299997,-37.35523496099995,0 -72.84623394899995,-37.35514675199994,0 -72.84625489699994,-37.35502607299998,0 -72.84626391999996,-37.35491448999994,0 -72.84626751199994,-37.35478883999997,0 -72.84627057099993,-37.35468180399994,0 -72.84627999199995,-37.35455625999998,0 -72.84629087699994,-37.35437952399997,0 -72.84630556099995,-37.35429836199995,0 -72.84631858499995,-37.35422637599993,0 -72.84636828099997,-37.35412018999995,0 -72.84642870599998,-37.35404679199996,0 -72.84649575799995,-37.35394557799998,0 -72.84677602399995,-37.35352697299993,0 -72.84679484199995,-37.35348075299993,0 -72.84688534499998,-37.35337530999993,0 -72.84691608799994,-37.35331999599998,0 -72.84697597999997,-37.35326521299993,0 -72.84701563399994,-37.35322744199993,0 -72.84702394599998,-37.35321952499993,0 -72.84705562999994,-37.35321017199993,0 -72.84705566899999,-37.35321015899996,0 -72.84705570499995,-37.35321014399995,0 -72.84709006599996,-37.35319274599993,0 -72.84731709299996,-37.35307521499993,0 -72.84747800199995,-37.35296209699993,0 -72.84751078399995,-37.35293905099996,0 -72.84751502899996,-37.35279042799993,0 -72.84750773799993,-37.35263413199993,0 -72.84750408899998,-37.35255591199996,0 -72.84747615699996,-37.35234812199997,0 -72.84754730899994,-37.35218251999993,0 -72.84756836699995,-37.35213350799995,0 -72.84776458699997,-37.35188476999997,0 -72.84778213399994,-37.35186252699998,0 -72.84782260599997,-37.35165598299994,0 -72.84817237799996,-37.35135176599994,0 -72.84819305699995,-37.35133377999995,0 -72.84843796499996,-37.35115272799993,0 -72.84861543099998,-37.35102153299994,0 -72.84879058499996,-37.35091657299995,0 -72.84896912799996,-37.35080161699995,0 -72.84912409299994,-37.35070184199998,0 -72.84931886899994,-37.35050260999998,0 -72.84954678399998,-37.35035354799993,0 -72.84986696399994,-37.35032359199994,0 -72.84990970199993,-37.35031959299994,0 -72.85003628599998,-37.35023126599998,0 -72.85012998699995,-37.35016588399998,0 -72.85022377999996,-37.35011802199995,0 -72.85036097699998,-37.35000786399996,0 -72.85065677999995,-37.34982849099998,0 -72.85081256599995,-37.34975922499996,0 -72.85102893099997,-37.34971809699994,0 -72.85115964399995,-37.34976102699994,0 -72.85121176599995,-37.34981142899994,0 -72.85123136899995,-37.34983038399997,0 -72.85112428999997,-37.34900563099995,0 -72.85111268999998,-37.34891627999997,0 -72.85092341099994,-37.34864100899995,0 -72.85074837499997,-37.34849475899995,0 -72.85068735499993,-37.34846622499998,0 -72.85064226599997,-37.34844513999997,0 -72.85045189099998,-37.34841783499996,0 -72.85014006699998,-37.34845985499993,0 -72.84951561699995,-37.34836265899997,0 -72.84950381799996,-37.34836131599997,0 -72.84905834799997,-37.34831060999994,0 -72.84871775399995,-37.34827184199997,0 -72.84768922399996,-37.34810051799997,0 -72.84739070199998,-37.34809508399997,0 -72.84720738899995,-37.34802974999997,0 -72.84708026099997,-37.34787959699997,0 -72.84703362499994,-37.34774751499998,0 -72.84695315499994,-37.34751960999995,0 -72.84672597999997,-37.34648060799998,0 -72.84661733199994,-37.34610188099998,0 -72.84640542199998,-37.34578326899998,0 -72.84612255099995,-37.34543952099995,0 -72.84531862799997,-37.34443697599994,0 -72.84507860199994,-37.34413764799996,0 -72.84451345999997,-37.34322124399995,0 -72.84411068999998,-37.34268454599993,0 -72.84339684199995,-37.34164739699997,0 -72.84335944299994,-37.34159305999998,0 -72.84303497899998,-37.34103394199997,0 -72.84281252699998,-37.34055394699993,0 -72.84281250799995,-37.34055390699996,0 -72.84279870399996,-37.34052412099993,0 -72.84270512899997,-37.34024581399996,0 -72.84271900999994,-37.33996946699995,0 -72.84289822699998,-37.33913339699996,0 -72.84292832499995,-37.33896,0 -72.84294113699997,-37.33888619299995,0 -72.84293980499996,-37.33872402399993,0 -72.84278721599998,-37.33842079599998,0 -72.84251325499997,-37.33776721799995,0 -72.84240272899996,-37.33745521799995,0 -72.84236547599994,-37.33708732699995,0 -72.84237894799998,-37.33682527999997,0 -72.84236670999996,-37.33678280399994,0 -72.84229745399995,-37.33654242399996,0 -72.84198236499998,-37.33607408399996,0 -72.84167973099994,-37.33579672999997,0 -72.84153864799998,-37.33571785099997,0 -72.84128223599998,-37.33570363299998,0 -72.84106000299994,-37.33574726499995,0 -72.84068065299994,-37.33585479499993,0 -72.84039654099996,-37.33597359999993,0 -72.84029593699995,-37.33600742599998,0 -72.84017103099995,-37.33601223999995,0 -72.83971971199998,-37.33583247599995,0 -72.83940398599998,-37.33568919499993,0 -72.83920150699998,-37.33557502199994,0 -72.83906315899998,-37.33540081099994,0 -72.83898208799997,-37.33510365299998,0 -72.83887846499994,-37.33496822799998,0 -72.83858951899998,-37.33483895499995,0 -72.83841289899993,-37.33474988499995,0 -72.83807515099994,-37.33444803499998,0 -72.83788631999994,-37.33436827899993,0 -72.83765461099995,-37.33432589099993,0 -72.83738626599995,-37.33431144599996,0 -72.83713591699996,-37.33425657699996,0 -72.83710138099997,-37.33424900799997,0 -72.83680578799994,-37.33414345299997,0 -72.83644804199997,-37.33412260199998,0 -72.83598991299993,-37.33406176099993,0 -72.83568799699998,-37.33400720199995,0 -72.83496495599996,-37.33387654299997,0 -72.83446292999997,-37.33378582299997,0 -72.83440674099995,-37.33377835999994,0 -72.83374180799996,-37.33369004199994,0 -72.83367162399998,-37.33368071999996,0 -72.83316807499995,-37.33353796299997,0 -72.83227007199997,-37.33319721699996,0 -72.83194300099996,-37.33314829999995,0 -72.83157860699998,-37.33315115699997,0 -72.83127568699996,-37.33309314399997,0 -72.83038353099994,-37.33275725899995,0 -72.82993913699994,-37.33263464999993,0 -72.82964109199997,-37.33261487399994,0 -72.82894366499994,-37.33256868999996,0 -72.82853263699997,-37.33251945399996,0 -72.82848591399994,-37.33251385699998,0 -72.82847347699999,-37.33251236699994,0 -72.82840116199998,-37.33253488399998,0 -72.82840308299996,-37.33264423599996,0 -72.82840342499998,-37.33266368799997,0 -72.82851621899994,-37.33289466899998,0 -72.82860423699998,-37.33307370299997,0 
						</coordinates>
					</LinearRing>
				</outerBoundaryIs>
			</Polygon>
		</MultiGeometry>
	</Placemark>
	<Placemark>
		<name>MILLAPOA</name>
		<description><![CDATA[<p>COMUNA: NACIMIENTO
<br/>DISTRITO: 5
<br/>LOC_ZON: 24
<br/>NOMBRE_LOCALIDAD: MILLAPOA
<br/>GEOCODIGO: 8306052024</p>]]></description>
		<styleUrl>#style1</styleUrl>
		<ExtendedData>
			<Data name="NOM_COMUNA">
				<displayName>NOM_COMUNA</displayName>
				<value>NACIMIENTO</value>
			</Data>
			<Data name="DISTRITO">
				<displayName>DISTRITO</displayName>
				<value>5</value>
			</Data>
			<Data name="LOC_ZON">
				<displayName>LOC_ZON</displayName>
				<value>24</value>
			</Data>
			<Data name="NOM_LOCALI">
				<displayName>NOM_LOCALI</displayName>
				<value>MILLAPOA</value>
			</Data>
			<Data name="GEOCODIGO">
				<displayName>GEOCODIGO</displayName>
				<value>8306052024</value>
			</Data>
		</ExtendedData>
		<MultiGeometry>
			<Polygon>
				<outerBoundaryIs>
					<LinearRing>
						<tessellate>1</tessellate>
						<coordinates>
							-72.70668614199997,-37.34368850599998,0 -72.70677929599998,-37.34544645799997,0 -72.70682403399996,-37.34544494699998,0 -72.70664097199995,-37.34833432399995,0 -72.70650627999999,-37.34959899299997,0 -72.70629881399998,-37.35011542299998,0 -72.70624604099999,-37.35024678599996,0 -72.70619737299995,-37.35033168299998,0 -72.70548401299999,-37.35157608399993,0 -72.70536154399997,-37.35168698099994,0 -72.70394134099996,-37.35297298299997,0 -72.70388999499994,-37.35301947699998,0 -72.70315892599996,-37.35368147199995,0 -72.70091223899993,-37.35478987499994,0 -72.70085314699998,-37.35481778299993,0 -72.69817883499996,-37.35608077099994,0 -72.69794246099997,-37.35621375699998,0 -72.69637919699994,-37.35709320299998,0 -72.69448309199998,-37.35815990599997,0 -72.69408835299998,-37.35838197599998,0 -72.69357297599998,-37.35864614699994,0 -72.69357944999996,-37.35864698299997,0 -72.68997038899994,-37.36013110399995,0 -72.68869634799995,-37.36060880699995,0 -72.68860024099996,-37.36064484299993,0 -72.68490864199998,-37.36202900499995,0 -72.68377755899996,-37.36252953899998,0 -72.68042128399998,-37.36401476099996,0 -72.68008989999998,-37.36425786099994,0 -72.67946223099995,-37.36471831099993,0 -72.67756618699997,-37.36610922599994,0 -72.67689029399997,-37.36651128399996,0 -72.67647597099995,-37.36675774499997,0 -72.67506649499995,-37.36759617399997,0 -72.67453828699996,-37.36857917099996,0 -72.67424972199996,-37.36911619099993,0 -72.67414431899994,-37.36923587699994,0 -72.67376438299993,-37.36966729499994,0 -72.67316228099997,-37.37035098299998,0 -72.67315269199997,-37.37036187099994,0 -72.67089320699995,-37.37185345599994,0 -72.66978473799998,-37.37247553499998,0 -72.66975664199998,-37.37249130299995,0 -72.66945494899994,-37.37280861599993,0 -72.66898116799996,-37.37330692599994,0 -72.66890987799997,-37.37338190599996,0 -72.66816491799995,-37.37397040399998,0 -72.66728865099998,-37.37504349699998,0 -72.66667908999995,-37.37615349299995,0 -72.66645681199998,-37.37655825299998,0 -72.66643603499995,-37.37722849799997,0 -72.66643601999994,-37.37722896999998,0 -72.66643600499998,-37.37722944199993,0 -72.66641802699996,-37.37780940399995,0 -72.66641797099999,-37.37781125699996,0 -72.66641512599995,-37.37790300699993,0 -72.66637631299994,-37.37915501999998,0 -72.66636332199994,-37.37928942499997,0 -72.66636329399995,-37.37928972199995,0 -72.66636326399998,-37.37929001999998,0 -72.66632630899994,-37.37967237899994,0 -72.66632625899996,-37.37967289199997,0 -72.66632620899998,-37.37967340599994,0 -72.66628875999999,-37.38006084499995,0 -72.66608213299997,-37.38219861199997,0 -72.66608210899994,-37.38219886499996,0 -72.66608208299994,-37.38219911899995,0 -72.66603388299995,-37.38269779799998,0 -72.66600762499996,-37.38354451499998,0 -72.66597851799997,-37.38448307299996,0 -72.66596802599997,-37.38575884299996,0 -72.66595370599998,-37.38631850899998,0 -72.66589949899998,-37.38843704099997,0 -72.66585375999995,-37.38991151999994,0 -72.66584771499998,-37.39010638699995,0 -72.66575996199998,-37.39293500099996,0 -72.66571515499999,-37.39437914199993,0 -72.66570744799998,-37.39462753099997,0 -72.66567723199995,-37.39560131599995,0 -72.66566730299996,-37.39884280599995,0 -72.66565971099999,-37.40131965699993,0 -72.66562301099998,-37.40250210799996,0 -72.66556399799998,-37.40440330299998,0 -72.66622949199996,-37.40779197799998,0 -72.66646152099997,-37.40877980999994,0 -72.66656344599994,-37.40921374299995,0 -72.66666925499999,-37.40964351999997,0 -72.66666930599996,-37.40964372799993,0 -72.66666935799998,-37.40964393699994,0 -72.66699042199997,-37.41094802099997,0 -72.66702835199999,-37.41110208299995,0 -72.66704704499995,-37.41118564999994,0 -72.66704734499996,-37.41118699399993,0 -72.66717488499995,-37.41175715599996,0 -72.66728376499998,-37.41224390099995,0 -72.66876174599997,-37.41757415599994,0 -72.66891181899996,-37.41805266199998,0 -72.66910584799996,-37.41867131999993,0 -72.67126073299994,-37.41796391599996,0 -72.67141773199995,-37.41795798399994,0 -72.67581838099994,-37.41845993999993,0 -72.67796920499995,-37.41870525099995,0 -72.68069678499995,-37.41502992499994,0 -72.68032826199999,-37.41311495799994,0 -72.67799163399997,-37.40097305799998,0 -72.67827420799995,-37.39456113999995,0 -72.67839058699997,-37.39192019699993,0 -72.68483271199995,-37.39023413199993,0 -72.69765121599994,-37.39127013299998,0 -72.70039844099995,-37.39149207399998,0 -72.70222975599995,-37.38225645699998,0 -72.70363103899996,-37.37518779499993,0 -72.70378912599995,-37.37439024399998,0 -72.70577059199996,-37.37270698899994,0 -72.70971790299996,-37.36935358299996,0 -72.71213109899998,-37.36730336299996,0 -72.71511320899998,-37.36119446599997,0 -72.71878984299997,-37.35366126499997,0 -72.71709534299998,-37.35179566799997,0 -72.71658342799998,-37.35159101599993,0 -72.71657635799994,-37.35156993999993,0 -72.71389985399998,-37.34359132199995,0 -72.70672754499998,-37.34289418499998,0 -72.70665558699994,-37.34311187599997,0 -72.70668614199997,-37.34368850599998,0 
						</coordinates>
					</LinearRing>
				</outerBoundaryIs>
			</Polygon>
		</MultiGeometry>
	</Placemark>
	<Placemark>
		<name>MONTERREY</name>
		<description><![CDATA[<p>COMUNA: NACIMIENTO
<br/>DISTRITO: 5
<br/>LOC_ZON: 25
<br/>NOMBRE_LOCALIDAD: MONTERREY
<br/>GEOCODIGO: 8306052025</p>]]></description>
		<styleUrl>#style1</styleUrl>
		<ExtendedData>
			<Data name="NOM_COMUNA">
				<displayName>NOM_COMUNA</displayName>
				<value>NACIMIENTO</value>
			</Data>
			<Data name="DISTRITO">
				<displayName>DISTRITO</displayName>
				<value>5</value>
			</Data>
			<Data name="LOC_ZON">
				<displayName>LOC_ZON</displayName>
				<value>25</value>
			</Data>
			<Data name="NOM_LOCALI">
				<displayName>NOM_LOCALI</displayName>
				<value>MONTERREY</value>
			</Data>
			<Data name="GEOCODIGO">
				<displayName>GEOCODIGO</displayName>
				<value>8306052025</value>
			</Data>
		</ExtendedData>
		<MultiGeometry>
			<Polygon>
				<outerBoundaryIs>
					<LinearRing>
						<tessellate>1</tessellate>
						<coordinates>
							-72.71974070499994,-37.28957181199996,0 -72.71888737799998,-37.29284352399998,0 -72.71576876299997,-37.29776034399998,0 -72.71570740399994,-37.29816990199998,0 -72.71569480799997,-37.29825398999998,0 -72.71564465199998,-37.29858877099997,0 -72.71563351999998,-37.29866307099996,0 -72.71548435499994,-37.29965870299998,0 -72.71541911099996,-37.30009418299994,0 -72.71540566099998,-37.30018395699994,0 -72.71535559899996,-37.30068487299997,0 -72.71530117499998,-37.30248309299998,0 -72.71530063699998,-37.30251410499994,0 -72.71529347799998,-37.30292650699994,0 -72.71530129199994,-37.30481654499994,0 -72.71531288599994,-37.30522046499993,0 -72.71528144899997,-37.30556982399997,0 -72.71522097599996,-37.30624184799996,0 -72.71518587199995,-37.30647112499997,0 -72.71497357699997,-37.30785771499995,0 -72.71485445699994,-37.30863573599999,0 -72.71478875599996,-37.30899902499993,0 -72.71468503499995,-37.30957254099997,0 -72.71434998399997,-37.31142510699993,0 -72.71390027599995,-37.31277971099996,0 -72.71376154099994,-37.31339147199998,0 -72.71375182699995,-37.31339644999997,0 -72.71293127899997,-37.31381705099994,0 -72.71174585299997,-37.31406294099997,0 -72.71128438599999,-37.31446598499997,0 -72.71107909899996,-37.31464528099997,0 -72.71062100499995,-37.31548127299993,0 -72.71008790599996,-37.31641181699996,0 -72.70980779299998,-37.31822673499994,0 -72.70961768799998,-37.31945840399993,0 -72.70944261199998,-37.32059270799994,0 -72.70939318999996,-37.32091290399995,0 -72.70937947799996,-37.32100174099998,0 -72.70916009999996,-37.32242305799997,0 -72.70913400999996,-37.32272600499994,0 -72.70904053899994,-37.32381136599997,0 -72.70903695499999,-37.32385298099996,0 -72.70886294299999,-37.32587353399998,0 -72.70883507599996,-37.32604595699996,0 -72.70844839499995,-37.32843847299995,0 -72.70715329199999,-37.32991106999998,0 -72.70754151499995,-37.33137789099993,0 -72.70779956099994,-37.33238135999994,0 -72.70794164899996,-37.33403542199994,0 -72.70789031099997,-37.33572413699994,0 -72.70774983499996,-37.33718070999998,0 -72.70830213999994,-37.33799786699996,0 -72.70842650799995,-37.33865311999995,0 -72.70855554799994,-37.33915485299997,0 -72.70832710199994,-37.34034090299997,0 -72.70764898499993,-37.34129044199994,0 -72.70692046099998,-37.34231056199997,0 -72.70672754499998,-37.34289418499998,0 -72.71389985399998,-37.34359132199995,0 -72.71657635799994,-37.35156993999993,0 -72.71658342799998,-37.35159101599993,0 -72.71709534299998,-37.35179566799997,0 -72.71878984299997,-37.35366126499997,0 -72.71511320899998,-37.36119446599997,0 -72.71213109899998,-37.36730336299996,0 -72.70971790299996,-37.36935358299996,0 -72.70577059199996,-37.37270698899994,0 -72.70378912599995,-37.37439024399998,0 -72.70363103899996,-37.37518779499993,0 -72.70222975599995,-37.38225645699998,0 -72.70039844099995,-37.39149207399998,0 -72.71348565399995,-37.37114828599994,0 -72.72615717299993,-37.36444197499998,0 -72.72656732499996,-37.36819103599998,0 -72.72670050699998,-37.36960349399993,0 -72.72685741199996,-37.37126747499997,0 -72.72747796399995,-37.37784846199997,0 -72.72775549699998,-37.38079171499993,0 -72.73253684099996,-37.37915991299997,0 -72.74966868899998,-37.38079709599998,0 -72.75129555299998,-37.40397144999997,0 -72.75690892499995,-37.40952963999996,0 -72.76584305999995,-37.39807478999995,0 -72.77278144399997,-37.39337726699995,0 -72.78248001899993,-37.39334499899996,0 -72.78831909999997,-37.39092693199996,0 -72.79115936299996,-37.38579387499993,0 -72.79607507799994,-37.38282427699994,0 -72.80089717099997,-37.38490244499997,0 -72.80453416999995,-37.38622189199998,0 -72.81463939499997,-37.37936308199994,0 -72.82033274299994,-37.37710285799994,0 -72.81961663499999,-37.37568322999994,0 -72.81920763599999,-37.37531783099996,0 -72.81656901899999,-37.37405133699997,0 -72.80804795699999,-37.37438384999996,0 -72.80579623299997,-37.36306835299996,0 -72.80853808899997,-37.36200804899994,0 -72.80722465699995,-37.36152056299994,0 -72.79856417599996,-37.35830567299996,0 -72.79752097399995,-37.35854828499998,0 -72.79203074699996,-37.35982493499995,0 -72.79025189099997,-37.35154327499998,0 -72.79071088299997,-37.35120363699997,0 -72.79231428799994,-37.34960013799997,0 -72.79257102599996,-37.34853655399996,0 -72.78937439199996,-37.34691106999998,0 -72.78889919199997,-37.34666937799994,0 -72.78856989599996,-37.34556021899994,0 -72.78308630299995,-37.34190946199993,0 -72.77919589699997,-37.34146124199998,0 -72.77885845199995,-37.34359819799994,0 -72.77267852299997,-37.34660247999994,0 -72.77158621699994,-37.34713342899994,0 -72.76665789199996,-37.34613554599997,0 -72.75869065899997,-37.34175900699995,0 -72.75172865599995,-37.33793381699996,0 -72.75175187399998,-37.33790795799996,0 -72.75578255099998,-37.33817867499994,0 -72.75677646799994,-37.33078273499996,0 -72.76355184699997,-37.32334321599996,0 -72.76749814299995,-37.32115253899997,0 -72.76902891199995,-37.32069957599998,0 -72.77498321699994,-37.31893742099993,0 -72.77553604499997,-37.31858696199998,0 -72.77792553799998,-37.31707217199994,0 -72.77729094599994,-37.31669991299998,0 -72.77700018799999,-37.31641957899996,0 -72.77690741699996,-37.31602580699996,0 -72.77690482299994,-37.31561119999998,0 -72.77666236499994,-37.31522362699997,0 -72.77598811799999,-37.31481892299996,0 -72.77564002599996,-37.31447442299998,0 -72.77556560799997,-37.31393680099995,0 -72.77573852599994,-37.31314247899996,0 -72.77575989899998,-37.31241740399997,0 -72.77576583199993,-37.31221609799996,0 -72.77577927899995,-37.31175988199993,0 -72.77576122699998,-37.31136751499997,0 -72.77564738599995,-37.31116260099998,0 -72.77537361999998,-37.31083301599995,0 -72.77514629099994,-37.31045924199998,0 -72.77481315499995,-37.31011051399997,0 -72.77430074299997,-37.30976742399997,0 -72.77382653399997,-37.30965936699994,0 -72.77348397399999,-37.30963038899995,0 -72.77295921299998,-37.30970612499993,0 -72.77276895199998,-37.30979716999997,0 -72.77245926599994,-37.30994454499995,0 -72.77189971499996,-37.31019535799993,0 -72.77125052099996,-37.31044898499994,0 -72.77038505299998,-37.31043267399997,0 -72.77004226399998,-37.31043522399995,0 -72.76966513799994,-37.31054977699995,0 -72.76930644499998,-37.31056554399999,0 -72.76865695399994,-37.31032798999996,0 -72.76832078599995,-37.31008282599998,0 -72.76821924899997,-37.30972493199994,0 -72.76780386299998,-37.30939265699993,0 -72.76723375499995,-37.30899888099998,0 -72.76698457099997,-37.30884097099994,0 -72.76679289399993,-37.30876525499997,0 -72.76652264699999,-37.30881873199996,0 -72.76599055399998,-37.30914213199998,0 -72.76573293399997,-37.30941213599993,0 -72.76552097099994,-37.30959287999997,0 -72.76510381999998,-37.31013023299994,0 -72.76496120599995,-37.31039790099993,0 -72.76484057199997,-37.31066147899998,0 -72.76468637199997,-37.31108213499994,0 -72.76454301799998,-37.31161433899996,0 -72.76454300799998,-37.31161437699996,0 -72.76454299799997,-37.31161441499995,0 -72.76451126999996,-37.31173220499994,0 -72.76438152199995,-37.31227949099997,0 -72.76428832899995,-37.31268778099997,0 -72.76424019999996,-37.31324111699996,0 -72.76416128899996,-37.31376232799994,0 -72.76411153099997,-37.31384700199993,0 -72.76401285399999,-37.31401186099998,0 -72.76386832599997,-37.31415332299997,0 -72.76357855299995,-37.31417487999994,0 -72.76326713899994,-37.31423658199998,0 -72.76286169599996,-37.31437761399997,0 -72.76245137699993,-37.31446898599995,0 -72.76211068299995,-37.31440974999998,0 -72.76186975899998,-37.31436785999995,0 -72.76114851999995,-37.31448037999996,0 -72.76069577599998,-37.31457544899996,0 -72.76043251699997,-37.31486786399995,0 -72.76021182399995,-37.31524669899994,0 -72.76019912399994,-37.31541318299998,0 -72.76018987599997,-37.31553467099997,0 -72.76018752999994,-37.31556616899996,0 -72.76010027799998,-37.31565463799996,0 -72.76006366299998,-37.31567647399993,0 -72.75999254899995,-37.31572018799994,0 -72.75980134699995,-37.31577063999998,0 -72.75960907499996,-37.31585711899993,0 -72.75929797999999,-37.31586023799997,0 -72.75904228899998,-37.31577878999997,0 -72.75888269499995,-37.31576224799994,0 -72.75879402199996,-37.31575606199993,0 -72.75837927299995,-37.31564005699994,0 -72.75824470499998,-37.31549331299993,0 -72.75819146899994,-37.31543372499993,0 -72.75789895099996,-37.31523892599995,0 -72.75760184799998,-37.31517471499996,0 -72.75730023099999,-37.31528615399998,0 -72.75717810899994,-37.31543253799998,0 -72.75703333299998,-37.31560552799994,0 -72.75659735399995,-37.31606138299998,0 -72.75633980299995,-37.31668283799996,0 -72.75616209999998,-37.31689575799993,0 -72.75606192199996,-37.31701551999998,0 -72.75601758799996,-37.31705973999993,0 -72.75585139299994,-37.31724133499995,0 -72.75575889699996,-37.31731618199996,0 -72.75570680899995,-37.31736025399994,0 -72.75553127299997,-37.31742102899995,0 -72.75547237299998,-37.31744142099996,0 -72.75478727699993,-37.31752304399998,0 -72.75425982899998,-37.31763919999997,0 -72.75415014299995,-37.31762810499998,0 -72.75385592299995,-37.317609,0 -72.75346695599995,-37.31766920299998,0 -72.75320375199993,-37.31774531199994,0 -72.75314642599994,-37.31777576499996,0 -72.75306459899997,-37.31782377699994,0 -72.75295521399994,-37.31782620499996,0 -72.75277239299999,-37.31783174399993,0 -72.75241973899995,-37.31785658499996,0 -72.75217103299997,-37.31791944899993,0 -72.75204654699996,-37.31809732499994,0 -72.75210428099996,-37.31833724299997,0 -72.75210218099994,-37.31834847699997,0 -72.75210008599998,-37.31835969299993,0 -72.75206796799995,-37.31856185499998,0 -72.75206005099994,-37.31882756099998,0 -72.75205911199998,-37.31885908499993,0 -72.75205454899998,-37.31901220399993,0 -72.75220774199994,-37.31936208099995,0 -72.75233485499996,-37.31961683499998,0 -72.75256424099996,-37.31991859299995,0 -72.75265016999998,-37.32006441999994,0 -72.75270481699994,-37.32021866399998,0 -72.75271465499998,-37.32038557399994,0 -72.75270794699998,-37.32061074899997,0 -72.75246218899997,-37.32085841699995,0 -72.75223347899998,-37.32100727599993,0 -72.75189994399994,-37.32119469699995,0 -72.75150739899993,-37.32132692199997,0 -72.75110102399998,-37.32144986999998,0 -72.75085653399998,-37.32160743899993,0 -72.75070471699996,-37.32170818999998,0 -72.75055464599996,-37.32175039699996,0 -72.75004673299998,-37.32175425299994,0 -72.74978139999996,-37.32164105999993,0 -72.74951741199999,-37.32148283199996,0 -72.74925463399995,-37.32128407199997,0 -72.74898014599995,-37.32098144899993,0 -72.74879880099996,-37.32074818899997,0 -72.74876419699996,-37.32070246999996,0 -72.74865918699999,-37.32022733699995,0 -72.74848700799998,-37.31999425099997,0 -72.74813915699997,-37.31964516899995,0 -72.74803762899995,-37.31952607899996,0 -72.74780691799998,-37.31926934799998,0 -72.74765478899997,-37.31886090699993,0 -72.74766294999995,-37.31875291799997,0 -72.74768064799997,-37.31851443399995,0 -72.74758450099995,-37.31821520499994,0 -72.74751412299997,-37.31809220099996,0 -72.74729563199998,-37.31789878599994,0 -72.74717064399994,-37.31783332099997,0 -72.74712898499996,-37.31781109199994,0 -72.74712891199994,-37.31781105299996,0 -72.74712883999996,-37.31781101499996,0 -72.74694295499995,-37.31771182699998,0 -72.74654328699995,-37.31758705499993,0 -72.74623397299996,-37.31745949899994,0 -72.74602924399994,-37.31732492199995,0 -72.74598978599994,-37.31713491599993,0 -72.74602655199999,-37.31691932699994,0 -72.74606328499993,-37.31668120699993,0 -72.74609282899996,-37.31654208299994,0 -72.74609786499997,-37.31651514199996,0 -72.74610069099998,-37.31642056899994,0 -72.74585583499999,-37.31611850399997,0 -72.74550424599994,-37.31589551299993,0 -72.74535543399998,-37.31582508599996,0 -72.74509264699998,-37.31569841299995,0 -72.74458908399998,-37.31555813599994,0 -72.74421623799998,-37.31555102599998,0 -72.74398433999994,-37.31533481899993,0 -72.74386902799995,-37.31522897999997,0 -72.74363171399995,-37.31517038099997,0 -72.74339845299994,-37.31518846099993,0 -72.74314816399993,-37.31532787899994,0 -72.74279879599999,-37.31547892299994,0 -72.74257039599996,-37.31554666099998,0 -72.74242949499995,-37.31558903199993,0 -72.74221808199997,-37.31560752599995,0 -72.74204268799997,-37.31557714199994,0 -72.74168730799994,-37.31545770599996,0 -72.74132690399995,-37.31527058199998,0 -72.74116667799996,-37.31499265399998,0 -72.74103182699997,-37.31471520999997,0 -72.74111435599997,-37.31445543599995,0 -72.74130267799995,-37.31414811599996,0 -72.74142569799994,-37.31401978999997,0 -72.74164228199999,-37.31366344299994,0 -72.74182781999997,-37.31359038199997,0 -72.74202728799997,-37.31349956399998,0 -72.74272843099999,-37.31311641499997,0 -72.74313399299996,-37.31273663499996,0 -72.74355930199994,-37.31216797599996,0 -72.74380331699996,-37.31188424399994,0 -72.74403739899998,-37.31155526199996,0 -72.74406730899994,-37.31147472399994,0 -72.74418234599995,-37.31118853099997,0 -72.74427572499997,-37.31103710599996,0 -72.74427540799996,-37.31081179799997,0 -72.74421569999998,-37.31045017599996,0 -72.74390787699997,-37.31015591799996,0 -72.74354309699999,-37.30995069399995,0 -72.74335647899994,-37.30984800099998,0 -72.74294197099994,-37.30925430599996,0 -72.74279315199993,-37.30906671899993,0 -72.74246962899997,-37.30882622999997,0 -72.74208126999997,-37.30858450299996,0 -72.74175757499995,-37.30842061199996,0 -72.74143913599994,-37.30808108499997,0 -72.74136351599998,-37.30761551899997,0 -72.74118632999995,-37.30729220599994,0 -72.74118300899994,-37.30728538399995,0 -72.74117968699994,-37.30727856099998,0 -72.74095078799996,-37.30696327299995,0 -72.74090917799998,-37.30693994799998,0 -72.74055458799995,-37.30674842699995,0 -72.74028611099999,-37.30655404499998,0 -72.74009620399994,-37.30630258399998,0 -72.74006905799996,-37.30603170299997,0 -72.73985005099996,-37.30583375899994,0 -72.73966422699993,-37.30568150899995,0 -72.73954455599994,-37.30546293199995,0 -72.73932977899995,-37.30526506699994,0 -72.73920898699998,-37.30515461399995,0 -72.73900323899994,-37.30496142699997,0 -72.73864929299998,-37.30481947999994,0 -72.73814152599994,-37.30484581999997,0 -72.73787171299995,-37.30469646699993,0 -72.73759117899993,-37.30464604099996,0 -72.73714049499995,-37.30467346899997,0 -72.73689840499998,-37.30470488599997,0 -72.73667646799998,-37.30462854299998,0 -72.73666494099996,-37.30462494199998,0 -72.73666109899995,-37.30462374199993,0 -72.73649993199996,-37.30456658599996,0 -72.73597118599997,-37.30428159799993,0 -72.73537017699994,-37.30391411599993,0 -72.73454835299998,-37.30345678799995,0 -72.73403333799996,-37.30320810299997,0 -72.73375221499998,-37.30313062099998,0 -72.73343903199998,-37.30311110199995,0 -72.73321807899998,-37.30302575899998,0 -72.73301027399998,-37.30297221099994,0 -72.73300054299995,-37.30296751799995,0 -72.73299081299996,-37.30296282599994,0 -72.73283482699998,-37.30287422099997,0 -72.73259352499997,-37.30285607799993,0 -72.73245055799998,-37.30292092799993,0 -72.73231591099994,-37.30299044399993,0 -72.73225623199994,-37.30305238399995,0 -72.73223934799995,-37.30307458999994,0 -72.73218460199996,-37.30313662499998,0 -72.73210337599994,-37.30321167099993,0 -72.73192457599998,-37.30324879699998,0 -72.73177016899996,-37.30329540299994,0 -72.73163597899998,-37.30327931099998,0 -72.73148647199997,-37.30318632299998,0 -72.73126118099998,-37.30301077299998,0 -72.73108819799995,-37.30273709299996,0 -72.73100026299994,-37.30240195999994,0 -72.73098056899994,-37.30209148799997,0 -72.73097055499994,-37.30193362299997,0 -72.73096821099995,-37.30189666799998,0 -72.73073282999997,-37.30130636799998,0 -72.73067525899995,-37.30113403399997,0 -72.73058217999994,-37.30085287399993,0 -72.73041668099995,-37.30047119199997,0 -72.73017825499994,-37.30026384499996,0 -72.73003872899994,-37.30014401099993,0 -72.72992128899995,-37.29987590099995,0 -72.72985016599995,-37.29956812599994,0 -72.72995143899993,-37.29917804399997,0 -72.73008544499999,-37.29859032399997,0 -72.73023566399996,-37.29835438599997,0 -72.73023481099995,-37.29834761099994,0 -72.73023452299998,-37.29834535199996,0 -72.73019896199997,-37.29807430799997,0 -72.73018971799996,-37.29800653999996,0 -72.73013973899998,-37.29791488799998,0 -72.73012536299996,-37.29788852599995,0 -72.73011326199997,-37.29786633499998,0 -72.73007521299996,-37.29779656099998,0 -72.73007132999999,-37.29778943999997,0 -72.73000596099996,-37.29766956699996,0 -72.72965585899993,-37.29740149799994,0 -72.72949601199997,-37.29725423599996,0 -72.72931920199994,-37.29717874599993,0 -72.72913404599996,-37.29719321599998,0 -72.72888184099997,-37.29723343499995,0 -72.72874478999995,-37.29728938199997,0 -72.72868844699997,-37.29731082999996,0 -72.72849453599997,-37.29731161299998,0 -72.72840052099997,-37.29717913199994,0 -72.72823184299995,-37.29683343399995,0 -72.72814324899997,-37.29663797299997,0 -72.72794533099994,-37.29623313499997,0 -72.72764475599996,-37.29600656499997,0 -72.72745239699998,-37.29565139899995,0 -72.72719247699996,-37.29536252499997,0 -72.72707952599995,-37.29506295599998,0 -72.72691148699994,-37.29429820699994,0 -72.72690945599999,-37.29424860099994,0 -72.72690671899994,-37.29419898199995,0 -72.72689528699993,-37.29394642499994,0 -72.72692255399994,-37.29364954999994,0 -72.72691440199998,-37.29331143999997,0 -72.72693145599999,-37.29272147699993,0 -72.72705798799996,-37.29247607599996,0 -72.72732532999999,-37.29202610199997,0 -72.72757312899995,-37.29173346299996,0 -72.72778669899998,-37.29157084199994,0 -72.72799961799996,-37.29145326799994,0 -72.72820952899997,-37.29141223899995,0 -72.72846201199997,-37.29138554499997,0 -72.72877817899996,-37.29135106099994,0 -72.72907692099994,-37.29135679599995,0 -72.72928506999995,-37.29137430899993,0 -72.72956655199994,-37.29143828999997,0 -72.72977250799994,-37.29150532699998,0 -72.72993505099998,-37.29156251899997,0 -72.73020338899994,-37.29159470399998,0 -72.73033837099996,-37.29158377599998,0 -72.73058006699995,-37.29149378599993,0 -72.73068539999997,-37.29143722799995,0 -72.73079227699998,-37.29137619299996,0 -72.73098405399998,-37.29125820799993,0 -72.73114280099998,-37.29117798199997,0 -72.73126753199995,-37.29111494599994,0 -72.73141979499997,-37.29095114199998,0 -72.73157208499998,-37.29080986899993,0 -72.73175235999997,-37.29059126499993,0 -72.73176962499997,-37.29057032999998,0 -72.73184568499994,-37.29043210099996,0 -72.73196455899995,-37.29027666799993,0 -72.73217453699993,-37.29006890899996,0 -72.73231381399995,-37.28989133699997,0 -72.73236521199993,-37.28975263499996,0 -72.73243335599994,-37.28959622899998,0 -72.73240643299994,-37.28936590499995,0 -72.73233068999997,-37.28911211399998,0 -72.73205536399996,-37.28875536499993,0 -72.73191175699998,-37.28851379099996,0 -72.73176717499996,-37.28828121099997,0 -72.73177285599996,-37.28809206599993,0 -72.73181059599995,-37.28796211399998,0 -72.73186467699998,-37.28782796999997,0 -72.73187035699993,-37.28763882399994,0 -72.73187603699995,-37.28744967899996,0 -72.73187995899997,-37.28731907899993,0 -72.73192189199995,-37.28704951999998,0 -72.73178599699997,-37.28655124899996,0 -72.73157245699997,-37.28582168099996,0 -72.73142493299997,-37.28514745099994,0 -72.73140437099994,-37.28470546399996,0 -72.73144954899993,-37.28432782199997,0 -72.73161397499996,-37.28387586399998,0 -72.73171684899995,-37.28375735299994,0 -72.73201410999997,-37.28341490599996,0 -72.73241315899998,-37.28298997399997,0 -72.73245112399997,-37.28295334699993,0 -72.73272458199995,-37.28268953099996,0 -72.73303573299995,-37.28239809399997,0 -72.73332781199997,-37.28217838699993,0 -72.73346601899993,-37.28205937199994,0 -72.73355309699997,-37.28195289499996,0 -72.73355620499996,-37.28184931499993,0 -72.73355647499994,-37.28184030799997,0 -72.73355674499999,-37.28183130099995,0 -72.73356079799998,-37.28169619699997,0 -72.73346883899995,-37.28140154199997,0 -72.73313356899996,-37.28110658099996,0 -72.73281435499996,-37.28082574599995,0 -72.73240462099994,-37.28047993899997,0 -72.73222063699995,-37.28038629199995,0 -72.73194149199998,-37.28024575899997,0 -72.73178245199995,-37.27993179299995,0 -72.73173608499997,-37.27980924099995,0 -72.73170166999995,-37.27977659499993,0 -72.73160518099996,-37.27968506799994,0 -72.73142331399998,-37.27959145899996,0 -72.73129322199998,-37.27944026499995,0 -72.73118358399995,-37.27919483599993,0 -72.73100480099998,-37.27897511699996,0 -72.73089059199998,-37.27873597399997,0 -72.73084817599994,-37.27864715899995,0 -72.73083105199998,-37.27861130099996,0 -72.73064459599993,-37.27822470999996,0 -72.73061012799997,-37.27815195199997,0 -72.73047909399997,-37.27803228099998,0 -72.73043042999996,-37.27798628699998,0 -72.73035653699998,-37.27781814599996,0 -72.73021002399997,-37.27748639299995,0 -72.73010766999994,-37.27697524599995,0 -72.73005276399994,-37.27628274699998,0 -72.73005225099996,-37.27627627599998,0 -72.73004684099999,-37.27620804999998,0 -72.73005189399998,-37.27585216799997,0 -72.72798270899995,-37.27524028899995,0 -72.72760562299999,-37.27512878099998,0 -72.72622065399997,-37.27672955199995,0 -72.72378022199996,-37.27951141699998,0 -72.72282101899998,-37.28134389199994,0 -72.72255782899998,-37.28184669099994,0 -72.72132096899998,-37.28420960099993,0 -72.72106060199997,-37.28508954499995,0 -72.72066819599996,-37.28641572899994,0 -72.72062707499998,-37.28655470299998,0 -72.72060409099998,-37.28663237999996,0 -72.72060340599995,-37.28663469399993,0 -72.72001546199994,-37.28862157299994,0 -72.71998680299998,-37.28871842299998,0 -72.71978849599998,-37.28938856899998,0 -72.71974753999996,-37.28954560599993,0 -72.71974070499994,-37.28957181199996,0 
						</coordinates>
					</LinearRing>
				</outerBoundaryIs>
			</Polygon>
		</MultiGeometry>
	</Placemark>
	<Placemark>
		<name>CARMEN ALTO</name>
		<description><![CDATA[<p>COMUNA: NACIMIENTO
<br/>DISTRITO: 5
<br/>LOC_ZON: 3
<br/>NOMBRE_LOCALIDAD: CARMEN ALTO
<br/>GEOCODIGO: 8306052003</p>]]></description>
		<styleUrl>#style1</styleUrl>
		<ExtendedData>
			<Data name="NOM_COMUNA">
				<displayName>NOM_COMUNA</displayName>
				<value>NACIMIENTO</value>
			</Data>
			<Data name="DISTRITO">
				<displayName>DISTRITO</displayName>
				<value>5</value>
			</Data>
			<Data name="LOC_ZON">
				<displayName>LOC_ZON</displayName>
				<value>3</value>
			</Data>
			<Data name="NOM_LOCALI">
				<displayName>NOM_LOCALI</displayName>
				<value>CARMEN ALTO</value>
			</Data>
			<Data name="GEOCODIGO">
				<displayName>GEOCODIGO</displayName>
				<value>8306052003</value>
			</Data>
		</ExtendedData>
		<MultiGeometry>
			<Polygon>
				<outerBoundaryIs>
					<LinearRing>
						<tessellate>1</tessellate>
						<coordinates>
							-72.70020961299997,-37.41399093699994,0 -72.70218074199994,-37.41577729599993,0 -72.70346318199995,-37.41693946099997,0 -72.70478948899995,-37.41814132699994,0 -72.70780587699994,-37.42087450999998,0 -72.70518595599998,-37.43222862399995,0 -72.70509771599995,-37.43261095099996,0 -72.70493069999998,-37.43332255099995,0 -72.70407032199995,-37.43698831299997,0 -72.70150347299995,-37.44792218099997,0 -72.70067670299994,-37.45177289799994,0 -72.69951505299997,-37.45718257399994,0 -72.69767222099995,-37.45873673999995,0 -72.69619890899997,-37.45997919799998,0 -72.69446413499998,-37.47049928199993,0 -72.69324232599996,-37.47790653599998,0 -72.69237224199998,-37.47868968999995,0 -72.69022507399995,-37.47987630799997,0 -72.69057115199996,-37.48027011099998,0 -72.69104529299995,-37.48463407099996,0 -72.69146308099994,-37.48436786299993,0 -72.69153242599998,-37.48433434699996,0 -72.69336468799997,-37.48344877899996,0 -72.69385812699994,-37.48274712699998,0 -72.69177828399995,-37.48046772099997,0 -72.69978257899999,-37.47357659399995,0 -72.70049187799998,-37.47296584899993,0 -72.70231007999996,-37.47140020799998,0 -72.70971065399993,-37.46710900399995,0 -72.71521874199993,-37.46805632399997,0 -72.71525366899994,-37.46801651399994,0 -72.71773155399995,-37.46911667899997,0 -72.72095714199997,-37.47355522299995,0 -72.72141348699995,-37.47359225699995,0 -72.72264579399996,-37.47372565199998,0 -72.72316015999996,-37.47377294099994,0 -72.72433640899999,-37.47387917099996,0 -72.72435261399994,-37.47388063499994,0 -72.72471701699999,-37.47392502799994,0 -72.72505078399996,-37.47394889899994,0 -72.72559538499996,-37.47392699899996,0 -72.72631135999995,-37.47376887299998,0 -72.72697984399997,-37.47362174199998,0 -72.72698797699996,-37.47361995199998,0 -72.72746411299994,-37.47348460899997,0 -72.72798314499994,-37.47322302299995,0 -72.72844158699996,-37.47305245499996,0 -72.72855131899996,-37.47295955499993,0 -72.72859964999998,-37.47291863699996,0 -72.72872070699998,-37.47281614999997,0 -72.72889551999998,-37.47261770099993,0 -72.72891724699997,-37.47241630999997,0 -72.72891419399997,-37.47205249499996,0 -72.72891589299996,-37.47189307199994,0 -72.72875789299997,-37.47153624299995,0 -72.72830554299998,-37.47083491199993,0 -72.72818638299998,-37.47064077499994,0 -72.72757547999998,-37.46970468199993,0 -72.72738191899998,-37.46938703099994,0 -72.72697318799999,-37.46884598799994,0 -72.72678713899995,-37.46853844699996,0 -72.72649015899998,-37.46812661799993,0 -72.72648609799995,-37.46811996599996,0 -72.72631850199997,-37.46784545599996,0 -72.72400244699998,-37.46993308599997,0 -72.72029475699998,-37.46763793799994,0 -72.72400507999998,-37.46265745199997,0 -72.72392082299996,-37.46263343499993,0 -72.72611695499995,-37.45938711399998,0 -72.72866852899995,-37.45857415399996,0 -72.73176139299994,-37.45758863499998,0 -72.73630698099998,-37.45614001699994,0 -72.73522396399994,-37.45570511199998,0 -72.73452487799995,-37.45542437399996,0 -72.73390955999997,-37.45517726999998,0 -72.73245180099997,-37.45459183299994,0 -72.73133582899999,-37.45414363999998,0 -72.73068439299993,-37.45346292599993,0 -72.72948461899995,-37.45253515699994,0 -72.72927682399995,-37.45237447099998,0 -72.72902130899996,-37.45217688199995,0 -72.72901658199999,-37.45217322699995,0 -72.73126663099998,-37.44871215699993,0 -72.73635287799993,-37.44278385499996,0 -72.74245869799995,-37.43566559599998,0 -72.74865209299998,-37.42844346999993,0 -72.73040467499999,-37.42067764199993,0 -72.71630465299995,-37.41467688399996,0 -72.71589575699994,-37.41486547999995,0 -72.70135506699995,-37.41172420199996,0 -72.70020961299997,-37.41399093699994,0 
						</coordinates>
					</LinearRing>
				</outerBoundaryIs>
			</Polygon>
		</MultiGeometry>
	</Placemark>
	<Placemark>
		<name>RINCONADA DE TAVOLEO</name>
		<description><![CDATA[<p>COMUNA: NACIMIENTO
<br/>DISTRITO: 5
<br/>LOC_ZON: 30
<br/>NOMBRE_LOCALIDAD: RINCONADA DE TAVOLEO
<br/>GEOCODIGO: 8306052030</p>]]></description>
		<styleUrl>#style1</styleUrl>
		<ExtendedData>
			<Data name="NOM_COMUNA">
				<displayName>NOM_COMUNA</displayName>
				<value>NACIMIENTO</value>
			</Data>
			<Data name="DISTRITO">
				<displayName>DISTRITO</displayName>
				<value>5</value>
			</Data>
			<Data name="LOC_ZON">
				<displayName>LOC_ZON</displayName>
				<value>30</value>
			</Data>
			<Data name="NOM_LOCALI">
				<displayName>NOM_LOCALI</displayName>
				<value>RINCONADA DE TAVOLEO</value>
			</Data>
			<Data name="GEOCODIGO">
				<displayName>GEOCODIGO</displayName>
				<value>8306052030</value>
			</Data>
		</ExtendedData>
		<MultiGeometry>
			<Polygon>
				<outerBoundaryIs>
					<LinearRing>
						<tessellate>1</tessellate>
						<coordinates>
							-72.74865209299998,-37.42844346999993,0 -72.74245869799995,-37.43566559599998,0 -72.73635287799993,-37.44278385499996,0 -72.73126663099998,-37.44871215699993,0 -72.72901658199999,-37.45217322699995,0 -72.72902130899996,-37.45217688199995,0 -72.72927682399995,-37.45237447099998,0 -72.72948461899995,-37.45253515699994,0 -72.73068439299993,-37.45346292599993,0 -72.73133582899999,-37.45414363999998,0 -72.73245180099997,-37.45459183299994,0 -72.73390955999997,-37.45517726999998,0 -72.73452487799995,-37.45542437399996,0 -72.73522396399994,-37.45570511199998,0 -72.73630698099998,-37.45614001699994,0 -72.73176139299994,-37.45758863499998,0 -72.72866852899995,-37.45857415399996,0 -72.72611695499995,-37.45938711399998,0 -72.72392082299996,-37.46263343499993,0 -72.72400507999998,-37.46265745199997,0 -72.72029475699998,-37.46763793799994,0 -72.72400244699998,-37.46993308599997,0 -72.72631850199997,-37.46784545599996,0 -72.72621618099998,-37.46767785999998,0 -72.72614572599997,-37.46737254299995,0 -72.72613935699997,-37.46696381799995,0 -72.72612511599993,-37.46635063799994,0 -72.72614085699996,-37.46624380699996,0 -72.72623211399997,-37.46591419699996,0 -72.72632296299997,-37.46549488499994,0 -72.72640512599997,-37.46520745499998,0 -72.72645666199998,-37.46505397599998,0 -72.72655863199998,-37.46488651699997,0 -72.72665221099999,-37.46468650899993,0 -72.72693367499994,-37.46411390199995,0 -72.72699856599996,-37.46403542299998,0 -72.72708020699997,-37.46391989499995,0 -72.72716640399995,-37.46375711499996,0 -72.72721003099997,-37.46365829499996,0 -72.72722290999997,-37.46364252099994,0 -72.72730416499996,-37.46354300699994,0 -72.72731877199993,-37.46347352599997,0 -72.72739309699995,-37.46323826499997,0 -72.72743017499994,-37.46314928499993,0 -72.72755513699997,-37.46294489599995,0 -72.72766771199997,-37.46283992799994,0 -72.72780207799997,-37.46273787099994,0 -72.72792511199998,-37.46270037399995,0 -72.72816188299998,-37.46262270999995,0 -72.72867226599993,-37.46259266199996,0 -72.72880978799998,-37.46259281499994,0 -72.72907208999999,-37.46265267099994,0 -72.72934724499999,-37.46275263799998,0 -72.72940812799999,-37.46281124399997,0 -72.72959021899999,-37.46298652499996,0 -72.72989954699995,-37.46319677299994,0 -72.73052618099996,-37.46354805399994,0 -72.73077396499997,-37.46368695799998,0 -72.73126557499995,-37.46396797399996,0 -72.73164785199998,-37.46424688899998,0 -72.73187314799998,-37.46444555099998,0 -72.73224378199995,-37.46485130499997,0 -72.73233456399998,-37.46495021699997,0 -72.73263130099997,-37.46526734899993,0 -72.73296063299995,-37.46554025999995,0 -72.73332425599995,-37.46581631899994,0 -72.73358326499994,-37.46598572799996,0 -72.73380570699999,-37.46607221599993,0 -72.73432338699996,-37.46631883799995,0 -72.73479375999995,-37.46657950099996,0 -72.73523597799993,-37.46673746999994,0 -72.73604107499995,-37.46698959699995,0 -72.73657001899994,-37.46717413899995,0 -72.73685606099997,-37.46731821099996,0 -72.73720188799996,-37.46730695499997,0 -72.73744116999995,-37.46730677199997,0 -72.73768016399998,-37.46731611799999,0 -72.73790777599999,-37.46730617399993,0 -72.73805212099995,-37.46728963199996,0 -72.73805244899995,-37.46728959399996,0 -72.73832766199996,-37.46719569099997,0 -72.73860135099994,-37.46704772899994,0 -72.73880386999997,-37.46679927399998,0 -72.73885691199996,-37.46651641599993,0 -72.73870172499994,-37.46620253499998,0 -72.73862167099998,-37.46588108099996,0 -72.73865020799997,-37.46542652699998,0 -72.73865091099998,-37.46540318599995,0 -72.73865957199996,-37.46511579699995,0 -72.73909165199996,-37.46468248599996,0 -72.73972213899998,-37.46411328699998,0 -72.74001756099995,-37.46373593599998,0 -72.74023486799996,-37.46346523099993,0 -72.74036061599998,-37.46327838699995,0 -72.74032369099996,-37.46300281799995,0 -72.74020497299995,-37.46248686999996,0 -72.74013142399997,-37.46194925499998,0 -72.73994685199995,-37.46162580199996,0 -72.73958301999994,-37.46127188199995,0 -72.73918833999994,-37.46098045399998,0 -72.73871777399995,-37.46083478199995,0 -72.73852119099996,-37.46077392599994,0 -72.73777582599996,-37.46070107599996,0 -72.73753969299997,-37.46058840999996,0 -72.73754607299998,-37.46037675299993,0 -72.73760280599998,-37.45999483499997,0 -72.73773110599996,-37.45969989999998,0 -72.73769991999995,-37.45925771999998,0 -72.73782301099999,-37.45859835799996,0 -72.73786001299999,-37.45840015199997,0 -72.73796037899996,-37.45755495599997,0 -72.73819415899999,-37.45725302899996,0 -72.73853119699999,-37.45697110199995,0 -72.73893944699995,-37.45683472699994,0 -72.73965796499994,-37.45681243199994,0 -72.74084106299995,-37.45675395899997,0 -72.74183037899996,-37.45667825199996,0 -72.74270225199996,-37.45653720899998,0 -72.74326084199998,-37.45635863199993,0 -72.74364765099995,-37.45592443899994,0 -72.74365617899997,-37.45564072699995,0 -72.74381887099997,-37.45521126299997,0 -72.74392477399994,-37.45513976299998,0 -72.74412392099998,-37.45500530999993,0 -72.74437889599994,-37.45483036799993,0 -72.74475009199995,-37.45457568399996,0 -72.74514618399996,-37.45417288899995,0 -72.74541794099997,-37.45389653199993,0 -72.74542858499996,-37.45388570799997,0 -72.74591770899997,-37.45352555499994,0 -72.74598273099997,-37.45336007499998,0 -72.74594297899995,-37.45320160799997,0 -72.74563768799999,-37.45289838899998,0 -72.74527484499998,-37.45253549399996,0 -72.74505747499995,-37.45229252899998,0 -72.74505197999997,-37.45198151299996,0 -72.74539427199994,-37.45154646299994,0 -72.74575057699997,-37.45113871599995,0 -72.74566996399994,-37.45083527799994,0 -72.74561881499994,-37.45075854199996,0 -72.74546918199997,-37.45053405399995,0 -72.74523904799997,-37.45024578599998,0 -72.74511311399993,-37.44994598899996,0 -72.74515569699997,-37.44983356699998,0 -72.74518119799995,-37.44976624099996,0 -72.74519444899994,-37.44973125599995,0 -72.74542857999995,-37.44941580199998,0 -72.74547232499998,-37.44934746099995,0 -72.74555006799994,-37.44922600699994,0 -72.74564798799997,-37.44907303099995,0 -72.74573256499997,-37.44875021599995,0 -72.74574860199994,-37.44857200199993,0 -72.74575482799997,-37.44850281299995,0 -72.74579831699998,-37.44845922699994,0 -72.74590924499995,-37.44834805199997,0 -72.74661174299996,-37.44833892499997,0 -72.74707886599998,-37.44823969199996,0 -72.74725206099998,-37.44820562799998,0 -72.74731124299996,-37.44819398799996,0 -72.74742984499994,-37.44817066199994,0 -72.74745480299998,-37.44816575299996,0 -72.74755796699998,-37.44812714399995,0 -72.74778703599998,-37.44804141499998,0 -72.74794508199994,-37.44798755299996,0 -72.74798772099996,-37.44797302199999,0 -72.74822528199996,-37.44789206199994,0 -72.74852856499996,-37.44776716999996,0 -72.74871114299998,-37.44766250599997,0 -72.74886538599998,-37.44748971299998,0 -72.74887038099996,-37.44732308799996,0 -72.74883413499998,-37.44704753399998,0 -72.74886986499996,-37.44684544699993,0 -72.74906726699999,-37.44674106499997,0 -72.74942917699997,-37.44663981799994,0 -72.74969214999999,-37.44647107799995,0 -72.74974970899996,-37.44643414399997,0 -72.74977758699998,-37.44638993599995,0 -72.74990694699994,-37.44618480499997,0 -72.74999392899997,-37.44615025999997,0 -72.75008131899995,-37.44611555299997,0 -72.75021008599998,-37.44606441199994,0 -72.75057939899995,-37.44621112999994,0 -72.75077614299994,-37.44664744799996,0 -72.75110754799994,-37.44704577599998,0 -72.75157411299995,-37.44746019399997,0 -72.75191728599998,-37.44748925499994,0 -72.75244300099996,-37.44739111599995,0 -72.75249673199994,-37.44737749399997,0 -72.75278875599997,-37.44730346199998,0 -72.75295553599994,-37.44726118099993,0 -72.75329344899995,-37.44697021499996,0 -72.75363779399999,-37.44644055399993,0 -72.75375201999998,-37.44614082699997,0 -72.75395076099994,-37.44599140299994,0 -72.75432641099997,-37.44592644899996,0 -72.75465394399998,-37.44598224099997,0 -72.75499465599995,-37.44606982299996,0 -72.75616208099996,-37.44603342599993,0 -72.75670361599998,-37.44594908599998,0 -72.75743198099997,-37.44559342599996,0 -72.75777982199997,-37.44544231999998,0 -72.75841528599994,-37.44519303399994,0 -72.75895395599997,-37.44518072399995,0 -72.75930901399994,-37.44516846699997,0 -72.75962788199996,-37.44515745899997,0 -72.76011011999998,-37.44543025299998,0 -72.76017184299997,-37.44546516799994,0 -72.76055653799995,-37.44559412199993,0 -72.76116911199995,-37.44561474499994,0 -72.76163683799996,-37.44547040599997,0 -72.76207812999996,-37.44521741999995,0 -72.76227524199999,-37.44512202299995,0 -72.76263457999994,-37.44510629899997,0 -72.76288512999997,-37.44523270599996,0 -72.76309730899999,-37.44565127299995,0 -72.76314467599997,-37.44596217199995,0 -72.76317235499994,-37.44614384499994,0 -72.76316987699994,-37.44672506799998,0 -72.76320510199997,-37.44703664699995,0 -72.76331802199996,-37.44727760199993,0 -72.76352446699997,-37.44736712399998,0 -72.76392725899996,-37.44741079699997,0 -72.76427295099995,-37.44733172599996,0 -72.76466587599998,-37.44720848899993,0 -72.76517741799995,-37.44708749399996,0 -72.76584747599998,-37.44719479399998,0 -72.76618081799995,-37.44734078299996,0 -72.76639198399994,-37.44734219299994,0 -72.76654307899997,-37.44735367399994,0 -72.76671064799996,-37.44735684199998,0 -72.76690498599999,-37.44736913999998,0 -72.76698885399998,-37.44736957799995,0 -72.76728071199994,-37.44727145699994,0 -72.76754453299998,-37.44695201299993,0 -72.76765545499995,-37.44673782299998,0 -72.76791418599998,-37.44658950899998,0 -72.76793002399995,-37.44656976899995,0 -72.76808512099996,-37.44637645099994,0 -72.76819764699997,-37.44610821899994,0 -72.76813615699996,-37.44589527599993,0 -72.76808859399995,-37.44573666899998,0 -72.76783270999994,-37.44529024799994,0 -72.76799309799998,-37.44493280099994,0 -72.76820810799995,-37.44473409399995,0 -72.76857172499996,-37.44457424199993,0 -72.76896144199998,-37.44405890899998,0 -72.76896280199998,-37.44404879599995,0 -72.76896335899994,-37.44404531699996,0 -72.76896339399997,-37.44404527999995,0 -72.76914575999996,-37.44385400399995,0 -72.76921363599996,-37.44338957999997,0 -72.76940221799998,-37.44286706599996,0 -72.76947896599995,-37.44273772099996,0 -72.76962994099995,-37.44248327799994,0 -72.76996141199999,-37.44224805699997,0 -72.77037475599997,-37.44216961799998,0 -72.77060244299997,-37.44220867099995,0 -72.77082673399997,-37.44224714099994,0 -72.77129777699997,-37.44241126399993,0 -72.77148322399995,-37.44256032999994,0 -72.77157244799997,-37.44263204999993,0 -72.77185716299994,-37.44287889799995,0 -72.77208007799999,-37.44325712299997,0 -72.77208298099998,-37.44326250599994,0 -72.77208744299998,-37.44327077999998,0 -72.77230980199994,-37.44358588599994,0 -72.77235092299998,-37.44360468499997,0 -72.77237112799997,-37.44362409299998,0 -72.77259768899995,-37.44384171699994,0 -72.77278064499995,-37.44401745599998,0 -72.77317785699995,-37.44430091799995,0 -72.77320802999998,-37.44430430799997,0 -72.77359290999993,-37.44434754899993,0 -72.77369316199997,-37.44429496099997,0 -72.77402141599998,-37.44412277099997,0 -72.77410654099998,-37.44380528099998,0 -72.77418890099995,-37.44358525699994,0 -72.77437877999995,-37.44339958399996,0 -72.77449141199997,-37.44312684099998,0 -72.77448057599997,-37.44249129299993,0 -72.77443644499994,-37.44195424999998,0 -72.77458219599998,-37.44156497499995,0 -72.77491933499994,-37.44129646099998,0 -72.77552959299999,-37.44089340199997,0 -72.77572867799995,-37.44073042899998,0 -72.77597694699995,-37.44043320299994,0 -72.77598294699999,-37.44023054599995,0 -72.77602419999994,-37.43983930199994,0 -72.77609367699995,-37.43952068499993,0 -72.77620602199994,-37.43942640799997,0 -72.77626173299996,-37.43937965699996,0 -72.77659672199997,-37.43918319199997,0 -72.77715870599997,-37.43888285499997,0 -72.77781619699994,-37.43865766399995,0 -72.77794438799998,-37.43861375799997,0 -72.77803831099999,-37.43847133199995,0 -72.77812233599997,-37.438162,0 -72.77824657499997,-37.43799761399998,0 -72.77898599699995,-37.43776368799996,0 -72.77932178699996,-37.43770691599997,0 -72.77962708499996,-37.43744533599994,0 -72.77999551499994,-37.43705554599995,0 -72.78016733599998,-37.43673105499994,0 -72.78026145299998,-37.43647409699997,0 -72.78026654699994,-37.43630170799997,0 -72.78026380899996,-37.43627182099993,0 -72.78024201399995,-37.43603389799995,0 -72.78021824599995,-37.43574022699994,0 -72.78020248499996,-37.43554157499995,0 -72.78018570599994,-37.43537739999994,0 -72.78013675299997,-37.43520399499994,0 -72.78010045299999,-37.43511538199994,0 -72.78001570299995,-37.43490849799997,0 -72.77989942599999,-37.43458160299997,0 -72.77985910599995,-37.43453578599997,0 -72.77936640099995,-37.43399932499995,0 -72.77918105299995,-37.43369844499995,0 -72.77895940199994,-37.43362218299995,0 -72.77876416399994,-37.43363202999996,0 -72.77868724399997,-37.43372520999998,0 -72.77860961899995,-37.43381837599998,0 -72.77841442099998,-37.43385075399993,0 -72.77816028299998,-37.43384597499994,0 -72.77735259699995,-37.43385781899997,0 -72.77699141899996,-37.43379776199998,0 -72.77677202499996,-37.43376128099993,0 -72.77609292099999,-37.43330864699993,0 -72.77581892299997,-37.43312602199995,0 -72.77537876899999,-37.43234270399995,0 -72.77530858599994,-37.43168350799994,0 -72.77533234299995,-37.43161219299998,0 -72.77534327099994,-37.43157938899998,0 -72.77535272999995,-37.43155099399996,0 -72.77540243999994,-37.43140176899993,0 -72.77544308799997,-37.43127974599997,0 -72.77545512699999,-37.43124360699994,0 -72.77550548899995,-37.43109242499997,0 -72.77569932199998,-37.43060492099994,0 -72.77593359899998,-37.43025232199994,0 -72.77256080999996,-37.42724391899998,0 -72.76896484899999,-37.42403609099995,0 -72.75830366299994,-37.42634981799995,0 -72.74865209299998,-37.42844346999993,0 
						</coordinates>
					</LinearRing>
				</outerBoundaryIs>
			</Polygon>
		</MultiGeometry>
	</Placemark>
	<Placemark>
		<name>SANTA LUISA</name>
		<description><![CDATA[<p>COMUNA: NACIMIENTO
<br/>DISTRITO: 5
<br/>LOC_ZON: 35
<br/>NOMBRE_LOCALIDAD: SANTA LUISA
<br/>GEOCODIGO: 8306052035</p>]]></description>
		<styleUrl>#style1</styleUrl>
		<ExtendedData>
			<Data name="NOM_COMUNA">
				<displayName>NOM_COMUNA</displayName>
				<value>NACIMIENTO</value>
			</Data>
			<Data name="DISTRITO">
				<displayName>DISTRITO</displayName>
				<value>5</value>
			</Data>
			<Data name="LOC_ZON">
				<displayName>LOC_ZON</displayName>
				<value>35</value>
			</Data>
			<Data name="NOM_LOCALI">
				<displayName>NOM_LOCALI</displayName>
				<value>SANTA LUISA</value>
			</Data>
			<Data name="GEOCODIGO">
				<displayName>GEOCODIGO</displayName>
				<value>8306052035</value>
			</Data>
		</ExtendedData>
		<MultiGeometry>
			<Polygon>
				<outerBoundaryIs>
					<LinearRing>
						<tessellate>1</tessellate>
						<coordinates>
							-72.68069678499995,-37.41502992499994,0 -72.67796920499995,-37.41870525099995,0 -72.67581838099994,-37.41845993999993,0 -72.67141773199995,-37.41795798399994,0 -72.67126073299994,-37.41796391599996,0 -72.66910584799996,-37.41867131999993,0 -72.66953716699999,-37.41977020399997,0 -72.66991682799994,-37.42065927199997,0 -72.67014539599995,-37.42173095599998,0 -72.67021177399994,-37.42228127699997,0 -72.67023795899996,-37.42249836399998,0 -72.67226694699997,-37.42507869899998,0 -72.67243430699995,-37.42539427199995,0 -72.67246649999998,-37.42545497599997,0 -72.67278915099996,-37.42606336499995,0 -72.67372951199997,-37.42763624899993,0 -72.67479409499998,-37.42895637599997,0 -72.67571549699994,-37.43020407899996,0 -72.67607409299995,-37.43083751899997,0 -72.67786197899994,-37.43380180699995,0 -72.67879998599994,-37.43535700799998,0 -72.67914830699993,-37.43726620799998,0 -72.67982480099994,-37.43985463799993,0 -72.67988839899994,-37.44062146899995,0 -72.68007045799999,-37.44132102899994,0 -72.68157027799998,-37.44522649999993,0 -72.68169978199995,-37.44556371699997,0 -72.68182585699998,-37.44619257699998,0 -72.68196734899993,-37.44660289399997,0 -72.68233329299994,-37.44766409999994,0 -72.68275779499999,-37.44899479699995,0 -72.68282045499996,-37.45073598399995,0 -72.68282162899999,-37.45164078499994,0 -72.68279658299997,-37.45245227399994,0 -72.68248909099998,-37.45628574699998,0 -72.68245709999997,-37.45732188499994,0 -72.68245687799998,-37.45732908899998,0 -72.68244053999996,-37.45785820899994,0 -72.68240962899995,-37.45885932399995,0 -72.68238027599995,-37.45980992399996,0 -72.68234376099997,-37.46099237699997,0 -72.68230796099994,-37.46215164499995,0 -72.68229077599995,-37.46270809299995,0 -72.68218449899996,-37.46890869399994,0 -72.68218448999994,-37.46890919299994,0 -72.68388752099997,-37.46911511599995,0 -72.68453632499995,-37.46917274299994,0 -72.68619121499995,-37.46931972599998,0 -72.68663435799994,-37.46934335599997,0 -72.68676066999996,-37.46939005699994,0 -72.68724630499997,-37.46956960699998,0 -72.68803239899995,-37.47033243699997,0 -72.68813583199994,-37.47042684799993,0 -72.68864047999995,-37.47088747799995,0 -72.68918604899994,-37.47164559399994,0 -72.68932094699994,-37.47264481799994,0 -72.68936567699996,-37.47301941299997,0 -72.68955223799998,-37.47366087699993,0 -72.68971999399997,-37.47501453199993,0 -72.68976089299997,-37.47551362399997,0 -72.68972784299996,-37.47618068999998,0 -72.68942623099997,-37.47734577599994,0 -72.68919271699997,-37.47822816799993,0 -72.68910879099997,-37.47871983499994,0 -72.68889581299999,-37.47974713099995,0 -72.68878754499997,-37.48001408999994,0 -72.68871051599996,-37.48083974699995,0 -72.68869985599997,-37.48204789699997,0 -72.68873196199996,-37.48318712199995,0 -72.68872965999998,-37.48326182099999,0 -72.68872909799995,-37.48338059099996,0 -72.68865063999993,-37.48427685799993,0 -72.68863513599996,-37.48445397299997,0 -72.68863360899996,-37.48447141199995,0 -72.68863846299996,-37.48455475899993,0 -72.68863392299994,-37.48471374099995,0 -72.68862950799996,-37.48486833899995,0 -72.68862735199997,-37.48494383299993,0 -72.68862519599998,-37.48501932599993,0 -72.68865546299998,-37.48541508499994,0 -72.68867333199995,-37.48553722399998,0 -72.68887488999997,-37.48550227099997,0 -72.68961478299997,-37.48537396399996,0 -72.68994865499997,-37.48526412599995,0 -72.69017156299998,-37.48519079299996,0 -72.69104529299995,-37.48463407099996,0 -72.69057115199996,-37.48027011099998,0 -72.69022507399995,-37.47987630799997,0 -72.69237224199998,-37.47868968999995,0 -72.69324232599996,-37.47790653599998,0 -72.69446413499998,-37.47049928199993,0 -72.69619890899997,-37.45997919799998,0 -72.69767222099995,-37.45873673999995,0 -72.69951505299997,-37.45718257399994,0 -72.70067670299994,-37.45177289799994,0 -72.70150347299995,-37.44792218099997,0 -72.70407032199995,-37.43698831299997,0 -72.70493069999998,-37.43332255099995,0 -72.70509771599995,-37.43261095099996,0 -72.70518595599998,-37.43222862399995,0 -72.70780587699994,-37.42087450999998,0 -72.70478948899995,-37.41814132699994,0 -72.70346318199995,-37.41693946099997,0 -72.70218074199994,-37.41577729599993,0 -72.70020961299997,-37.41399093699994,0 -72.70135506699995,-37.41172420199996,0 -72.68858208199998,-37.40512428099998,0 -72.68813497199994,-37.40709946499993,0 -72.68604218699994,-37.41037736399994,0 -72.68407338899993,-37.41182497099993,0 -72.68198209699995,-37.41378146599993,0 -72.68141242299998,-37.41406555199995,0 -72.68069678499995,-37.41502992499994,0 
						</coordinates>
					</LinearRing>
				</outerBoundaryIs>
			</Polygon>
		</MultiGeometry>
	</Placemark>
	<Placemark>
		<name>CULENCO</name>
		<description><![CDATA[<p>COMUNA: NACIMIENTO
<br/>DISTRITO: 5
<br/>LOC_ZON: 7
<br/>NOMBRE_LOCALIDAD: CULENCO
<br/>GEOCODIGO: 8306052007</p>]]></description>
		<styleUrl>#style1</styleUrl>
		<ExtendedData>
			<Data name="NOM_COMUNA">
				<displayName>NOM_COMUNA</displayName>
				<value>NACIMIENTO</value>
			</Data>
			<Data name="DISTRITO">
				<displayName>DISTRITO</displayName>
				<value>5</value>
			</Data>
			<Data name="LOC_ZON">
				<displayName>LOC_ZON</displayName>
				<value>7</value>
			</Data>
			<Data name="NOM_LOCALI">
				<displayName>NOM_LOCALI</displayName>
				<value>CULENCO</value>
			</Data>
			<Data name="GEOCODIGO">
				<displayName>GEOCODIGO</displayName>
				<value>8306052007</value>
			</Data>
		</ExtendedData>
		<MultiGeometry>
			<Polygon>
				<outerBoundaryIs>
					<LinearRing>
						<tessellate>1</tessellate>
						<coordinates>
							-72.82663435899997,-37.37704489099997,0 -72.82578853699994,-37.37727221799997,0 -72.82477356299995,-37.37714595899996,0 -72.82453389399996,-37.37802698799993,0 -72.82432042699998,-37.37803992899995,0 -72.82358847399996,-37.37833629199997,0 -72.82098088999999,-37.37808203699996,0 -72.82066658899998,-37.37776467399993,0 -72.82033274299994,-37.37710285799994,0 -72.81463939499997,-37.37936308199994,0 -72.80453416999995,-37.38622189199998,0 -72.80089717099997,-37.38490244499997,0 -72.79607507799994,-37.38282427699994,0 -72.79115936299996,-37.38579387499993,0 -72.78831909999997,-37.39092693199996,0 -72.78248001899993,-37.39334499899996,0 -72.77278144399997,-37.39337726699995,0 -72.76584305999995,-37.39807478999995,0 -72.75690892499995,-37.40952963999996,0 -72.74419720299994,-37.41477182799997,0 -72.74896343899997,-37.41928201699994,0 -72.75088343799996,-37.42109876999996,0 -72.74865209299998,-37.42844346999993,0 -72.75830366299994,-37.42634981799995,0 -72.76896484899999,-37.42403609099995,0 -72.77256080999996,-37.42724391899998,0 -72.77593359899998,-37.43025232199994,0 -72.77596544499994,-37.43020439199995,0 -72.77597303099998,-37.43020186599995,0 -72.77624720899996,-37.43011056299997,0 -72.77628652799996,-37.43009741399993,0 -72.77646406799994,-37.43003804299997,0 -72.77697947199994,-37.42978188799998,0 -72.77726777299995,-37.42963410799996,0 -72.77751240099997,-37.42945847099998,0 -72.77781831999994,-37.42921639499997,0 -72.77817167799998,-37.42889860899993,0 -72.77855348299994,-37.42862190999995,0 -72.77898445399995,-37.42821095499994,0 -72.77914328599996,-37.42790302699996,0 -72.77913831099994,-37.42756948999994,0 -72.77897232899994,-37.42711576999994,0 -72.77900023599994,-37.42680585899996,0 -72.77901648299996,-37.42662544599995,0 -72.77897455599998,-37.42631381399997,0 -72.77896186499999,-37.42621948499993,0 -72.77894294299995,-37.42607883799997,0 -72.77887983499994,-37.42568112399994,0 -72.77881060399994,-37.42549057099995,0 -72.77877558599994,-37.42516998699995,0 -72.77896166099998,-37.42494367899997,0 -72.77918954299997,-37.42480827599996,0 -72.77959541999996,-37.42474380899995,0 -72.78013434399998,-37.42471788699993,0 -72.78044703699999,-37.42472376099994,0 -72.78047809399999,-37.42472434499996,0 -72.78067047499997,-37.42478653599994,0 -72.78085295299996,-37.42468181999993,0 -72.78088791799996,-37.42450223599997,0 -72.78092487799995,-37.42425509999998,0 -72.78087516099998,-37.42392973499994,0 -72.78089556899994,-37.42374086599995,0 -72.78099332199997,-37.42346783599993,0 -72.78102077599993,-37.42304028099994,0 -72.78072819099998,-37.42283201599997,0 -72.78046631599994,-37.42258827899997,0 -72.78054951299998,-37.42230596399997,0 -72.78063678599995,-37.42227742399996,0 -72.78083618199997,-37.42221221699998,0 -72.78130266299996,-37.42210382099995,0 -72.78174202299994,-37.42190929999998,0 -72.78202682899996,-37.42187859799998,0 -72.78265497399997,-37.42186785699994,0 -72.78307034099998,-37.42198379499996,0 -72.78372441399995,-37.42209970399995,0 -72.78407094099998,-37.42201157699998,0 -72.78445308699997,-37.42172134699996,0 -72.78478731099995,-37.42154737299995,0 -72.78489694999996,-37.42137369399995,0 -72.78488916199996,-37.42113472999995,0 -72.78464462299996,-37.42080571299994,0 -72.78447400899995,-37.42041365499995,0 -72.78446273599997,-37.42038774999997,0 -72.78426054299996,-37.42013162199993,0 -72.78388849599997,-37.42007958499994,0 -72.78345302899999,-37.42002237399998,0 -72.78324833299996,-37.41999548099994,0 -72.78266785899996,-37.41989897599996,0 -72.78203075499994,-37.41971128399996,0 -72.78070846199995,-37.41943412099994,0 -72.78022073199998,-37.41925823699995,0 -72.78016712299996,-37.41904094199998,0 -72.78025004999995,-37.41876763299996,0 -72.78037491499998,-37.41858072699995,0 -72.78086075699997,-37.41834202199993,0 -72.78140880599994,-37.41800535099998,0 -72.78223698999994,-37.41779559799994,0 -72.78264889499997,-37.41750142499995,0 -72.78285458399995,-37.41713579199995,0 -72.78291232999999,-37.41668627499996,0 -72.78291158799993,-37.41620862499997,0 -72.78309643199998,-37.41602283999998,0 -72.78333781399994,-37.41595527299995,0 -72.78387388699997,-37.41602390599996,0 -72.78440465099999,-37.41627267699994,0 -72.78495448699994,-37.41637761099997,0 -72.78510198899994,-37.41645247199995,0 -72.78541775799994,-37.41638154899994,0 -72.78577538899998,-37.41635375399994,0 -72.78611521399995,-37.41619625999994,0 -72.78632967499993,-37.41588980599994,0 -72.78642221899997,-37.41568455799995,0 -72.78649416199994,-37.41544442599997,0 -72.78655733099998,-37.41513513699994,0 -72.78646489599998,-37.41496954499996,0 -72.78626338299995,-37.41483640599995,0 -72.78602945099993,-37.41470265899994,0 -72.78578496699998,-37.41456009099994,0 -72.78552053899995,-37.41430193799994,0 -72.78537763099996,-37.41419111599998,0 -72.78507833799995,-37.41383388299994,0 -72.78500176199998,-37.41374248199998,0 -72.78432833699998,-37.41327925599995,0 -72.78384032899999,-37.41308986499996,0 -72.78340872799998,-37.41302319199997,0 -72.78335754499994,-37.41303022599993,0 -72.78303366299997,-37.41307473399996,0 -72.78261333799998,-37.41315246099998,0 -72.78218080699997,-37.41311730799998,0 -72.78185498599998,-37.41300755499998,0 -72.78151447799996,-37.41289301799998,0 -72.78150506799994,-37.41286818499998,0 -72.78145944799996,-37.41274779299994,0 -72.78140756699997,-37.41247195199998,0 -72.78150941999996,-37.41205931199994,0 -72.78147342199998,-37.41174772099998,0 -72.78167630899998,-37.41147666399996,0 -72.78204398599996,-37.41117265099996,0 -72.78231818099994,-37.41099755599998,0 -72.78268120499996,-37.41085116399995,0 -72.78269201999996,-37.41083839599997,0 -72.78282020599994,-37.41068704999998,0 -72.78313916499997,-37.41052631199994,0 -72.78338619599998,-37.41024256099996,0 -72.78355899199994,-37.40996192299997,0 -72.78400424599994,-37.40956473299997,0 -72.78418101899996,-37.40914898799997,0 -72.78436836299994,-37.40887763399996,0 -72.78472212599996,-37.40854180899998,0 -72.78502660799995,-37.40834474599995,0 -72.78537001899997,-37.40836019399995,0 -72.78571568499996,-37.40829908099994,0 -72.78594257499998,-37.40819518799998,0 -72.78642497399994,-37.40804651499997,0 -72.78673041999997,-37.40784045299995,0 -72.78675200000001,-37.40761104999996,0 -72.78681993699996,-37.40734196199998,0 -72.78705066499998,-37.40710746399998,0 -72.78725148799998,-37.40688141699997,0 -72.78733935999998,-37.40682556899998,0 -72.78754073999994,-37.40669757999996,0 -72.78788586699994,-37.40665447499998,0 -72.78851494499997,-37.40660767099996,0 -72.78894956099998,-37.40657074299997,0 -72.78941182999995,-37.40660192099995,0 -72.78963941499995,-37.40649803399998,0 -72.78974875399996,-37.40633335599995,0 -72.78981469299998,-37.40613181799995,0 -72.78993739499998,-37.40601695699996,0 -72.78996950699997,-37.40591439099995,0 -72.78998648499999,-37.40586016399993,0 -72.79027365299999,-37.40577090699998,0 -72.79060563099995,-37.40564643999994,0 -72.79088150599995,-37.40541277799997,0 -72.79089341199995,-37.40500745899993,0 -72.79078500099996,-37.40463593899995,0 -72.79069246799997,-37.40422866699998,0 -72.79077454499998,-37.40398236999994,0 -72.79091219199995,-37.40386328099993,0 -72.79118104999998,-37.40386830599994,0 -72.79140121799998,-37.40401661399994,0 -72.79152219499997,-37.40396029599998,0 -72.79164330299994,-37.40389947499995,0 -72.79173675699997,-37.40377054699997,0 -72.79172683099995,-37.40360363799994,0 -72.79171477999995,-37.40353925699998,0 -72.79161087099999,-37.40298414599994,0 -72.79145517399996,-37.40217916499995,0 -72.79145225699995,-37.40177356799995,0 -72.79163488399996,-37.40163729399995,0 -72.79182215599997,-37.40155108299996,0 -72.79183241699997,-37.40154635899995,0 -72.79230100199999,-37.40136135399996,0 -72.79284187099995,-37.40126331199997,0 -72.79321370099996,-37.40131982199995,0 -72.79347211199996,-37.40168062299995,0 -72.79395905599995,-37.40211492299994,0 -72.79396749499995,-37.40212244899993,0 -72.79421910599996,-37.40218572399993,0 -72.79466719199996,-37.40219408599995,0 -72.79500275099997,-37.40226351099994,0 -72.79509808399996,-37.40228323499997,0 -72.79565702499997,-37.40260457699998,0 -72.79599297799996,-37.40284966299998,0 -72.79613741199995,-37.40297661499994,0 -72.79632818699997,-37.40314429899996,0 -72.79663455299993,-37.40341136099994,0 -72.79680679899997,-37.40365339199997,0 -72.79690081599995,-37.40401111999995,0 -72.79692306599998,-37.40426387299993,0 -72.79702235999997,-37.40444145899994,0 -72.79722561299997,-37.40466153599994,0 -72.79730856899994,-37.40471444499997,0 -72.79745405199998,-37.40480723399997,0 -72.79754583099998,-37.40486576999996,0 -72.79757065299998,-37.40488451999994,0 -72.79761753699995,-37.40491993699993,0 -72.79779658399997,-37.40505518999998,0 -72.79806030499998,-37.40523583899994,0 -72.79820463499993,-37.40541876899994,0 -72.79819448199999,-37.40576554399996,0 -72.79823344899995,-37.40597805299996,0 -72.79849356799997,-37.40625776699994,0 -72.79869329299999,-37.40640567999998,0 -72.79872787199997,-37.40640632399993,0 -72.79902112899998,-37.40639826799998,0 -72.79931715299995,-37.40629563599998,0 -72.79952650899997,-37.40618688399996,0 -72.79975724199994,-37.40597489099997,0 -72.79974447499995,-37.40580792999998,0 -72.79954377099995,-37.40559691599998,0 -72.79930787699993,-37.40543030599997,0 -72.79934891299996,-37.40521027499994,0 -72.79973321799997,-37.40501015399997,0 -72.80035706499996,-37.40490010399998,0 -72.80062140099994,-37.40469774699994,0 -72.80090464699998,-37.40442814999994,0 -72.80091504999996,-37.40407236699997,0 -72.80083778099998,-37.40376902499997,0 -72.80050223999996,-37.40346087699993,0 -72.80016472599993,-37.40322028199995,0 -72.79983149999998,-37.40313631199996,0 -72.79956617599998,-37.40306945199995,0 -72.79933397999997,-37.40277674199996,0 -72.79935697699995,-37.40256989299996,0 -72.79943970299996,-37.40210731299993,0 -72.79965629199995,-37.40175086299996,0 -72.79994063099997,-37.40146777099994,0 -72.79989952499994,-37.40111102899994,0 -72.79989110499997,-37.40079544999998,0 -72.80014125799994,-37.40049820299998,0 -72.80047204999994,-37.40036467299996,0 -72.80086751499994,-37.40038554999995,0 -72.80112933199996,-37.40026875899997,0 -72.80138105799995,-37.39991746499993,0 -72.80153313399995,-37.39942463099993,0 -72.80169679499994,-37.39913928899995,0 -72.80173900399996,-37.39887872399999,0 -72.80193179499997,-37.39875614099998,0 -72.80208742599996,-37.39874551699995,0 -72.80216951699998,-37.39885969499994,0 -72.80241162799996,-37.39883716099996,0 -72.80253794699996,-37.39864574999996,0 -72.80240232399996,-37.39857563799995,0 -72.80223383799995,-37.39844633599995,0 -72.80232426499998,-37.39829931799994,0 -72.80248405699996,-37.39812204799995,0 -72.80269961599998,-37.39782415199994,0 -72.80303780399998,-37.39746094399993,0 -72.80358660099995,-37.39752521699995,0 -72.80400376899996,-37.39740679999994,0 -72.80426320399994,-37.39737106599995,0 -72.80462289799993,-37.39743181999995,0 -72.80495227199998,-37.39737034699994,0 -72.80521249499998,-37.39730758899998,0 -72.80544103399995,-37.39714510999994,0 -72.80544262599994,-37.39709054399998,0 -72.80544576399996,-37.39698297999996,0 -72.80552300899996,-37.39668250999995,0 -72.80560031299996,-37.39625707399995,0 -72.80560542599994,-37.39622893099994,0 -72.80557807699995,-37.39598059099995,0 -72.80544328299999,-37.39564013499995,0 -72.80521244199997,-37.39551869199994,0 -72.80466405199996,-37.39544091599998,0 -72.80425898899995,-37.39514500499996,0 -72.80428701199997,-37.39478954899994,0 -72.80438833899996,-37.39426873099995,0 -72.80470610399993,-37.39399976499993,0 -72.80498324999996,-37.39393732199994,0 -72.80517462599994,-37.39388680299993,0 -72.80535007099996,-37.39377740999998,0 -72.80564493699995,-37.39368825799994,0 -72.80600482899996,-37.39371746899997,0 -72.80624702599994,-37.39381225099993,0 -72.80666697699996,-37.39405290199994,0 -72.80691784399994,-37.39434647099995,0 -72.80717072199997,-37.39438565999995,0 -72.80752071999996,-37.39434039699995,0 -72.80779778299996,-37.39430498199994,0 -72.80790407799998,-37.39419430199996,0 -72.80810065199995,-37.39394110399996,0 -72.80816422899994,-37.39352772699993,0 -72.80793163299995,-37.39324854499995,0 -72.80750845199998,-37.39299286299996,0 -72.80698580699993,-37.39261367199998,0 -72.80676944499999,-37.39233478799997,0 -72.80677981599996,-37.39197900399995,0 -72.80694475199994,-37.39164861699993,0 -72.80726000299995,-37.39146521199996,0 -72.80760916799994,-37.39130496599995,0 -72.80789146799998,-37.39108940599994,0 -72.80806473199993,-37.39088581099998,0 -72.80821235599996,-37.39071234299996,0 -72.80853376399995,-37.39031726499996,0 -72.80897371899994,-37.38999647999998,0 -72.80921863499998,-37.38985231999993,0 -72.80964256899995,-37.38949969399994,0 -72.80978853799996,-37.38921401199997,0 -72.80994925999994,-37.38902773599995,0 -72.81012272099997,-37.38898588899997,0 -72.81041192799995,-37.38909037999997,0 -72.81078608299998,-37.38925952799997,0 -72.81116574099997,-37.38923952299996,0 -72.81159441499995,-37.38930603999995,0 -72.81197751799994,-37.38975021899995,0 -72.81234644199998,-37.39009950699995,0 -72.81294077499996,-37.39006094299998,0 -72.81315695899997,-37.39004691499997,0 -72.81362151899998,-37.39006902799997,0 -72.81384713899996,-37.39000560999995,0 -72.81400837699994,-37.38980131399995,0 -72.81415393799995,-37.38952913699995,0 -72.81420649299997,-37.38937239699993,0 -72.81434283299996,-37.38895585599994,0 -72.81449074499994,-37.38860261299993,0 -72.81453656399998,-37.38821593999995,0 -72.81462924699997,-37.38740656499994,0 -72.81477251399997,-37.38662966699997,0 -72.81477862899999,-37.38661964099998,0 -72.81478066699998,-37.38661629899997,0 -72.81478167599994,-37.38661531299994,0 -72.81505166699998,-37.38635145199993,0 -72.81535129899999,-37.38626859099998,0 -72.81554002799999,-37.38628285899995,0 -72.81575576499995,-37.38629762699998,0 -72.81595788399994,-37.38640916599996,0 -72.81614801299997,-37.38656144799995,0 -72.81636076199999,-37.38677236299998,0 -72.81661859899998,-37.38690789999998,0 -72.81666683099996,-37.38693325399998,0 -72.81700686299996,-37.38694815899999,0 -72.81740645699995,-37.38691264699997,0 -72.81748437799996,-37.38692760399994,0 -72.81791099899993,-37.38648036999996,0 -72.81807221799994,-37.38627606699998,0 -72.81827139499995,-37.38620394199995,0 -72.81845591099994,-37.38617716199997,0 -72.81863792799999,-37.38623657999995,0 -72.81891905699996,-37.38632585499994,0 -72.81906930699995,-37.38645583599998,0 -72.81917873699996,-37.38659584499993,0 -72.81927550099994,-37.38694263899998,0 -72.81927847999998,-37.38694945299994,0 -72.81927947299994,-37.38695172399997,0 -72.81959054299995,-37.38734948999996,0 -72.81960100399994,-37.38759751599997,0 -72.81955847399996,-37.38787160099997,0 -72.81981669599998,-37.38787636399996,0 -72.82033796799993,-37.38771925299994,0 -72.82058885599997,-37.38736790099995,0 -72.82076178499995,-37.38734405299994,0 -72.82103412399994,-37.38747073799993,0 -72.82124130999995,-37.38743400199996,0 -72.82141906299995,-37.38724351799993,0 -72.82147922499996,-37.38696975799996,0 -72.82142233899998,-37.38654513999995,0 -72.82134747799995,-37.38615623899994,0 -72.82104206199995,-37.38600190999995,0 -72.82080521199998,-37.38584433699998,0 -72.82098491799997,-37.38558629899995,0 -72.82123845699994,-37.38516740299997,0 -72.82141894199998,-37.38488234199997,0 -72.82180300899995,-37.38470917799998,0 -72.82222210999998,-37.38449610399994,0 -72.82235421699994,-37.38410200399994,0 -72.82249631799993,-37.38384688799994,0 -72.82259023499995,-37.38367827699994,0 -72.82302852899994,-37.38341147999995,0 -72.82349391099996,-37.38321558099994,0 -72.82355158699994,-37.38319130299993,0 -72.82386767399998,-37.38297632499996,0 -72.82408232299997,-37.38270540699995,0 -72.82409221699999,-37.38236312899994,0 -72.82410224199998,-37.38201634599994,0 -72.82389045499997,-37.38160239599995,0 -72.82370146499994,-37.38157187999997,0 -72.82313512599995,-37.38150737899997,0 -72.82284827299998,-37.38132185399996,0 -72.82271638399999,-37.38109862799996,0 -72.82279867599993,-37.38064503099997,0 -72.82313233699995,-37.38040784899994,0 -72.82335410499996,-37.38018684799994,0 -72.82354078499998,-37.38000081199993,0 -72.82399910799995,-37.37962623499993,0 -72.82429251499997,-37.37959004699997,0 -72.82479387799998,-37.37952821099998,0 -72.82530909699994,-37.37957824499995,0 -72.82533006999995,-37.37958465599996,0 -72.82555779899997,-37.37965425999994,0 -72.82561452399995,-37.37967159799996,0 -72.82570080999994,-37.37969797099998,0 -72.82590519799999,-37.37976044099997,0 -72.82616493499995,-37.37976071099996,0 -72.82618645099996,-37.37974282599998,0 -72.82621266599995,-37.37972103399994,0 -72.82658821299998,-37.37942603399995,0 -72.82703361799997,-37.37891151899998,0 -72.82711153599996,-37.37858400799996,0 -72.82708411899995,-37.37833566999996,0 -72.82694041799994,-37.37795902499994,0 -72.82676514199994,-37.37747815999995,0 -72.82663435899997,-37.37704489099997,0 
						</coordinates>
					</LinearRing>
				</outerBoundaryIs>
			</Polygon>
		</MultiGeometry>
	</Placemark>
	<Placemark>
		<name>INDETERMINADA</name>
		<description><![CDATA[<p>COMUNA: NACIMIENTO
<br/>DISTRITO: 5
<br/>LOC_ZON: 901
<br/>NOMBRE_LOCALIDAD: INDETERMINADA
<br/>GEOCODIGO: 8306052901</p>]]></description>
		<styleUrl>#style1</styleUrl>
		<ExtendedData>
			<Data name="NOM_COMUNA">
				<displayName>NOM_COMUNA</displayName>
				<value>NACIMIENTO</value>
			</Data>
			<Data name="DISTRITO">
				<displayName>DISTRITO</displayName>
				<value>5</value>
			</Data>
			<Data name="LOC_ZON">
				<displayName>LOC_ZON</displayName>
				<value>901</value>
			</Data>
			<Data name="NOM_LOCALI">
				<displayName>NOM_LOCALI</displayName>
				<value>INDETERMINADA</value>
			</Data>
			<Data name="GEOCODIGO">
				<displayName>GEOCODIGO</displayName>
				<value>8306052901</value>
			</Data>
		</ExtendedData>
		<MultiGeometry>
			<Polygon>
				<outerBoundaryIs>
					<LinearRing>
						<tessellate>1</tessellate>
						<coordinates>
							-72.67965108399994,-37.48883660999996,0 -72.67989652999995,-37.48892452299998,0 -72.68017937099995,-37.48877689699998,0 -72.68024287899993,-37.48874374899998,0 -72.68034371599998,-37.48869111599998,0 -72.68354242199996,-37.48702152999994,0 -72.68393684599994,-37.48681565699997,0 -72.68395045899996,-37.48680855199996,0 -72.68397165999994,-37.48679748499995,0 -72.68397169299993,-37.48679746799996,0 -72.68397172599998,-37.48679745099997,0 -72.68397627299998,-37.48679507799994,0 -72.68399313399993,-37.48678627699996,0 -72.68465092799994,-37.48644293599995,0 -72.68476919699998,-37.48638120499993,0 -72.68479160399994,-37.48636950899999,0 -72.68495126899995,-37.48628617099996,0 -72.68496271099997,-37.48628019899996,0 -72.68523618299997,-37.48613745899996,0 -72.68540480299998,-37.48604452199993,0 -72.68545522299996,-37.48601673299993,0 -72.68554695299997,-37.48597036699994,0 -72.68562323099997,-37.48592918399993,0 -72.68572920699995,-37.48587197299997,0 -72.68579934799999,-37.48583581699995,0 -72.68580542999996,-37.48583249199993,0 -72.68602985099994,-37.48570979599998,0 -72.68754398699997,-37.48488193199995,0 -72.68803987499996,-37.48461079899994,0 -72.68838754799998,-37.48442070599998,0 -72.68865063999993,-37.48427685799993,0 -72.68872909799995,-37.48338059099996,0 -72.68872965999998,-37.48326182099999,0 -72.68873196199996,-37.48318712199995,0 -72.68869985599997,-37.48204789699997,0 -72.68871051599996,-37.48083974699995,0 -72.68878754499997,-37.48001408999994,0 -72.68889581299999,-37.47974713099995,0 -72.68910879099997,-37.47871983499994,0 -72.68919271699997,-37.47822816799993,0 -72.68942623099997,-37.47734577599994,0 -72.68972784299996,-37.47618068999998,0 -72.68976089299997,-37.47551362399997,0 -72.68971999399997,-37.47501453199993,0 -72.68955223799998,-37.47366087699993,0 -72.68936567699996,-37.47301941299997,0 -72.68932094699994,-37.47264481799994,0 -72.68918604899994,-37.47164559399994,0 -72.68864047999995,-37.47088747799995,0 -72.68813583199994,-37.47042684799993,0 -72.68803239899995,-37.47033243699997,0 -72.68724630499997,-37.46956960699998,0 -72.68676066999996,-37.46939005699994,0 -72.68663435799994,-37.46934335599997,0 -72.68619121499995,-37.46931972599998,0 -72.68453632499995,-37.46917274299994,0 -72.68388752099997,-37.46911511599995,0 -72.68218448999994,-37.46890919299994,0 -72.68218448399995,-37.46890952499996,0 -72.68216376899994,-37.47011780599996,0 -72.68216277399995,-37.47109215999996,0 -72.68212624199998,-37.47227461099993,0 -72.68192161099995,-37.47324496799996,0 -72.68125048199994,-37.47485865199997,0 -72.68027068499998,-37.47721443999995,0 -72.67972233599994,-37.47790369899997,0 -72.67945292099995,-37.47824234299998,0 -72.67893362899997,-37.47997208799995,0 -72.67849807699997,-37.48083254199997,0 -72.67828248299998,-37.48125844999998,0 -72.67715486299994,-37.48335901199994,0 -72.67689173299993,-37.48359709299996,0 -72.67688265999993,-37.48360530199994,0 -72.67622635699996,-37.48419911799994,0 -72.67621741999994,-37.48420743099996,0 -72.67609447399997,-37.48432178499996,0 -72.67509679499994,-37.48524973799994,0 -72.67490737399999,-37.48542591799998,0 -72.67378784599998,-37.48635390499993,0 -72.67362247899996,-37.48649097699996,0 -72.67338856799995,-37.48665266999996,0 -72.67295468999998,-37.48695259199997,0 -72.67351739299994,-37.48709990099997,0 -72.67354313199996,-37.48710663899993,0 -72.67423367099997,-37.48728741399998,0 -72.67534905499997,-37.48757940899998,0 -72.67555806599995,-37.48763412599993,0 -72.67560720299997,-37.48764698899998,0 -72.67643519899997,-37.48786374899998,0 -72.67650071999998,-37.48788090199997,0 -72.67717015399995,-37.48805615199996,0 -72.67717835499997,-37.48805829899993,0 -72.67719019699996,-37.48806139899995,0 -72.67719079199998,-37.48806155499994,0 -72.67719138799998,-37.48806171099994,0 -72.67748391899994,-37.48813829199997,0 -72.67752737199999,-37.48815126499994,0 -72.67768223599995,-37.48816549299994,0 -72.67781624799994,-37.48817780499996,0 -72.67786219499999,-37.48818202599995,0 -72.67815771999994,-37.48830993299998,0 -72.67821494199995,-37.48833469999994,0 -72.67835081499999,-37.48839350799994,0 -72.67846656699999,-37.48841462599995,0 -72.67847955999997,-37.48841699599996,0 -72.67848367999994,-37.48841847199998,0 -72.67852288499995,-37.48843251199997,0 -72.67852292799995,-37.48843252599994,0 -72.67852297199994,-37.48843253999996,0 -72.67893209499994,-37.48857908399998,0 -72.67965108399994,-37.48883660999996,0 
						</coordinates>
					</LinearRing>
				</outerBoundaryIs>
			</Polygon>
			<Polygon>
				<outerBoundaryIs>
					<LinearRing>
						<tessellate>1</tessellate>
						<coordinates>
							-72.70971065399993,-37.46710900399995,0 -72.70231007999996,-37.47140020799998,0 -72.70049187799998,-37.47296584899993,0 -72.69978257899999,-37.47357659399995,0 -72.69177828399995,-37.48046772099997,0 -72.69385812699994,-37.48274712699998,0 -72.69336468799997,-37.48344877899996,0 -72.69153242599998,-37.48433434699996,0 -72.69146308099994,-37.48436786299993,0 -72.69104529299995,-37.48463407099996,0 -72.69017156299998,-37.48519079299996,0 -72.68994865499997,-37.48526412599995,0 -72.68961478299997,-37.48537396399996,0 -72.68887488999997,-37.48550227099997,0 -72.68867333199995,-37.48553722399998,0 -72.68867872099997,-37.48557405699995,0 -72.68872311699994,-37.48570766899996,0 -72.68880298799996,-37.48586062999993,0 -72.68903109999997,-37.48622664299995,0 -72.68907241199997,-37.48625515599997,0 -72.68917111299999,-37.48632327799993,0 -72.68920486299999,-37.48634657199995,0 -72.68920506599994,-37.48634671199994,0 -72.68920526899996,-37.48634685199994,0 -72.68922946399994,-37.48636355199994,0 -72.68922989499998,-37.48636384899993,0 -72.68923032599997,-37.48636414699996,0 -72.68923693299996,-37.48636870699994,0 -72.68937775299997,-37.48646589899994,0 -72.68952704899993,-37.48656894099997,0 -72.68966972799996,-37.48667672799996,0 -72.68984248499999,-37.48678098199997,0 -72.69002449699997,-37.48687484299995,0 -72.69007703599993,-37.48689963799995,0 -72.69046502899994,-37.48708274799998,0 -72.69053577699998,-37.48710264199997,0 -72.69056211899994,-37.48710252399997,0 -72.69062151199995,-37.48710225799994,0 -72.69072409599994,-37.48708354899998,0 -72.69115350499999,-37.48691410299995,0 -72.69149252899996,-37.48659016199997,0 -72.69154893999996,-37.48653625999998,0 -72.69223028899995,-37.48588521599993,0 -72.69253096899996,-37.48558036599997,0 -72.69280092799994,-37.48535331699998,0 -72.69302314599997,-37.48510956499996,0 -72.69329559799996,-37.48485553599994,0 -72.69382460599996,-37.48449136299996,0 -72.69411453499998,-37.48433045399997,0 -72.69427083599999,-37.48425642599994,0 -72.69448637699998,-37.48418257399993,0 -72.69470171299997,-37.48410879299996,0 -72.69537318999994,-37.48394797699996,0 -72.69570320699995,-37.48385132599998,0 -72.69593249499997,-37.48381251399996,0 -72.69650370099998,-37.48368715399994,0 -72.69667000099997,-37.48363722599998,0 -72.69697683799996,-37.48352935799994,0 -72.69709336199998,-37.48346894199994,0 -72.69727606299995,-37.48340047199997,0 -72.69773230999994,-37.48327332499997,0 -72.69792544799998,-37.48321112199994,0 -72.69812844499995,-37.48313346699996,0 -72.69834675899995,-37.48306523999997,0 -72.69852470599994,-37.48297472099995,0 -72.69869361699995,-37.48290598199998,0 -72.69880094299998,-37.48285481499994,0 -72.69889456899995,-37.48281017899996,0 -72.69930237699998,-37.48264352899997,0 -72.69953307299994,-37.48254020999997,0 -72.69980130199997,-37.48245198599994,0 -72.69993927699994,-37.48241451999996,0 -72.70011717699998,-37.48236621299998,0 -72.70055997999998,-37.48229130099998,0 -72.70085859099999,-37.48222988099997,0 -72.70123951399995,-37.48217620399998,0 -72.70152506599999,-37.48210021099993,0 -72.70153224899997,-37.48209922299998,0 -72.70234216999995,-37.48198774199994,0 -72.70302804699998,-37.48184661399995,0 -72.70350968599996,-37.48176510299993,0 -72.70384671299996,-37.48170806399997,0 -72.70477176499998,-37.48156659399996,0 -72.70553818599996,-37.48144943899996,0 -72.70600267099996,-37.48128904299995,0 -72.70646908799995,-37.48102878499998,0 -72.70655928399998,-37.48097845599995,0 -72.70699689299994,-37.48062319899998,0 -72.70787091299997,-37.47979804999994,0 -72.70813404299997,-37.47957643299998,0 -72.70857479799997,-37.47916891099993,0 -72.70903234399998,-37.47867201899993,0 -72.70920227299996,-37.47853330199996,0 -72.70950424899996,-37.47816543899995,0 -72.70975526399997,-37.47757235499995,0 -72.70985857999995,-37.47736258299994,0 -72.70985641599998,-37.47725604099998,0 -72.70985108599996,-37.47699369999998,0 -72.70983294699994,-37.47641034399993,0 -72.70981593399995,-37.47614840999995,0 -72.70966403099999,-37.47569699899998,0 -72.70946957099994,-37.47525721899996,0 -72.70946674399994,-37.47514504899993,0 -72.70947181699995,-37.47467176699996,0 -72.70947764199997,-37.47462109199995,0 -72.70953354099998,-37.47413480599994,0 -72.70953726599998,-37.47401279599995,0 -72.70958089299995,-37.47350538199998,0 -72.70971416599997,-37.47297977399995,0 -72.70980511699997,-37.47256047899998,0 -72.70982040399997,-37.47216213999997,0 -72.70994400299998,-37.47174846099995,0 -72.71005683599998,-37.47153389099998,0 -72.71016335199994,-37.47142383899995,0 -72.71031390899998,-37.47130467599993,0 -72.71061137499998,-37.47118586899995,0 -72.71120601899997,-37.47116251399996,0 -72.71170059199994,-37.47129417999997,0 -72.71196202999994,-37.47133163499996,0 -72.71233312699997,-37.47146339699998,0 -72.71241493099996,-37.47149932799994,0 -72.71346057399995,-37.47195861099993,0 -72.71389644999994,-37.47211902899994,0 -72.71433058299993,-37.47233671599997,0 -72.71529465999998,-37.47265434799993,0 -72.71545819399995,-37.47272478099995,0 -72.71597737899998,-37.47283985999997,0 -72.71618477999994,-37.47288583099999,0 -72.71717261799995,-37.47303946899996,0 -72.71767014099999,-37.47312632099994,0 -72.71800505499994,-37.47317107999993,0 -72.71841112599998,-37.47322534899996,0 -72.71899174599997,-37.47330383499997,0 -72.72077795999996,-37.47352019899995,0 -72.72093013899996,-37.47355303199998,0 -72.72095714199997,-37.47355522299995,0 -72.71773155399995,-37.46911667899997,0 -72.71525366899994,-37.46801651399994,0 -72.71521874199993,-37.46805632399997,0 -72.70971065399993,-37.46710900399995,0 
						</coordinates>
					</LinearRing>
				</outerBoundaryIs>
			</Polygon>
		</MultiGeometry>
	</Placemark>
	<Placemark>
		<name>LA ESPERANZA</name>
		<description><![CDATA[<p>COMUNA: NACIMIENTO
<br/>DISTRITO: 6
<br/>LOC_ZON: 14
<br/>NOMBRE_LOCALIDAD: LA ESPERANZA
<br/>GEOCODIGO: 8306062014</p>]]></description>
		<styleUrl>#style1</styleUrl>
		<ExtendedData>
			<Data name="NOM_COMUNA">
				<displayName>NOM_COMUNA</displayName>
				<value>NACIMIENTO</value>
			</Data>
			<Data name="DISTRITO">
				<displayName>DISTRITO</displayName>
				<value>6</value>
			</Data>
			<Data name="LOC_ZON">
				<displayName>LOC_ZON</displayName>
				<value>14</value>
			</Data>
			<Data name="NOM_LOCALI">
				<displayName>NOM_LOCALI</displayName>
				<value>LA ESPERANZA</value>
			</Data>
			<Data name="GEOCODIGO">
				<displayName>GEOCODIGO</displayName>
				<value>8306062014</value>
			</Data>
		</ExtendedData>
		<MultiGeometry>
			<Polygon>
				<outerBoundaryIs>
					<LinearRing>
						<tessellate>1</tessellate>
						<coordinates>
							-72.62079777399998,-37.51826615099998,0 -72.62099519899994,-37.51869456899993,0 -72.62040845699994,-37.52371363899994,0 -72.62011042599994,-37.52626300799994,0 -72.62038884799995,-37.52638607199998,0 -72.62183980899994,-37.52732456199993,0 -72.62231591399996,-37.52732876399995,0 -72.62236366799993,-37.52732268299997,0 -72.62430970499997,-37.52668792399993,0 -72.62520837599999,-37.52667003099998,0 -72.62553424599997,-37.52649998099997,0 -72.62611130299996,-37.52641780199997,0 -72.62646181099996,-37.52644470599995,0 -72.62717326199999,-37.52664283299998,0 -72.62753421199994,-37.52650337599994,0 -72.62787577499995,-37.52654672099993,0 -72.62818907999997,-37.52666838499994,0 -72.63002936899994,-37.52804180599998,0 -72.63104206799994,-37.52879757099998,0 -72.63138323399994,-37.52905218299998,0 -72.63362327499993,-37.52767816099998,0 -72.64070989799995,-37.52333064999993,0 -72.63808781499995,-37.52043586199994,0 -72.63778307399997,-37.52009940899995,0 -72.63035008599996,-37.51627211399995,0 -72.63006648499999,-37.51645703399998,0 -72.62992784099998,-37.51651210199998,0 -72.62897286499998,-37.51683651299993,0 -72.62888313399998,-37.51686699499993,0 -72.62825165499999,-37.51697627099998,0 -72.62079777399998,-37.51826615099998,0 
						</coordinates>
					</LinearRing>
				</outerBoundaryIs>
			</Polygon>
		</MultiGeometry>
	</Placemark>
	<Placemark>
		<name>LOS TRALPENES</name>
		<description><![CDATA[<p>COMUNA: NACIMIENTO
<br/>DISTRITO: 6
<br/>LOC_ZON: 23
<br/>NOMBRE_LOCALIDAD: LOS TRALPENES
<br/>GEOCODIGO: 8306062023</p>]]></description>
		<styleUrl>#style1</styleUrl>
		<ExtendedData>
			<Data name="NOM_COMUNA">
				<displayName>NOM_COMUNA</displayName>
				<value>NACIMIENTO</value>
			</Data>
			<Data name="DISTRITO">
				<displayName>DISTRITO</displayName>
				<value>6</value>
			</Data>
			<Data name="LOC_ZON">
				<displayName>LOC_ZON</displayName>
				<value>23</value>
			</Data>
			<Data name="NOM_LOCALI">
				<displayName>NOM_LOCALI</displayName>
				<value>LOS TRALPENES</value>
			</Data>
			<Data name="GEOCODIGO">
				<displayName>GEOCODIGO</displayName>
				<value>8306062023</value>
			</Data>
		</ExtendedData>
		<MultiGeometry>
			<Polygon>
				<outerBoundaryIs>
					<LinearRing>
						<tessellate>1</tessellate>
						<coordinates>
							-72.59622494299998,-37.51329592099995,0 -72.59667134099993,-37.51405499499998,0 -72.59667220799997,-37.51405646899997,0 -72.59669930899997,-37.51410255299993,0 -72.59747975899995,-37.51511465199997,0 -72.59758995399994,-37.51520216999995,0 -72.59761035199995,-37.51525992599994,0 -72.59761044399994,-37.51526018699997,0 -72.59761053599993,-37.51526044799994,0 -72.59761758199994,-37.51528039699997,0 -72.59797294399993,-37.51586717799995,0 -72.59886552199998,-37.51671369899998,0 -72.59887897799996,-37.51672645999997,0 -72.59900184499998,-37.51684298699996,0 -72.59951799799995,-37.51723157299995,0 -72.59999647099994,-37.51759178999998,0 -72.60024997299996,-37.51777347899997,0 -72.60025005999995,-37.51777354099994,0 -72.60025014699994,-37.51777360399996,0 -72.60026318199994,-37.51778294399998,0 -72.60116159199998,-37.51842684299993,0 -72.60167046099997,-37.51865403699998,0 -72.60167096299995,-37.51865426099994,0 -72.60168082099995,-37.51865742099994,0 -72.60170657799995,-37.51866795199993,0 -72.60173295399994,-37.51867726399996,0 -72.60174999199995,-37.51868497999993,0 -72.60281529599996,-37.51911311599997,0 -72.60423470599994,-37.51993757399998,0 -72.60452187799996,-37.52045761599993,0 -72.60463227499997,-37.52065753299996,0 -72.60487155599998,-37.52139521599997,0 -72.60493027199993,-37.52184225899998,0 -72.60501777299999,-37.52180273299996,0 -72.60517441799993,-37.52174486399997,0 -72.60533224799997,-37.52164991199993,0 -72.60537197799994,-37.52163840099996,0 -72.60582976499995,-37.52128418299998,0 -72.60582984899997,-37.52128411799998,0 -72.60582993399998,-37.52128405299993,0 -72.60589592199995,-37.52123299399994,0 -72.60676758199997,-37.51949893399996,0 -72.60677700399998,-37.51949912499998,0 -72.60709630699995,-37.51950548299993,0 -72.60709642799998,-37.51950540799993,0 -72.60742970899997,-37.51929925899998,0 -72.60747776999995,-37.51926953199995,0 -72.60748336499995,-37.51927195899998,0 -72.60918938299994,-37.52001196299994,0 -72.60919181699995,-37.52000888999993,0 -72.60939417199995,-37.51975336199996,0 -72.60974267599994,-37.51926928799998,0 -72.61015735999996,-37.51870544799993,0 -72.61059744999994,-37.51819243399996,0 -72.61063987299997,-37.51814298199997,0 -72.61086505399999,-37.51793534299998,0 -72.61087196499994,-37.51793774699996,0 -72.61346574599997,-37.51883994199994,0 -72.61394019099998,-37.51996017099998,0 -72.61394945699993,-37.51995957699995,0 -72.61468993199998,-37.51991211699993,0 -72.61469112299994,-37.51991265099997,0 -72.61488653899994,-37.52000024999995,0 -72.61764467899997,-37.51678868299996,0 -72.61908489199993,-37.51742566799993,0 -72.62079777399998,-37.51826615099998,0 -72.62825165499999,-37.51697627099998,0 -72.62888313399998,-37.51686699499993,0 -72.62897286499998,-37.51683651299993,0 -72.62992784099998,-37.51651210199998,0 -72.63006648499999,-37.51645703399998,0 -72.63035008599996,-37.51627211399995,0 -72.63052779399999,-37.51615624099998,0 -72.63057265299994,-37.51613063399998,0 -72.63110775099994,-37.51582517599996,0 -72.63135731899996,-37.51490854499997,0 -72.63911272899998,-37.51827814899997,0 -72.63956360999998,-37.51866123899998,0 -72.64634953399997,-37.52442620499994,0 -72.64701817499997,-37.52385312299998,0 -72.64787974799998,-37.52311468199997,0 -72.64923803499994,-37.52195051899997,0 -72.64974037699994,-37.52150791399998,0 -72.65082090699997,-37.52055587699994,0 -72.65178191999996,-37.51973332599994,0 -72.65653664799999,-37.51566365199994,0 -72.66266896899998,-37.51060121499995,0 -72.66131894099993,-37.51003002499993,0 -72.66128105299998,-37.51003380399993,0 -72.66120789599995,-37.51004110099996,0 -72.66115122599996,-37.51004675299998,0 -72.66090731899999,-37.51008204499993,0 -72.66086803099995,-37.51008772999995,0 -72.66086473099995,-37.51008881699994,0 -72.66059320399995,-37.51012641399996,0 -72.66043043099995,-37.51015271999995,0 -72.65995333099994,-37.51021224299996,0 -72.65935407899997,-37.51028987199993,0 -72.65917366499997,-37.51031279399996,0 -72.65905501399999,-37.51032786799993,0 -72.65858917499997,-37.51038705099995,0 -72.65842738199996,-37.51040760699993,0 -72.65652263999993,-37.51063673199997,0 -72.65648103199999,-37.51063962899997,0 -72.65628673099997,-37.51065478399994,0 -72.65531782099998,-37.51080251599996,0 -72.65475024099999,-37.51087685399995,0 -72.65446290099999,-37.51091140299997,0 -72.65330140199995,-37.51105105399995,0 -72.65219471499995,-37.51119079199998,0 -72.65201745899998,-37.51120762699998,0 -72.65167890399994,-37.51123978199996,0 -72.65115220799998,-37.51130577199996,0 -72.65019930399995,-37.51142770599995,0 -72.65002962699998,-37.51145933499998,0 -72.64985166699995,-37.51149250699996,0 -72.64967773399997,-37.51153754099994,0 -72.64959616699997,-37.51156287299995,0 -72.64952102599995,-37.51158886499996,0 -72.64927994599998,-37.51167917099997,0 -72.64887815699996,-37.51181845099995,0 -72.64872354599999,-37.51187141599996,0 -72.64868862199995,-37.51188480799993,0 -72.64853034699996,-37.51195193099994,0 -72.64836996899999,-37.51202520799995,0 -72.64824481599999,-37.51207884399997,0 -72.64816956099997,-37.51212716999999,0 -72.64809638399998,-37.51216987799995,0 -72.64804710799996,-37.51220075999998,0 -72.64774606999998,-37.51239903299995,0 -72.64769343899997,-37.51243588499995,0 -72.64664214999993,-37.51321977299995,0 -72.64609715799998,-37.51362957399994,0 -72.64565624799997,-37.51396111099996,0 -72.64555203799995,-37.51403843499997,0 -72.64330938899997,-37.51385323699998,0 -72.64180548899998,-37.51372902099996,0 -72.63858140599996,-37.51346275599997,0 -72.63839212999994,-37.51344562899993,0 -72.63826005499999,-37.51343367699997,0 -72.63799840199994,-37.51340999899998,0 -72.63656845699995,-37.51327176399997,0 -72.63657199399995,-37.51324841499996,0 -72.63657238999997,-37.51324579699997,0 -72.63657240599997,-37.51324568799998,0 -72.63657241899995,-37.51324560299997,0 -72.63657349699997,-37.51323849199997,0 -72.63657389699995,-37.51323585199998,0 -72.63657446299999,-37.51323211199997,0 -72.63657500699998,-37.51323065899993,0 -72.63658132699999,-37.51322046399997,0 -72.63665324799996,-37.51310445299998,0 -72.63669829299994,-37.51303179299998,0 -72.63673113199997,-37.51297881599993,0 -72.63673116699994,-37.51297875499995,0 -72.63673119999999,-37.51297869299998,0 -72.63673255299994,-37.51297614499998,0 -72.63674208799995,-37.51295815499998,0 -72.63676584799998,-37.51291332499994,0 -72.63677083399995,-37.51290391799995,0 -72.63678441199994,-37.51287830299998,0 -72.63679756699997,-37.51285348599998,0 -72.63680080299997,-37.51284748499995,0 -72.63684078299997,-37.51279981499994,0 -72.63685924499998,-37.51277783499995,0 -72.63685937899999,-37.51277767499994,0 -72.63685951299993,-37.51277751599997,0 -72.63690041099994,-37.51272882699993,0 -72.63691811999996,-37.51270769599995,0 -72.63693050799998,-37.51268658899994,0 -72.63697150599995,-37.51261652599993,0 -72.63698829499998,-37.51258783599997,0 -72.63702492699997,-37.51252522699997,0 -72.63702495899997,-37.51252516899996,0 -72.63702498899994,-37.51252510999996,0 -72.63705660299996,-37.51246203699998,0 -72.63708814199998,-37.51239911599998,0 -72.63708898099998,-37.51239796999994,0 -72.63711245099995,-37.51237466999993,0 -72.63713672399996,-37.51235057299994,0 -72.63713779999995,-37.51234950399993,0 -72.63715542099999,-37.51233201099996,0 -72.63716545799997,-37.51232204699994,0 -72.63718663999998,-37.51230096899997,0 -72.63719639699997,-37.51228720099994,0 -72.63720666699999,-37.51227264299996,0 -72.63721468099999,-37.51226128299993,0 -72.63724271199999,-37.51222160299994,0 -72.63725828199995,-37.51220551299997,0 -72.63728942499995,-37.51217340499994,0 -72.63731029799999,-37.51215188599997,0 -72.637372,-37.51208827499994,0 -72.63737788199995,-37.51208217199996,0 -72.63740397199996,-37.51204513199997,0 -72.63740400499995,-37.51204508499995,0 -72.63740403799994,-37.51204503899993,0 -72.63743693199996,-37.51199827399995,0 -72.63747324299999,-37.51194665299994,0 -72.63749606699997,-37.51191419199995,0 -72.63749618099996,-37.51191402499995,0 -72.63749628299996,-37.51191385099997,0 -72.63750309299996,-37.51190190999995,0 -72.63751787699994,-37.51187595499994,0 -72.63757502999994,-37.51177561299994,0 -72.63765356999994,-37.51163771599994,0 -72.63765360699995,-37.51163764999995,0 -72.63765364899996,-37.51163758699994,0 -72.63766687999998,-37.51161776099997,0 -72.63768797099993,-37.51158616699996,0 -72.63772224999997,-37.51153489599994,0 -72.63775570099995,-37.51150111499993,0 -72.63776882599996,-37.51148788299997,0 -72.63781434299995,-37.51144198999998,0 -72.63781440099996,-37.51144193099998,0 -72.63781446199994,-37.51144187699998,0 -72.63790620999998,-37.51136081599998,0 -72.63799786799996,-37.51127989999998,0 -72.63802597799997,-37.51126296599995,0 -72.63804613499997,-37.51125085899997,0 -72.63805225499993,-37.51124718399996,0 -72.63810117299994,-37.51121780299997,0 -72.63812504799995,-37.51120346399995,0 -72.63817268699995,-37.51117485099996,0 -72.63820377599995,-37.51115617499994,0 -72.63820384199994,-37.51115613499996,0 -72.63820390599994,-37.51115609199996,0 -72.63826122199998,-37.51111726299996,0 -72.63826660799998,-37.51111361399995,0 -72.63826916199997,-37.51111188399994,0 -72.63830326199997,-37.51108878399998,0 -72.63831920099994,-37.51107798699996,0 -72.63833850999998,-37.51106288699998,0 -72.63839191399995,-37.51102112399997,0 -72.63841327299997,-37.51100441999995,0 -72.63848913799995,-37.51094510499996,0 -72.63850832599996,-37.51093007299994,0 -72.63853690899998,-37.51090053899998,0 -72.63854174499994,-37.51089553599996,0 -72.63856611599994,-37.51087032299995,0 -72.63859063299998,-37.51084495899994,0 -72.63862450899995,-37.51080991399994,0 -72.63862529199997,-37.51080881199994,0 -72.63864244199993,-37.51076435199997,0 -72.63865620899998,-37.51072869299998,0 -72.63865996599998,-37.51071895999996,0 -72.63866004899995,-37.51071874499996,0 -72.63866010899994,-37.51071858999995,0 -72.63866012899996,-37.51071853699995,0 -72.63866015299999,-37.51071847799994,0 -72.63866033999994,-37.51071799399995,0 -72.63866536699999,-37.51070495999994,0 -72.63866793699998,-37.51069829799997,0 -72.63867039299998,-37.51069195399998,0 -72.63867047099995,-37.51069175999993,0 -72.63867056499998,-37.51069156999995,0 -72.63869589499996,-37.51064233599993,0 -72.63872115299995,-37.51059330899994,0 -72.63876481099999,-37.51053239399994,0 -72.63880816399995,-37.51047194099993,0 -72.63880818499996,-37.51047191199996,0 -72.63880820499998,-37.51047188199993,0 -72.63881747399995,-37.51045799799994,0 -72.63884160899994,-37.51042184499994,0 -72.63884556999994,-37.51041591099994,0 -72.63888316299995,-37.51035973799998,0 -72.63894944099997,-37.51030080199996,0 -72.63897249599995,-37.51028033499995,0 -72.63903273299996,-37.51022685599997,0 -72.63904007999997,-37.51022033299995,0 -72.63906050399999,-37.51020220299995,0 -72.63906056299999,-37.51020215099993,0 -72.63906062599995,-37.51020210099995,0 -72.63907069899994,-37.51019419299996,0 -72.63914535199996,-37.51013561499997,0 -72.63923056999994,-37.51006874799998,0 -72.63923162599997,-37.51006760699994,0 -72.63928124599994,-37.50999103899994,0 -72.63933121499997,-37.50991393099997,0 -72.63935738299995,-37.50987472999998,0 -72.63938415599995,-37.50983462399995,0 -72.63943719499997,-37.50975515499994,0 -72.63943729799996,-37.50975499899994,0 -72.63943738899997,-37.50975483599996,0 -72.63949108099996,-37.50965636999996,0 -72.63952434299995,-37.50959535799996,0 -72.63952835899994,-37.50958799099993,0 -72.63954459699994,-37.50955820799993,0 -72.63954462899994,-37.50955814799994,0 -72.63954466499996,-37.50955809099997,0 -72.63955758499998,-37.50953763399997,0 -72.63958342899997,-37.50949672899998,0 -72.63959788699998,-37.50947384499995,0 -72.63965097999994,-37.50938980699993,0 -72.63969300499997,-37.50932516599994,0 -72.63970721999993,-37.50930330099993,0 -72.63974692299996,-37.50924223199996,0 -72.63976333699998,-37.50921699799994,0 -72.63976340299996,-37.50921689899997,0 -72.63976347399995,-37.50921680599998,0 -72.63977331599995,-37.50920472399997,0 -72.63982425599994,-37.50914234799995,0 -72.63983791099997,-37.50912562699995,0 -72.63991189399997,-37.50903503099994,0 -72.64000445899995,-37.50892793499997,0 -72.64001733799995,-37.50891303299994,0 -72.64009704899996,-37.50882086499996,0 -72.64012531999998,-37.50879793799993,0 -72.64015176299995,-37.50877653799995,0 -72.64019473899998,-37.50874175899997,0 -72.64023160199997,-37.50871192699998,0 -72.64036549799994,-37.50860360099995,0 -72.64048704499999,-37.50853001599995,0 -72.64058666699998,-37.50846972699998,0 -72.64060419999998,-37.50845911699997,0 -72.64060796899997,-37.50845683499995,0 -72.64061694799994,-37.50845131599993,0 -72.64074394099998,-37.50837324799994,0 -72.64082366399998,-37.50832423799994,0 -72.64083662099995,-37.50831627299993,0 -72.64087254099996,-37.50829419099995,0 -72.64087865199997,-37.50829043499994,0 -72.64088352599998,-37.50828743799997,0 -72.64088556399997,-37.50828618499997,0 -72.64088814299998,-37.50828459999997,0 -72.64089031199995,-37.50828326599998,0 -72.64089049299997,-37.50828315499996,0 -72.64089067499998,-37.50828304299995,0 -72.64089896299998,-37.50827794699995,0 -72.64089898799995,-37.50827793199994,0 -72.64090471099996,-37.50827434899998,0 -72.64092073699999,-37.50826431199994,0 -72.64092166399996,-37.50826373199993,0 -72.64092182099995,-37.50826363399995,0 -72.64092186499994,-37.50826360599996,0 -72.64092193299996,-37.50826356299996,0 -72.64094144599994,-37.50825134199994,0 -72.64100706599999,-37.50821024399994,0 -72.64104658899998,-37.50818549099995,0 -72.64107483599997,-37.50816771299998,0 -72.64130530199998,-37.50793082099995,0 -72.64140792499995,-37.50782528799994,0 -72.64153575199998,-37.50769383299996,0 -72.64155293799996,-37.50767584499994,0 -72.64161401099994,-37.50761191799995,0 -72.64164885799994,-37.50757544299995,0 -72.64172260799995,-37.50749824699994,0 -72.64173556299994,-37.50748468699993,0 -72.64186571899995,-37.50734844999994,0 -72.64193541899994,-37.50727549299995,0 -72.64201759399998,-37.50718679099998,0 -72.64204308199999,-37.50715927899995,0 -72.64210919199996,-37.50708791799997,0 -72.64212776299996,-37.50706787299998,0 -72.64215086099995,-37.50704297799996,0 -72.64217735999995,-37.50702165099995,0 -72.64225168899998,-37.50696192099997,0 -72.64225605399997,-37.50695841299995,0 -72.64235204999994,-37.50688126799997,0 -72.64235209799995,-37.50688122799994,0 -72.64235214499996,-37.50688118599993,0 -72.64244177199998,-37.50680167399997,0 -72.64245900099996,-37.50678638899996,0 -72.64256564999994,-37.50669177599997,0 -72.64256697999997,-37.50669090899993,0 -72.64261515999993,-37.50666823599994,0 -72.64266269299998,-37.50664586699997,0 -72.64266274399995,-37.50664584299994,0 -72.64266279599997,-37.50664581599995,0 -72.64269357499995,-37.50662989299997,0 -72.64276818599996,-37.50659128799998,0 -72.64287312999994,-37.50653699099996,0 -72.64287416199994,-37.50653645099993,0 -72.64287434099998,-37.50653635599997,0 -72.64287451499996,-37.50653625299998,0 -72.64289801699994,-37.50652194699995,0 -72.64295225199999,-37.50648891999998,0 -72.64299861699999,-37.50646068599997,0 -72.64299889099993,-37.50646051899997,0 -72.64299916499994,-37.50646035199998,0 -72.64305176299996,-37.50642832199998,0 -72.64312289099996,-37.50638503699997,0 -72.64323499899996,-37.50633568999996,0 -72.64324693999998,-37.50633043699997,0 -72.64337008799998,-37.50627626299996,0 -72.64347412099994,-37.50623233899995,0 -72.64351431799997,-37.50621536799997,0 -72.64355192299996,-37.50619949099996,0 -72.64365930999998,-37.50615411999996,0 -72.64367663199994,-37.50614380999997,0 -72.64373775199994,-37.50610731099994,0 -72.64377414599994,-37.50608557799995,0 -72.64387502799997,-37.50602533399996,0 -72.64388957699998,-37.50601661899998,0 -72.64390950299997,-37.50600086599997,0 -72.64395666999997,-37.50596350199993,0 -72.64395774899998,-37.50596264699993,0 -72.64402318199996,-37.50591081199997,0 -72.64402443499995,-37.50591006499997,0 -72.64407935199995,-37.50588593099997,0 -72.64438015499996,-37.50575374099998,0 -72.64438842399994,-37.50575010699998,0 -72.64442313399996,-37.50573485399997,0 -72.64471633899996,-37.50560600399996,0 -72.64473517899995,-37.50559774599998,0 -72.64475140899998,-37.50559262499996,0 -72.64482693199994,-37.50556888899996,0 -72.64491184199994,-37.50554220299995,0 -72.64491214299994,-37.50554210799993,0 -72.64491244399994,-37.50554201399996,0 -72.64491622499997,-37.50554082699995,0 -72.64501783099996,-37.50550889199997,0 -72.64507080699997,-37.50549224199995,0 -72.64508925199993,-37.50548643699994,0 -72.64508947499996,-37.50548636499997,0 -72.64508969299999,-37.50548628099995,0 -72.64510821999994,-37.50547895499994,0 -72.64541971099999,-37.50535566099995,0 -72.64545967199996,-37.50533984399993,0 -72.64553508199998,-37.50530999499995,0 -72.64558051599994,-37.50529201099994,0 -72.64578583899998,-37.50521073999994,0 -72.64582994199998,-37.50519328199994,0 -72.64582998099996,-37.50519326599994,0 -72.64583001999995,-37.50519324899994,0 -72.64591748299995,-37.50515590499998,0 -72.64595566099996,-37.50513960299998,0 -72.64613649299997,-37.50506238999998,0 -72.64622137399994,-37.50502614699997,0 -72.64643989799998,-37.50493283999998,0 -72.64644400399999,-37.50493108699993,0 -72.64644531999994,-37.50493031099995,0 -72.64645836699998,-37.50491997499995,0 -72.64646852899995,-37.50491192499993,0 -72.64648788499994,-37.50489659099998,0 -72.64651153599993,-37.50487785399997,0 -72.64656930299998,-37.50483208999998,0 -72.64657885799994,-37.50482449099997,0 -72.64660264099996,-37.50479979699998,0 -72.64662551299995,-37.50477601699998,0 -72.64665220599994,-37.50474826399994,0 -72.64668257599999,-37.50471668699998,0 -72.64670690599996,-37.50469139099994,0 -72.64672596299994,-37.50467157699995,0 -72.64672679099994,-37.50467038799997,0 -72.64672691199996,-37.50467016299996,0 -72.64674496899994,-37.50463665699993,0 -72.64676411199997,-37.50460113499997,0 -72.64677615899996,-37.50457877999997,0 -72.64680212799993,-37.50453052999995,0 -72.64681222299998,-37.50450045799994,0 -72.64682184099996,-37.50447172099996,0 -72.64682766099997,-37.50445433199997,0 -72.64684141299995,-37.50441344399997,0 -72.64684157399995,-37.50441317499997,0 -72.64684213899994,-37.50441222799998,0 -72.64686783999997,-37.50438398599994,0 -72.64687600999997,-37.50437500799995,0 -72.64688624299998,-37.50436376299996,0 -72.64690927099997,-37.50433848499995,0 -72.64691091399999,-37.50433705899997,0 -72.64695837899995,-37.50429660299994,0 -72.64700702299996,-37.50425516999996,0 -72.64704021499995,-37.50423336099993,0 -72.64709835799994,-37.50419520199995,0 -72.64710139199997,-37.50419321099997,0 -72.64718510499995,-37.50413826999994,0 -72.64718916599998,-37.50413566799995,0 -72.64734816999999,-37.50406932799996,0 -72.64737229799994,-37.50405926899998,0 -72.64756929999999,-37.50397714299993,0 -72.64794822699997,-37.50381917799996,0 -72.64798078599995,-37.50380624699994,0 -72.64803510599995,-37.50378467399997,0 -72.64808085999994,-37.50376650199996,0 -72.64819741499997,-37.50372021199996,0 -72.64838837299999,-37.50364437199994,0 -72.64839385399995,-37.50364219499994,0 -72.64844727299999,-37.50362097899995,0 -72.64844850299994,-37.50362031599997,0 -72.64853901799995,-37.50355630799993,0 -72.64863022499998,-37.50349180699993,0 -72.64863029099996,-37.50349175999997,0 -72.64863035499997,-37.50349170899995,0 -72.64863162499995,-37.50349069299995,0 -72.64866050599994,-37.50346751899997,0 -72.64873346699994,-37.50340897599995,0 -72.64883776799996,-37.50332524099997,0 -72.64885997899995,-37.50330051699996,0 -72.64890242499996,-37.50325318999995,0 -72.64890410499999,-37.50325131699998,0 -72.64896653899996,-37.50318170299994,0 -72.64896793399998,-37.50318061199994,0 -72.64908907899996,-37.50311425499996,0 -72.64920910099994,-37.50304851199996,0 -72.64920913899994,-37.50304849099996,0 -72.64920917699999,-37.50304847099994,0 -72.64929723499995,-37.50300348399998,0 -72.64938449399995,-37.50295890699994,0 -72.64938573899997,-37.50295827099995,0 -72.64938732899998,-37.50295745799997,0 -72.64939261199999,-37.50295475899998,0 -72.64939761499994,-37.50295220299995,0 -72.64939804299996,-37.50295198399994,0 -72.64939834099994,-37.50295183199995,0 -72.64939847199997,-37.50295176499998,0 -72.64939860399994,-37.50295169799995,0 -72.64942122699995,-37.50294014099995,0 -72.64942169699998,-37.50293990099993,0 -72.64942216699995,-37.50293966099997,0 -72.64944559199995,-37.50292769199996,0 -72.64944572899998,-37.50292762199996,0 -72.64944586599995,-37.50292755199996,0 -72.64944620899996,-37.50292737699993,0 -72.64944668999993,-37.50292713099998,0 -72.64945943099997,-37.50292062399996,0 -72.64945961999996,-37.50292052699996,0 -72.64945980899995,-37.50292042999996,0 -72.64946108099997,-37.50291977999996,0 -72.64962497799996,-37.50283604999998,0 -72.64964542499996,-37.50282560399995,0 -72.64978917099995,-37.50275216799997,0 -72.65005196999994,-37.50261071199998,0 -72.65006894099997,-37.50260157699995,0 -72.65015076999998,-37.50255753099998,0 -72.65031515499999,-37.50246904699998,0 -72.65036371599996,-37.50243885599997,0 -72.65039989699994,-37.50241636199996,0 -72.65048488199994,-37.50236353699995,0 -72.65048499299996,-37.50236346999998,0 -72.65048507799997,-37.50236341799996,0 -72.65048510599996,-37.50236340399994,0 -72.65048534299996,-37.50236327999994,0 -72.65051361899998,-37.50234905399998,0 -72.65051769699994,-37.50234700299995,0 -72.65053956899999,-37.50233600499996,0 -72.65061207199994,-37.50229954599996,0 -72.65064335999995,-37.50228381299996,0 -72.65067799399998,-37.50226639699997,0 -72.65073868899998,-37.50223587399995,0 -72.65073874999996,-37.50223584199995,0 -72.65073880999995,-37.50223580799997,0 -72.65074412199994,-37.50223282099995,0 -72.65076347399997,-37.50222193499997,0 -72.65085607799995,-37.50216984199994,0 -72.65086828599993,-37.50216297499998,0 -72.65087758899995,-37.50215774199995,0 -72.65088435299998,-37.50215393699995,0 -72.65099903199996,-37.50208938699996,0 -72.65108298699994,-37.50202170599994,0 -72.65109338699995,-37.50201331599993,0 -72.65109840399998,-37.50200926899998,0 -72.65118814099998,-37.50193685299996,0 -72.65121275899997,-37.50191204099997,0 -72.65125026399994,-37.50187420599997,0 -72.65127103899994,-37.50185324899996,0 -72.65127266399998,-37.50185160899997,0 -72.65135340999996,-37.50177015399998,0 -72.65135459899994,-37.50176925899996,0 -72.65136087099995,-37.50176575499995,0 -72.65136480899997,-37.50176355599996,0 -72.65141185799996,-37.50173727299995,0 -72.65148482799998,-37.50169650999993,0 -72.65149401199994,-37.50169137899996,0 -72.65162274699998,-37.50161945899998,0 -72.65163229099994,-37.50161412799997,0 -72.65163234799996,-37.50161409599997,0 -72.65163240699997,-37.50161406599995,0 -72.65170385599998,-37.50157813499993,0 -72.65176806599999,-37.50154584499995,0 -72.65181111899994,-37.50152419499994,0 -72.65190411099996,-37.50147741599994,0 -72.65193982199997,-37.50145490199998,0 -72.65204506299995,-37.50138850599996,0 -72.65208608199998,-37.50136262699993,0 -72.65225246799997,-37.50125764999996,0 -72.65226469199996,-37.50124993799994,0 -72.65226805399993,-37.50124784999997,0 -72.65235248299996,-37.50120970999996,0 -72.65236717699997,-37.50120307699996,0 -72.65237315199994,-37.50120037999994,0 -72.65237343499996,-37.50120025199993,0 -72.65237371899997,-37.50120012399998,0 -72.65241127599995,-37.50118317199997,0 -72.65247887399994,-37.50115265199997,0 -72.65247911299997,-37.50115253999996,0 -72.65247914099996,-37.50115252599994,0 -72.65247922699996,-37.50115247899998,0 -72.65247934099995,-37.50115241699996,0 -72.65248839099996,-37.50114734799996,0 -72.65257291999995,-37.50109994099995,0 -72.65261647599993,-37.50107551399998,0 -72.65266136899999,-37.50105033599993,0 -72.65266648499994,-37.50104747299997,0 -72.65266660499998,-37.50104740699993,0 -72.65266669599998,-37.50104735799994,0 -72.65266672599995,-37.50104734499996,0 -72.65266697999994,-37.50104722699996,0 -72.65274837699997,-37.50101094399997,0 -72.65280074799995,-37.50098760399993,0 -72.65280989699994,-37.50098352699996,0 -72.65282886699998,-37.50097507299995,0 -72.65283024599995,-37.50097463699996,0 -72.65293802399998,-37.50095307699996,0 -72.65298097999994,-37.50094448399994,0 -72.65304490699998,-37.50093169499996,0 -72.65306379699996,-37.50092815199997,0 -72.65310525499996,-37.50092037699994,0 -72.65317049899994,-37.50090813999998,0 -72.65329619099998,-37.50088458499994,0 -72.65329638699995,-37.50088456399993,0 -72.65329641799997,-37.50088456099996,0 -72.65336175099998,-37.50087855399994,0 -72.65348210999997,-37.50086749999997,0 -72.65348731599994,-37.50086702199997,0 -72.65367769499994,-37.50084953699997,0 -72.65374524199996,-37.50084426099994,0 -72.65379905999998,-37.50084005699995,0 -72.65389489099994,-37.50083257199998,0 -72.65398127099996,-37.50082582399995,0 -72.65400349999999,-37.50082408799994,0 -72.65411277199996,-37.50081553499996,0 -72.65419453399994,-37.50080098299998,0 -72.65429174599996,-37.50078365999997,0 -72.65446948599998,-37.50075198599995,0 -72.65447149299996,-37.50075160499995,0 -72.65467867299998,-37.50068907499997,0 -72.65478077599994,-37.50065824699993,0 -72.65479470599996,-37.50065404099996,0 -72.65508972099997,-37.50056496399998,0 -72.65508976199999,-37.50056495199993,0 -72.65508980399994,-37.50056493999995,0 -72.65534766599995,-37.50049427099998,0 -72.65560544699997,-37.50042362599993,0 -72.65575493599994,-37.50037939499998,0 -72.65582885099997,-37.50035752599996,0 -72.65590547999994,-37.50033482499998,0 -72.65599972199993,-37.50029302899998,0 -72.65606810099996,-37.50026268099998,0 -72.65608912499994,-37.50025334999998,0 -72.65616073199999,-37.50022156999995,0 -72.65627325799994,-37.50017161499994,0 -72.65634273299997,-37.50013281199995,0 -72.65641231999996,-37.50009392999993,0 -72.65641237999995,-37.50009389499996,0 -72.65641243999994,-37.50009385799996,0 -72.65646389599993,-37.50006177999995,0 -72.65651552599996,-37.50002959599993,0 -72.65651556299997,-37.50002957299995,0 -72.65651560099997,-37.50002955099995,0 -72.65655496099998,-37.50000664699996,0 -72.65659427699995,-37.49998383899998,0 -72.65663277399995,-37.49997053799996,0 -72.65663321999995,-37.49997038499998,0 -72.65663366699994,-37.49997022999997,0 -72.65667214899997,-37.49995699199997,0 -72.65667237199995,-37.49995691299995,0 -72.65667258999997,-37.49995682199994,0 -72.65672144499996,-37.49993585299995,0 -72.65673565099996,-37.49992975399994,0 -72.65675330499994,-37.49992217499994,0 -72.65679870499997,-37.49990268999994,0 -72.65679892899993,-37.49990259599997,0 -72.65679916299996,-37.49990251399998,0 -72.65683125699996,-37.49989156899994,0 -72.65697652599994,-37.49984205099997,0 -72.65710444199993,-37.49979844799998,0 -72.65715348099997,-37.49978173199997,0 -72.65717658199998,-37.49977421999995,0 -72.65720153199999,-37.49976610699997,0 -72.65722144799997,-37.49975962999997,0 -72.65724958299995,-37.49975048099998,0 -72.65731572099997,-37.49972809699995,0 -72.65734349299998,-37.49971869699993,0 -72.65738178099997,-37.49970573799993,0 -72.65741951299998,-37.49969373199997,0 -72.65750812999994,-37.49966553499996,0 -72.65755882599996,-37.49964940199993,0 -72.65763399399998,-37.49962548299993,0 -72.65763405499996,-37.49962546299997,0 -72.65763411599994,-37.49962544699997,0 -72.65770608199995,-37.49960555699994,0 -72.65770955399995,-37.49960459699997,0 -72.65776224199993,-37.49959003599997,0 -72.65777792299997,-37.49958570299998,0 -72.65793339299995,-37.49954156899997,0 -72.65793635299997,-37.49954072899993,0 -72.65804363799998,-37.49951027299994,0 -72.65808983099998,-37.49949712599994,0 -72.65817071899994,-37.49946110899998,0 -72.65825260199995,-37.49942455299998,0 -72.65826182799998,-37.49941814699997,0 -72.65833461799997,-37.49936707099994,0 -72.65837859599998,-37.49933621199995,0 -72.65841667799998,-37.49930948799994,0 -72.65841671899994,-37.49930945799997,0 -72.65841675899998,-37.49930942799995,0 -72.65844003299998,-37.49929178699995,0 -72.65845009399999,-37.49928416099993,0 -72.65847451299999,-37.49926565299995,0 -72.65848378299995,-37.49925870499993,0 -72.65849434799998,-37.49925366399998,0 -72.65850591599997,-37.49924821699994,0 -72.65852465999996,-37.49923939299998,0 -72.65853455799999,-37.49923473299998,0 -72.65854120999995,-37.49923160099996,0 -72.65854378999995,-37.49923038599997,0 -72.65858436199994,-37.49921128499994,0 -72.65859186799997,-37.49920775099997,0 -72.65859403299999,-37.49920673199995,0 -72.65862859299995,-37.49919050199998,0 -72.65862863099994,-37.49919048999993,0 -72.65863755999999,-37.49918781299993,0 -72.65863931299998,-37.49918729399997,0 -72.65864592599996,-37.49918533699997,0 -72.65865158399998,-37.49918366299994,0 -72.65867328699994,-37.49917724099998,0 -72.65867346199997,-37.49917718899997,0 -72.65867363699994,-37.49917713699995,0 -72.65871759699996,-37.49916412899995,0 -72.65874844199993,-37.49915500099996,0 -72.65877857399994,-37.49914606599998,0 -72.65881628399995,-37.49913044499993,0 -72.65886011299995,-37.49911226599994,0 -72.65889302599999,-37.49909861499998,0 -72.65889473699997,-37.49909790499999,0 -72.65900679699996,-37.49905142599994,0 -72.65900820499996,-37.49905102099996,0 -72.65911879399994,-37.49903189699995,0 -72.65919138099997,-37.49901934499997,0 -72.65922840299999,-37.49901294799997,0 -72.65922864099997,-37.49901290899993,0 -72.65922888199998,-37.49901288199993,0 -72.65927214699997,-37.49900844799998,0 -72.65930589299995,-37.49900499399996,0 -72.65930635199999,-37.49900494699995,0 -72.65930681199995,-37.49900489999993,0 -72.65938370199996,-37.49899699099996,0 -72.65943475499995,-37.49898380399998,0 -72.65948560799995,-37.49897062899998,0 -72.65954825099993,-37.49895536099996,0 -72.65961115199997,-37.49894002199994,0 -72.65961141199995,-37.49893995499997,0 -72.65961144399995,-37.49893994699994,0 -72.65961153899997,-37.49893991699997,0 -72.65961166699998,-37.49893987599995,0 -72.65962510799994,-37.49893543699994,0 -72.65966548099993,-37.49892208899996,0 -72.65971954699995,-37.49890421299995,0 -72.65980360399993,-37.49887512199996,0 -72.65988783299997,-37.49884598899996,0 -72.65989283099998,-37.49884481199996,0 -72.65991010799996,-37.49884080599998,0 -72.65995349699995,-37.49883074599995,0 -72.65995366999994,-37.49883070599998,0 -72.65995384399997,-37.49883066599995,0 -72.65999556299994,-37.49882099399997,0 -72.66001937399994,-37.49881546899996,0 -72.66001958099997,-37.49881541899998,0 -72.66001978499997,-37.49881535999998,0 -72.66002328299999,-37.49881431599994,0 -72.66007075899995,-37.49880008999997,0 -72.66007950399995,-37.49879746999994,0 -72.66014561299994,-37.49877765999997,0 -72.66018426899996,-37.49876607599998,0 -72.66027139699997,-37.49873997199995,0 -72.66027152099997,-37.49873993699998,0 -72.66027161399995,-37.49873990999998,0 -72.66027164499997,-37.49873990299994,0 -72.66027189799996,-37.49873984399994,0 -72.66031693499997,-37.49873003999994,0 -72.66036153799996,-37.49872033499997,0 -72.66042280499994,-37.49870700499997,0 -72.66045107299993,-37.49870085299995,0 -72.66045114599996,-37.49870083599995,0 -72.66045121999997,-37.49870081599994,0 -72.66050633699996,-37.49868623099997,0 -72.66052558699994,-37.49868113699995,0 -72.66060081099994,-37.49866122699996,0 -72.66060108399995,-37.49866114799994,0 -72.66060135399994,-37.49866105799998,0 -72.66068226199997,-37.49863197899998,0 -72.66076344499999,-37.49860279499995,0 -72.66088076799997,-37.49856009799998,0 -72.66099796299994,-37.49851744599994,0 -72.66101213699994,-37.49851246999998,0 -72.66104871699997,-37.49849962999997,0 -72.66110013999997,-37.49848155899997,0 -72.66110263399997,-37.49848037299995,0 -72.66114169499997,-37.49846144299994,0 -72.66118472499994,-37.49844058899998,0 -72.66126917499997,-37.49839966199994,0 -72.66134035099998,-37.49836614999998,0 -72.66136571699997,-37.49835420699998,0 -72.66146202899995,-37.49830886399997,0 -72.66146214499997,-37.49830880999997,0 -72.66146223299995,-37.49830876999994,0 -72.66146226099994,-37.49830875899994,0 -72.66146250299994,-37.49830866399998,0 -72.66154618899998,-37.49827736799995,0 -72.66154673099999,-37.49827716499993,0 -72.66154727299994,-37.49827696199998,0 -72.66163065899997,-37.49824572999995,0 -72.66170274999996,-37.49820259599994,0 -72.66170307099998,-37.49820240399998,0 -72.66170339199994,-37.49820221199997,0 -72.66177585699995,-37.49815880099993,0 -72.66177597799998,-37.49815873099993,0 -72.66177606899998,-37.49815867799998,0 -72.66177609999994,-37.49815866299997,0 -72.66177635599996,-37.49815853599995,0 -72.66183337999996,-37.49813138899998,0 -72.66183341699997,-37.49813137099994,0 -72.66183345399998,-37.49813135299996,0 -72.66188998399997,-37.49810444499997,0 -72.66189036799994,-37.49810426199997,0 -72.66192743199997,-37.49808263899996,0 -72.66195736799995,-37.49806513799996,0 -72.66195911799997,-37.49806411499998,0 -72.66198905499994,-37.49804661199994,0 -72.66202396699998,-37.49802620099996,0 -72.66205643999996,-37.49800741699994,0 -72.66207476899996,-37.49799681399998,0 -72.66212623199993,-37.49796704399995,0 -72.66212740999998,-37.49796612599994,0 -72.66216657699994,-37.49792510499998,0 -72.66220677199993,-37.49788295699994,0 -72.66222551399994,-37.49785492299998,0 -72.66224422499994,-37.49782687399994,0 -72.66227233699993,-37.49778472899993,0 -72.66230035699994,-37.49774272299993,0 -72.66233094499995,-37.49769871999996,0 -72.66233782499995,-37.49768882199993,0 -72.66237467699995,-37.49763579899997,0 -72.66237582399998,-37.49763472799998,0 -72.66240532399996,-37.49761460799994,0 -72.66243492099994,-37.49759442199996,0 -72.66243630599996,-37.49759300599993,0 -72.66245769699998,-37.49755873399994,0 -72.66247961099998,-37.49752364899996,0 -72.66248317099996,-37.49751915699994,0 -72.66249552999994,-37.49750363499993,0 -72.66249840899997,-37.49750001899997,0 -72.66251672599998,-37.49747701099994,0 -72.66256610399995,-37.49741877799994,0 -72.66257246099997,-37.49741128099998,0 -72.66260444999995,-37.49737355199994,0 -72.66261549499995,-37.49736055699998,0 -72.66264629799997,-37.49733252399994,0 -72.66267650099996,-37.49730507299995,0 -72.66267667199998,-37.49730491999998,0 -72.66267685499997,-37.49730477699995,0 -72.66270373499998,-37.49728439299997,0 -72.66270414699994,-37.49728407999993,0 -72.66270455799997,-37.49728376699994,0 -72.66273139799995,-37.49726332199998,0 -72.66275058699995,-37.49723899199995,0 -72.66277101499998,-37.49721294799997,0 -72.66281125799998,-37.49716163999994,0 -72.66281208799995,-37.49715970999995,0 -72.66281599699994,-37.49712916799996,0 -72.66281985299997,-37.49709916399996,0 -72.66282675399998,-37.49706850799998,0 -72.66283365599998,-37.49703803399996,0 -72.66284974099995,-37.49700245499997,0 -72.66286546399994,-37.49696778299995,0 -72.66286554499999,-37.49696760799998,0 -72.66286564099994,-37.49696743699997,0 -72.66287443799996,-37.49695213499996,0 -72.66288457099995,-37.49693451999997,0 -72.66290325399996,-37.49690203799997,0 -72.66290327399997,-37.49690200399994,0 -72.66290329399999,-37.49690197099994,0 -72.66290650499997,-37.49689682599995,0 -72.66292519599995,-37.49686687899998,0 -72.66294062399999,-37.49684215999997,0 -72.66294661499995,-37.49683256099996,0 -72.66294777599995,-37.49683130799997,0 -72.66298391899994,-37.49680390599997,0 -72.66299547599994,-37.49679514399998,0 -72.66304657699999,-37.49675640299995,0 -72.66305011799994,-37.49675371799998,0 -72.66438649799994,-37.49574055199997,0 -72.66452971999996,-37.49526187599997,0 -72.66466665599995,-37.49491907599997,0 -72.66475065699996,-37.49470879099994,0 -72.66478230599995,-37.49462956299993,0 -72.66523007199999,-37.49380429299998,0 -72.66552077799997,-37.49339696499993,0 -72.66599271899997,-37.49273569699994,0 -72.66604802999996,-37.49265819599998,0 -72.66678231699996,-37.49162932899998,0 -72.66681277199996,-37.49158115999995,0 -72.66700392399997,-37.49143621899998,0 -72.66740896499994,-37.49116537499998,0 -72.66792267899996,-37.49077584299994,0 -72.66857685999997,-37.49037049199995,0 -72.66898388599998,-37.49012251499994,0 -72.66920635999998,-37.48998697499997,0 -72.66961129799995,-37.48974027099996,0 -72.66996729299996,-37.48956609499993,0 -72.67117832499997,-37.48832194099998,0 -72.67179321399993,-37.48777813099997,0 -72.67189679099994,-37.48768652799998,0 -72.67218412699998,-37.48748683699995,0 -72.67261092599995,-37.48719022199998,0 -72.67266502099994,-37.48715282799998,0 -72.67295468999998,-37.48695259199997,0 -72.67338856799995,-37.48665266999996,0 -72.67362247899996,-37.48649097699996,0 -72.67378784599998,-37.48635390499993,0 -72.67490737399999,-37.48542591799998,0 -72.67509679499994,-37.48524973799994,0 -72.67481925199996,-37.48533192699995,0 -72.67441035599995,-37.48544501699996,0 -72.67440799099995,-37.48544566999993,0 -72.67381045999997,-37.48561092899996,0 -72.67298443899995,-37.48604295799998,0 -72.67228798599996,-37.48632810099997,0 -72.67225694399997,-37.48633878399994,0 -72.67196358899997,-37.48643973899993,0 -72.67162188299994,-37.48655733199996,0 -72.67146658699994,-37.48661077499997,0 -72.67109801199996,-37.48674865299995,0 -72.67109586299995,-37.48674945499994,0 -72.67070765299997,-37.48689467699995,0 -72.66963016699998,-37.48737153299993,0 -72.66849019399996,-37.48784714299995,0 -72.66709876899995,-37.48836758899995,0 -72.66570732499997,-37.48888801599998,0 -72.66400659699997,-37.48930268299995,0 -72.66261666499997,-37.48977329199994,0 -72.66129385299996,-37.49009577899994,0 -72.66016155599993,-37.49032240399998,0 -72.65978715599994,-37.49040387399998,0 -72.65930254999995,-37.49050932499995,0 -72.65911036199998,-37.49055114599997,0 -72.65911024199994,-37.49055117199998,0 -72.65911012299995,-37.49055119799993,0 -72.65890275299995,-37.49059632199993,0 -72.65752521499996,-37.49066862399997,0 -72.65705910499997,-37.49076271199993,0 -72.65705881099996,-37.49076277099994,0 -72.65705851699994,-37.49076282999994,0 -72.65595246799995,-37.49098609199996,0 -72.65570234999996,-37.49103356599994,0 -72.65381432599997,-37.49139192799998,0 -72.65243209299996,-37.49161351099997,0 -72.64923159899996,-37.49214984999998,0 -72.64591869799995,-37.49270502599995,0 -72.64366528299996,-37.49308265399998,0 -72.64355131799994,-37.49311499299995,0 -72.64354845599996,-37.49311580599993,0 -72.64284527499996,-37.49331534299995,0 -72.64280558799999,-37.49332616199996,0 -72.64118376899995,-37.49376827899994,0 -72.64114277099998,-37.49377945499998,0 -72.64102279299993,-37.49381299899994,0 -72.64102255999995,-37.49381306399994,0 -72.64102232699997,-37.49381312899993,0 -72.63931372599995,-37.49429082199998,0 -72.63761745499994,-37.49455576199995,0 -72.63627065099996,-37.49460027099997,0 -72.63627028599996,-37.49460028299995,0 -72.63626992199994,-37.49460029599993,0 -72.63574002499996,-37.49461780499996,0 -72.63487724699996,-37.49471014599993,0 -72.63487595199996,-37.49471028099998,0 -72.63417183299998,-37.49478563899993,0 -72.63332221899998,-37.49489748699995,0 -72.63332066399994,-37.49489769499996,0 -72.63241861899996,-37.49501642799993,0 -72.63185077299994,-37.49509117099996,0 -72.63123450299997,-37.49517229399993,0 -72.62990298099999,-37.49534756799994,0 -72.62903925199998,-37.49549615399997,0 -72.62903094199999,-37.49549757899996,0 -72.62782864899998,-37.49570439999997,0 -72.62764047499996,-37.49574528699998,0 -72.62594015299999,-37.49611473999994,0 -72.62510182099999,-37.49632833199996,0 -72.62462209499995,-37.49645055799994,0 -72.62462206899994,-37.49645056499998,0 -72.62462204299999,-37.49645057199996,0 -72.62449055599996,-37.49648407199993,0 -72.62415991499995,-37.49653476499998,0 -72.62415987899993,-37.49653477099997,0 -72.62415984399996,-37.49653477699997,0 -72.62266495999995,-37.49676396299998,0 -72.62266338299997,-37.49676420599997,0 -72.62248022799997,-37.49679228499997,0 -72.62041056799995,-37.49699964499996,0 -72.61897042099997,-37.49707023499997,0 -72.61879517099999,-37.49709617899998,0 -72.61879508699997,-37.49709619199996,0 -72.61879500399994,-37.49709620299996,0 -72.61826203899994,-37.49717510099998,0 -72.61689758099999,-37.49737708899994,0 -72.61626805199995,-37.49751381399994,0 -72.61083357699994,-37.49835037399998,0 -72.60869902799993,-37.49912806199995,0 -72.60811364799997,-37.49934133199997,0 -72.60545294999997,-37.50043304699994,0 -72.60487312999999,-37.50096920199996,0 -72.60436214999999,-37.50130750899996,0 -72.60307751299996,-37.50237727099994,0 -72.60199143499995,-37.50310238199995,0 -72.60064424999996,-37.50417084599997,0 -72.59974716599999,-37.50484996099993,0 -72.59897822799996,-37.50543205199995,0 -72.59833105299998,-37.50611624199996,0 -72.59762616999996,-37.50664981599994,0 -72.59704305399998,-37.50728548599994,0 -72.59669033499995,-37.50768449499998,0 -72.59666436599997,-37.50771387199995,0 -72.59639424699998,-37.50801943899995,0 -72.59555796799998,-37.50874956999996,0 -72.59533056699996,-37.50999020599994,0 -72.59528742399993,-37.51133421099996,0 -72.59536661599998,-37.51155155399994,0 -72.59568969499998,-37.51243824099998,0 -72.59617340299997,-37.51321333399994,0 -72.59622494299998,-37.51329592099995,0 
						</coordinates>
					</LinearRing>
				</outerBoundaryIs>
			</Polygon>
		</MultiGeometry>
	</Placemark>
	<Placemark>
		<name>INDETERMINADA</name>
		<description><![CDATA[<p>COMUNA: NACIMIENTO
<br/>DISTRITO: 6
<br/>LOC_ZON: 901
<br/>NOMBRE_LOCALIDAD: INDETERMINADA
<br/>GEOCODIGO: 8306062901</p>]]></description>
		<styleUrl>#style1</styleUrl>
		<ExtendedData>
			<Data name="NOM_COMUNA">
				<displayName>NOM_COMUNA</displayName>
				<value>NACIMIENTO</value>
			</Data>
			<Data name="DISTRITO">
				<displayName>DISTRITO</displayName>
				<value>6</value>
			</Data>
			<Data name="LOC_ZON">
				<displayName>LOC_ZON</displayName>
				<value>901</value>
			</Data>
			<Data name="NOM_LOCALI">
				<displayName>NOM_LOCALI</displayName>
				<value>INDETERMINADA</value>
			</Data>
			<Data name="GEOCODIGO">
				<displayName>GEOCODIGO</displayName>
				<value>8306062901</value>
			</Data>
		</ExtendedData>
		<MultiGeometry>
			<Polygon>
				<outerBoundaryIs>
					<LinearRing>
						<tessellate>1</tessellate>
						<coordinates>
							-72.64701817499997,-37.52385312299998,0 -72.64634953399997,-37.52442620499994,0 -72.63956360999998,-37.51866123899998,0 -72.63911272899998,-37.51827814899997,0 -72.63135731899996,-37.51490854499997,0 -72.63110775099994,-37.51582517599996,0 -72.63057265299994,-37.51613063399998,0 -72.63052779399999,-37.51615624099998,0 -72.63035008599996,-37.51627211399995,0 -72.63778307399997,-37.52009940899995,0 -72.63808781499995,-37.52043586199994,0 -72.64070989799995,-37.52333064999993,0 -72.63362327499993,-37.52767816099998,0 -72.63138323399994,-37.52905218299998,0 -72.63104206799994,-37.52879757099998,0 -72.63002936899994,-37.52804180599998,0 -72.62818907999997,-37.52666838499994,0 -72.62787577499995,-37.52654672099993,0 -72.62753421199994,-37.52650337599994,0 -72.62717326199999,-37.52664283299998,0 -72.62646181099996,-37.52644470599995,0 -72.62611130299996,-37.52641780199997,0 -72.62553424599997,-37.52649998099997,0 -72.62520837599999,-37.52667003099998,0 -72.62430970499997,-37.52668792399993,0 -72.62236366799993,-37.52732268299997,0 -72.62231591399996,-37.52732876399995,0 -72.62183980899994,-37.52732456199993,0 -72.62038884799995,-37.52638607199998,0 -72.62011042599994,-37.52626300799994,0 -72.62040845699994,-37.52371363899994,0 -72.62099519899994,-37.51869456899993,0 -72.62079777399998,-37.51826615099998,0 -72.61908489199993,-37.51742566799993,0 -72.61764467899997,-37.51678868299996,0 -72.61488653899994,-37.52000024999995,0 -72.61749538799995,-37.52116970899993,0 -72.61757681499995,-37.52217363599993,0 -72.61828322399998,-37.52247300399995,0 -72.61828339499993,-37.52247307599998,0 -72.61820288699994,-37.52250679399998,0 -72.61793022499995,-37.52260858599993,0 -72.61783569499994,-37.52268611599993,0 -72.61774579699994,-37.52275984599993,0 -72.61738924499997,-37.52314606299996,0 -72.61711164999997,-37.52340273499993,0 -72.61678917799998,-37.52365850099994,0 -72.61657904099997,-37.52377989099995,0 -72.61652995399999,-37.52380824699998,0 -72.61620899599995,-37.52401635499996,0 -72.61588386399995,-37.52435551499997,0 -72.61575205299994,-37.52473434499996,0 -72.61541081899998,-37.52510894299996,0 -72.61513207199994,-37.52540135199996,0 -72.61495272399998,-37.52586267099997,0 -72.61485120499998,-37.52623018899993,0 -72.61482210699995,-37.52659075699995,0 -72.61487069199995,-37.52685694699994,0 -72.61489789599995,-37.52699974999996,0 -72.61490296199997,-37.52702633999996,0 -72.61490532899995,-37.52724762499997,0 -72.61487148599997,-37.52742318199995,0 -72.61483569099994,-37.52749778199995,0 -72.61463483299997,-37.52805229899997,0 -72.61439142199998,-37.52882975499995,0 -72.61428713399994,-37.52909479999994,0 -72.61409362699999,-37.52971583499993,0 -72.61401649899994,-37.52992436799997,0 -72.61388691699995,-37.53027471899998,0 -72.61386419899998,-37.53033614199995,0 -72.61359951999998,-37.53088179299993,0 -72.61357838799995,-37.53092221399993,0 -72.61354956499997,-37.53096903899996,0 -72.61354524099994,-37.53097748599998,0 -72.61354091699997,-37.53098593199996,0 -72.61376000299998,-37.53109868399997,0 -72.61376019199997,-37.53109878099997,0 -72.61376065299999,-37.53109901799996,0 -72.61376120799997,-37.53109930399995,0 -72.61401526199995,-37.53123004899993,0 -72.61432389999999,-37.53138888599995,0 -72.61515969599998,-37.53181901699998,0 -72.61905164699994,-37.53382195899997,0 -72.61905673999996,-37.53382457999993,0 -72.61914957599998,-37.53387235699995,0 -72.61921933499997,-37.53390825699995,0 -72.61925483299996,-37.53392649199998,0 -72.61925876499998,-37.53392365099995,0 -72.61926327399993,-37.53392039299996,0 -72.61929089799997,-37.53390043399997,0 -72.61939845299997,-37.53382272199997,0 -72.61942044699998,-37.53380683099994,0 -72.61956934899996,-37.53369924699996,0 -72.61999934699998,-37.53338856099998,0 -72.62043853499995,-37.53307123499997,0 -72.62044461099998,-37.53307372199998,0 -72.62051185599995,-37.53310124699993,0 -72.62203726099995,-37.53372562399994,0 -72.62302029399996,-37.53412799799997,0 -72.62302280699998,-37.53412513099994,0 -72.62414842599998,-37.53284080599997,0 -72.62467559099997,-37.53223931299993,0 -72.62514753499994,-37.53170082799994,0 -72.62515420499994,-37.53170407699997,0 -72.62670059999994,-37.53245731699997,0 -72.62698533499997,-37.53259600999996,0 -72.62705750599997,-37.53280678299996,0 -72.62705989999995,-37.53356038699997,0 -72.62969789199997,-37.53374391499995,0 -72.63382664499994,-37.53403082699998,0 -72.63382677599998,-37.53403050499998,0 -72.63405451399996,-37.53347055199998,0 -72.63406372599997,-37.53347130299994,0 -72.63419779099996,-37.53348223599994,0 -72.63425466999996,-37.53348687399995,0 -72.63428045299997,-37.53348897699993,0 -72.63605948299994,-37.53363405099998,0 -72.63617394999994,-37.53364338599994,0 -72.63617405899998,-37.53364339399997,0 -72.63617416899996,-37.53364340499996,0 -72.63737744199994,-37.53377833499997,0 -72.63799963399998,-37.53384810599994,0 -72.63800046499995,-37.53384713199995,0 -72.63814955599997,-37.53367225999995,0 -72.63823200199994,-37.53357555699995,0 -72.63831780899994,-37.53326280099998,0 -72.63851313299995,-37.53255086899998,0 -72.63871558799997,-37.53244264199998,0 -72.63872378799994,-37.53244334599998,0 -72.63956749599998,-37.53251582099995,0 -72.63957515699997,-37.53251566199998,0 -72.63989114899994,-37.53250908399997,0 -72.64011412399998,-37.53245064899994,0 -72.64024170199997,-37.53241721399996,0 -72.64024253699995,-37.53241484199998,0 -72.64024337299998,-37.53241246999994,0 -72.64025255999996,-37.53241340799997,0 -72.64291097199998,-37.53268487099996,0 -72.64780865599994,-37.53324308499998,0 -72.64835962899997,-37.53331174699997,0 -72.64918980399995,-37.53341517699994,0 -72.65211015899996,-37.53377906699995,0 -72.65219586299997,-37.53378974499998,0 -72.65219602299999,-37.53378976499994,0 -72.65219618299994,-37.53378978499995,0 -72.65278191899995,-37.53386275699995,0 -72.65397203699996,-37.53327047399995,0 -72.65436164899995,-37.53307657499994,0 -72.65521481799993,-37.53273120399996,0 -72.65637011599995,-37.53226350099993,0 -72.65987902299997,-37.53084298799996,0 -72.66387359199996,-37.52885739599998,0 -72.66594683099999,-37.52776165399996,0 -72.66603782999994,-37.52769269199996,0 -72.66678217999998,-37.52712859399998,0 -72.66705934999999,-37.52664689099998,0 -72.66690253299998,-37.52513584699994,0 -72.66686168899997,-37.52317471399994,0 -72.66695920399997,-37.52004475699994,0 -72.66790010299997,-37.51555111299996,0 -72.66827127999994,-37.51298333699998,0 -72.66807113199997,-37.51182541699995,0 -72.66796590299998,-37.51107727199997,0 -72.66778279699997,-37.51036446399996,0 -72.66774861699997,-37.51023140499996,0 -72.66755931799997,-37.50965300699994,0 -72.66748676499998,-37.50943132099997,0 -72.66746055499993,-37.50932480299997,0 -72.66745594599996,-37.50930607099997,0 -72.66745467599998,-37.50930091099997,0 -72.66744773199997,-37.50927268999993,0 -72.66684664499996,-37.50934745099994,0 -72.66658988799998,-37.50937938599998,0 -72.66643343699997,-37.50940115199995,0 -72.66613002599996,-37.50943783599996,0 -72.66563288499998,-37.50950182899993,0 -72.66493229199995,-37.50958932499998,0 -72.66453669199996,-37.50964020899994,0 -72.66400294599998,-37.50970624699994,0 -72.66359268599996,-37.50975921199995,0 -72.66358592999995,-37.50976003899996,0 -72.66357917299996,-37.50976086999998,0 -72.66310231799997,-37.50981993999994,0 -72.66293877699997,-37.50983828299997,0 -72.66259986799997,-37.50987629599996,0 -72.66168477799994,-37.50998929999997,0 -72.66136106699997,-37.51002582399997,0 -72.66131894099993,-37.51003002499993,0 -72.66266896899998,-37.51060121499995,0 -72.65653664799999,-37.51566365199994,0 -72.65178191999996,-37.51973332599994,0 -72.65082090699997,-37.52055587699994,0 -72.64974037699994,-37.52150791399998,0 -72.64923803499994,-37.52195051899997,0 -72.64787974799998,-37.52311468199997,0 -72.64701817499997,-37.52385312299998,0 
						</coordinates>
					</LinearRing>
				</outerBoundaryIs>
			</Polygon>
		</MultiGeometry>
	</Placemark>
	<Placemark>
		<name>ARINCO</name>
		<description><![CDATA[<p>COMUNA: NACIMIENTO
<br/>DISTRITO: 7
<br/>LOC_ZON: 1
<br/>NOMBRE_LOCALIDAD: ARINCO
<br/>GEOCODIGO: 8306072001</p>]]></description>
		<styleUrl>#style1</styleUrl>
		<ExtendedData>
			<Data name="NOM_COMUNA">
				<displayName>NOM_COMUNA</displayName>
				<value>NACIMIENTO</value>
			</Data>
			<Data name="DISTRITO">
				<displayName>DISTRITO</displayName>
				<value>7</value>
			</Data>
			<Data name="LOC_ZON">
				<displayName>LOC_ZON</displayName>
				<value>1</value>
			</Data>
			<Data name="NOM_LOCALI">
				<displayName>NOM_LOCALI</displayName>
				<value>ARINCO</value>
			</Data>
			<Data name="GEOCODIGO">
				<displayName>GEOCODIGO</displayName>
				<value>8306072001</value>
			</Data>
		</ExtendedData>
		<MultiGeometry>
			<Polygon>
				<outerBoundaryIs>
					<LinearRing>
						<tessellate>1</tessellate>
						<coordinates>
							-72.78728341699997,-37.41514590299994,0 -72.78704933199998,-37.41675101299995,0 -72.78464240399995,-37.41727221499997,0 -72.78345302899999,-37.42002237399998,0 -72.78388849599997,-37.42007958499994,0 -72.78426054299996,-37.42013162199993,0 -72.78446273599997,-37.42038774999997,0 -72.78447400899995,-37.42041365499995,0 -72.78464462299996,-37.42080571299994,0 -72.78488916199996,-37.42113472999995,0 -72.78489694999996,-37.42137369399995,0 -72.78478731099995,-37.42154737299995,0 -72.78445308699997,-37.42172134699996,0 -72.78407094099998,-37.42201157699998,0 -72.78372441399995,-37.42209970399995,0 -72.78307034099998,-37.42198379499996,0 -72.78265497399997,-37.42186785699994,0 -72.78202682899996,-37.42187859799998,0 -72.78174202299994,-37.42190929999998,0 -72.78130266299996,-37.42210382099995,0 -72.78083618199997,-37.42221221699998,0 -72.78063678599995,-37.42227742399996,0 -72.78054951299998,-37.42230596399997,0 -72.78046631599994,-37.42258827899997,0 -72.78072819099998,-37.42283201599997,0 -72.78102077599993,-37.42304028099994,0 -72.78099332199997,-37.42346783599993,0 -72.78089556899994,-37.42374086599995,0 -72.78087516099998,-37.42392973499994,0 -72.78092487799995,-37.42425509999998,0 -72.78088791799996,-37.42450223599997,0 -72.78085295299996,-37.42468181999993,0 -72.78067047499997,-37.42478653599994,0 -72.78047809399999,-37.42472434499996,0 -72.78044703699999,-37.42472376099994,0 -72.78013434399998,-37.42471788699993,0 -72.77959541999996,-37.42474380899995,0 -72.77918954299997,-37.42480827599996,0 -72.77896166099998,-37.42494367899997,0 -72.77877558599994,-37.42516998699995,0 -72.77881060399994,-37.42549057099995,0 -72.77887983499994,-37.42568112399994,0 -72.77894294299995,-37.42607883799997,0 -72.77896186499999,-37.42621948499993,0 -72.78383270499995,-37.42563150999996,0 -72.78469845799998,-37.42552697799994,0 -72.78521504599996,-37.42546460399996,0 -72.79221770299995,-37.42753301199997,0 -72.79337116099998,-37.42824259799994,0 -72.79581540599997,-37.42974617299996,0 -72.79906769099995,-37.43099901999994,0 -72.80150436299994,-37.43202796499997,0 -72.80146008299994,-37.43217057599998,0 -72.80076130399993,-37.43442107299995,0 -72.80219026199995,-37.43371065599996,0 -72.80698229299998,-37.43378216499997,0 -72.80752548199996,-37.43379759599998,0 -72.80940231099999,-37.43385090399994,0 -72.80991877499997,-37.43426045499996,0 -72.81343563799999,-37.43704923399997,0 -72.81605477499994,-37.43952980799997,0 -72.81641750199998,-37.44030445799996,0 -72.81675324699995,-37.44102146899996,0 -72.81232871599997,-37.44187632499995,0 -72.80785061999995,-37.44289611699998,0 -72.80784473899996,-37.44735776699997,0 -72.80783779499995,-37.45261095699993,0 -72.80783672999996,-37.45341660899993,0 -72.80783665399997,-37.45347427099995,0 -72.80783647699997,-37.45360755299998,0 -72.80784221699997,-37.45360453699993,0 -72.80785854199996,-37.45416360799993,0 -72.80786659899996,-37.45443950599997,0 -72.80790737299998,-37.45583581699998,0 -72.80800042799996,-37.45902247099997,0 -72.80801790099997,-37.45962080199996,0 -72.80802658699997,-37.45991826299996,0 -72.81258048599994,-37.46018151599998,0 -72.81264049099997,-37.46030665499995,0 -72.81275095799998,-37.46053703099994,0 -72.81353219899995,-37.46216629199995,0 -72.81170367399994,-37.46460627499994,0 -72.81328824199994,-37.46925545199997,0 -72.81353352999997,-37.47296501399995,0 -72.81517903999998,-37.47398443199995,0 -72.81993369799994,-37.47341551899996,0 -72.82134984399994,-37.47298715399995,0 -72.82456967499996,-37.47201311699996,0 -72.82532672699995,-37.47296512899993,0 -72.82775646599998,-37.47602039199995,0 -72.83695575699994,-37.47573142399995,0 -72.83663396999998,-37.46696987899998,0 -72.84021299899996,-37.46644918099997,0 -72.84117611499994,-37.46630904099993,0 -72.85058716399993,-37.46921076899997,0 -72.85220443499998,-37.46227532099994,0 -72.84420250499994,-37.46092778799994,0 -72.83711298899993,-37.45782240199998,0 -72.83153804999995,-37.45697624499996,0 -72.82824344499994,-37.45573341099998,0 -72.82648764099997,-37.44529896199998,0 -72.82523016699997,-37.44312719299995,0 -72.82154180499998,-37.43675706499994,0 -72.81564327599995,-37.43187927399998,0 -72.80945363299998,-37.42675735299997,0 -72.80761644699999,-37.42473249199998,0 -72.80377634399997,-37.42050010799994,0 -72.80379001999995,-37.41699499899994,0 -72.80134096599994,-37.41540642699994,0 -72.79774257099996,-37.41662079099996,0 -72.79464755599997,-37.41522221999998,0 -72.79315158399999,-37.41155141699994,0 -72.79013692499996,-37.40964620399996,0 -72.78743964199998,-37.41237692099998,0 -72.78729532499995,-37.41493483999994,0 -72.78728341699997,-37.41514590299994,0 
						</coordinates>
					</LinearRing>
				</outerBoundaryIs>
			</Polygon>
		</MultiGeometry>
	</Placemark>
	<Placemark>
		<name>EL PINO</name>
		<description><![CDATA[<p>COMUNA: NACIMIENTO
<br/>DISTRITO: 7
<br/>LOC_ZON: 11
<br/>NOMBRE_LOCALIDAD: EL PINO
<br/>GEOCODIGO: 8306072011</p>]]></description>
		<styleUrl>#style1</styleUrl>
		<ExtendedData>
			<Data name="NOM_COMUNA">
				<displayName>NOM_COMUNA</displayName>
				<value>NACIMIENTO</value>
			</Data>
			<Data name="DISTRITO">
				<displayName>DISTRITO</displayName>
				<value>7</value>
			</Data>
			<Data name="LOC_ZON">
				<displayName>LOC_ZON</displayName>
				<value>11</value>
			</Data>
			<Data name="NOM_LOCALI">
				<displayName>NOM_LOCALI</displayName>
				<value>EL PINO</value>
			</Data>
			<Data name="GEOCODIGO">
				<displayName>GEOCODIGO</displayName>
				<value>8306072011</value>
			</Data>
		</ExtendedData>
		<MultiGeometry>
			<Polygon>
				<outerBoundaryIs>
					<LinearRing>
						<tessellate>1</tessellate>
						<coordinates>
							-72.84349562099999,-37.41619427299997,0 -72.84324958499997,-37.41635200099995,0 -72.84324799699993,-37.41635197099998,0 -72.84324773199995,-37.41635196599998,0 -72.84276584099996,-37.41640174899993,0 -72.84247538799997,-37.41631083099998,0 -72.84240847599995,-37.41625553599994,0 -72.84225668899995,-37.41613110199995,0 -72.84215610699994,-37.41597633199996,0 -72.83965164799997,-37.41848056299995,0 -72.83758534399993,-37.42054650799997,0 -72.83693765099997,-37.42100404799993,0 -72.83532066799995,-37.42214630799998,0 -72.83496736299998,-37.42239588599995,0 -72.83178875299996,-37.41749973599997,0 -72.83168103299994,-37.41733379799996,0 -72.83029431199998,-37.41797306999996,0 -72.82849681899995,-37.41880166599998,0 -72.82953294499998,-37.42107490699993,0 -72.82979009899998,-37.42163907799994,0 -72.83167295099997,-37.42445863799998,0 -72.83194363799998,-37.42486398299997,0 -72.83193823699997,-37.42487255499998,0 -72.82654101199995,-37.43091924299995,0 -72.82201293299994,-37.43151742299995,0 -72.82179931499996,-37.43140385199996,0 -72.81847352199998,-37.42410319299995,0 -72.81807488299995,-37.42322801999995,0 -72.81048460099998,-37.41951094899997,0 -72.80761644699999,-37.42473249199998,0 -72.80945363299998,-37.42675735299997,0 -72.81564327599995,-37.43187927399998,0 -72.82154180499998,-37.43675706499994,0 -72.82523016699997,-37.44312719299995,0 -72.82648764099997,-37.44529896199998,0 -72.82824344499994,-37.45573341099998,0 -72.83153804999995,-37.45697624499996,0 -72.83711298899993,-37.45782240199998,0 -72.84420250499994,-37.46092778799994,0 -72.85220443499998,-37.46227532099994,0 -72.86361073699999,-37.45472275299994,0 -72.86528580399994,-37.44945954499997,0 -72.86841268399996,-37.44237036999994,0 -72.87087717199995,-37.43678188899997,0 -72.87054748699995,-37.43679093099996,0 -72.87021983999995,-37.43681206199994,0 -72.87002647399999,-37.43693023699996,0 -72.86985062999997,-37.43705323599994,0 -72.86945622099995,-37.43698754799993,0 -72.86901052699994,-37.43691191999994,0 -72.86898304099998,-37.43690051999994,0 -72.86866982699996,-37.43677059299995,0 -72.86808665399997,-37.43666093699994,0 -72.86779820199996,-37.43652055099994,0 -72.86777858999994,-37.43650111699998,0 -72.86752956699996,-37.43625435299998,0 -72.86758350899999,-37.43597144099994,0 -72.86758439399995,-37.43597030899997,0 -72.86784007099999,-37.43564261999995,0 -72.86805126999997,-37.43549322999996,0 -72.86826123799995,-37.43525376599996,0 -72.86830019499996,-37.43520933399998,0 -72.86830571299998,-37.43501506899997,0 -72.86830571499996,-37.43501502699996,0 -72.86830571699994,-37.43501498499995,0 -72.86831028899996,-37.43485353499995,0 -72.86826692999995,-37.43456436499997,0 -72.86820905699994,-37.43418931699995,0 -72.86840567099995,-37.43393151299995,0 -72.86839448199999,-37.43372853799997,0 -72.86830742099994,-37.43370710399995,0 -72.86813775499996,-37.43366532899995,0 -72.86769367699998,-37.43350861599998,0 -72.86726622699996,-37.43338824899996,0 -72.86695745499998,-37.43334211999996,0 -72.86662783699995,-37.43340826499997,0 -72.86642015899997,-37.43345858299995,0 -72.86647642299994,-37.43329287599994,0 -72.86667073899997,-37.43311614699996,0 -72.86669733899998,-37.43280120099996,0 -72.86670728199994,-37.43267691199998,0 -72.86672361699993,-37.43247273299994,0 -72.86665027599997,-37.43202080299994,0 -72.86647437899995,-37.43154899599995,0 -72.86618499099995,-37.43141760199995,0 -72.86580781199996,-37.43134319899997,0 -72.86520057599995,-37.43148543299998,0 -72.86481834399996,-37.43161370699994,0 -72.86463827899996,-37.43188532799996,0 -72.86466512499999,-37.43213364199994,0 -72.86467189399997,-37.43251677999996,0 -72.86450557299997,-37.43290129499997,0 -72.86446201999996,-37.43321593199994,0 -72.86440267899997,-37.43348972999996,0 -72.86399083599997,-37.43344172999997,0 -72.86382011499995,-37.43338457199997,0 -72.86361326499997,-37.43338083099997,0 -72.86335334199998,-37.43343020099996,0 -72.86320314799997,-37.43324724799993,0 -72.86327860799997,-37.43302781199998,0 -72.86349160599997,-37.43281537199994,0 -72.86330720899997,-37.43261828099998,0 -72.86300816099998,-37.43237440099995,0 -72.86251610999994,-37.43197312299998,0 -72.86204463899998,-37.43156355499997,0 -72.86207163999995,-37.43123509699996,0 -72.86211481699996,-37.43093397299998,0 -72.86228066999996,-37.43071020499997,0 -72.86236528399996,-37.43059604399997,0 -72.86244228199996,-37.43032256699996,0 -72.86227861599997,-37.43001769999995,0 -72.86226839899996,-37.42975616399997,0 -72.86241304599997,-37.42953798199994,0 -72.86274271199994,-37.42944481499995,0 -72.86362320199999,-37.42937962799994,0 -72.86419448699996,-37.42930885099997,0 -72.86439511899994,-37.42950623699994,0 -72.86454812199997,-37.42959010999994,0 -72.86475380799999,-37.42963437799995,0 -72.86496500099997,-37.42948499099998,0 -72.86517266999994,-37.42943467199996,0 -72.86586051099994,-37.42948764899995,0 -72.86610731299999,-37.42930285599994,0 -72.86615085699998,-37.42898821499995,0 -72.86596645999998,-37.42879112799994,0 -72.86572429599994,-37.42867889799993,0 -72.86559211199994,-37.42861764199995,0 -72.86551206299998,-37.42842693799997,0 -72.86545848999998,-37.42787623099997,0 -72.86543605299994,-37.42744774899995,0 -72.86563266199994,-37.42718994799998,0 -72.86639784499994,-37.42695593699995,0 -72.86656056599998,-37.42669751999995,0 -72.86718534199997,-37.42653306499994,0 -72.86759906599997,-37.42651349499994,0 -72.86796208999993,-37.42648850099994,0 -72.86820816999995,-37.42630369099993,0 -72.86818054699995,-37.42608239299994,0 -72.86818910599999,-37.42578064099996,0 -72.86838531899997,-37.42553634499995,0 -72.86882025699998,-37.42539098799995,0 -72.86896288799994,-37.42521782199998,0 -72.86895043399994,-37.42515901899998,0 -72.86891723299993,-37.42500971799996,0 -72.86859902099997,-37.42467503999995,0 -72.86807162699995,-37.42444472699998,0 -72.86781593599994,-37.42441999899995,0 -72.86772791999994,-37.42441148899997,0 -72.86771078799995,-37.42441999499994,0 -72.86757032299994,-37.42448974999996,0 -72.86758285599996,-37.42467022099993,0 -72.86766309799998,-37.42487894999994,0 -72.86750396699995,-37.42501125599995,0 -72.86715872499997,-37.42503206299995,0 -72.86621601599995,-37.42485282599995,0 -72.86571899499995,-37.42477175199997,0 -72.86534658099998,-37.42453071099993,0 -72.86499488699997,-37.42418189599994,0 -72.86461244799995,-37.42369734199997,0 -72.86419478599998,-37.42323468299998,0 -72.86406423899996,-37.42295744899997,0 -72.86404366799997,-37.42248844599993,0 -72.86399370199996,-37.42235995499993,0 -72.86388308399995,-37.42207548999994,0 -72.86366604299997,-37.42181021799996,0 -72.86343084899994,-37.42161220499997,0 -72.86332856399997,-37.42158331699994,0 -72.86331331799994,-37.42156659799997,0 -72.86316145199999,-37.42140005599998,0 -72.86305124799998,-37.42102855999997,0 -72.86271857199995,-37.42060798899996,0 -72.86250019599998,-37.42041478499993,0 -72.86231224399995,-37.42034379299997,0 -72.86191549499995,-37.42036364899997,0 -72.86158637999995,-37.42043880199998,0 -72.86123641299997,-37.42062622699996,0 -72.86069939199996,-37.42071113599997,0 -72.86006008299995,-37.42076715099995,0 -72.85957952499996,-37.42070437399997,0 -72.85932592699999,-37.42053305799993,0 -72.85898525799996,-37.42041873999995,0 -72.85830340599995,-37.42015854999994,0 -72.85768527799996,-37.42006623499998,0 -72.85737425599996,-37.42010114899995,0 -72.85709743599995,-37.42015020099996,0 -72.85677184899998,-37.42007670699996,0 -72.85656901599998,-37.41993334299997,0 -72.85639717699996,-37.41991670499993,0 -72.85613845299997,-37.41992552899995,0 -72.85591470099996,-37.41992146899997,0 -72.85574401699995,-37.41986429999997,0 -72.85547580399998,-37.41961160099993,0 -72.85532912499997,-37.41930702899998,0 -72.85511077399997,-37.41911381499995,0 -72.85492405299993,-37.41902481099993,0 -72.85478564499994,-37.41904933099994,0 -72.85459371799993,-37.41911794299995,0 -72.85438690999996,-37.41911418799998,0 -72.85425325399996,-37.41897207699998,0 -72.85410253399994,-37.41883415799998,0 -72.85398466499998,-37.41873288499994,0 -72.85369329099996,-37.41867351899998,0 -72.85351797999994,-37.41877847599994,0 -72.85318378499994,-37.41900671999997,0 -72.85294065299996,-37.41908791799995,0 -72.85284698799995,-37.41906375199994,0 -72.85275277699998,-37.41903944699993,0 -72.85273859999995,-37.41891752399994,0 -72.85276177799994,-37.41872418499997,0 -72.85283410299996,-37.41859031699994,0 -72.85283693399998,-37.41849123399993,0 -72.85272163899998,-37.41829988599994,0 -72.85272987199994,-37.41801164699996,0 -72.85268773899998,-37.41768193799993,0 -72.85243378599995,-37.41752411999994,0 -72.85216404799996,-37.41732545799994,0 -72.85189155799998,-37.41719883999997,0 -72.85143227999998,-37.41701024799994,0 -72.85123010999996,-37.41684435399998,0 -72.85099039599999,-37.41678141599994,0 -72.85050626699996,-37.41684470799999,0 -72.85000764399996,-37.41682211799997,0 -72.84959687299994,-37.41671551099995,0 -72.84931143399996,-37.41644896499997,0 -72.84893698699995,-37.41630696699997,0 -72.84868265699998,-37.41616264999993,0 -72.84842626599993,-37.41609039099995,0 -72.84804724899993,-37.41608348899996,0 -72.84784834699997,-37.41607385199995,0 -72.84760015699999,-37.41606182799995,0 -72.84737571099998,-37.41605773999999,0 -72.84720039999996,-37.41616269099995,0 -72.84698721099994,-37.41640664099998,0 -72.84675869799997,-37.41656920099996,0 -72.84634625599995,-37.41652112999998,0 -72.84578091999998,-37.41641169199994,0 -72.84536847999993,-37.41636361799993,0 -72.84520013599996,-37.41622536699998,0 -72.84503734399993,-37.41589345599994,0 -72.84476685899995,-37.41572179899998,0 -72.84442359099995,-37.41567498399996,0 -72.84411180799998,-37.41573688699998,0 -72.84376221199994,-37.41591074999997,0 -72.84349562099999,-37.41619427299997,0 
						</coordinates>
					</LinearRing>
				</outerBoundaryIs>
			</Polygon>
		</MultiGeometry>
	</Placemark>
	<Placemark>
		<name>LOS PATOS</name>
		<description><![CDATA[<p>COMUNA: NACIMIENTO
<br/>DISTRITO: 7
<br/>LOC_ZON: 22
<br/>NOMBRE_LOCALIDAD: LOS PATOS
<br/>GEOCODIGO: 8306072022</p>]]></description>
		<styleUrl>#style1</styleUrl>
		<ExtendedData>
			<Data name="NOM_COMUNA">
				<displayName>NOM_COMUNA</displayName>
				<value>NACIMIENTO</value>
			</Data>
			<Data name="DISTRITO">
				<displayName>DISTRITO</displayName>
				<value>7</value>
			</Data>
			<Data name="LOC_ZON">
				<displayName>LOC_ZON</displayName>
				<value>22</value>
			</Data>
			<Data name="NOM_LOCALI">
				<displayName>NOM_LOCALI</displayName>
				<value>LOS PATOS</value>
			</Data>
			<Data name="GEOCODIGO">
				<displayName>GEOCODIGO</displayName>
				<value>8306072022</value>
			</Data>
		</ExtendedData>
		<MultiGeometry>
			<Polygon>
				<outerBoundaryIs>
					<LinearRing>
						<tessellate>1</tessellate>
						<coordinates>
							-72.90026084499993,-37.47016737799999,0 -72.90021987899996,-37.46999104399998,0 -72.90033326499997,-37.46972720199994,0 -72.90039422899997,-37.46941736699995,0 -72.90038640099993,-37.46906575499997,0 -72.90044441599997,-37.46888654399993,0 -72.90064273699994,-37.46871883899996,0 -72.90077344899998,-37.46844178599997,0 -72.90093980399996,-37.46817888399994,0 -72.90082249799997,-37.46795149599996,0 -72.90047390399997,-37.46783264899994,0 -72.90027817299995,-37.46776095499996,0 -72.90007309299995,-37.46768583599993,0 -72.89974215799998,-37.46756729999998,0 -72.89972954299998,-37.46738683299998,0 -72.89973584599994,-37.46716164199995,0 -72.89967113999995,-37.46694870699997,0 -72.89946272799995,-37.46684586699996,0 -72.89911098799996,-37.46683961099995,0 -72.89863395599997,-37.46691674099998,0 -72.89849824399994,-37.46671605899996,0 -72.89832855499998,-37.46649224299995,0 -72.89774091699996,-37.46610327599996,0 -72.89729618399997,-37.46565827199998,0 -72.89741000199996,-37.46535388599995,0 -72.89767819199994,-37.46521446499997,0 -72.89807850599993,-37.46471586899997,0 -72.89815755999996,-37.46443916199996,0 -72.89812013199997,-37.46429441199996,0 -72.89802688999998,-37.46415448699997,0 -72.89784347999995,-37.46400562199995,0 -72.89750973899999,-37.46384086799998,0 -72.89734479199996,-37.46383141999996,0 -72.89722788599994,-37.46381144699996,0 -72.89703388299995,-37.46374635199993,0 -72.89692989299994,-37.46368722099993,0 -72.89676077199994,-37.46359746899998,0 -72.89667894899998,-37.46351447199993,0 -72.89663845699994,-37.46347339899995,0 -72.89652267699995,-37.46333123699998,0 -72.89630312199995,-37.46302172799994,0 -72.89592174899997,-37.46248410299995,0 -72.89556461699993,-37.46208475099996,0 -72.89544058399997,-37.46199946699994,0 -72.89525356299998,-37.46199670299995,0 -72.89504662699994,-37.46204226599997,0 -72.89479290899999,-37.46205064099996,0 -72.89455334199994,-37.46204365199998,0 -72.89429169799996,-37.46204334999993,0 -72.89399196899996,-37.46202940799998,0 -72.89382671699997,-37.46201400599995,0 -72.89361156999996,-37.46197343699998,0 -72.89298093899998,-37.46187651799994,0 -72.89290189999997,-37.46192103899995,0 -72.89245927999997,-37.46223307099996,0 -72.89211902999995,-37.46262353699996,0 -72.89173177499998,-37.46275890199996,0 -72.89137485599997,-37.46274700499998,0 -72.89102983399994,-37.46265182599996,0 -72.89083947699999,-37.46244957199997,0 -72.89066101799995,-37.46236629099997,0 -72.89048255799997,-37.46233059899998,0 -72.89019702299998,-37.46231870199995,0 -72.88995907699996,-37.46231870199995,0 -72.88974492499995,-37.46235439399993,0 -72.88958436499996,-37.46234846599998,0 -72.88941778199995,-37.46241758699995,0 -72.88922382299995,-37.46248288499993,0 -72.88905964099996,-37.46246146999994,0 -72.88885262799994,-37.46244719299995,0 -72.88863133799998,-37.46241150099996,0 -72.88837435599999,-37.46234725499994,0 -72.88831063899994,-37.46232070599996,0 -72.88811737399993,-37.46224017999998,0 -72.88801029799998,-37.46209741199993,0 -72.88786039199994,-37.46194750599994,0 -72.88771762499994,-37.46188326099997,0 -72.88736070499994,-37.46179046199995,0 -72.88701092499997,-37.46179759999995,0 -72.88677535799997,-37.46184042999994,0 -72.88659302799994,-37.46188042499995,0 -72.88623997899998,-37.46201175099998,0 -72.88600441299997,-37.46194750599994,0 -72.88525250299995,-37.46152554799994,0 -72.88494555299997,-37.46158265499997,0 -72.88466918199998,-37.46160067899996,0 -72.88466512799994,-37.46160094299995,0 -72.88461718699995,-37.46160406999996,0 -72.88433878999996,-37.46148985599996,0 -72.88423885299994,-37.46116149099998,0 -72.88401756299999,-37.46096161599996,0 -72.88356784499996,-37.46067608099997,0 -72.88329658599997,-37.46030488499997,0 -72.88311812699999,-37.45986230499994,0 -72.88313954199998,-37.45943400199997,0 -72.88353215299998,-37.45906280599996,0 -72.88360353699994,-37.45884865499994,0 -72.88361781299994,-37.45839893599998,0 -72.88352501399999,-37.45805629399996,0 -72.88331683499996,-37.45784160899996,0 -72.88329658599997,-37.45782072699996,0 -72.88248280999994,-37.45682849199994,0 -72.88236502999996,-37.45668572899996,0 -72.88224724399998,-37.45654295699995,0 -72.88225438199999,-37.45630738999995,0 -72.88256847099996,-37.45585053399998,0 -72.88287182399995,-37.45555696599996,0 -72.88301105099998,-37.45542223099994,0 -72.88301818899998,-37.45522949399998,0 -72.88290397499998,-37.45500820499996,0 -72.88257560899996,-37.45475836099996,0 -72.88248193199996,-37.45466721599996,0 -72.88231148899996,-37.45450137899996,0 -72.88222845999996,-37.45435698099993,0 -72.88214730599998,-37.45421584399998,0 -72.88184749399994,-37.45403738399995,0 -72.88166374599996,-37.45389301599994,0 -72.88156686999997,-37.45367047699995,0 -72.88182799599997,-37.45358053299998,0 -72.88197221299998,-37.45350398499994,0 -72.88223037999995,-37.45336695299994,0 -72.88246274699998,-37.45306921099996,0 -72.88235139299996,-37.45273376599994,0 -72.88234257499994,-37.45244521999996,0 -72.88234753899997,-37.45226921399995,0 -72.88235756399996,-37.45191377399993,0 -72.88238505699996,-37.45154025999994,0 -72.88264973399998,-37.45132421099999,0 -72.88298043299994,-37.45122198999996,0 -72.88322668899997,-37.45103264599993,0 -72.88313247999997,-37.45071552899998,0 -72.88314054299997,-37.45070672699995,0 -72.88341676399995,-37.45040520299995,0 -72.88340984499996,-37.45004909799997,0 -72.88341796999998,-37.44976085599995,0 -72.88345955399996,-37.44951376499995,0 -72.88356582499995,-37.44940302399993,0 -72.88380186399996,-37.44960101099997,0 -72.88392032999997,-37.44968423799997,0 -72.88417958699995,-37.44963481199994,0 -72.88430579499999,-37.44944330999994,0 -72.88405547399998,-37.44915044199996,0 -72.88394859799996,-37.44900101799993,0 -72.88385631799997,-37.44887200499994,0 -72.88370358299994,-37.44880167699995,0 -72.88329131599994,-37.44874021699997,0 -72.88272402699994,-37.44868949599993,0 -72.88258403599997,-37.44865538099998,0 -72.88236477799995,-37.44860194899996,0 -72.88231602299999,-37.44850193799994,0 -72.88275313799994,-37.44824352599994,0 -72.88278948299995,-37.44822203999996,0 -72.88281216499996,-37.44809976299996,0 -72.88285029899998,-37.44789418499994,0 -72.88285918799994,-37.44757891999996,0 -72.88300234399998,-37.44738772299996,0 -72.88312037899993,-37.44734907799995,0 -72.88352429299994,-37.44721683599994,0 -72.88375460299994,-37.44699115099996,0 -72.88370623399999,-37.44687763299993,0 -72.88343128799994,-37.44683215399994,0 -72.88333333399999,-37.44683039899996,0 -72.88300056199995,-37.44682443499994,0 -72.88248820599995,-37.44668007099995,0 -72.88206332399994,-37.44646517799998,0 -72.88196574999995,-37.44624262699995,0 -72.88212375999996,-37.44615083399998,0 -72.88247150899997,-37.44604441799993,0 -72.88252876899998,-37.44584266899994,0 -72.88252274399997,-37.44545503999996,0 -72.88251829799998,-37.44498632899996,0 -72.88252446699994,-37.44490157799993,0 -72.87698899499998,-37.44450560799993,0 -72.87550231799997,-37.44948624999995,0 -72.87495204999993,-37.45399661099998,0 -72.87433394899995,-37.45906267599997,0 -72.87691231299993,-37.46280717399998,0 -72.88094274099996,-37.46865963699997,0 -72.88885470499997,-37.46921859999998,0 -72.89061513199994,-37.46957618199997,0 -72.89806359699998,-37.47108880799993,0 -72.89864974999995,-37.47084300099993,0 -72.90026084499993,-37.47016737799999,0 
						</coordinates>
					</LinearRing>
				</outerBoundaryIs>
			</Polygon>
		</MultiGeometry>
	</Placemark>
	<Placemark>
		<name>LA SUERTE</name>
		<description><![CDATA[<p>COMUNA: NACIMIENTO
<br/>DISTRITO: 2
<br/>LOC_ZON: 17
<br/>NOMBRE_LOCALIDAD: LA SUERTE
<br/>GEOCODIGO: 8306022017</p>]]></description>
		<styleUrl>#style1</styleUrl>
		<ExtendedData>
			<Data name="NOM_COMUNA">
				<displayName>NOM_COMUNA</displayName>
				<value>NACIMIENTO</value>
			</Data>
			<Data name="DISTRITO">
				<displayName>DISTRITO</displayName>
				<value>2</value>
			</Data>
			<Data name="LOC_ZON">
				<displayName>LOC_ZON</displayName>
				<value>17</value>
			</Data>
			<Data name="NOM_LOCALI">
				<displayName>NOM_LOCALI</displayName>
				<value>LA SUERTE</value>
			</Data>
			<Data name="GEOCODIGO">
				<displayName>GEOCODIGO</displayName>
				<value>8306022017</value>
			</Data>
		</ExtendedData>
		<MultiGeometry>
			<Polygon>
				<outerBoundaryIs>
					<LinearRing>
						<tessellate>1</tessellate>
						<coordinates>
							-72.69153877799994,-37.50579395399996,0 -72.69169975299997,-37.50851275899998,0 -72.69171952299996,-37.50884665099994,0 -72.69188707599994,-37.51167644399993,0 -72.69189902499994,-37.51187823899994,0 -72.69193190899995,-37.51243359099993,0 -72.69193351199993,-37.51246065599997,0 -72.69164287199999,-37.51245497399998,0 -72.69116113199993,-37.51249591299995,0 -72.69098096099998,-37.51250324799997,0 -72.69092001599995,-37.51250572899994,0 -72.69032556899998,-37.51252992999997,0 -72.68991995799996,-37.51256228199998,0 -72.68902400599995,-37.51250445899996,0 -72.68875125499994,-37.51249911899998,0 -72.68872072899995,-37.51249852099994,0 -72.68794966199994,-37.51238548599997,0 -72.68792773599995,-37.51238227199997,0 -72.68738654199996,-37.51230116699998,0 -72.68689589599995,-37.51222104899995,0 -72.68644315999995,-37.51214167299997,0 -72.68614240699998,-37.51210141199994,0 -72.68609058199996,-37.51209447399998,0 -72.68568839399995,-37.51201608599996,0 -72.68530961299996,-37.51199858799998,0 -72.68500665099998,-37.51198257499993,0 -72.68484237699994,-37.51197935299996,0 -72.68461492199998,-37.51197489199996,0 -72.68427373899993,-37.51196819999996,0 -72.68397046599995,-37.51196225099994,0 -72.68358060599996,-37.51189416899996,0 -72.68310197999995,-37.51183441599994,0 -72.68263546699995,-37.51170272799993,0 -72.68227388599996,-37.51159919299994,0 -72.68197119699994,-37.51149878399997,0 -72.68195653899994,-37.51149392199994,0 -72.68161549499996,-37.51134833999998,0 -72.68116303299996,-37.51116034399996,0 -72.68075887299995,-37.51099682399996,0 -72.68052093299997,-37.51090055499998,0 -72.67979221499996,-37.51059709699996,0 -72.67965104999996,-37.51051922199997,0 -72.67955163799996,-37.51049583399998,0 -72.67918459499998,-37.51036998699993,0 -72.67892858699997,-37.51028872299997,0 -72.67883574999996,-37.51025925499994,0 -72.67840729399995,-37.51012937399997,0 -72.67813723699999,-37.51006132199996,0 -72.67907837799999,-37.51783699399994,0 -72.67926508299996,-37.51937934099993,0 -72.67969117999996,-37.52289839099996,0 -72.68061245899997,-37.53050807099993,0 -72.68378146599997,-37.53311837599995,0 -72.68907125999993,-37.53747527799993,0 -72.69305693799998,-37.54075818699994,0 -72.69507040699995,-37.54241655599998,0 -72.69677927999999,-37.54150193099997,0 -72.70055051699995,-37.53948339999994,0 -72.70420501499996,-37.53788530899993,0 -72.70707572599997,-37.53662989899993,0 -72.71821394899996,-37.53210320599993,0 -72.71639836299994,-37.52626691299997,0 -72.71639537299995,-37.52625730199998,0 -72.71586352999998,-37.52454763699996,0 -72.71574779699995,-37.52417559999998,0 -72.71541183899996,-37.52309551599996,0 -72.71571161499998,-37.50967886599994,0 -72.71580667799998,-37.50542160699996,0 -72.70377063999996,-37.50771485199994,0 -72.70374914499996,-37.50765424599996,0 -72.70287502199994,-37.50726815699994,0 -72.69801002499997,-37.50511934699995,0 -72.69653599099996,-37.50446828399998,0 -72.69157931799998,-37.50217185999998,0 -72.69134165599996,-37.50246458999993,0 -72.69152667699996,-37.50558955799994,0 -72.69152782999998,-37.50560892299995,0 -72.69152896899993,-37.50562828299996,0 -72.69153259799998,-37.50568951899993,0 -72.69153557399994,-37.50573992699998,0 -72.69153665599998,-37.50575820899996,0 -72.69153774399996,-37.50577649199994,0 -72.69153877799994,-37.50579395399996,0 
						</coordinates>
					</LinearRing>
				</outerBoundaryIs>
			</Polygon>
		</MultiGeometry>
	</Placemark>
	<Placemark>
		<name>SAN ANTONIO</name>
		<description><![CDATA[<p>COMUNA: NACIMIENTO
<br/>DISTRITO: 2
<br/>LOC_ZON: 31
<br/>NOMBRE_LOCALIDAD: SAN ANTONIO
<br/>GEOCODIGO: 8306022031</p>]]></description>
		<styleUrl>#style1</styleUrl>
		<ExtendedData>
			<Data name="NOM_COMUNA">
				<displayName>NOM_COMUNA</displayName>
				<value>NACIMIENTO</value>
			</Data>
			<Data name="DISTRITO">
				<displayName>DISTRITO</displayName>
				<value>2</value>
			</Data>
			<Data name="LOC_ZON">
				<displayName>LOC_ZON</displayName>
				<value>31</value>
			</Data>
			<Data name="NOM_LOCALI">
				<displayName>NOM_LOCALI</displayName>
				<value>SAN ANTONIO</value>
			</Data>
			<Data name="GEOCODIGO">
				<displayName>GEOCODIGO</displayName>
				<value>8306022031</value>
			</Data>
		</ExtendedData>
		<MultiGeometry>
			<Polygon>
				<outerBoundaryIs>
					<LinearRing>
						<tessellate>1</tessellate>
						<coordinates>
							-72.69352143399993,-37.49125410399995,0 -72.69355293999996,-37.49126077199998,0 -72.69355757599999,-37.49126174799994,0 -72.69356378799995,-37.49126305499993,0 -72.69356932099998,-37.49126421999995,0 -72.69357748599998,-37.49126734099997,0 -72.69357939699995,-37.49126774299998,0 -72.69361409399994,-37.49127504599994,0 -72.69368048699994,-37.49130042999997,0 -72.69370790799996,-37.49131715399994,0 -72.69374844899994,-37.491348,0 -72.69378279999995,-37.49138711899997,0 -72.69380768299999,-37.49140379399995,0 -72.69384049999996,-37.49144049999995,0 -72.69385498199995,-37.49146506499994,0 -72.69388761499994,-37.49150777799997,0 -72.693912,-37.49154063199995,0 -72.69392909199996,-37.49159806899996,0 -72.69393348399996,-37.49162041399995,0 -72.69395291799998,-37.49164912399993,0 -72.69396688799998,-37.49168546099997,0 -72.69398353399998,-37.49172221099997,0 -72.69399761299996,-37.49174886799995,0 -72.69401424399996,-37.49182743799997,0 -72.69403762099995,-37.49188582099998,0 -72.69405277799996,-37.49197337999993,0 -72.69409135599994,-37.49203043299997,0 -72.69412366699999,-37.49205332399998,0 -72.69414572999995,-37.49207178699993,0 -72.69417562799998,-37.49209058299994,0 -72.69422081599998,-37.49210765399994,0 -72.69426181899996,-37.49212348199995,0 -72.69434868999997,-37.49216945699993,0 -72.69437580099998,-37.49219629399994,0 -72.69441918799998,-37.49225724899998,0 -72.69443589799994,-37.49229197599993,0 -72.69445908499995,-37.49244393699996,0 -72.69446766899995,-37.49252494499996,0 -72.69447130299994,-37.49254215299993,0 -72.69448408899996,-37.49261697599997,0 -72.69451553999994,-37.49274307499996,0 -72.69453688699997,-37.49283222999998,0 -72.69456325999994,-37.49291823799996,0 -72.69457755699995,-37.49294887099995,0 -72.69460175599994,-37.49298779199995,0 -72.69478656499996,-37.49315168699997,0 -72.69483648799996,-37.49317997999998,0 -72.69486644799997,-37.49319675399994,0 -72.69526246699996,-37.49328125499994,0 -72.69574617799998,-37.49354086699998,0 -72.69591379799994,-37.49363029899996,0 -72.69595154699994,-37.49364708199994,0 -72.69595521699995,-37.49364871399996,0 -72.69602058699996,-37.49367022499996,0 -72.69602513499996,-37.49367166499997,0 -72.69612562999998,-37.49370348999997,0 -72.69626437999995,-37.49379387699997,0 -72.69636093999998,-37.49386971099995,0 -72.69643957799997,-37.49395975299996,0 -72.69643793099993,-37.49396171699993,0 -72.69650533399994,-37.49416827099998,0 -72.69652476199997,-37.49428263099998,0 -72.69654841399995,-37.49442185499998,0 -72.69660942799999,-37.49477354699997,0 -72.69667184399998,-37.49498220499993,0 -72.69674317199997,-37.49509566199998,0 -72.69676926899996,-37.49527956699995,0 -72.69664692099997,-37.49540375199996,0 -72.69631172399994,-37.49550212499997,0 -72.69612204899994,-37.49563671699997,0 -72.69603664699997,-37.49607854399994,0 -72.69604383699993,-37.49633142699997,0 -72.69601215899996,-37.49648579299998,0 -72.69597618399996,-37.49658523399995,0 -72.69586973499997,-37.49673814099998,0 -72.69580275199996,-37.49687274299998,0 -72.69573291299997,-37.49710027899994,0 -72.69565109099995,-37.49720029699995,0 -72.69426272599998,-37.49889742599998,0 -72.69416957499993,-37.49901129299997,0 -72.69409581099995,-37.49910146399998,0 -72.69406669499995,-37.49913705399996,0 -72.69377178399998,-37.49949754099998,0 -72.69346853699994,-37.49986821599998,0 -72.69346570499994,-37.49987159199998,0 -72.69340382899998,-37.49994534699994,0 -72.69382746799994,-37.50008128499996,0 -72.69668476999993,-37.50099812999997,0 -72.69803348999994,-37.50236214899996,0 -72.69864356999994,-37.50421676899998,0 -72.70130087899997,-37.50546157699995,0 -72.71199042199999,-37.50287512499995,0 -72.70489191899998,-37.49034214499994,0 -72.69722031899994,-37.48702798399995,0 -72.69694253899996,-37.48734610599996,0 -72.69661591899995,-37.48771669799993,0 -72.69604960299995,-37.48836693399994,0 -72.69549267899998,-37.48900320199994,0 -72.69546449399996,-37.48903545399997,0 -72.69528799699998,-37.48924023699993,0 -72.69485528599995,-37.48973432199995,0 -72.69470171099994,-37.48990569899996,0 -72.69469273999994,-37.48991570999993,0 -72.69455444999994,-37.49007891699995,0 -72.69443962099996,-37.49020749499994,0 -72.69433549999997,-37.49032408699998,0 -72.69431516699996,-37.49034787399995,0 -72.69416593199998,-37.49052245999997,0 -72.69406130399994,-37.49064217899996,0 -72.69399243399994,-37.49072098199997,0 -72.69393269399995,-37.49078933899995,0 -72.69377763299997,-37.49096492399997,0 -72.69365655799999,-37.49110009399993,0 -72.69358469499997,-37.49118032199993,0 -72.69355380099995,-37.49121635399996,0 -72.69355343499996,-37.49121677999995,0 -72.69355306899996,-37.49121720599993,0 -72.69352159599998,-37.49125391499996,0 -72.69352143399993,-37.49125410399995,0 
						</coordinates>
					</LinearRing>
				</outerBoundaryIs>
			</Polygon>
		</MultiGeometry>
	</Placemark>
	<Placemark>
		<name>TAMBILLO</name>
		<description><![CDATA[<p>COMUNA: NACIMIENTO
<br/>DISTRITO: 2
<br/>LOC_ZON: 36
<br/>NOMBRE_LOCALIDAD: TAMBILLO
<br/>GEOCODIGO: 8306022036</p>]]></description>
		<styleUrl>#style1</styleUrl>
		<ExtendedData>
			<Data name="NOM_COMUNA">
				<displayName>NOM_COMUNA</displayName>
				<value>NACIMIENTO</value>
			</Data>
			<Data name="DISTRITO">
				<displayName>DISTRITO</displayName>
				<value>2</value>
			</Data>
			<Data name="LOC_ZON">
				<displayName>LOC_ZON</displayName>
				<value>36</value>
			</Data>
			<Data name="NOM_LOCALI">
				<displayName>NOM_LOCALI</displayName>
				<value>TAMBILLO</value>
			</Data>
			<Data name="GEOCODIGO">
				<displayName>GEOCODIGO</displayName>
				<value>8306022036</value>
			</Data>
		</ExtendedData>
		<MultiGeometry>
			<Polygon>
				<outerBoundaryIs>
					<LinearRing>
						<tessellate>1</tessellate>
						<coordinates>
							-72.67438441299998,-37.51155565399995,0 -72.67434756199998,-37.51166573699993,0 -72.67367197699997,-37.51160344699997,0 -72.67361481899997,-37.51159817699994,0 -72.67183047399993,-37.51143363199998,0 -72.67181323399996,-37.51143204199997,0 -72.67167980099998,-37.51141973799997,0 -72.67117989899998,-37.51137364099998,0 -72.67085146399995,-37.51134335499995,0 -72.67040698899996,-37.51130236899996,0 -72.66975299299997,-37.51124206299994,0 -72.66921328899997,-37.51119230399996,0 -72.66867020099994,-37.51114221999995,0 -72.66796590299998,-37.51107727199997,0 -72.66807113199997,-37.51182541699995,0 -72.66827127999994,-37.51298333699998,0 -72.66790010299997,-37.51555111299996,0 -72.66695920399997,-37.52004475699994,0 -72.66686168899997,-37.52317471399994,0 -72.66690253299998,-37.52513584699994,0 -72.66705934999999,-37.52664689099998,0 -72.66678217999998,-37.52712859399998,0 -72.66603782999994,-37.52769269199996,0 -72.66594683099999,-37.52776165399996,0 -72.66387359199996,-37.52885739599998,0 -72.65987902299997,-37.53084298799996,0 -72.65637011599995,-37.53226350099993,0 -72.65521481799993,-37.53273120399996,0 -72.65436164899995,-37.53307657499994,0 -72.65397203699996,-37.53327047399995,0 -72.65278191899995,-37.53386275699995,0 -72.65264833799995,-37.53392923399997,0 -72.65131353099997,-37.53459349399998,0 -72.65002634099994,-37.53615700599994,0 -72.64995935799993,-37.53633546899994,0 -72.64913613499994,-37.53852877699995,0 -72.64904219699997,-37.53962569899994,0 -72.64890606799997,-37.54121527799998,0 -72.64891062999999,-37.54132107599997,0 -72.64894479599997,-37.54211336599997,0 -72.64900719599996,-37.54356039099997,0 -72.64901516599997,-37.54516127999995,0 -72.64869954199997,-37.54732409799993,0 -72.64713064399996,-37.54996070999994,0 -72.64694076199999,-37.55034711899998,0 -72.64610331099993,-37.55205132799995,0 -72.64587386399995,-37.55378667199994,0 -72.64615472699995,-37.55590930299996,0 -72.64630936899994,-37.55707800999994,0 -72.64746244399998,-37.56025605899998,0 -72.64899207799994,-37.56258323899993,0 -72.64989599799998,-37.56395838299994,0 -72.64999863099996,-37.56532916399993,0 -72.64994108399998,-37.56623277599994,0 -72.64990029799998,-37.56660314599998,0 -72.64973246399995,-37.56696115599993,0 -72.64969837099994,-37.56701570399997,0 -72.64968990299997,-37.56701992999996,0 -72.64954546299998,-37.56715829999996,0 -72.64927596399997,-37.56725637799997,0 -72.64905305899998,-37.56731917699994,0 -72.64858240699994,-37.56751151899994,0 -72.64814422699999,-37.56760105999996,0 -72.64785954699994,-37.56766521199995,0 -72.64720129799997,-37.56783053299995,0 -72.64680749099995,-37.56785886599994,0 -72.64680740599994,-37.56785887199993,0 -72.64680727799998,-37.56785887699994,0 -72.64652462999999,-37.56785841699997,0 -72.64459393099997,-37.56762592999996,0 -72.64330721399995,-37.56721748499996,0 -72.64288253199999,-37.56708486699995,0 -72.64253382199996,-37.56701583199998,0 -72.64201431699996,-37.56700545099994,0 -72.64171560199998,-37.56699948099998,0 -72.64125579199998,-37.56699029099997,0 -72.64124804799997,-37.56699013599996,0 -72.64089689499997,-37.56702078399996,0 -72.64076764899994,-37.56703206399993,0 -72.64076587399995,-37.56703221899994,0 -72.64054508499999,-37.56702780399996,0 -72.63993704599994,-37.56702583499998,0 -72.63992784699997,-37.56702580499996,0 -72.63965412799996,-37.56705136399995,0 -72.63925535899995,-37.56733303499993,0 -72.63901211299998,-37.56762816199995,0 -72.63871847399997,-37.56828434199997,0 -72.63870912899995,-37.56858019099997,0 -72.63870867799994,-37.56859448499995,0 -72.63854385699995,-37.56969805999995,0 -72.63855356899995,-37.56989821799993,0 -72.63856747199998,-37.57018472999994,0 -72.63856021199996,-37.57082595099996,0 -72.63855269299995,-37.57270068599996,0 -72.63855170699998,-37.57294642699998,0 -72.63853831499995,-37.57337028799998,0 -72.63851610499995,-37.57407327699997,0 -72.63850467299994,-37.57443510999997,0 -72.63848638099995,-37.57501404199996,0 -72.63851489499996,-37.57534563999997,0 -72.63863367999994,-37.57569973399995,0 -72.63908524899995,-37.57642254999996,0 -72.63918778399994,-37.57687976399995,0 -72.63955525999995,-37.57759054999997,0 -72.63991206799994,-37.57800816799994,0 -72.67482038299994,-37.58003492199998,0 -72.67798823799995,-37.58021858799998,0 -72.68312914499995,-37.59198562199998,0 -72.69721180799996,-37.56648067599997,0 -72.69844091099998,-37.56132164899998,0 -72.69844341799995,-37.56131112599996,0 -72.69844851499994,-37.56128973099993,0 -72.69845304499995,-37.56127071499998,0 -72.69845626899996,-37.56125718099997,0 -72.69979145599996,-37.55565240299995,0 -72.69863145499994,-37.55288465999996,0 -72.69599961599994,-37.54660437999996,0 -72.69507040699995,-37.54241655599998,0 -72.69305693799998,-37.54075818699994,0 -72.68907125999993,-37.53747527799993,0 -72.68378146599997,-37.53311837599995,0 -72.68061245899997,-37.53050807099993,0 -72.67969117999996,-37.52289839099996,0 -72.67926508299996,-37.51937934099993,0 -72.67907837799999,-37.51783699399994,0 -72.67813723699999,-37.51006132199996,0 -72.67787826399996,-37.50999606299996,0 -72.67696165199999,-37.50977569199995,0 -72.67626812599997,-37.50959171399995,0 -72.67622986899994,-37.50958156599995,0 -72.67584151099999,-37.50945758799998,0 -72.67569585099994,-37.50939416699998,0 -72.67566229899995,-37.50937808799995,0 -72.67548860899996,-37.50928817599998,0 -72.67532935299994,-37.50951869199997,0 -72.67516445199993,-37.50978822999997,0 -72.67486948999994,-37.51024774099994,0 -72.67475189799995,-37.51048256799993,0 -72.67464662199995,-37.51073444499997,0 -72.67455044999997,-37.51100628899997,0 -72.67454223699997,-37.51102950499995,0 -72.67438441299998,-37.51155565399995,0 
						</coordinates>
					</LinearRing>
				</outerBoundaryIs>
			</Polygon>
		</MultiGeometry>
	</Placemark>
	<Placemark>
		<name>CARRIZAL DE MEÑIR</name>
		<description><![CDATA[<p>COMUNA: NACIMIENTO
<br/>DISTRITO: 2
<br/>LOC_ZON: 5
<br/>NOMBRE_LOCALIDAD: CARRIZAL DE MEÑIR
<br/>GEOCODIGO: 8306022005</p>]]></description>
		<styleUrl>#style1</styleUrl>
		<ExtendedData>
			<Data name="NOM_COMUNA">
				<displayName>NOM_COMUNA</displayName>
				<value>NACIMIENTO</value>
			</Data>
			<Data name="DISTRITO">
				<displayName>DISTRITO</displayName>
				<value>2</value>
			</Data>
			<Data name="LOC_ZON">
				<displayName>LOC_ZON</displayName>
				<value>5</value>
			</Data>
			<Data name="NOM_LOCALI">
				<displayName>NOM_LOCALI</displayName>
				<value>CARRIZAL DE MEÑIR</value>
			</Data>
			<Data name="GEOCODIGO">
				<displayName>GEOCODIGO</displayName>
				<value>8306022005</value>
			</Data>
		</ExtendedData>
		<MultiGeometry>
			<Polygon>
				<outerBoundaryIs>
					<LinearRing>
						<tessellate>1</tessellate>
						<coordinates>
							-72.78238672799995,-37.49999710399993,0 -72.71821394899996,-37.53210320599993,0 -72.70707572599997,-37.53662989899993,0 -72.70420501499996,-37.53788530899993,0 -72.70055051699995,-37.53948339999994,0 -72.69677927999999,-37.54150193099997,0 -72.69507040699995,-37.54241655599998,0 -72.69599961599994,-37.54660437999996,0 -72.69863145499994,-37.55288465999996,0 -72.69979145599996,-37.55565240299995,0 -72.69845626899996,-37.56125718099997,0 -72.69845304499995,-37.56127071499998,0 -72.69844851499994,-37.56128973099993,0 -72.69844341799995,-37.56131112599996,0 -72.69844091099998,-37.56132164899998,0 -72.69721180799996,-37.56648067599997,0 -72.68312914499995,-37.59198562199998,0 -72.68430855699995,-37.59649600399996,0 -72.69057835499996,-37.62046489899996,0 -72.69110124999997,-37.62052613999998,0 -72.69194122699997,-37.62052005199996,0 -72.69221530099998,-37.62038122999996,0 -72.69264008099998,-37.62020029699994,0 -72.69338695199997,-37.62033351599996,0 -72.69351962699994,-37.62035718099997,0 -72.69418887399996,-37.62053698199998,0 -72.69508829599994,-37.62053203399995,0 -72.69561002899997,-37.62062783999994,0 -72.69611257999998,-37.62084041899993,0 -72.69712730499998,-37.62099991699995,0 -72.69772223699994,-37.62113318899998,0 -72.69807297999995,-37.62142390199995,0 -72.69865640299997,-37.62147133399998,0 -72.69910910499993,-37.62137202699995,0 -72.69952653099995,-37.62145226299998,0 -72.69989172699997,-37.62175676899994,0 -72.70042542199997,-37.62194740899997,0 -72.70122052899995,-37.62190433399996,0 -72.70204871499993,-37.62179881699996,0 -72.70261657599997,-37.62184592699998,0 -72.70327458899999,-37.62188577799998,0 -72.70362144499995,-37.62182043899998,0 -72.70432312499997,-37.62209202399998,0 -72.70433240699998,-37.62209561699996,0 -72.70477263999999,-37.62240156899998,0 -72.70482285499997,-37.62246188899996,0 -72.70494078899998,-37.62260355699993,0 -72.70504715499999,-37.62273132899998,0 -72.70535376599997,-37.62300764399998,0 -72.70570994699995,-37.62312271299993,0 -72.70602877699997,-37.62346234499995,0 -72.70629510099997,-37.62359819299996,0 -72.70683503899994,-37.62356363499998,0 -72.70743417899996,-37.62358429499994,0 -72.70805915099999,-37.62370443499998,0 -72.70805950499994,-37.62370450299994,0 -72.70835670099996,-37.62371036299993,0 -72.70864483499997,-37.62371604099997,0 -72.70864488199999,-37.62371604599997,0 -72.70864511599996,-37.62371610899993,0 -72.70907472099998,-37.62383236999995,0 -72.70907488699999,-37.62383241499998,0 -72.70907505099996,-37.62383246599995,0 -72.70941638399995,-37.62394722899995,0 -72.70954356199996,-37.62384544399998,0 -72.70972418899999,-37.62370088199998,0 -72.70984758899993,-37.62358616599994,0 -72.70984765799994,-37.62358617999996,0 -72.70987647199996,-37.62359218299997,0 -72.71000822199994,-37.62361962899996,0 -72.71000928799998,-37.62361985099994,0 -72.71000976199997,-37.62361994899993,0 -72.71000997999994,-37.62361999399997,0 -72.71001049399996,-37.62362010099997,0 -72.71001171699999,-37.62362035599995,0 -72.71001181699995,-37.62362037699995,0 -72.71001191699997,-37.62362039799996,0 -72.71008590999998,-37.62363581299996,0 -72.71011925699997,-37.62384061299997,0 -72.71012344599995,-37.62386633799997,0 -72.71015770699995,-37.62389048999995,0 -72.71031405499997,-37.62400070699994,0 -72.71076675999996,-37.62390135599998,0 -72.71101247199994,-37.62371688099995,0 -72.71101406499997,-37.62371691199996,0 -72.71101432999995,-37.62371691699997,0 -72.71116253799994,-37.62376485199997,0 -72.71133961699996,-37.62378631199994,0 -72.71176903499997,-37.62377662099993,0 -72.71209191699995,-37.62400817599996,0 -72.71221138699997,-37.62425260299995,0 -72.71230314099995,-37.62444032599996,0 -72.71261677799998,-37.62497358999997,0 -72.71291830099995,-37.62539397199998,0 -72.71310189699994,-37.62578052699996,0 -72.71323103799995,-37.62581239999997,0 -72.71351796699997,-37.62588321699997,0 -72.71440659799998,-37.62574724399997,0 -72.71466072299995,-37.62528806999995,0 -72.71520413699994,-37.62516342399994,0 -72.71601553399995,-37.62509803599994,0 -72.71696332499994,-37.62497220199998,0 -72.71803021899996,-37.62498393899995,0 -72.71804215299994,-37.62498406999998,0 -72.71841542999994,-37.62469096799998,0 -72.71857978699995,-37.62456191299998,0 -72.71870049999995,-37.62404157299994,0 -72.71911549299995,-37.62371616899998,0 -72.71972012599997,-37.62353410999998,0 -72.72028872299995,-37.62358114899996,0 -72.72074279499998,-37.62392335599998,0 -72.72123374599994,-37.62403197199995,0 -72.72185642099998,-37.62376914599997,0 -72.72227648599994,-37.62327711299997,0 -72.72273755699996,-37.62290302199995,0 -72.72317496799997,-37.62281684499993,0 -72.72358773999997,-37.62302757499998,0 -72.72418895899995,-37.62334823699996,0 -72.72419254299996,-37.62335014899998,0 -72.72439360799996,-37.62348538999998,0 -72.72464772999996,-37.62365631699998,0 -72.72484526399995,-37.62405213399995,0 -72.72484180799995,-37.62416547199996,0 -72.72483620099996,-37.62434934399994,0 -72.72467561299999,-37.62471572299995,0 -72.72471683999999,-37.62475707099998,0 -72.72495173699997,-37.62499590599998,0 -72.72556562199998,-37.62502126399994,0 -72.72561807599999,-37.62504163899996,0 -72.72598063099997,-37.62518246499997,0 -72.72616688199997,-37.62546091099995,0 -72.72610703899994,-37.62593737499998,0 -72.72610995999997,-37.62632943799997,0 -72.72676160499998,-37.62660333899998,0 -72.72775565599994,-37.62644676799994,0 -72.72810649199994,-37.62625076499995,0 -72.72855376599995,-37.62581780899995,0 -72.72876294499997,-37.62536674899997,0 -72.72834938199998,-37.62466939299998,0 -72.72831903399998,-37.62417767299996,0 -72.72880070099995,-37.62361470899998,0 -72.72961022899995,-37.62312113799993,0 -72.73008393399994,-37.62281935299995,0 -72.73006873199995,-37.62234144299998,0 -72.73002015699996,-37.62147088299997,0 -72.72988581799996,-37.62046349599996,0 -72.72978060599996,-37.61998835899993,0 -72.72952370699994,-37.61969093999994,0 -72.72931754599995,-37.61945226199998,0 -72.72925993599995,-37.61887891199996,0 -72.72935303499997,-37.61828593499996,0 -72.72959233799997,-37.61798414499998,0 -72.73035285799995,-37.61793570099996,0 -72.73080180599999,-37.61795785699996,0 -72.73124136999996,-37.61779959799998,0 -72.73158206199997,-37.61742315499998,0 -72.73162850599994,-37.61689686499994,0 -72.73175384599995,-37.61671003099997,0 -72.73213174499995,-37.61660014599994,0 -72.73228860299997,-37.61655440499993,0 -72.73282755299994,-37.61639724299994,0 -72.73326819699997,-37.61620294999994,0 -72.73383875399998,-37.61624749599997,0 -72.73388062399994,-37.61625076499996,0 -72.73483769599994,-37.61632772499996,0 -72.73558596799995,-37.61635561099996,0 -72.73627589099993,-37.61634632599998,0 -72.73670573799996,-37.61650777299997,0 -72.73673802899998,-37.61691391899996,0 -72.73674021399995,-37.61735553299997,0 -72.73687696399998,-37.61777269399994,0 -72.73727914699998,-37.61786602199993,0 -72.73802961999996,-37.61782184099997,0 -72.73825230399996,-37.61775808299996,0 -72.73861959999994,-37.61765292099994,0 -72.73893338899995,-37.61767245399994,0 -72.73901739999997,-37.61771530999994,0 -72.73927296899996,-37.61784567999996,0 -72.73997790399994,-37.61783215499997,0 -72.74020517099996,-37.61780947399996,0 -72.74054890299993,-37.61777550699998,0 -72.74120882099999,-37.61775210099995,0 -72.74209846999997,-37.61770026799996,0 -72.74214015199993,-37.61769783999995,0 -72.74269522599997,-37.61751275699993,0 -72.74271523599998,-37.61750608499995,0 -72.74304212599998,-37.61711582599997,0 -72.74352038799998,-37.61715201199996,0 -72.74364740699997,-37.61715614099995,0 -72.74419379899996,-37.61717390499996,0 -72.74477026199997,-37.61695963699998,0 -72.74497692499995,-37.61662540499998,0 -72.74499880399998,-37.61659002099998,0 -72.74517960599997,-37.61630059799995,0 -72.74567350699994,-37.61581890199994,0 -72.74602315899995,-37.61565886799997,0 -72.74607919199997,-37.61530397699994,0 -72.74622479299995,-37.61493727899995,0 -72.74695530099996,-37.61456823899994,0 -72.74736407599994,-37.61435428799996,0 -72.74741211999998,-37.61432914199997,0 -72.74746586999998,-37.61432860499997,0 -72.74747829799998,-37.61432848099997,0 -72.74765706199997,-37.61432669299995,0 -72.74787672999997,-37.61432449699998,0 -72.74799533299995,-37.61440631099998,0 -72.74805412699999,-37.61444686699997,0 -72.74811185899995,-37.61448669099997,0 -72.74843082899997,-37.61435760499995,0 -72.74844726599997,-37.61381271099998,0 -72.74820692399999,-37.61333050299993,0 -72.74793826099994,-37.61316068799994,0 -72.74783938899998,-37.61309819299998,0 -72.74754941699996,-37.61275922299995,0 -72.74789111999996,-37.61236923299998,0 -72.74830806899996,-37.61194913699995,0 -72.74852719199998,-37.61165593399994,0 -72.74885947199994,-37.61131983099995,0 -72.74886368399996,-37.61132103799997,0 -72.74886621099995,-37.61132176199993,0 -72.74887631899998,-37.61132465899993,0 -72.74919384499998,-37.61140731799998,0 -72.74932872399995,-37.61141890299996,0 -72.74967753399994,-37.61128587699994,0 -72.75029950199996,-37.61150951699994,0 -72.75053808799998,-37.61205026399995,0 -72.75061180499995,-37.61258786599996,0 -72.75071256399997,-37.61273288899997,0 -72.75085609599995,-37.61293947499996,0 -72.75152041399997,-37.61328557399997,0 -72.75223867599993,-37.61332179399994,0 -72.75273150899994,-37.61336723099998,0 -72.75339097999995,-37.61335726499993,0 -72.75407387799999,-37.61308640199996,0 -72.75458256099995,-37.61260494799996,0 -72.75494812299996,-37.61240914299998,0 -72.75546877099998,-37.61237923599998,0 -72.75571410399994,-37.61236514399997,0 -72.75602044999994,-37.61223129099994,0 -72.75602570199999,-37.61222894799994,0 -72.75607857899996,-37.61220536199994,0 -72.75689010999997,-37.61163503599994,0 -72.75751066899994,-37.61143506099995,0 -72.75802540499996,-37.61075094299997,0 -72.75802555899998,-37.61025079499996,0 -72.75850582999993,-37.60972372599997,0 -72.75855664299996,-37.60902177699995,0 -72.75863571599996,-37.60839245899996,0 -72.75873370599999,-37.60799144099997,0 -72.75875517299994,-37.60790358999998,0 -72.75931083199998,-37.60736443099995,0 -72.75964096899997,-37.60686153899996,0 -72.76026553399998,-37.60652644799995,0 -72.76049847499996,-37.60624249599994,0 -72.76004458699998,-37.60589143199996,0 -72.75950165599994,-37.60551163899993,0 -72.75944975799996,-37.60523579599993,0 -72.75975608099998,-37.60451166399997,0 -72.75997805199995,-37.60446018499994,0 -72.76013320599998,-37.60442420199996,0 -72.76083234199996,-37.60410404099997,0 -72.76114732499997,-37.60360986899997,0 -72.76150049999995,-37.60330566699997,0 -72.76220744799997,-37.60272430499998,0 -72.76271303799996,-37.60234188499993,0 -72.76281544099999,-37.60192478099998,0 -72.76312500499995,-37.60161073499995,0 -72.76364264099993,-37.60134569199994,0 -72.76395270599994,-37.60099109999993,0 -72.76431378499996,-37.59992554599995,0 -72.76430404799999,-37.59976087599995,0 -72.76429051699995,-37.59953204199996,0 -72.76427430899997,-37.59925792899998,0 -72.76407850999993,-37.59879912499997,0 -72.76415249999997,-37.59831389299995,0 -72.76473004599995,-37.59753630999995,0 -72.76478704999994,-37.59714537899998,0 -72.76513596799998,-37.59648511999995,0 -72.76515980699997,-37.59639641999996,0 -72.76530942999995,-37.59583970399996,0 -72.76542272299997,-37.59541815399996,0 -72.77156463999995,-37.59577546199995,0 -72.77293955799996,-37.59585544799995,0 -72.77349830799994,-37.59588795299993,0 -72.77364472399995,-37.59589647099995,0 -72.77594001899996,-37.59603,0 -72.77591816899997,-37.59584195399998,0 -72.77589016999997,-37.59577585399995,0 -72.77578942499997,-37.59563684899996,0 -72.77567370499997,-37.59549756199993,0 -72.77547526799998,-37.59536863699998,0 -72.77518857799998,-37.59518439699997,0 -72.77487193999997,-37.59499959199997,0 -72.77459934099994,-37.59484542199993,0 -72.77442996899998,-37.59474684899993,0 -72.77431907799996,-37.59469706799996,0 -72.77392490599993,-37.59460021399997,0 -72.77369856099995,-37.59454692499997,0 -72.77354674099996,-37.59451118099997,0 -72.77337438799998,-37.59447060299993,0 -72.77323336999996,-37.59442621299996,0 -72.77306308599998,-37.59410705999994,0 -72.77308676399997,-37.59381541299996,0 -72.77318836199998,-37.59367426399996,0 -72.77369176199994,-37.59337378799995,0 -72.77387500799995,-37.59325802399997,0 -72.77404256999995,-37.59316580799998,0 -72.77422617099995,-37.59303812799993,0 -72.77432776599994,-37.59289697799994,0 -72.77431169499994,-37.59268207499997,0 -72.77418955999997,-37.59250689799995,0 -72.77401995599996,-37.59191354799998,0 -72.77388121999996,-37.59154134199997,0 -72.77377083599998,-37.59122331999998,0 -72.77362837399994,-37.59097622699994,0 -72.77343939299993,-37.59078190399998,0 -72.77335167899997,-37.59070871599994,0 -72.77260148799996,-37.59011632699998,0 -72.77207130999994,-37.58980825999998,0 -72.77201537199994,-37.58967125999993,0 -72.77188979799996,-37.58936370999993,0 -72.77181452599996,-37.58887347799998,0 -72.77183513799997,-37.58818237899993,0 -72.77199475099997,-37.58710047199997,0 -72.77200079199997,-37.58689790799997,0 -72.77203896699996,-37.58674365799993,0 -72.77208596199995,-37.58655377199995,0 -72.77212194899994,-37.58635177399998,0 -72.77223280099997,-37.58615118899996,0 -72.77234685099995,-37.58584336599995,0 -72.77235502199994,-37.58556930899994,0 -72.77236624299996,-37.58538140499996,0 -72.77236468699994,-37.58532436799993,0 -72.77236413499998,-37.58523366299994,0 -72.77231282699995,-37.58509794899993,0 -72.77223873799994,-37.58496180399993,0 -72.77220269799994,-37.58486006499993,0 -72.77216619399996,-37.58477386399994,0 -72.77203732299995,-37.58461854599994,0 -72.77187373699996,-37.58442629499996,0 -72.77163653899999,-37.58419119299998,0 -72.77142444899994,-37.58398765999993,0 -72.77125792099997,-37.58378498699994,0 -72.77117159099998,-37.58362269799994,0 -72.77111748499993,-37.58336254999995,0 -72.77108477299998,-37.58320386599996,0 -72.77280508699994,-37.58273863699998,0 -72.77387031999996,-37.58245056399994,0 -72.77491099899999,-37.58216912899996,0 -72.77654362799996,-37.58172761299994,0 -72.77684922499998,-37.58251739699995,0 -72.77717425399999,-37.58329,0 -72.77718644599997,-37.58331897999994,0 -72.77719889199994,-37.58334856399995,0 -72.77803176899994,-37.58406717199995,0 -72.77837283599996,-37.58439530499993,0 -72.77861456399995,-37.58462786499996,0 -72.77900427199995,-37.58561298099994,0 -72.77963323099993,-37.58605881099993,0 -72.77967943999994,-37.58609156599994,0 -72.77989611899994,-37.58624515699995,0 -72.78007521399996,-37.58637210399996,0 -72.78075537699993,-37.58718244299996,0 -72.78090708299999,-37.58760969799994,0 -72.78092127599996,-37.58764966999996,0 -72.78138216299999,-37.58828916399995,0 -72.78168835699995,-37.58856076899997,0 -72.78200035599997,-37.58916141299994,0 -72.78235625799994,-37.58978541099998,0 -72.78277281199996,-37.58989236999997,0 -72.78353223399995,-37.59003731099995,0 -72.78406994599999,-37.59009247099993,0 -72.78458879799996,-37.59028245099995,0 -72.78480530299998,-37.59054785899997,0 -72.78512427899994,-37.59091431899998,0 -72.78555155999999,-37.59116115299997,0 -72.78577378999995,-37.59129687899997,0 -72.78599303399994,-37.59143077999994,0 -72.78639630699996,-37.59146087699997,0 -72.78650318199993,-37.59141331799998,0 -72.78733823299996,-37.59103696899996,0 -72.78837640499995,-37.59087619999997,0 -72.78889667999994,-37.59051646899997,0 -72.78918020099997,-37.59004866299995,0 -72.78951971799995,-37.58972158799997,0 -72.78980409799993,-37.58972691599996,0 -72.79009640599998,-37.58996669899994,0 -72.79078542899998,-37.58997960299996,0 -72.79154873099998,-37.58999389499996,0 -72.79182381699997,-37.59009817299994,0 -72.79223070099994,-37.59024547099995,0 -72.79235938799997,-37.59044163299995,0 -72.79234501399998,-37.59092800199994,0 -72.79233815699996,-37.59116001199993,0 -72.79233157199997,-37.59138284599993,0 -72.79273883599996,-37.59180500899998,0 -72.79339067299998,-37.59204700399994,0 -72.79395196599995,-37.59217532899993,0 -72.79412047099999,-37.59221385299998,0 -72.79459053299996,-37.59201987499995,0 -72.79468335399997,-37.59199391899995,0 -72.79514937499994,-37.59186360299998,0 -72.79524233999996,-37.59185527099993,0 -72.79569016899995,-37.59181513199997,0 -72.79637998499999,-37.59230564399996,0 -72.79686368399996,-37.59265712699994,0 -72.79729234399997,-37.59285888499994,0 -72.79799811199996,-37.59280897799994,0 -72.79801866499997,-37.59312026899994,0 -72.79826843499995,-37.59329164899998,0 -72.79875056399999,-37.59319250399994,0 -72.79901877699996,-37.59309837899997,0 -72.79915973699997,-37.59304693699994,0 -72.79954671099995,-37.59312624999995,0 -72.79991153399999,-37.59345297399994,0 -72.80031341499995,-37.59391556399993,0 -72.80086735599997,-37.59407008099998,0 -72.80099684299995,-37.59415877399994,0 -72.80129338499995,-37.59436189299998,0 -72.80173705699997,-37.59455940999993,0 -72.80215936599996,-37.59447265399996,0 -72.80270401699994,-37.59429355199995,0 -72.80322612799995,-37.59437536999997,0 -72.80341789799996,-37.59439999899996,0 -72.80388265799996,-37.59445968799997,0 -72.80455589899998,-37.59448122999993,0 -72.80512051199997,-37.59465845499994,0 -72.80588307599999,-37.59469967499996,0 -72.80658634499997,-37.59473528299998,0 -72.80730830599998,-37.59464056199994,0 -72.80765812999994,-37.59446682699996,0 -72.80809661099994,-37.59433529099994,0 -72.80846464999996,-37.59455390699998,0 -72.80884061799998,-37.59450231399995,0 -72.80926291999998,-37.59441553199997,0 -72.80964245199993,-37.59424234299996,0 -72.80988031899994,-37.59378264999998,0 -72.81043999799994,-37.59309011699997,0 -72.81071547799996,-37.59289246299994,0 -72.81100883999994,-37.59312320199996,0 -72.81156132599995,-37.59318301799993,0 -72.81198229799998,-37.59314126099997,0 -72.81236913299995,-37.59308084599996,0 -72.81303135899998,-37.59311565399997,0 -72.81343576099994,-37.59313216099997,0 -72.81386447099999,-37.59333386099996,0 -72.81401305799994,-37.59338067199997,0 -72.81450272499995,-37.59353493499998,0 -72.81489182799999,-37.59354214199993,0 -72.81505455899998,-37.59361725099996,0 -72.81581553999996,-37.59371244899995,0 -72.81629796499993,-37.59362675499995,0 -72.81659024399994,-37.59387097899997,0 -72.81700661199994,-37.59398682599993,0 -72.81759092999994,-37.59397510699995,0 -72.81772223999997,-37.59410820799997,0 -72.81756738899998,-37.59427206199996,0 -72.81773012399998,-37.59434716699997,0 -72.81818147199994,-37.59428342099994,0 -72.81851049499994,-37.59431203499997,0 -72.81871227799996,-37.59457710899994,0 -72.81891222199994,-37.59490523199997,0 -72.81934319299995,-37.59503035299997,0 -72.81991271299995,-37.59504087899995,0 -72.82024517399998,-37.59533990699998,0 -72.82076623299997,-37.59550724099995,0 -72.82140223899995,-37.59544689299997,0 -72.82252324199999,-37.59530988199998,0 -72.82335190799995,-37.59541529299997,0 -72.82401304399997,-37.59526978199995,0 -72.82475765699996,-37.59524746599993,0 -72.82521751999997,-37.59525594499996,0 -72.82594111799995,-37.59520169299998,0 -72.82681221099995,-37.59535742599996,0 -72.82773070899998,-37.59539236599994,0 -72.82858498299998,-37.59537204599997,0 -72.82908747399995,-37.59523412299995,0 -72.82960037099997,-37.59509333999995,0 -72.83054629399999,-37.59493951299993,0 -72.83104428299998,-37.59501329999995,0 -72.83148371499993,-37.59507840799995,0 -72.83219332299996,-37.59550599499994,0 -72.83315544999994,-37.59563103399995,0 -72.83328357199997,-37.59564768399997,0 -72.83429016599996,-37.59559857799997,0 -72.83478831999997,-37.59567068799998,0 -72.83478877999994,-37.59567075499996,0 -72.83483083199997,-37.59567426599995,0 -72.83484499199994,-37.59567543799994,0 -72.83485915199998,-37.59567661099993,0 -72.83490522699998,-37.59564864399994,0 -72.83503928699997,-37.59556727099994,0 -72.83554416099997,-37.59546388399997,0 -72.83565783699999,-37.59547939199996,0 -72.83584945999996,-37.59550553299994,0 -72.83619718799997,-37.59559752399997,0 -72.83645966699999,-37.59560233799994,0 -72.83694323899994,-37.59552559299993,0 -72.83744574299999,-37.59555282899998,0 -72.83818950199998,-37.59558448399997,0 -72.83877986599998,-37.59560881799996,0 -72.83928328399998,-37.59560452199997,0 -72.83981199999999,-37.59536187199996,0 -72.83978796299994,-37.59531186799995,0 -72.83982802299994,-37.59497916199996,0 -72.83986529199996,-37.59471849999994,0 -72.83976813799995,-37.59445537699997,0 -72.83935381299995,-37.59426755199996,0 -72.83885198599995,-37.59399701599995,0 -72.83861175899995,-37.59349245699997,0 -72.83852542799997,-37.59285553799998,0 -72.83847277599995,-37.59210658799998,0 -72.83861553299994,-37.59182082399997,0 -72.83916451499994,-37.59148842899998,0 -72.83960865899996,-37.59115861799995,0 -72.83993435699995,-37.59076355299993,0 -72.84018837399998,-37.59027705699998,0 -72.84059927899995,-37.59006829299994,0 -72.84081792299997,-37.58975237299995,0 -72.84123566399995,-37.58928238799996,0 -72.84178877899996,-37.58880586599997,0 -72.84215673799997,-37.58851520499996,0 -72.84239483499994,-37.58806445899995,0 -72.84257448999995,-37.58755406699999,0 -72.84265571999998,-37.58740213499993,0 -72.84282737999996,-37.58708106099994,0 -72.84318489099996,-37.58663700299996,0 -72.84342193599997,-37.58622228399997,0 -72.84345749699997,-37.58602016599997,0 -72.84346672599997,-37.58570041299998,0 -72.84369895699996,-37.58545232499995,0 -72.84395183199996,-37.58497931599993,0 -72.84421909799994,-37.58454712299994,0 -72.84425985199994,-37.58416486299996,0 -72.84426836799997,-37.58386969599997,0 -72.84427115599993,-37.58377305199997,0 -72.84427248299994,-37.58376688199996,0 -72.84434063799995,-37.58344989299997,0 -72.84449605799995,-37.58326348299994,0 -72.84455630099995,-37.58312870999998,0 -72.84462391899996,-37.58297743799994,0 -72.84456740599995,-37.58287883799994,0 -72.84443861399996,-37.58265413099997,0 -72.84414732199997,-37.58237394599996,0 -72.84384007999995,-37.58210698699997,0 -72.84335842499996,-37.58167913099993,0 -72.84317138199998,-37.58139183699996,0 -72.84329826199996,-37.58116435299996,0 -72.84345343099994,-37.58093270899997,0 -72.84348611799999,-37.58088391299998,0 -72.84342229399994,-37.58056720699994,0 -72.84342049599996,-37.58055828499994,0 -72.84340048499996,-37.58052358499998,0 -72.84319201199997,-37.58016209099998,0 -72.84257826099997,-37.57962818099998,0 -72.84214054199998,-37.57922365299993,0 -72.84169918599997,-37.57894522399994,0 -72.84124870299996,-37.57846836399995,0 -72.84098360999997,-37.57779663399998,0 -72.84086152199995,-37.57734380499994,0 -72.84080793899994,-37.57662637899995,0 -72.84079066499999,-37.57617096199994,0 -72.84117157099996,-37.57542994399995,0 -72.84144037599998,-37.57494371399997,0 -72.84150007799997,-37.57444464599996,0 -72.84116590199994,-37.57408256199994,0 -72.84064765599999,-37.57387031199994,0 -72.84000988099996,-37.57365587099997,0 -72.83938487999995,-37.57351375599995,0 -72.83876926599999,-37.57356105899999,0 -72.83831114899994,-37.57334989899994,0 -72.83826215099998,-37.57324569699995,0 -72.83816581799994,-37.57304083199995,0 -72.83811319899996,-37.57292721999994,0 -72.83775416099996,-37.57239795099997,0 -72.83734679199995,-37.57199846799995,0 -72.83694536199994,-37.57188296699996,0 -72.83637711099993,-37.57185903199996,0 -72.83561639399994,-37.57173693799996,0 -72.83497617399996,-37.57160803799997,0 -72.83463760799998,-37.57139905799994,0 -72.83440481599996,-37.57117850099996,0 -72.83441342599997,-37.57088126599996,0 -72.83479408599999,-37.57066295399994,0 -72.83562528299996,-37.57040334099997,0 -72.83651281199997,-37.57027542599997,0 -72.83752181699998,-37.57008214199993,0 -72.83828702299996,-37.57002406699996,0 -72.83932031499995,-37.57004299199997,0 -72.83993667999994,-37.56996866399993,0 -72.84010381099995,-37.56989061599995,0 -72.84029008799996,-37.56966422199997,0 -72.84022435699995,-37.56934309599995,0 -72.83983529799997,-37.56879976699997,0 -72.83942109599997,-37.56809826699998,0 -72.83896574399995,-37.56779253599996,0 -72.83867752199995,-37.56740875699995,0 -72.83880745699997,-37.56705066099994,0 -72.83912033499996,-37.56660579599998,0 -72.83928166099997,-37.56618969599998,0 -72.83921971099994,-37.56573796599997,0 -72.83895858199998,-37.56493112499993,0 -72.83894854599998,-37.56476422099996,0 -72.83887174799997,-37.56431221899993,0 -72.83900193699998,-37.56394511499997,0 -72.83937016899995,-37.56364094699995,0 -72.83959022299996,-37.56329801699997,0 -72.83961574299997,-37.56292899599998,0 -72.83956421999994,-37.56263065999997,0 -72.83924370899996,-37.56233640999994,0 -72.83889201199997,-37.56206862499994,0 -72.83839456199996,-37.56165397799998,0 -72.83805589099995,-37.56093583299997,0 -72.83781511399997,-37.56045378999994,0 -72.83779820299998,-37.56043194899996,0 -72.83743998099999,-37.55996928499997,0 -72.83687905899995,-37.55967062399998,0 -72.83637087799997,-37.55965229599997,0 -72.83504316999995,-37.55947023799996,0 -72.83401380999999,-37.55932067699996,0 -72.83324455999997,-37.55900916299998,0 -72.83280518199996,-37.55866765399998,0 -72.83217447699997,-37.55821448699993,0 -72.83171707099996,-37.55795825599995,0 -72.83157622199997,-37.55766728699996,0 -72.83162938899994,-37.55737087099993,0 -72.83209678799994,-37.55725779799997,0 -72.83261557599997,-37.55693388599997,0 -72.83305522999996,-37.55675270999996,0 -72.83365416199996,-37.55676370599997,0 -72.83399234599995,-37.55695916299993,0 -72.83428903599997,-37.55707275099996,0 -72.83468007199997,-37.55706815999997,0 -72.83503782699995,-37.55706395999994,0 -72.83595802299999,-37.55682850399995,0 -72.83618979299996,-37.55659393799993,0 -72.83640209899994,-37.55598051399994,0 -72.83649359699996,-37.55540993499994,0 -72.83632779899995,-37.55492926399995,0 -72.83586870799996,-37.55421791699996,0 -72.83541553699996,-37.55384011699994,0 -72.83498789799995,-37.55360697499998,0 -72.83458558199999,-37.55355002899995,0 -72.83424605299996,-37.55337707799998,0 -72.83369683599994,-37.55321379599997,0 -72.83322408299995,-37.55297531299993,0 -72.83296185799998,-37.55272267099997,0 -72.83258822899995,-37.55218861299994,0 -72.83204320099998,-37.55188120899993,0 -72.83137763799994,-37.55160763599997,0 -72.83072308699997,-37.55144240399994,0 -72.82995911299997,-37.55146440699997,0 -72.82919482399996,-37.55147288099994,0 -72.82886490799996,-37.55140823399995,0 -72.82865878099994,-37.55136839499994,0 -72.82822947799997,-37.55119377599993,0 -72.82788101099999,-37.55081787499995,0 -72.82742489399999,-37.55054362799996,0 -72.82696616399994,-37.55035944999997,0 -72.82631482799997,-37.55010863999996,0 -72.82601817699998,-37.54999503299996,0 -72.82587317699995,-37.54984817199994,0 -72.82585091999994,-37.54980332199995,0 -72.82571746499997,-37.54953439299993,0 -72.82535128899997,-37.54925728899997,0 -72.82518243399994,-37.54888468899998,0 -72.82529375299998,-37.54865693699998,0 -72.82561631799996,-37.54836548699996,0 -72.82603147399993,-37.54800364699997,0 -72.82636209699996,-37.54765376599994,0 -72.82672562999994,-37.54729096899996,0 -72.82672591299996,-37.54729067999995,0 -72.82672619299996,-37.54729038899995,0 -72.82714287099998,-37.54685707099998,0 -72.82728727499995,-37.54651276999994,0 -72.82754460799998,-37.54590920299995,0 -72.82794005899996,-37.54517750399998,0 -72.82818005099995,-37.54465922999998,0 -72.82842973599998,-37.54429433499996,0 -72.82866662799995,-37.54419956199996,0 -72.82876886799994,-37.54396713299997,0 -72.82876303799998,-37.54365611499998,0 -72.82866990199994,-37.54325787699997,0 -72.82854453699997,-37.54292212999997,0 -72.82865531299996,-37.54271238699994,0 -72.82865091999997,-37.54235182999997,0 -72.82850691999994,-37.54214641199997,0 -72.82803273799993,-37.54198448499994,0 -72.82754449599997,-37.54179526099995,0 -72.82741571999998,-37.54174783099995,0 -72.82702484599997,-37.54160644399997,0 -72.82691233899999,-37.54156574699994,0 -72.82689071899995,-37.54155792699993,0 -72.82641128999995,-37.54154041399994,0 -72.82640170999997,-37.54154006399995,0 -72.82639326999998,-37.54153975599996,0 -72.82615860699997,-37.54155796399994,0 -72.82559994299999,-37.54172340499997,0 -72.82526486499995,-37.54191098799998,0 -72.82489289199998,-37.54234571799998,0 -72.82450227199996,-37.54291077499994,0 -72.82419973099996,-37.54353603199996,0 -72.82365759799995,-37.54364319199993,0 -72.82279320999999,-37.54349657699998,0 -72.82165182699998,-37.54309701699998,0 -72.82049639699994,-37.54267015099998,0 -72.82000943899999,-37.54253452399996,0 -72.81924883099998,-37.54232267799995,0 -72.81862037799993,-37.54233359499995,0 -72.81856386999993,-37.54235507999994,0 -72.81807717799995,-37.54244274899997,0 -72.81779172499995,-37.54258051299996,0 -72.81746938999999,-37.54275096899994,0 -72.81714733099994,-37.54291189399993,0 -72.81680041699997,-37.54322816999996,0 -72.81669080199998,-37.54327570899994,0 -72.81598437199995,-37.54389797799996,0 -72.81502322899996,-37.54449750299995,0 -72.81449120599996,-37.54464536099994,0 -72.81437420599997,-37.54467924199997,0 -72.81365668499996,-37.54463891699993,0 -72.81333590999998,-37.54433558199997,0 -72.81280692099995,-37.54399234099998,0 -72.81257493499999,-37.54374922599993,0 -72.81218028099994,-37.54340847099996,0 -72.81170863099999,-37.54316091199996,0 -72.81140205799994,-37.54288036499997,0 -72.81095500999999,-37.54229981999998,0 -72.81060561699996,-37.54195989899995,0 -72.81014909199996,-37.54170360299997,0 -72.80982975399996,-37.54152968899996,0 -72.80978077299994,-37.54150301299995,0 -72.80930281599996,-37.54147161299994,0 -72.80898966699993,-37.54141623499993,0 -72.80878449299996,-37.54127274199993,0 -72.80862267099997,-37.54117060699997,0 -72.80838261499997,-37.54117966699994,0 -72.80794431899994,-37.54131571799996,0 -72.80752236599994,-37.54142503499997,0 -72.80705155599998,-37.54163257399995,0 -72.80643333599994,-37.54180132399995,0 -72.80585934199996,-37.54195737499998,0 -72.80516485699997,-37.54216975999998,0 -72.80432044399998,-37.54235682099994,0 -72.80388596699999,-37.54236225599993,0 -72.80333240799996,-37.54235195499996,0 -72.80278625399995,-37.54208945599999,0 -72.80232883099995,-37.54186465499998,0 -72.80179250399993,-37.54177355999997,0 -72.80153759999996,-37.54178232999993,0 -72.80152942699993,-37.54177940099993,0 -72.80128560599996,-37.54169202399993,0 -72.80091903299996,-37.54143286199997,0 -72.80062342899998,-37.54131019899995,0 -72.80008260699998,-37.54137221499997,0 -72.79980981299997,-37.54148428499997,0 -72.79939629399996,-37.54178748499993,0 -72.79884884399996,-37.54207466899993,0 -72.79794423899995,-37.54228759799997,0 -72.79701470799995,-37.54233784099995,0 -72.79614960199996,-37.54221805399993,0 -72.79536978499993,-37.54174839099994,0 -72.79501265399995,-37.54116946599993,0 -72.79484463199998,-37.54077431099995,0 -72.79480037599996,-37.54025980799997,0 -72.79463209099998,-37.53987365899997,0 -72.79438847399996,-37.53949961999996,0 -72.79382947699997,-37.53914672199994,0 -72.79321296099994,-37.53872966199998,0 -72.79274726399996,-37.53823727099996,0 -72.79270537099995,-37.53819297699994,0 -72.79232634799996,-37.53782991899993,0 -72.79181420999998,-37.53742381699993,0 -72.79148884299997,-37.53721254399994,0 -72.79148710599998,-37.53721141499994,0 -72.79118543599998,-37.53701552899997,0 -72.79107997899996,-37.53694596699995,0 -72.79063099799998,-37.53643740499996,0 -72.79052826599997,-37.53628860299995,0 -72.79037256699996,-37.53606308099995,0 -72.79011759599996,-37.53557166699994,0 -72.78993875499998,-37.53504112399997,0 -72.78999552199997,-37.53462764099993,0 -72.79010373799997,-37.53443591099995,0 -72.79013798299997,-37.53437797599997,0 -72.79014848599996,-37.53402220299995,0 -72.79014858499994,-37.53401882499998,0 -72.79014860199999,-37.53401826199996,0 -72.79014778999993,-37.53401469499994,0 -72.79008451999994,-37.53378537199995,0 -72.78998165699994,-37.53341630999995,0 -72.78991582399993,-37.53300979699998,0 -72.78981040199994,-37.53277674099996,0 -72.78970831099997,-37.53268921699998,0 -72.78905938899999,-37.53236615399993,0 -72.78853945599997,-37.53222574199998,0 -72.78797352899994,-37.53213403099994,0 -72.78733520499998,-37.53195534799994,0 -72.78680813699998,-37.53169763999995,0 -72.78643068099996,-37.53130755799998,0 -72.78635152199996,-37.53092306899998,0 -72.78639097099995,-37.53061740499993,0 -72.78667332999999,-37.53018111799997,0 -72.78677335099997,-37.52983603699994,0 -72.78695428599997,-37.52928970499994,0 -72.78703163099993,-37.52868285299996,0 -72.78727294699996,-37.52821292399994,0 -72.78728602099994,-37.52818746299994,0 -72.78788671999996,-37.52760393799997,0 -72.78824358099996,-37.52718256099996,0 -72.78845765499995,-37.52690801999995,0 -72.78855524399995,-37.52678286599996,0 -72.78874993799997,-37.52627283599998,0 -72.78900466499994,-37.52574139999996,0 -72.78942536299996,-37.52525168099993,0 -72.78943895799995,-37.52523585599994,0 -72.78954334199994,-37.52491569199998,0 -72.78957037299995,-37.52483278199998,0 -72.79005263999994,-37.52421097999996,0 -72.79056117299996,-37.52372935099993,0 -72.79118861399996,-37.52326796899996,0 -72.79152405299999,-37.52305179999996,0 -72.79187488599996,-37.52282570799997,0 -72.79216914599994,-37.52251128899997,0 -72.79276630799995,-37.52204482599996,0 -72.79328580299995,-37.52169406299998,0 -72.79413619399998,-37.52127287899998,0 -72.79461468699998,-37.52077715299998,0 -72.79487601799997,-37.52054772499997,0 -72.79508522699996,-37.52004696699998,0 -72.79541550899995,-37.51951692699998,0 -72.79563941999999,-37.51902094799993,0 -72.79573540899997,-37.51830629399996,0 -72.79565389199996,-37.51798528199998,0 -72.79557445299997,-37.51767245599996,0 -72.79532546799999,-37.51697839599996,0 -72.79499680299995,-37.51644506099996,0 -72.79459812599998,-37.51624836499997,0 -72.79394401599995,-37.51610547099995,0 -72.79331720199997,-37.51604419099993,0 -72.79276238199998,-37.51608338399996,0 -72.79243689999998,-37.51594662599996,0 -72.79192202699994,-37.51566213399997,0 -72.79141055099996,-37.51552639999994,0 -72.79109346499996,-37.51536520299993,0 -72.79085866199995,-37.51520823299995,0 -72.79058929199994,-37.51480267899996,0 -72.79036595699995,-37.51445997099995,0 -72.79023862299994,-37.51410952299995,0 -72.79019757299994,-37.51367486599997,0 -72.79029813199998,-37.51330961199994,0 -72.79057147399999,-37.51285669499998,0 -72.79087736099996,-37.51250644999993,0 -72.79144967999997,-37.51187280699997,0 -72.79196152399999,-37.51125154699997,0 -72.79260727099995,-37.51066883699997,0 -72.79333293899998,-37.51042105699997,0 -72.79383193799998,-37.51025915599996,0 -72.79439042599995,-37.51009385899994,0 -72.79490691099994,-37.50984216099994,0 -72.79529840399994,-37.50934480599994,0 -72.79534252599996,-37.50928705199993,0 -72.79535391399997,-37.50926951299994,0 -72.79559660299998,-37.50889573999996,0 -72.79559702399996,-37.50827113699995,0 -72.79536713999994,-37.50794738799993,0 -72.79471926999997,-37.50781691199995,0 -72.79466212399996,-37.50780540299996,0 -72.79460837499994,-37.50778186899998,0 -72.79430973099994,-37.50776727799996,0 -72.79360662399995,-37.50775414099996,0 -72.79311546799994,-37.50765033599998,0 -72.79253846099994,-37.50743678099997,0 -72.79212751999995,-37.50715423399998,0 -72.79192684999998,-37.50686209999998,0 -72.79171050299993,-37.50657417899998,0 -72.79119605099999,-37.50625364499996,0 -72.79080199499998,-37.50592634899994,0 -72.79058711599998,-37.50558888799998,0 -72.79052243899997,-37.50524071899997,0 -72.79043233399995,-37.50474788399998,0 -72.79040386099996,-37.50456260599998,0 -72.79020975299994,-37.50426929899993,0 -72.79007167499998,-37.50408076199994,0 -72.78994556099997,-37.50389244899998,0 -72.78986702999998,-37.50375500399997,0 -72.78958418299999,-37.50356496599994,0 -72.78925060799997,-37.50322527999998,0 -72.78863334099998,-37.50284423199997,0 -72.78837629499998,-37.50261862499997,0 -72.78779563999996,-37.50231486099995,0 -72.78743522699995,-37.50212960199997,0 -72.78736804599998,-37.50209506899995,0 -72.78698367999993,-37.50194367499995,0 -72.78665973299996,-37.50175736399996,0 -72.78647100899997,-37.50156457599996,0 -72.78622369199996,-37.50132112399996,0 -72.78598766299996,-37.50122207299995,0 -72.78585505999996,-37.50111594899994,0 -72.78573901699997,-37.50102365499998,0 -72.78551645599998,-37.50094738499996,0 -72.78520579899998,-37.50083792099997,0 -72.78481971399998,-37.50074506599998,0 -72.78449258199998,-37.50066683299997,0 -72.78422723999995,-37.50053118099993,0 -72.78402271599998,-37.50034710399996,0 -72.78377565399995,-37.50023882999994,0 -72.78331162699999,-37.50017604799996,0 -72.78313986599994,-37.50009383199995,0 -72.78313511699997,-37.50009160599996,0 -72.78313506899997,-37.50009159799998,0 -72.78271513299995,-37.50002234399994,0 -72.78238672799995,-37.49999710399993,0 
						</coordinates>
					</LinearRing>
				</outerBoundaryIs>
			</Polygon>
		</MultiGeometry>
	</Placemark>
	<Placemark>
		<name>EL MAITÉN</name>
		<description><![CDATA[<p>COMUNA: NACIMIENTO
<br/>DISTRITO: 2
<br/>LOC_ZON: 9
<br/>NOMBRE_LOCALIDAD: EL MAITÉN
<br/>GEOCODIGO: 8306022009</p>]]></description>
		<styleUrl>#style1</styleUrl>
		<ExtendedData>
			<Data name="NOM_COMUNA">
				<displayName>NOM_COMUNA</displayName>
				<value>NACIMIENTO</value>
			</Data>
			<Data name="DISTRITO">
				<displayName>DISTRITO</displayName>
				<value>2</value>
			</Data>
			<Data name="LOC_ZON">
				<displayName>LOC_ZON</displayName>
				<value>9</value>
			</Data>
			<Data name="NOM_LOCALI">
				<displayName>NOM_LOCALI</displayName>
				<value>EL MAITÉN</value>
			</Data>
			<Data name="GEOCODIGO">
				<displayName>GEOCODIGO</displayName>
				<value>8306022009</value>
			</Data>
		</ExtendedData>
		<MultiGeometry>
			<Polygon>
				<outerBoundaryIs>
					<LinearRing>
						<tessellate>1</tessellate>
						<coordinates>
							-72.69993927699994,-37.48241451999996,0 -72.70007105599996,-37.48259610799994,0 -72.70019769899994,-37.48277061699997,0 -72.70027055299994,-37.48287100699997,0 -72.70045608299995,-37.48312666099997,0 -72.70053213999995,-37.48323146399997,0 -72.70059163899998,-37.48331345099996,0 -72.70061048599996,-37.48333942199997,0 -72.70054730299995,-37.48337825899995,0 -72.70049732699994,-37.48341119199995,0 -72.70035116099996,-37.48351400399997,0 -72.70024398699996,-37.48360080599997,0 -72.70019853799994,-37.48363948299993,0 -72.70010786999995,-37.48371664099994,0 -72.69999433599997,-37.48384031599994,0 -72.69989501799995,-37.48395274599994,0 -72.69989382699998,-37.48395409899996,0 -72.69983012099993,-37.48402621999998,0 -72.69947550499995,-37.48444601299997,0 -72.69870698199998,-37.48532716999995,0 -72.69835781499995,-37.48572320899996,0 -72.69824214999994,-37.48585484099993,0 -72.70472919899998,-37.48867899799995,0 -72.71019320999994,-37.48686430599997,0 -72.71898289499995,-37.48394437399998,0 -72.72318737199998,-37.48189123699996,0 -72.72456378899994,-37.48121903999998,0 -72.71597737899998,-37.47283985999997,0 -72.71545819399995,-37.47272478099995,0 -72.71529465999998,-37.47265434799993,0 -72.71433058299993,-37.47233671599997,0 -72.71389644999994,-37.47211902899994,0 -72.71346057399995,-37.47195861099993,0 -72.71241493099996,-37.47149932799994,0 -72.71233312699997,-37.47146339699998,0 -72.71196202999994,-37.47133163499996,0 -72.71170059199994,-37.47129417999997,0 -72.71120601899997,-37.47116251399996,0 -72.71061137499998,-37.47118586899995,0 -72.71031390899998,-37.47130467599993,0 -72.71016335199994,-37.47142383899995,0 -72.71005683599998,-37.47153389099998,0 -72.70994400299998,-37.47174846099995,0 -72.70982040399997,-37.47216213999997,0 -72.70980511699997,-37.47256047899998,0 -72.70971416599997,-37.47297977399995,0 -72.70958089299995,-37.47350538199998,0 -72.70953726599998,-37.47401279599995,0 -72.70953354099998,-37.47413480599994,0 -72.70947764199997,-37.47462109199995,0 -72.70947181699995,-37.47467176699996,0 -72.70946674399994,-37.47514504899993,0 -72.70946957099994,-37.47525721899996,0 -72.70966403099999,-37.47569699899998,0 -72.70981593399995,-37.47614840999995,0 -72.70983294699994,-37.47641034399993,0 -72.70985108599996,-37.47699369999998,0 -72.70985641599998,-37.47725604099998,0 -72.70985857999995,-37.47736258299994,0 -72.70975526399997,-37.47757235499995,0 -72.70950424899996,-37.47816543899995,0 -72.70920227299996,-37.47853330199996,0 -72.70903234399998,-37.47867201899993,0 -72.70857479799997,-37.47916891099993,0 -72.70813404299997,-37.47957643299998,0 -72.70787091299997,-37.47979804999994,0 -72.70699689299994,-37.48062319899998,0 -72.70655928399998,-37.48097845599995,0 -72.70646908799995,-37.48102878499998,0 -72.70600267099996,-37.48128904299995,0 -72.70553818599996,-37.48144943899996,0 -72.70477176499998,-37.48156659399996,0 -72.70384671299996,-37.48170806399997,0 -72.70350968599996,-37.48176510299993,0 -72.70302804699998,-37.48184661399995,0 -72.70234216999995,-37.48198774199994,0 -72.70153224899997,-37.48209922299998,0 -72.70152506599999,-37.48210021099993,0 -72.70123951399995,-37.48217620399998,0 -72.70085859099999,-37.48222988099997,0 -72.70055997999998,-37.48229130099998,0 -72.70011717699998,-37.48236621299998,0 -72.69993927699994,-37.48241451999996,0 
						</coordinates>
					</LinearRing>
				</outerBoundaryIs>
			</Polygon>
		</MultiGeometry>
	</Placemark>
	<Placemark>
		<name>INDETERMINADA</name>
		<description><![CDATA[<p>COMUNA: NACIMIENTO
<br/>DISTRITO: 2
<br/>LOC_ZON: 901
<br/>NOMBRE_LOCALIDAD: INDETERMINADA
<br/>GEOCODIGO: 8306022901</p>]]></description>
		<styleUrl>#style1</styleUrl>
		<ExtendedData>
			<Data name="NOM_COMUNA">
				<displayName>NOM_COMUNA</displayName>
				<value>NACIMIENTO</value>
			</Data>
			<Data name="DISTRITO">
				<displayName>DISTRITO</displayName>
				<value>2</value>
			</Data>
			<Data name="LOC_ZON">
				<displayName>LOC_ZON</displayName>
				<value>901</value>
			</Data>
			<Data name="NOM_LOCALI">
				<displayName>NOM_LOCALI</displayName>
				<value>INDETERMINADA</value>
			</Data>
			<Data name="GEOCODIGO">
				<displayName>GEOCODIGO</displayName>
				<value>8306022901</value>
			</Data>
		</ExtendedData>
		<MultiGeometry>
			<Polygon>
				<outerBoundaryIs>
					<LinearRing>
						<tessellate>1</tessellate>
						<coordinates>
							-72.65128814399998,-37.61719626399997,0 -72.65204125799994,-37.61805951499997,0 -72.65256847299997,-37.61876348799996,0 -72.65267018199995,-37.61901964399993,0 -72.65285257099998,-37.61950772799997,0 -72.65300308799993,-37.61979032499994,0 -72.65300924399997,-37.61980188199993,0 -72.65314384899995,-37.62005460399996,0 -72.65337268799993,-37.62032340499997,0 -72.65356616799994,-37.62057725699998,0 -72.65356634399996,-37.62057765799995,0 -72.65361988499996,-37.62069974399998,0 -72.65377970299994,-37.62106417199993,0 -72.65377986499993,-37.62106454099995,0 -72.65377529199998,-37.62148909999996,0 -72.65377177799996,-37.62180388199994,0 -72.65375627899994,-37.62211244499997,0 -72.65373169799994,-37.62260182699998,0 -72.65374106299998,-37.62266045599995,0 -72.65384440299994,-37.62330743999996,0 -72.65405410199998,-37.62378847299993,0 -72.65429159799999,-37.62397661299997,0 -72.65433199799998,-37.62400870899995,0 -72.65433203499998,-37.62400883099997,0 -72.65444042099995,-37.62436794399997,0 -72.65444048899997,-37.62436816899998,0 -72.65435255099999,-37.62478389699993,0 -72.65439002999994,-37.62489650099997,0 -72.65444841599998,-37.62507192099997,0 -72.65480795399998,-37.62526489499993,0 -72.65480798599998,-37.62526491199998,0 -72.65480801899997,-37.62526492999996,0 -72.65495782299996,-37.62534531499995,0 -72.65495792599995,-37.62534535099996,0 -72.65524606399998,-37.62544542799998,0 -72.65557150699993,-37.62547043199993,0 -72.65566473699994,-37.62547759499995,0 -72.65582539199994,-37.62561192499993,0 -72.65593021099994,-37.62573608699995,0 -72.65593022799999,-37.62573610699997,0 -72.65607105799995,-37.62590292599998,0 -72.65632730299996,-37.62617974099993,0 -72.65662193999998,-37.62649802799996,0 -72.65694176199997,-37.62681434299998,0 -72.65775217699996,-37.62725961699994,0 -72.65812584399998,-37.62738718999998,0 -72.65837834299998,-37.62747339499998,0 -72.65856777399995,-37.62754004099997,0 -72.65931243099999,-37.62768548999998,0 -72.65971766399997,-37.62768001599994,0 -72.66022198799999,-37.62785673599996,0 -72.66073750699996,-37.62814412099993,0 -72.66075392299996,-37.62815327199996,0 -72.66082540699995,-37.62819312199997,0 -72.66099457099995,-37.62820989499994,0 -72.66167750099999,-37.62827760799996,0 -72.66189877999994,-37.62831141199996,0 -72.66242315899996,-37.62839151799994,0 -72.66297518499994,-37.62847004499997,0 -72.66338851399996,-37.62868099499997,0 -72.66336279099994,-37.62902742999995,0 -72.66356593099994,-37.62923421499994,0 -72.66393961199998,-37.62926414699996,0 -72.66491414799998,-37.62926091899993,0 -72.66546498699995,-37.62905941899993,0 -72.66562693099996,-37.62900017799996,0 -72.66598723199996,-37.62850716899993,0 -72.66618889899996,-37.62828587099995,0 -72.66581719399994,-37.62819290499993,0 -72.66532249999995,-37.62818311199993,0 -72.66480104299995,-37.62807816599997,0 -72.66453986499994,-37.62782517699998,0 -72.66466693999996,-37.62758888699994,0 -72.66527271199993,-37.62739812199993,0 -72.66576894699995,-37.62733585299998,0 -72.66608908999996,-37.62717547499994,0 -72.66611071399996,-37.62695962599997,0 -72.66563539899994,-37.62680603299998,0 -72.66531181299996,-37.62662390199995,0 -72.66544790199998,-37.62609942099994,0 -72.66584763299994,-37.62529629299996,0 -72.66639323099997,-37.62510433099993,0 -72.66680838299999,-37.62525672999993,0 -72.66722840099999,-37.62572913399998,0 -72.66776090699994,-37.62595594399994,0 -72.66844251499998,-37.62571709799994,0 -72.66908014799998,-37.62498174299998,0 -72.66958006999994,-37.62432476699996,0 -72.66963323799996,-37.62407349399996,0 -72.66983192899994,-37.62394675299998,0 -72.67007140999993,-37.62396500099993,0 -72.67029574399999,-37.62396943299996,0 -72.67055655399997,-37.62378083599998,0 -72.67080418799998,-37.62353790999998,0 -72.67114629599996,-37.62362576999993,0 -72.67136317999996,-37.62386885899997,0 -72.67167430299997,-37.62399665799995,0 -72.67189094199995,-37.62377113999997,0 -72.67228047599997,-37.62329220399994,0 -72.67261811799995,-37.62304654399998,0 -72.67303958699995,-37.62297375699995,0 -72.67347409699994,-37.62298232899997,0 -72.67377751899994,-37.62288017599997,0 -72.67421174199995,-37.62287522199995,0 -72.67459787899998,-37.62300449299994,0 -72.67470821299997,-37.62330404999994,0 -72.67517286899994,-37.62329969399997,0 -72.67584644099998,-37.62334000499993,0 -72.67637713899995,-37.62314770199998,0 -72.67681809399994,-37.62292659399998,0 -72.67754297599998,-37.62275162799995,0 -72.67818472199997,-37.62285888499997,0 -72.67895979999997,-37.62298228099996,0 -72.67972044599998,-37.62311439899997,0 -72.68023066499995,-37.62307937799994,0 -72.68065773499995,-37.62284897099994,0 -72.68057189799998,-37.62223900099997,0 -72.68058855499999,-37.62170313899998,0 -72.68075047699995,-37.62132333099999,0 -72.68114892499995,-37.62103378399996,0 -72.68156885499997,-37.62078187099996,0 -72.68160710099994,-37.62075892699994,0 -72.68198337599995,-37.62022562799996,0 -72.68199171999998,-37.62020776899993,0 -72.68221088399997,-37.61964885199995,0 -72.68222864699999,-37.61907696499998,0 -72.68259553899998,-37.61884536799994,0 -72.68321623499997,-37.61851640199995,0 -72.68335792699997,-37.61844130599997,0 -72.68358699899994,-37.61829260899998,0 -72.68362002999999,-37.61770750399995,0 -72.68416552899998,-37.61751545599998,0 -72.68434372899998,-37.61756851799998,0 -72.68460886299994,-37.61771790899996,0 -72.68537393799994,-37.61770589199995,0 -72.68614333199997,-37.61753174499995,0 -72.68668547399994,-37.61744775799997,0 -72.68713188499999,-37.61755113499999,0 -72.68769636199994,-37.61772891799995,0 -72.68789661199997,-37.61803022699996,0 -72.68788764599998,-37.61804947999997,0 -72.68771987399998,-37.61840975499996,0 -72.68773203999996,-37.61843186199997,0 -72.68801816899997,-37.61895179299995,0 -72.68859722999997,-37.61911633999995,0 -72.68889056499995,-37.61931583799998,0 -72.68891572899997,-37.61935945499994,0 -72.68916138299994,-37.61978524199998,0 -72.68932853199993,-37.61996164399994,0 -72.68955290199995,-37.62019843399997,0 -72.69013114999996,-37.62041252199998,0 -72.69057835499996,-37.62046489899996,0 -72.68430855699995,-37.59649600399996,0 -72.68312914499995,-37.59198562199998,0 -72.67798823799995,-37.58021858799998,0 -72.67482038299994,-37.58003492199998,0 -72.63991206799994,-37.57800816799994,0 -72.63996889299995,-37.57807467699996,0 -72.64034392199994,-37.57855208499996,0 -72.64043122699997,-37.57866322299998,0 -72.64066432199996,-37.57910235799994,0 -72.64091171399997,-37.57950039999997,0 -72.64114416099994,-37.57996021099996,0 -72.64147238099997,-37.58051386599993,0 -72.64222401799998,-37.58178175799998,0 -72.64234250299995,-37.58214618799997,0 -72.64251327699998,-37.58250131699998,0 -72.64262105699999,-37.58279311999996,0 -72.64266323399994,-37.58310430099993,0 -72.64266643899998,-37.58341470299996,0 -72.64258746099995,-37.58385794299994,0 -72.64254033499998,-37.58411561599996,0 -72.64240488299998,-37.58428876799996,0 -72.64202548499998,-37.58477772599997,0 -72.64187769199998,-37.58492994099998,0 -72.64017703699994,-37.58588901699994,0 -72.63983372199993,-37.58605800699996,0 -72.63943582799999,-37.58630866099998,0 -72.63902396099996,-37.58659006799996,0 -72.63875858599994,-37.58676061499995,0 -72.63831811799997,-37.58712420299997,0 -72.63815634199995,-37.58730716699995,0 -72.63811641699994,-37.58737957699998,0 -72.63803222999996,-37.58753226299996,0 -72.63783049899996,-37.58774545999995,0 -72.63765442199997,-37.58796951499994,0 -72.63749068099997,-37.58821450699998,0 -72.63713786599999,-37.58868329199998,0 -72.63684191799996,-37.58899804599997,0 -72.63678635599996,-37.58911072299998,0 -72.63677392499994,-37.58917466299994,0 -72.63672424999999,-37.58943016099994,0 -72.63672627199998,-37.58950048499997,0 -72.63673972299995,-37.58996838999997,0 -72.63686015399998,-37.59027079499998,0 -72.63694193899994,-37.59056208199996,0 -72.63706966499996,-37.59081380999993,0 -72.63710101999999,-37.59087560599994,0 -72.63727374699994,-37.59116871399993,0 -72.63742956099998,-37.59158561799995,0 -72.63743143599999,-37.59193737199996,0 -72.63744760899993,-37.59224803299998,0 -72.63744365099996,-37.59226378499994,0 -72.63732863099995,-37.59272150099997,0 -72.63659201299998,-37.59402050699998,0 -72.63633141799994,-37.59444975799994,0 -72.63622288599998,-37.59457106699995,0 -72.63518582699999,-37.59573021399996,0 -72.63481024799995,-37.59609508899996,0 -72.63436544599995,-37.59659305399998,0 -72.63409183599998,-37.59702203799998,0 -72.63377826399994,-37.59748125399994,0 -72.63319974299998,-37.59871099599997,0 -72.63317822999994,-37.59897952299997,0 -72.63307351599997,-37.59941189399996,0 -72.63306597899998,-37.59964966799998,0 -72.63292130099995,-37.60011226999995,0 -72.63292020099993,-37.60055706399993,0 -72.63309031199998,-37.60093288199994,0 -72.63328837699999,-37.60124719299995,0 -72.63346367599996,-37.60166449299993,0 -72.63370269199999,-37.60191755699998,0 -72.63404467499998,-37.60220371999998,0 -72.63470986599998,-37.60254808699995,0 -72.63533870099997,-37.60280896499995,0 -72.63586653699997,-37.60297471399997,0 -72.63629205999996,-37.60308668699997,0 -72.63677993599998,-37.60328266499994,0 -72.63709522499994,-37.60347155399995,0 -72.63709526399998,-37.60347157699994,0 -72.63740518699996,-37.60365725099996,0 -72.63786152199998,-37.60402844999993,0 -72.63834482999994,-37.60436915399998,0 -72.63882454699996,-37.60482357399997,0 -72.63910191899998,-37.60509808499995,0 -72.63946240799999,-37.60562252799997,0 -72.63972286899997,-37.60602083399993,0 -72.64026332799995,-37.60661094399995,0 -72.64054018999997,-37.60705452099995,0 -72.64054025699994,-37.60705462799996,0 -72.64054032399997,-37.60705473499996,0 -72.64060985799995,-37.60716613799997,0 -72.64187049099996,-37.60821546099993,0 -72.64237624399993,-37.60867038799995,0 -72.64403458099997,-37.60968625799995,0 -72.64461865399994,-37.61013239599998,0 -72.64544442499994,-37.61074886799997,0 -72.64615422899993,-37.61133198799996,0 -72.64647031199996,-37.61161759899994,0 -72.64826841599995,-37.61336031999997,0 -72.64882264299996,-37.61392997699994,0 -72.64942658299998,-37.61457303399993,0 -72.64985672599994,-37.61495401099995,0 -72.65013222299996,-37.61529052599997,0 -72.65056690799997,-37.61594054999995,0 -72.65084306199998,-37.61625638799995,0 -72.65092947999995,-37.61640293299996,0 -72.65097751199994,-37.61650917599997,0 -72.65128814399998,-37.61719626399997,0 
						</coordinates>
					</LinearRing>
				</outerBoundaryIs>
			</Polygon>
			<Polygon>
				<outerBoundaryIs>
					<LinearRing>
						<tessellate>1</tessellate>
						<coordinates>
							-72.72621618099998,-37.46767785999998,0 -72.72631850199997,-37.46784545599996,0 -72.72648609799995,-37.46811996599996,0 -72.72649015899998,-37.46812661799993,0 -72.72678713899995,-37.46853844699996,0 -72.72697318799999,-37.46884598799994,0 -72.72738191899998,-37.46938703099994,0 -72.72757547999998,-37.46970468199993,0 -72.72818638299998,-37.47064077499994,0 -72.72830554299998,-37.47083491199993,0 -72.72875789299997,-37.47153624299995,0 -72.72891589299996,-37.47189307199994,0 -72.72891419399997,-37.47205249499996,0 -72.72891724699997,-37.47241630999997,0 -72.72889551999998,-37.47261770099993,0 -72.72872070699998,-37.47281614999997,0 -72.72859964999998,-37.47291863699996,0 -72.72855131899996,-37.47295955499993,0 -72.72844158699996,-37.47305245499996,0 -72.72798314499994,-37.47322302299995,0 -72.72746411299994,-37.47348460899997,0 -72.72698797699996,-37.47361995199998,0 -72.72697984399997,-37.47362174199998,0 -72.72631135999995,-37.47376887299998,0 -72.72559538499996,-37.47392699899996,0 -72.72505078399996,-37.47394889899994,0 -72.72471701699999,-37.47392502799994,0 -72.72435261399994,-37.47388063499994,0 -72.72433640899999,-37.47387917099996,0 -72.72316015999996,-37.47377294099994,0 -72.72264579399996,-37.47372565199998,0 -72.72141348699995,-37.47359225699995,0 -72.72095714199997,-37.47355522299995,0 -72.72093013899996,-37.47355303199998,0 -72.72077795999996,-37.47352019899995,0 -72.71899174599997,-37.47330383499997,0 -72.71841112599998,-37.47322534899996,0 -72.71800505499994,-37.47317107999993,0 -72.71767014099999,-37.47312632099994,0 -72.71717261799995,-37.47303946899996,0 -72.71618477999994,-37.47288583099999,0 -72.71597737899998,-37.47283985999997,0 -72.72456378899994,-37.48121903999998,0 -72.72318737199998,-37.48189123699996,0 -72.71898289499995,-37.48394437399998,0 -72.71019320999994,-37.48686430599997,0 -72.70472919899998,-37.48867899799995,0 -72.69824214999994,-37.48585484099993,0 -72.69809196099999,-37.48602576199994,0 -72.69776103399994,-37.48640754999997,0 -72.69762039699998,-37.48656980199996,0 -72.69722031899994,-37.48702798399995,0 -72.70489191899998,-37.49034214499994,0 -72.71199042199999,-37.50287512499995,0 -72.70130087899997,-37.50546157699995,0 -72.69864356999994,-37.50421676899998,0 -72.69803348999994,-37.50236214899996,0 -72.69668476999993,-37.50099812999997,0 -72.69382746799994,-37.50008128499996,0 -72.69340382899998,-37.49994534699994,0 -72.69329803399995,-37.50007145299998,0 -72.69307626999995,-37.50032803899995,0 -72.69281578799996,-37.50064888099996,0 -72.69269120899997,-37.50080232799996,0 -72.69263644799997,-37.50086977899997,0 -72.69260178799993,-37.50091246999995,0 -72.69258314199993,-37.50093543599996,0 -72.69257596499995,-37.50094427699997,0 -72.69254249799997,-37.50098549799998,0 -72.69249327799997,-37.50104612399997,0 -72.69203691099995,-37.50160823699997,0 -72.69157931799998,-37.50217185999998,0 -72.69653599099996,-37.50446828399998,0 -72.69801002499997,-37.50511934699995,0 -72.70287502199994,-37.50726815699994,0 -72.70374914499996,-37.50765424599996,0 -72.70377063999996,-37.50771485199994,0 -72.71580667799998,-37.50542160699996,0 -72.71571161499998,-37.50967886599994,0 -72.71541183899996,-37.52309551599996,0 -72.71574779699995,-37.52417559999998,0 -72.71586352999998,-37.52454763699996,0 -72.71639537299995,-37.52625730199998,0 -72.71639836299994,-37.52626691299997,0 -72.71821394899996,-37.53210320599993,0 -72.78238672799995,-37.49999710399993,0 -72.78219737399996,-37.49992441199998,0 -72.78209274399995,-37.49981993399996,0 -72.78203374899994,-37.49969008999994,0 -72.78207330199996,-37.49956686399997,0 -72.78210669399994,-37.49937379099998,0 -72.78223405299997,-37.49916519899995,0 -72.78231878299994,-37.49906245799997,0 -72.78233370699996,-37.49855807199998,0 -72.78248999199997,-37.49800677499996,0 -72.78240778699995,-37.49763123699995,0 -72.78184634799999,-37.49689523299998,0 -72.78117278299999,-37.49603095199996,0 -72.78103203699999,-37.49564885499996,0 -72.78080747399997,-37.49514876099994,0 -72.78053930699997,-37.49481595699996,0 -72.78051749999997,-37.49454969599998,0 -72.78021256299996,-37.49381850499998,0 -72.78027786099995,-37.49318889899996,0 -72.78012268299995,-37.49212708299996,0 -72.77972067499996,-37.49154726799998,0 -72.77931423099994,-37.49109353599994,0 -72.77893728199996,-37.49045561199995,0 -72.77834661099996,-37.48992180999994,0 -72.77773213899997,-37.48942811099994,0 -72.77722716499994,-37.48917528499993,0 -72.77677292199996,-37.48876119799996,0 -72.77629954899999,-37.48822959399996,0 -72.77561218999995,-37.48781111199997,0 -72.77508392099998,-37.48755783799993,0 -72.77471937799999,-37.48728962399997,0 -72.77407705699994,-37.48692605299993,0 -72.77376462699993,-37.48647407399994,0 -72.77350684599998,-37.48570511599996,0 -72.77350619999999,-37.48570318999998,0 -72.77345184199999,-37.48549592299997,0 -72.77327699099999,-37.48482921899995,0 -72.77314883899999,-37.48460421299995,0 -72.77303313399995,-37.48440106099997,0 -72.77265800899994,-37.48370457499993,0 -72.77221051199996,-37.48306529999996,0 -72.77162279299995,-37.48245942599993,0 -72.77152093199999,-37.48240350499998,0 -72.77116380199993,-37.48220744199995,0 -72.77014944699994,-37.48185485199997,0 -72.77000076399997,-37.48181599699996,0 -72.76967664099993,-37.48163033599997,0 -72.76943290099996,-37.48147069999993,0 -72.76923061599996,-37.48133821399995,0 -72.76890142299999,-37.48114127499997,0 -72.76851581499994,-37.48100841699994,0 -72.76810770199995,-37.48075738299997,0 -72.76718538099993,-37.48042453199997,0 -72.76677129499996,-37.48023195799993,0 -72.76636676899994,-37.47974216999995,0 -72.76591438499997,-37.47926949999993,0 -72.76538674699998,-37.47899817199993,0 -72.76511695999994,-37.47865962599997,0 -72.76498975599998,-37.47744962399997,0 -72.76475566599999,-37.47671973499996,0 -72.76423673999994,-37.47613314999995,0 -72.76359580799993,-37.47575152699994,0 -72.76237942299997,-37.47511567699996,0 -72.76074757699996,-37.47435928899995,0 -72.75973321099997,-37.47398858699995,0 -72.75925493899996,-37.47362804999995,0 -72.75892299799995,-37.47319850999997,0 -72.75867183799994,-37.47287350299996,0 -72.75859421499996,-37.47234933999994,0 -72.75863030399995,-37.47192195999997,0 -72.75858083199995,-37.47123611599994,0 -72.75810416399997,-37.47079900299997,0 -72.75760543999996,-37.47034344599996,0 -72.75729798799995,-37.46970677499996,0 -72.75704259599996,-37.46940903799998,0 -72.75678536199996,-37.46925158799996,0 -72.75630522199998,-37.46910419499994,0 -72.75598627599999,-37.46907355599996,0 -72.75575455399996,-37.46911871899994,0 -72.75427414499995,-37.46951864399995,0 -72.75277611099995,-37.46975149499997,0 -72.75175132399994,-37.46973199199994,0 -72.75157211799996,-37.46966793599995,0 -72.75115213199996,-37.46951781599995,0 -72.75007809099998,-37.46880795099997,0 -72.74947936999996,-37.46841353799994,0 -72.74902795899999,-37.46800841199996,0 -72.74899359199998,-37.46782555899995,0 -72.74896336499995,-37.46766472899998,0 -72.74901464399994,-37.46746293899997,0 -72.74915207199996,-37.46735741599997,0 -72.74929704799996,-37.46727432999995,0 -72.74951732399995,-37.46714808999997,0 -72.74987517099999,-37.46669079599997,0 -72.75001681299995,-37.46646819699998,0 -72.75017338899994,-37.46621884699994,0 -72.75025324499995,-37.46605364799996,0 -72.75032501999993,-37.46566299699998,0 -72.75026414799999,-37.46539982399997,0 -72.75025438699998,-37.46535762199994,0 -72.75022303499998,-37.46522207399994,0 -72.75022242999995,-37.46521945999996,0 -72.75022081699996,-37.46521738799999,0 -72.75009318499997,-37.46505344899998,0 -72.74998039699994,-37.46490857699996,0 -72.74994591699993,-37.46486428799994,0 -72.74990195399994,-37.46480781999998,0 -72.74957166699994,-37.46434642699995,0 -72.74916112399995,-37.46406374099996,0 -72.74847895299996,-37.46386148899995,0 -72.74847584399998,-37.46386156099993,0 -72.74762618799997,-37.46388127699998,0 -72.74686793599994,-37.46423630299995,0 -72.74644385299996,-37.46446553299995,0 -72.74590975799998,-37.46475422699996,0 -72.74505787599998,-37.46523812599997,0 -72.74426273299997,-37.46580871499998,0 -72.74383717399996,-37.46602588399998,0 -72.74319085399998,-37.46613519699997,0 -72.74262128899994,-37.46618288899998,0 -72.74199386199996,-37.46615737799993,0 -72.74180766999996,-37.46618998199995,0 -72.74118190399997,-37.46629955999998,0 -72.74074295999998,-37.46656730199993,0 -72.74046564999998,-37.46673645299995,0 -72.73976408299995,-37.46717812899993,0 -72.73942103099995,-37.46736951599996,0 -72.73918623199995,-37.46750050899993,0 -72.73856931999995,-37.46774231199998,0 -72.73855051699996,-37.46774968199998,0 -72.73811512199995,-37.46779992199998,0 -72.73756873899998,-37.46775791499994,0 -72.73756578299998,-37.46775769399994,0 -72.73730254699996,-37.46773800399995,0 -72.73716208099995,-37.46763518499995,0 -72.73694676899999,-37.46743557099995,0 -72.73687912599996,-37.46734805299997,0 -72.73685606099997,-37.46731821099996,0 -72.73657001899994,-37.46717413899995,0 -72.73604107499995,-37.46698959699995,0 -72.73523597799993,-37.46673746999994,0 -72.73479375999995,-37.46657950099996,0 -72.73432338699996,-37.46631883799995,0 -72.73380570699999,-37.46607221599993,0 -72.73358326499994,-37.46598572799996,0 -72.73332425599995,-37.46581631899994,0 -72.73296063299995,-37.46554025999995,0 -72.73263130099997,-37.46526734899993,0 -72.73233456399998,-37.46495021699997,0 -72.73224378199995,-37.46485130499997,0 -72.73187314799998,-37.46444555099998,0 -72.73164785199998,-37.46424688899998,0 -72.73126557499995,-37.46396797399996,0 -72.73077396499997,-37.46368695799998,0 -72.73052618099996,-37.46354805399994,0 -72.72989954699995,-37.46319677299994,0 -72.72959021899999,-37.46298652499996,0 -72.72940812799999,-37.46281124399997,0 -72.72934724499999,-37.46275263799998,0 -72.72907208999999,-37.46265267099994,0 -72.72880978799998,-37.46259281499994,0 -72.72867226599993,-37.46259266199996,0 -72.72816188299998,-37.46262270999995,0 -72.72792511199998,-37.46270037399995,0 -72.72780207799997,-37.46273787099994,0 -72.72766771199997,-37.46283992799994,0 -72.72755513699997,-37.46294489599995,0 -72.72743017499994,-37.46314928499993,0 -72.72739309699995,-37.46323826499997,0 -72.72731877199993,-37.46347352599997,0 -72.72730416499996,-37.46354300699994,0 -72.72722290999997,-37.46364252099994,0 -72.72721003099997,-37.46365829499996,0 -72.72716640399995,-37.46375711499996,0 -72.72708020699997,-37.46391989499995,0 -72.72699856599996,-37.46403542299998,0 -72.72693367499994,-37.46411390199995,0 -72.72665221099999,-37.46468650899993,0 -72.72655863199998,-37.46488651699997,0 -72.72645666199998,-37.46505397599998,0 -72.72640512599997,-37.46520745499998,0 -72.72632296299997,-37.46549488499994,0 -72.72623211399997,-37.46591419699996,0 -72.72614085699996,-37.46624380699996,0 -72.72612511599993,-37.46635063799994,0 -72.72613935699997,-37.46696381799995,0 -72.72614572599997,-37.46737254299995,0 -72.72621618099998,-37.46767785999998,0 
						</coordinates>
					</LinearRing>
				</outerBoundaryIs>
			</Polygon>
		</MultiGeometry>
	</Placemark>
	<Placemark>
		<name>LOS GUINDOS</name>
		<description><![CDATA[<p>COMUNA: NACIMIENTO
<br/>DISTRITO: 3
<br/>LOC_ZON: 21
<br/>NOMBRE_LOCALIDAD: LOS GUINDOS
<br/>GEOCODIGO: 8306032021</p>]]></description>
		<styleUrl>#style1</styleUrl>
		<ExtendedData>
			<Data name="NOM_COMUNA">
				<displayName>NOM_COMUNA</displayName>
				<value>NACIMIENTO</value>
			</Data>
			<Data name="DISTRITO">
				<displayName>DISTRITO</displayName>
				<value>3</value>
			</Data>
			<Data name="LOC_ZON">
				<displayName>LOC_ZON</displayName>
				<value>21</value>
			</Data>
			<Data name="NOM_LOCALI">
				<displayName>NOM_LOCALI</displayName>
				<value>LOS GUINDOS</value>
			</Data>
			<Data name="GEOCODIGO">
				<displayName>GEOCODIGO</displayName>
				<value>8306032021</value>
			</Data>
		</ExtendedData>
		<MultiGeometry>
			<Polygon>
				<outerBoundaryIs>
					<LinearRing>
						<tessellate>1</tessellate>
						<coordinates>
							-72.87092691699996,-37.52770725799996,0 -72.86985702899995,-37.52853370899993,0 -72.86803630999998,-37.53275106499996,0 -72.87004164499996,-37.53341649099997,0 -72.87074273599995,-37.53749917999994,0 -72.87104626499996,-37.53807282599996,0 -72.87496751899994,-37.53650104199994,0 -72.87649192499998,-37.53870250799997,0 -72.87686099899997,-37.53923550699994,0 -72.87764865799994,-37.54037297299993,0 -72.87619543499994,-37.54235804699994,0 -72.87436538899993,-37.54257014799998,0 -72.86889662999994,-37.55730694999994,0 -72.86821478199994,-37.55914408299998,0 -72.87540159999998,-37.55920215299994,0 -72.87902983799995,-37.55953186999994,0 -72.89214482599994,-37.56072274599995,0 -72.90042676699994,-37.56079455199995,0 -72.90039765199998,-37.55943996699995,0 -72.90034076099994,-37.55679306099995,0 -72.90030987299997,-37.55535596699997,0 -72.89983629399995,-37.54662051099996,0 -72.89728565299998,-37.53827725999997,0 -72.89307780299998,-37.53346326999997,0 -72.89287528799997,-37.53361164399996,0 -72.89237284799998,-37.53392260099997,0 -72.89226010699997,-37.53420897299998,0 -72.89187713199993,-37.53452206099996,0 -72.89150080599995,-37.53457391699993,0 -72.89127898999999,-37.53448884699998,0 -72.89103223199999,-37.53420957199995,0 -72.89079359599998,-37.53416925999994,0 -72.89051993899994,-37.53431757399994,0 -72.89039069399996,-37.53466222699996,0 -72.89017471199998,-37.53489718599997,0 -72.88990397099997,-37.53494191199997,0 -72.88948983399996,-37.53475426799997,0 -72.88919689399995,-37.53453274199995,0 -72.88892983699998,-37.53444685799997,0 -72.88872834199998,-37.53442403299994,0 -72.88867310599994,-37.53441777599994,0 -72.88864641099997,-37.53441475199998,0 -72.88859310099997,-37.53440991699995,0 -72.88821324099996,-37.53437546199996,0 -72.88817900099997,-37.53432815999997,0 -72.88816363699993,-37.53430693499996,0 -72.88816285199994,-37.53430584999995,0 -72.88805462399995,-37.53415633499998,0 -72.88814007099995,-37.53395846599994,0 -72.88816727599993,-37.53389546799997,0 -72.88827861399994,-37.53363764499994,0 -72.88829357499998,-37.53358534999995,0 -72.88841200299998,-37.53317140599995,0 -72.88854087399994,-37.53284026599994,0 -72.88855192499994,-37.53244844099993,0 -72.88870750699994,-37.53224845299997,0 -72.88906496899995,-37.53231342399994,0 -72.88932243499994,-37.53218735399997,0 -72.88928424799997,-37.53196136999998,0 -72.88924509999998,-37.53174438199994,0 -72.88901416499994,-37.53145637299997,0 -72.88872091299999,-37.53122132199996,0 -72.88851497099995,-37.53110048199994,0 -72.88819549199997,-37.53112961999994,0 -72.88818453799996,-37.53113061899995,0 -72.88764219099994,-37.53125158999995,0 -72.88731017499998,-37.53136280399997,0 -72.88699356799998,-37.53142923399997,0 -72.88676502899995,-37.53158285299997,0 -72.88652716699994,-37.53151551099995,0 -72.88645719299996,-37.53133852299993,0 -72.88611699899997,-37.53118823899996,0 -72.88592425399997,-37.53112620899998,0 -72.88572378599997,-37.53081170399997,0 -72.88557824799994,-37.53065589299996,0 -72.88582971399995,-37.53024133799994,0 -72.88585066399997,-37.53002542499996,0 -72.88573857499995,-37.52976206799997,0 -72.88558162799995,-37.52948439099998,0 -72.88545526199994,-37.52917571799998,0 -72.88522040499998,-37.52902731899997,0 -72.88521370199999,-37.52873881399995,0 -72.88506511499997,-37.52869109199997,0 -72.88460216499993,-37.52865576099998,0 -72.88409448399995,-37.52860160199998,0 -72.88385892499997,-37.52845318699997,0 -72.88386592599994,-37.52820548199998,0 -72.88341986099994,-37.52809835199997,0 -72.88306140599997,-37.52806939499993,0 -72.88276074299995,-37.52812258099993,0 -72.88225242999994,-37.52809093299993,0 -72.88199802599996,-37.52810889899996,0 -72.88167091599996,-37.52802192099995,0 -72.88134316999998,-37.52795746099997,0 -72.88097165699998,-37.52786517899995,0 -72.88082855599998,-37.52762379099994,0 -72.88047176099997,-37.52753627799996,0 -72.88020116999996,-37.52757647899995,0 -72.88008979499995,-37.52781329799996,0 -72.87997982299999,-37.52800057499996,0 -72.87970871899995,-37.52805878999993,0 -72.87917084799994,-37.52802209199996,0 -72.87860788299997,-37.52782272399998,0 -72.87778306699994,-37.52733026199996,0 -72.87733391799998,-37.52680850199994,0 -72.87726537499998,-37.52658196899995,0 -72.87730151499994,-37.52637984799998,0 -72.87724717799995,-37.52617610099998,0 -72.87722310999999,-37.52617566799995,0 -72.87684356499994,-37.52616884199995,0 -72.87632246899994,-37.52606484299997,0 -72.87595472399994,-37.52592842599995,0 -72.87595224899997,-37.52592750799994,0 -72.87572785399993,-37.52590995199995,0 -72.87481083799997,-37.52605115799997,0 -72.87425238699996,-37.52621683699994,0 -72.87418373799994,-37.52651750299998,0 -72.87419321199997,-37.52670692599997,0 -72.87386145399995,-37.52680909599997,0 -72.87370929899998,-37.52688746299998,0 -72.87319740699996,-37.52700817299996,0 -72.87291044699998,-37.52707584199993,0 -72.87236913199996,-37.52716071299994,0 -72.87222695399998,-37.52720060599995,0 -72.87164481799994,-37.52736394399994,0 -72.87139981399997,-37.52754877899997,0 -72.87108148499993,-37.52770074799997,0 -72.87092691699996,-37.52770725799996,0 
						</coordinates>
					</LinearRing>
				</outerBoundaryIs>
			</Polygon>
			<Polygon>
				<outerBoundaryIs>
					<LinearRing>
						<tessellate>1</tessellate>
						<coordinates>
							-72.93577693299994,-37.51910315899994,0 -72.93523772099996,-37.51911625999998,0 -72.93509850199996,-37.51908655899996,0 -72.93498463399999,-37.51906226599993,0 -72.93502158899997,-37.51933778299997,0 -72.93540247799996,-37.51965536199998,0 -72.93556356699997,-37.51978885499994,0 -72.93551112999995,-37.52004928899999,0 -72.93519898299996,-37.52052147199998,0 -72.93492670199998,-37.52062485499994,0 -72.93468745999996,-37.52060715199997,0 -72.93444946099999,-37.52054440899997,0 -72.93406505499996,-37.52037997099995,0 -72.93390135899995,-37.52034105799993,0 -72.93352570899998,-37.52039756799996,0 -72.93315018299995,-37.52044957299995,0 -72.93299772599994,-37.52054153099994,0 -72.93301954299994,-37.52085283099996,0 -72.93302556199995,-37.52117286599997,0 -72.93321832499998,-37.52123481899997,0 -72.93337966099995,-37.52135930699995,0 -72.93331659699999,-37.52146634799993,0 -72.93316314399993,-37.52159433699995,0 -72.93291265499994,-37.52160789899995,0 -72.93284868799998,-37.52161136199993,0 -72.93257876199993,-37.52162916599997,0 -72.93249948599998,-37.52178548899997,0 -72.93234640299994,-37.52189996599998,0 -72.93211872999996,-37.52202665299995,0 -72.93196154199995,-37.52228975699995,0 -72.93178901199997,-37.52257061599994,0 -72.93163489299997,-37.52274815799996,0 -72.93122958199996,-37.52277710499993,0 -72.93084181199998,-37.52273425999994,0 -72.93023850899993,-37.52289040899996,0 -72.92964913599997,-37.52310537699998,0 -72.92936000199995,-37.52328054799995,0 -72.92923423299999,-37.52348111399994,0 -72.92925802699995,-37.52372035199994,0 -72.92938909199995,-37.52383980799993,0 -72.92962535399994,-37.52396561499995,0 -72.92967750799994,-37.52422788099994,0 -72.93001950699994,-37.52431498699997,0 -72.93019967199996,-37.52429561499997,0 -72.93059238799998,-37.52418534299994,0 -72.93081646199994,-37.52418926999997,0 -72.93099115099994,-37.52436806799994,0 -72.93098679599996,-37.52452570299994,0 -72.93080103099999,-37.52474774999996,0 -72.93070727599996,-37.52489029999998,0 -72.93069682999999,-37.52498331199996,0 -72.93069257499997,-37.52502119399998,0 -72.93068757799995,-37.52506569099995,0 -72.93075889699998,-37.52519761599996,0 -72.93107000899994,-37.52530220199998,0 -72.93159715799999,-37.52518977599993,0 -72.93195786499996,-37.52513751699996,0 -72.93204340799997,-37.52529222099997,0 -72.93187373199999,-37.52546949099997,0 -72.93167312299994,-37.52569127799995,0 -72.93175468499999,-37.52599010699998,0 -72.93180519199996,-37.52633795699995,0 -72.93196330199999,-37.52657954799997,0 -72.93224124999995,-37.52680971899997,0 -72.93229005699999,-37.52719358799993,0 -72.93210267199998,-37.52747418699994,0 -72.93167361799993,-37.52784968399993,0 -72.93138583799998,-37.52797531699997,0 -72.93099633899999,-37.52796849099997,0 -72.93064109599999,-37.52782257699994,0 -72.93043820399998,-37.52758921199995,0 -72.93036062799996,-37.52714625999994,0 -72.93025361399998,-37.52669377899997,0 -72.93017442199994,-37.52630937599997,0 -72.92995424099996,-37.52613879199998,0 -72.92973215299997,-37.52606279999998,0 -72.92944466699998,-37.52615238499993,0 -72.92930674899998,-37.52628064199996,0 -72.92933605799993,-37.52641616799997,0 -72.92938007199996,-37.52662042799994,0 -72.92925257599995,-37.52653295099998,0 -72.92912400699998,-37.52644415999998,0 -72.92911319599995,-37.52643271099998,0 -72.92905982499997,-37.52637619399997,0 -72.92880381999998,-37.52610509499993,0 -72.92852652199997,-37.52571778899994,0 -72.92841502099998,-37.52556205399998,0 -72.92815043799999,-37.52538618099993,0 -72.92762689799997,-37.52536797899995,0 -72.92711883099997,-37.52540393299995,0 -72.92711670599994,-37.52540408299996,0 -72.92657451199995,-37.52535147799995,0 -72.92654963099994,-37.52534906399995,0 -72.92608792099998,-37.52526885699996,0 -72.92600897099999,-37.52527715699995,0 -72.92542687599996,-37.52533835099996,0 -72.92507018199996,-37.52547992599995,0 -72.92473110599997,-37.52561450799993,0 -72.92417454799994,-37.52569033799995,0 -72.92369799599999,-37.52560986099996,0 -72.92319997899995,-37.52576782399996,0 -72.92308759399998,-37.52594210899997,0 -72.92291841899998,-37.52620446299994,0 -72.92243528499995,-37.52633564899998,0 -72.92177418399996,-37.52643215699993,0 -72.92151072799999,-37.52666368199993,0 -72.92146754999999,-37.52670162699997,0 -72.92094412799997,-37.52667889199995,0 -72.92090819599997,-37.52670186799998,0 -72.92066980499999,-37.52685430199995,0 -72.92036454099997,-37.52707422699996,0 -72.92016481299999,-37.52723743199994,0 -72.91967862099995,-37.52750373299995,0 -72.91908609699993,-37.52780420699997,0 -72.91856062199997,-37.52788055799994,0 -72.91821974799996,-37.52775288399994,0 -72.91815145499999,-37.52751285999994,0 -72.91796131999996,-37.52735630099994,0 -72.91767715299994,-37.52735128899997,0 -72.91733227499998,-37.52736773499998,0 -72.91689361299996,-37.52752671899998,0 -72.91657804699997,-37.52755719799995,0 -72.91649060899994,-37.52749707699996,0 -72.91652393199996,-37.52736698999996,0 -72.91633417699995,-37.52719691699997,0 -72.91599030199995,-37.52717732899998,0 -72.91565951699994,-37.52722105499998,0 -72.91530079699999,-37.52720120299995,0 -72.91488224499994,-37.52717128099994,0 -72.91476152799999,-37.52721420899996,0 -72.91460673199998,-37.52741424599998,0 -72.91424399699997,-37.52753851299997,0 -72.91389974499998,-37.52753242999995,0 -72.91366002399997,-37.52750234699994,0 -72.91348181899997,-37.52747998299998,0 -72.91310687399994,-37.52750940399994,0 -72.91263826299996,-37.52767685399994,0 -72.91231603999995,-37.52794602399996,0 -72.91206781899996,-37.52827508099995,0 -72.91189306599995,-37.52863247199997,0 -72.91127320199996,-37.52884680799997,0 -72.91095762899994,-37.52887727199993,0 -72.91048144999996,-37.52878322999993,0 -72.91013819799997,-37.52874110499994,0 -72.90968366399994,-37.52893582899998,0 -72.90959804499994,-37.52931732499997,0 -72.90960220199997,-37.52970041199995,0 -72.90953552799994,-37.52996058099995,0 -72.90902555199995,-37.52998759699994,0 -72.90877446299999,-37.52986148599996,0 -72.90868713999998,-37.52990482699994,0 -72.90838000499997,-37.53005726899994,0 -72.90804215599996,-37.53035318599996,0 -72.90786423199995,-37.53082316599995,0 -72.90783629799995,-37.53129129799999,0 -72.90772311599994,-37.53159570199995,0 -72.90736060199998,-37.53171093899994,0 -72.90706094599994,-37.53172815599993,0 -72.90684633199999,-37.53189107399993,0 -72.90661820799994,-37.53203122199994,0 -72.90638158499996,-37.53191887999998,0 -72.90618718099995,-37.53191543199995,0 -72.90589959799996,-37.53203199399996,0 -72.90561050199994,-37.53220259999995,0 -72.90519908499994,-37.53244763699996,0 -72.90494433899994,-37.53245212799993,0 -72.90467928699996,-37.53229421899994,0 -72.90440863899994,-37.53236151099998,0 -72.90397357899997,-37.53238983499995,0 -72.90361610099995,-37.53232490799996,0 -72.90323979199997,-37.53237680299998,0 -72.90256680099998,-37.53236484699994,0 -72.90215941199995,-37.53246575299994,0 -72.90204998799999,-37.53246634299995,0 -72.90177035099998,-37.53246784999993,0 -72.90146039099994,-37.53232265299994,0 -72.90123087699999,-37.53253614099998,0 -72.90377794199998,-37.53819198799994,0 -72.90455631999998,-37.54383339999998,0 -72.90382045099994,-37.54460883799993,0 -72.90626901199994,-37.55832620099994,0 -72.90946780899998,-37.55708445299996,0 -72.91088333699997,-37.56524229799993,0 -72.92574057299998,-37.56282188499995,0 -72.92512388199998,-37.55637187699995,0 -72.92486996399998,-37.55371589499998,0 -72.93180618499997,-37.55499166799996,0 -72.93999970499993,-37.55649811799998,0 -72.94368087499998,-37.55717472899994,0 -72.96098508899996,-37.56345286199996,0 -72.96740820799994,-37.56578232799995,0 -72.99399148599997,-37.58020867899995,0 -72.99597723399995,-37.58128608599998,0 -72.99516300699997,-37.58192453999993,0 -72.99562036299994,-37.58191291099996,0 -72.99754324699995,-37.58294089299994,0 -73.01260686599994,-37.59099295099998,0 -73.02057740799995,-37.59379229799998,0 -73.03387002999995,-37.59845999899994,0 -73.04444439399998,-37.58512170999995,0 -73.04423307599995,-37.58499213599998,0 -73.04361849499998,-37.58461528999993,0 -73.04358123699996,-37.58458709399997,0 -73.04277345499997,-37.58397577699998,0 -73.04266791799995,-37.58389590799993,0 -73.04220615399998,-37.58354645199995,0 -73.04158820599997,-37.58309993999995,0 -73.04058492099995,-37.58237499399996,0 -73.04052675099996,-37.58233263999995,0 -73.04044043999994,-37.58226979599993,0 -73.04028302899997,-37.58215518399993,0 -73.03979513299998,-37.58179993599998,0 -73.03925495799996,-37.58140662299996,0 -73.03904327199996,-37.58124395599998,0 -73.03867358399998,-37.58095987099995,0 -73.03812529099997,-37.58061840299996,0 -73.03750647999993,-37.58023300999997,0 -73.03603860799996,-37.57966785799994,0 -73.03401550699994,-37.57940920899995,0 -73.03299919199998,-37.57927927499998,0 -73.03266087599997,-37.57918397399993,0 -73.03148595899995,-37.57885299899993,0 -73.03014656999994,-37.57822232499996,0 -73.03021008099995,-37.57777277699995,0 -73.03092245099998,-37.57643379799998,0 -73.03109166999997,-37.57611573199995,0 -73.03277556099994,-37.57489562999996,0 -73.03326921799999,-37.57385844599997,0 -73.03332633399998,-37.57324276099996,0 -73.03332848599996,-37.57321956799996,0 -73.03309338699995,-37.57247214499995,0 -73.03205106499996,-37.57185095099993,0 -73.03002869199997,-37.57144320299994,0 -73.02960235199998,-37.57121687799997,0 -73.02827349599994,-37.57051145099996,0 -73.02806553399995,-37.57040105099998,0 -73.02781983499995,-37.57000788499994,0 -73.02761876099999,-37.56968612799994,0 -73.02742509299998,-37.56900697799995,0 -73.02729691299999,-37.56863999899997,0 -73.02707046799998,-37.56799168599997,0 -73.02657783199999,-37.56740666999997,0 -73.02633500999997,-37.56721667899996,0 -73.02583045599994,-37.56682189599996,0 -73.02580382699995,-37.56624917699997,0 -73.02603040899999,-37.56568069399998,0 -73.02604888499997,-37.56498077099997,0 -73.02606060899996,-37.56453665199996,0 -73.02586053099998,-37.56378087599995,0 -73.02579101199996,-37.56351827199995,0 -73.02459853099998,-37.56311430299996,0 -73.02432177199995,-37.56302054599996,0 -73.02360783899996,-37.56280581799996,0 -73.02328054999998,-37.56241813499997,0 -73.02303289299994,-37.56212477999998,0 -73.02124184899998,-37.56098175999995,0 -73.02020252799997,-37.56025687399995,0 -73.01902518999998,-37.55993520999994,0 -73.01790424099994,-37.55957804799993,0 -73.01768157999999,-37.55950710199994,0 -73.01706333799996,-37.55939235999995,0 -73.01607979999994,-37.55920982199996,0 -73.01427170599999,-37.55874232299993,0 -73.01388215499998,-37.55847340199995,0 -73.01331496899996,-37.55808185199993,0 -73.01325138799996,-37.55730573499994,0 -73.01399298099994,-37.55647557799995,0 -73.01539854499998,-37.55616576999995,0 -73.01636232299995,-37.55595688099993,0 -73.01642111799998,-37.55594413799997,0 -73.01659634799995,-37.55571276599994,0 -73.01661583599997,-37.55556447499998,0 -73.01664952799996,-37.55530811199998,0 -73.01628531199998,-37.55466212599998,0 -73.01597691299997,-37.55351239499998,0 -73.01595956699998,-37.55256582399994,0 -73.01616922799997,-37.55238182199997,0 -73.01606077099996,-37.55211067999994,0 -73.01602559299994,-37.55202273299994,0 -73.01491200499999,-37.55119468099997,0 -73.01307030199996,-37.55033807499996,0 -73.01294722299997,-37.55025217599996,0 -73.01169973299994,-37.54938153199998,0 -73.01068292899998,-37.54888745899996,0 -73.01035989699994,-37.54873048499996,0 -73.00967243199995,-37.54839643499997,0 -73.00915846799995,-37.54755410599995,0 -73.00798639599998,-37.54714746999997,0 -73.00775934499995,-37.54706869499995,0 -73.00702885099997,-37.54670065999994,0 -73.00663745899993,-37.54650347699993,0 -73.00588908899994,-37.54612642899997,0 -73.00503248299998,-37.54536975999997,0 -73.00429013499996,-37.54514705799994,0 -73.00374757399999,-37.54498428799997,0 -73.00294969699996,-37.54496766599993,0 -73.00274120499995,-37.54496332199994,0 -73.00237700399998,-37.54495573399998,0 -73.00141194899999,-37.54492245599994,0 -73.00125363599994,-37.54491699699997,0 -73.00113492599996,-37.54491290399994,0 -73.00072950399993,-37.54484744999996,0 -72.99910853899996,-37.54458573299996,0 -72.99839378699994,-37.54447032399997,0 -72.99728019899999,-37.54428472599994,0 -72.99619516499996,-37.54419906599998,0 -72.99453905999997,-37.54417051199994,0 -72.99446582999997,-37.54416034099995,0 -72.99379535299994,-37.54406721899994,0 -72.99351113299997,-37.54402774399995,0 -72.99309655799993,-37.54385682599997,0 -72.99188358099997,-37.54335673599996,0 -72.99115546599995,-37.54294270999998,0 -72.99069860999998,-37.54227170199994,0 -72.99058576799996,-37.54169338599996,0 -72.99058439599997,-37.54168635499997,0 -72.99062023799996,-37.54156779999994,0 -72.99076999399995,-37.54107245399996,0 -72.99081940599996,-37.54104452599995,0 -72.99098510999994,-37.54095086699994,0 -72.99109835899998,-37.54088685599993,0 -72.99114118899996,-37.54047282999994,0 -72.99098919299996,-37.54019647299998,0 -72.99098414499997,-37.54018729399996,0 -72.99086685199995,-37.54015242299994,0 -72.99045590499998,-37.54003024999997,0 -72.98992451299995,-37.53978169599998,0 -72.98957074499998,-37.53961622399993,0 -72.98860597699996,-37.53931681299997,0 -72.98832866699996,-37.53923075099993,0 -72.98784597099996,-37.53889286599997,0 -72.98747206099995,-37.53863112699997,0 -72.98690844899994,-37.53789598099996,0 -72.98681532899997,-37.53777452099996,0 -72.98625853599998,-37.53703212899995,0 -72.98625033199994,-37.53699979599998,0 -72.98616549199994,-37.53666542999997,0 -72.98613843499999,-37.53655879299998,0 -72.98601582999999,-37.53607558599998,0 -72.98631564299995,-37.53451941799995,0 -72.98638968499995,-37.53397335999995,0 -72.98642985699996,-37.53367708899998,0 -72.98651551699999,-37.53250639399994,0 -72.98657754899995,-37.53224999899993,0 -72.98671562599998,-37.53167927899995,0 -72.98672966899994,-37.53162123499993,0 -72.98671539199995,-37.53120720799996,0 -72.98661545499994,-37.53063613799998,0 -72.98648766299993,-37.53027672699994,0 -72.98640962799993,-37.53005725099996,0 -72.98638702599999,-37.52999368299993,0 -72.98616494099997,-37.52968469599995,0 -72.98612310299995,-37.52962648599998,0 -72.98607088899996,-37.52955383999995,0 -72.98605866099996,-37.52953682699996,0 -72.98573316999995,-37.52922802799998,0 -72.98550186699998,-37.52900858599997,0 -72.98533850299998,-37.52885319099994,0 -72.98491651999996,-37.52845179299993,0 -72.98448821699998,-37.52763801699996,0 -72.98448562899995,-37.52762611199995,0 -72.98427406499997,-37.52665291999995,0 -72.98430261899995,-37.52573920699996,0 -72.98450364199994,-37.52502067199998,0 -72.98472383499995,-37.52423360199998,0 -72.98476035299996,-37.52410306899998,0 -72.98497362699999,-37.52334070999996,0 -72.98570174199995,-37.52265542599997,0 -72.98599460199995,-37.52252094899995,0 -72.98584299499998,-37.52251836299996,0 -72.98540750499996,-37.52259204199993,0 -72.98500402499997,-37.52255361399995,0 -72.98463081899996,-37.52252020699996,0 -72.98413514399994,-37.52257032299997,0 -72.98366877099994,-37.52266149299993,0 -72.98289963199994,-37.52288717699997,0 -72.98261134499995,-37.52303545799998,0 -72.98257160799994,-37.52338174799996,0 -72.98256910199996,-37.52402607599998,0 -72.98273748799994,-37.52444351299994,0 -72.98288993899996,-37.52490123299998,0 -72.98282328099998,-37.52517045899998,0 -72.98265724099997,-37.52521718899993,0 -72.98242820199994,-37.52537098799996,0 -72.98227455699998,-37.52553508699998,0 -72.98216194799994,-37.52580352799998,0 -72.98199430699998,-37.52593584499994,0 -72.98167913099996,-37.52595298699998,0 -72.98126625299994,-37.52589961499996,0 -72.98115689799994,-37.52588547899995,0 -72.98086140199996,-37.52574974899994,0 -72.98078295799996,-37.52562742699996,0 -72.98068901699997,-37.52548094099996,0 -72.98060902899994,-37.52499934899998,0 -72.98058619099999,-37.52486184899993,0 -72.98055188199999,-37.52445571399994,0 -72.98056256999996,-37.52405936099996,0 -72.98070074099996,-37.52394456599995,0 -72.98098842799999,-37.52381880999997,0 -72.98112625599998,-37.52369049099997,0 -72.98135881199994,-37.52340607799994,0 -72.98146658599995,-37.52329076199993,0 -72.98148567899995,-37.52313337599998,0 -72.98135513699998,-37.52299145499995,0 -72.98114592499996,-37.52296084099993,0 -72.98085848499994,-37.52307758999996,0 -72.97987368299994,-37.52351135099997,0 -72.97926849699996,-37.52376685299998,0 -72.97887840099997,-37.52378270599996,0 -72.97867427099999,-37.52358995599997,0 -72.97847695099995,-37.52314498099997,0 -72.97820594299998,-37.52262664599994,0 -72.97815690199997,-37.52224278899996,0 -72.97782129499996,-37.52191710899996,0 -72.97776704899997,-37.52169988799994,0 -72.97759103499999,-37.52156619599998,0 -72.97732111499994,-37.52158410199996,0 -72.97685194399997,-37.52177883699994,0 -72.97625649499997,-37.52222374599995,0 -72.97581092999997,-37.52258472299997,0 -72.97576628799999,-37.52262088999998,0 -72.97570814599999,-37.52261612999996,0 -72.97555742199995,-37.52260378999995,0 -72.97530453399997,-37.52254087399996,0 -72.97521431699994,-37.52247104199995,0 -72.97508425699993,-37.52237037099997,0 -72.97487016799994,-37.52199719999993,0 -72.97477042499997,-37.52181524599996,0 -72.97451814999994,-37.52172980799998,0 -72.97424761999997,-37.52177022799998,0 -72.97413679199997,-37.52199813599998,0 -72.97396124999995,-37.52239616499998,0 -72.97395284299995,-37.52270694099997,0 -72.97387304199998,-37.52288581399995,0 -72.97363024599997,-37.52299880499993,0 -72.97337416499994,-37.52308002499996,0 -72.97290585199994,-37.52321617999996,0 -72.97269503399997,-37.52327113899997,0 -72.97251036799997,-37.52345722299998,0 -72.97251716499994,-37.52375474099995,0 -72.97240925499995,-37.52387455199994,0 -72.97213676499996,-37.52398702999994,0 -72.97177474499995,-37.52408895599996,0 -72.97144473099996,-37.52410581699996,0 -72.97135581199996,-37.52409468599996,0 -72.97123610599994,-37.52407970099995,0 -72.97079468399994,-37.52379724399998,0 -72.97054277299998,-37.52369828599996,0 -72.97027345499998,-37.52369365599998,0 -72.97000157299993,-37.52378360899996,0 -72.96973030099997,-37.52385104199993,0 -72.96952131099994,-37.52383843499996,0 -72.96935990699996,-37.52371399499998,0 -72.96923146399996,-37.52349549399997,0 -72.96922431399997,-37.52321148799996,0 -72.96929565899995,-37.52277111899997,0 -72.96915335099999,-37.52251633099996,0 -72.96891824499994,-37.52234556199994,0 -72.96810829199995,-37.52185848599999,0 -72.96780257099994,-37.52162711899996,0 -72.96778537599994,-37.52161410599996,0 -72.96778496099995,-37.52161244399997,0 -72.96773115999997,-37.52139688099993,0 -72.96755675399999,-37.52120462299996,0 -72.96748424599997,-37.52117496699998,0 -72.96724621399994,-37.52107761299993,0 -72.96684214299995,-37.52106164299994,0 -72.96646956699993,-37.52100565899997,0 -72.96604693999996,-37.52057931299998,0 -72.96575626499998,-37.52026789199994,0 -72.96543018199998,-37.52014060899995,0 -72.96522218199993,-37.52009196299997,0 -72.96518837199994,-37.52006860399996,0 -72.96507502499998,-37.51999029299998,0 -72.96496230099996,-37.51974051599996,0 -72.96467138799994,-37.51943809999995,0 -72.96466848899996,-37.51942399599994,0 -72.96463141399994,-37.51924364999996,0 -72.96477412799999,-37.51896222699997,0 -72.96483998699995,-37.51872453999994,0 -72.96490912299998,-37.51839228199998,0 -72.96490095999997,-37.51834089899995,0 -72.96487107899998,-37.51815280399995,0 -72.96480031699997,-37.51799837799996,0 -72.96457750799993,-37.51792243899996,0 -72.96435577299997,-37.51783300099993,0 -72.96432954199997,-37.51767934199995,0 -72.96424724299999,-37.51740305199996,0 -72.96408586199993,-37.51727860499994,0 -72.96378688199997,-37.51727344899996,0 -72.96354528699999,-37.51736841599995,0 -72.96334212599999,-37.51766231299996,0 -72.96318625199996,-37.51790745799997,0 -72.96275412699998,-37.51837764599998,0 -72.96219223399999,-37.51867886799994,0 -72.96181538499997,-37.51878050899995,0 -72.96150023599995,-37.51879759799994,0 -72.96129297799996,-37.51872192199994,0 -72.96108660799996,-37.51858768199997,0 -72.96086352699996,-37.51854778099994,0 -72.96057742399995,-37.51861493599995,0 -72.96031806299999,-37.51879069899996,0 -72.96019762899994,-37.51882466699993,0 -72.96000647199998,-37.51867716899994,0 -72.95964139799997,-37.51834642299997,0 -72.95930490899997,-37.51805672499995,0 -72.95911249799997,-37.51798130199995,0 -72.95904939099995,-37.51800473599997,0 -72.95896176499997,-37.51803727499998,0 -72.95889972299994,-37.51810829999994,0 -72.95877081999998,-37.51845303899995,0 -72.95870656799997,-37.51860513399998,0 -72.95860535499997,-37.51875798399993,0 -72.95859741699996,-37.51876997199997,0 -72.95860575399996,-37.51900893799996,0 -72.95861310999999,-37.51928393599997,0 -72.95851781899995,-37.51948506099995,0 -72.95810992399998,-37.51963571999994,0 -72.95780863199997,-37.51968908699996,0 -72.95748093999998,-37.51964736999997,0 -72.95715217199995,-37.51961915099997,0 -72.95696134299999,-37.51969170499996,0 -72.95665339999994,-37.51980878699993,0 -72.95624614499997,-37.51990988399996,0 -72.95594641799994,-37.51993173099993,0 -72.95573722799998,-37.51990107299997,0 -72.95553157099994,-37.51976683499998,0 -72.95538823999993,-37.51952553099994,0 -72.95524364899995,-37.51935630299994,0 -72.95507920499995,-37.51934444199998,0 -72.95498155099995,-37.51942593099994,0 -72.95492579199998,-37.51947246099996,0 -72.95470624099994,-37.51984716799996,0 -72.95437230799996,-37.52000810699997,0 -72.95436675899998,-37.52000980099996,0 -72.95399507299999,-37.52012323299994,0 -72.95355394099994,-37.52037693999995,0 -72.95334237999998,-37.52045888799995,0 -72.95302599299998,-37.52052099299993,0 -72.95277239499995,-37.52048505399995,0 -72.95257641499995,-37.52054023399995,0 -72.95233294899998,-37.52070273599998,0 -72.95215181199995,-37.52075817299993,0 -72.95201680599996,-37.52075583099997,0 -72.95153827899998,-37.52074752899995,0 -72.95091310599997,-37.52061952199995,0 -72.95051203499997,-37.52051686099998,0 -72.95021436699994,-37.52044066799994,0 -72.95003022899994,-37.52043106199994,0 -72.94982597899997,-37.52042040599997,0 -72.94959861699994,-37.52051108499995,0 -72.94937413599996,-37.52058807499998,0 -72.94923596999996,-37.52063546199997,0 -72.94920581299994,-37.52062835699996,0 -72.94886427599994,-37.52054789599998,0 -72.94810817699994,-37.52026889899997,0 -72.94775429099997,-37.52007349299998,0 -72.94749992199996,-37.52009160199998,0 -72.94750982899996,-37.52027201699997,0 -72.94742601799999,-37.52059499599994,0 -72.94700168099996,-37.52077687299993,0 -72.94656607999997,-37.52082787599994,0 -72.94629133999996,-37.52082309699995,0 -72.94626708999994,-37.52082267499998,0 -72.94616617899999,-37.52070118699993,0 -72.94610758499994,-37.52063064499998,0 -72.94604451799995,-37.52019696599996,0 -72.94595833299996,-37.52006479099998,0 -72.94575269399996,-37.51993053699994,0 -72.94503974999998,-37.51972887499994,0 -72.94475919099995,-37.51959331499995,0 -72.94448876899997,-37.51908843499996,0 -72.94408099099996,-37.51812604899993,0 -72.94378414199997,-37.51747651199997,0 -72.94334258399994,-37.51723,0 -72.94283826599997,-37.51705448899997,0 -72.94266609499994,-37.51703247699993,0 -72.94145079199996,-37.51687709899994,0 -72.94020796399997,-37.51689147099995,0 -72.93869655399999,-37.51690114099995,0 -72.93805068199998,-37.51696195999995,0 -72.93748907799994,-37.51724954999997,0 -72.93713388299994,-37.51767062599998,0 -72.93708341699994,-37.51773045299996,0 -72.93688599899997,-37.51796448799996,0 -72.93638904299996,-37.51860016899997,0 -72.93610957299995,-37.51896477999998,0 -72.93577693299994,-37.51910315899994,0 
						</coordinates>
					</LinearRing>
				</outerBoundaryIs>
			</Polygon>
		</MultiGeometry>
	</Placemark>
	<Placemark>
		<name>CHOROICO</name>
		<description><![CDATA[<p>COMUNA: NACIMIENTO
<br/>DISTRITO: 3
<br/>LOC_ZON: 6
<br/>NOMBRE_LOCALIDAD: CHOROICO
<br/>GEOCODIGO: 8306032006</p>]]></description>
		<styleUrl>#style1</styleUrl>
		<ExtendedData>
			<Data name="NOM_COMUNA">
				<displayName>NOM_COMUNA</displayName>
				<value>NACIMIENTO</value>
			</Data>
			<Data name="DISTRITO">
				<displayName>DISTRITO</displayName>
				<value>3</value>
			</Data>
			<Data name="LOC_ZON">
				<displayName>LOC_ZON</displayName>
				<value>6</value>
			</Data>
			<Data name="NOM_LOCALI">
				<displayName>NOM_LOCALI</displayName>
				<value>CHOROICO</value>
			</Data>
			<Data name="GEOCODIGO">
				<displayName>GEOCODIGO</displayName>
				<value>8306032006</value>
			</Data>
		</ExtendedData>
		<MultiGeometry>
			<Polygon>
				<outerBoundaryIs>
					<LinearRing>
						<tessellate>1</tessellate>
						<coordinates>
							-72.82741571999998,-37.54174783099995,0 -72.82754449599997,-37.54179526099995,0 -72.82803273799993,-37.54198448499994,0 -72.82850691999994,-37.54214641199997,0 -72.82865091999997,-37.54235182999997,0 -72.82865531299996,-37.54271238699994,0 -72.82854453699997,-37.54292212999997,0 -72.82866990199994,-37.54325787699997,0 -72.82876303799998,-37.54365611499998,0 -72.82876886799994,-37.54396713299997,0 -72.82866662799995,-37.54419956199996,0 -72.82842973599998,-37.54429433499996,0 -72.82818005099995,-37.54465922999998,0 -72.82794005899996,-37.54517750399998,0 -72.82754460799998,-37.54590920299995,0 -72.82728727499995,-37.54651276999994,0 -72.82714287099998,-37.54685707099998,0 -72.82672619299996,-37.54729038899995,0 -72.82672591299996,-37.54729067999995,0 -72.82672562999994,-37.54729096899996,0 -72.82636209699996,-37.54765376599994,0 -72.82603147399993,-37.54800364699997,0 -72.82561631799996,-37.54836548699996,0 -72.82529375299998,-37.54865693699998,0 -72.82518243399994,-37.54888468899998,0 -72.82535128899997,-37.54925728899997,0 -72.82571746499997,-37.54953439299993,0 -72.82585091999994,-37.54980332199995,0 -72.82587317699995,-37.54984817199994,0 -72.82601817699998,-37.54999503299996,0 -72.82631482799997,-37.55010863999996,0 -72.82696616399994,-37.55035944999997,0 -72.82742489399999,-37.55054362799996,0 -72.82788101099999,-37.55081787499995,0 -72.82822947799997,-37.55119377599993,0 -72.82865878099994,-37.55136839499994,0 -72.82886490799996,-37.55140823399995,0 -72.82919482399996,-37.55147288099994,0 -72.82995911299997,-37.55146440699997,0 -72.83072308699997,-37.55144240399994,0 -72.83137763799994,-37.55160763599997,0 -72.83204320099998,-37.55188120899993,0 -72.83258822899995,-37.55218861299994,0 -72.83296185799998,-37.55272267099997,0 -72.83322408299995,-37.55297531299993,0 -72.83369683599994,-37.55321379599997,0 -72.83424605299996,-37.55337707799998,0 -72.83458558199999,-37.55355002899995,0 -72.83498789799995,-37.55360697499998,0 -72.83541553699996,-37.55384011699994,0 -72.83586870799996,-37.55421791699996,0 -72.83632779899995,-37.55492926399995,0 -72.83649359699996,-37.55540993499994,0 -72.83640209899994,-37.55598051399994,0 -72.83618979299996,-37.55659393799993,0 -72.83595802299999,-37.55682850399995,0 -72.83503782699995,-37.55706395999994,0 -72.83468007199997,-37.55706815999997,0 -72.83428903599997,-37.55707275099996,0 -72.83399234599995,-37.55695916299993,0 -72.83365416199996,-37.55676370599997,0 -72.83305522999996,-37.55675270999996,0 -72.83261557599997,-37.55693388599997,0 -72.83209678799994,-37.55725779799997,0 -72.83162938899994,-37.55737087099993,0 -72.83157622199997,-37.55766728699996,0 -72.83171707099996,-37.55795825599995,0 -72.83217447699997,-37.55821448699993,0 -72.83280518199996,-37.55866765399998,0 -72.83324455999997,-37.55900916299998,0 -72.83401380999999,-37.55932067699996,0 -72.83504316999995,-37.55947023799996,0 -72.83637087799997,-37.55965229599997,0 -72.83687905899995,-37.55967062399998,0 -72.83743998099999,-37.55996928499997,0 -72.83779820299998,-37.56043194899996,0 -72.84359541999999,-37.55339296999995,0 -72.83764077699993,-37.54880107799994,0 -72.83823705799995,-37.54722134899998,0 -72.83906829999995,-37.54501907399998,0 -72.83920963799994,-37.54464461299995,0 -72.84656547999998,-37.54607921099995,0 -72.85072396899994,-37.54430015099996,0 -72.85314041599997,-37.54326630699995,0 -72.85682092199994,-37.54233882099993,0 -72.86028901299994,-37.54146473599997,0 -72.86469202299998,-37.54351480699995,0 -72.86826932299994,-37.54518022099995,0 -72.87069114699995,-37.54298407399995,0 -72.87173050199993,-37.54204154399997,0 -72.87273968899996,-37.54148962199997,0 -72.87686099899997,-37.53923550699994,0 -72.87649192499998,-37.53870250799997,0 -72.87496751899994,-37.53650104199994,0 -72.87104626499996,-37.53807282599996,0 -72.87074273599995,-37.53749917999994,0 -72.87004164499996,-37.53341649099997,0 -72.86803630999998,-37.53275106499996,0 -72.86985702899995,-37.52853370899993,0 -72.87092691699996,-37.52770725799996,0 -72.87070691299994,-37.52771652299998,0 -72.87064990399995,-37.52760734999998,0 -72.87049799899995,-37.52767670599997,0 -72.87027992799995,-37.52798368599997,0 -72.86994450699996,-37.52818941599998,0 -72.86955470399994,-37.52821842999998,0 -72.86933662699994,-37.52852540799995,0 -72.86929841399996,-37.52879958499994,0 -72.86915974999994,-37.52895028599994,0 -72.86889042999996,-37.52894542399997,0 -72.86879681099998,-37.52907891399997,0 -72.86880114399997,-37.52944848399994,0 -72.86870329299995,-37.52973059499993,0 -72.86865401599994,-37.52989642699998,0 -72.86849979699997,-37.53004684699994,0 -72.86849466799998,-37.53022699399997,0 -72.86860900399995,-37.53040929899998,0 -72.86863504099995,-37.53056297299997,0 -72.86836097099996,-37.53072474599998,0 -72.86813438399997,-37.53078373799997,0 -72.86792244999998,-37.53087453599994,0 -72.86763148099993,-37.53110809799995,0 -72.86733916099996,-37.53136416499996,0 -72.86695738499998,-37.53163213299996,0 -72.86673227099999,-37.53166411299998,0 -72.86624392399995,-37.53145251699993,0 -72.86602638399995,-37.53121877799998,0 -72.86601650499995,-37.53119159099998,0 -72.86600656499996,-37.53116423399996,0 -72.86590112399995,-37.53087405799994,0 -72.86595419599996,-37.53060015199998,0 -72.86594685999995,-37.53031163599996,0 -72.86582063999998,-37.53002547599993,0 -72.86571768999994,-37.52996503699995,0 -72.86543223899997,-37.53000493499997,0 -72.86525102099995,-37.53006023599994,0 -72.86487264699997,-37.53018406699994,0 -72.86439742599998,-37.53005831399997,0 -72.86393306799994,-37.53007244299994,0 -72.86379149999993,-37.53029968599998,0 -72.86340168399994,-37.53032867899998,0 -72.86322145999998,-37.53025145399994,0 -72.86301739599998,-37.53016401299993,0 -72.86264281099994,-37.53017976199993,0 -72.86217729499998,-37.53023441599998,0 -72.86201439099995,-37.53016838199994,0 -72.86192963299999,-37.52999111299994,0 -72.86134754999995,-37.52991748399995,0 -72.86103330799995,-37.52992530899996,0 -72.86089353299997,-37.53008949799994,0 -72.86065081099997,-37.53019324299999,0 -72.86038155199998,-37.53021089299995,0 -72.86016954799999,-37.53027914599994,0 -72.86004326199998,-37.53051567399996,0 -72.85997970099999,-37.53063618399995,0 -72.85987418099995,-37.53066581199994,0 -72.85956231999995,-37.53056553199997,0 -72.85939608999996,-37.53049735999997,0 -72.85935539899998,-37.53048067199995,0 -72.85917456199996,-37.53052245299995,0 -72.85909615499997,-37.53064269199996,0 -72.85903072299999,-37.53085328699996,0 -72.85899414499994,-37.53106891099998,0 -72.85888411599996,-37.53125616699998,0 -72.85868250699997,-37.53150484599996,0 -72.85858757799997,-37.53168336299996,0 -72.85859533799999,-37.53193133399998,0 -72.85875115699997,-37.53224507299996,0 -72.85866791099994,-37.53260333699995,0 -72.85866566199996,-37.53261301399993,0 -72.85835749399996,-37.53292734799993,0 -72.85821592599996,-37.53301849799993,0 -72.85797632299995,-37.53317276699994,0 -72.85742139399997,-37.53321226199995,0 -72.85676358499995,-37.53316427199996,0 -72.85647734399998,-37.53323117099995,0 -72.85630928099994,-37.53334527399994,0 -72.85591841599995,-37.53341027099998,0 -72.85590843999995,-37.53340670999995,0 -72.85590511399994,-37.53340552399993,0 -72.85544158199997,-37.53331599499995,0 -72.85519154299993,-37.53318077899996,0 -72.85481817099998,-37.53312893399993,0 -72.85449152399997,-37.53305090199996,0 -72.85428092699993,-37.53306960399993,0 -72.85427833199998,-37.53307060599997,0 -72.85406922999994,-37.53315136899994,0 -72.85391394199996,-37.53333779699994,0 -72.85383532699996,-37.53348957099996,0 -72.85362227499996,-37.53359384099997,0 -72.85345852999995,-37.53358185199994,0 -72.85320852099994,-37.53371699099995,0 -72.85320782199994,-37.53371899899997,0 -72.85313374999998,-37.53393191799995,0 -72.85287486899995,-37.53408041299997,0 -72.85267839999995,-37.53414893499996,0 -72.85271679599998,-37.53438844999994,0 -72.85270891499994,-37.53466317199997,0 -72.85246448799995,-37.53482544699995,0 -72.85205224499998,-37.53509281099997,0 -72.85181238199993,-37.53563817599996,0 -72.85176841199996,-37.53611050299997,0 -72.85172734699995,-37.53650628299994,0 -72.85177929399998,-37.53679110499996,0 -72.85190430699998,-37.53711781099997,0 -72.85191605799997,-37.53717660199993,0 -72.85198245699996,-37.53752477099994,0 -72.85181166299998,-37.53773344399997,0 -72.85165047399994,-37.53814956699995,0 -72.85158042899997,-37.53849525199996,0 -72.85152950399998,-37.53864302199997,0 -72.85151561499998,-37.53868332399998,0 -72.85128537099996,-37.53886838399995,0 -72.85097740399993,-37.53917368999998,0 -72.85087141999998,-37.53919428999995,0 -72.85067933299996,-37.53910968499997,0 -72.85053740699993,-37.53885476499994,0 -72.85037397899998,-37.53880672899993,0 -72.85004427599995,-37.53880973599996,0 -72.84962155599999,-37.53892369699997,0 -72.84933709899997,-37.53892752699994,0 -72.84908116899999,-37.53897242899995,0 -72.84879049899996,-37.53919243099995,0 -72.84850358099999,-37.53928182699997,0 -72.84822041699994,-37.53924061699996,0 -72.84777279099995,-37.53918739599993,0 -72.84736504099999,-37.53929711599994,0 -72.84713989699998,-37.53932905699997,0 -72.84686839399996,-37.53888251899997,0 -72.84683131099996,-37.53859796599994,0 -72.84655709199995,-37.53824600399997,0 -72.84656603299999,-37.53793525399993,0 -72.84668128599998,-37.53756786699995,0 -72.84643844699997,-37.53715789899996,0 -72.84661930599998,-37.53711613799993,0 -72.84686310599994,-37.53697639499995,0 -72.84707883699997,-37.53675503099998,0 -72.84726907999993,-37.53641153999996,0 -72.84708316299998,-37.53608822499996,0 -72.84679073699994,-37.53585308599997,0 -72.84629892499999,-37.53576300599997,0 -72.84573327599998,-37.53565805799997,0 -72.84533065699998,-37.53561466199994,0 -72.84492828599997,-37.53561182099997,0 -72.84473162999996,-37.53561273699995,0 -72.84414394699996,-37.53573267899998,0 -72.84413603499996,-37.53600739899997,0 -72.84441612899997,-37.53617923499996,0 -72.84446967499997,-37.53638298199996,0 -72.84419721999996,-37.53648614999997,0 -72.84391510799998,-37.53640890099996,0 -72.84369165899994,-37.53638228999995,0 -72.84356525199996,-37.53659626699994,0 -72.84347967699995,-37.53696419399995,0 -72.84338236899998,-37.53722376199994,0 -72.84306238799996,-37.53742969599995,0 -72.84299022699997,-37.53784743299997,0 -72.84263070899993,-37.53785438099993,0 -72.84256162899999,-37.53787846499995,0 -72.84243422099996,-37.53792288499994,0 -72.84229172099998,-37.53820415699994,0 -72.84203280399998,-37.53835262599995,0 -72.84175159699998,-37.53824384699993,0 -72.84164665099996,-37.53822841099998,0 -72.84152275999998,-37.53837934799998,0 -72.84129307099994,-37.53856890399993,0 -72.84106488199996,-37.53868188599995,0 -72.84092913199999,-37.53872896899998,0 -72.84058484499997,-37.53872267099996,0 -72.84036276199998,-37.53862398199993,0 -72.84008415499994,-37.53842512699998,0 -72.83978615499996,-37.53838362599998,0 -72.83945385499999,-37.53847667499997,0 -72.83913242699998,-37.53873213799994,0 -72.83887389299997,-37.53886708999994,0 -72.83867739899995,-37.53893558699997,0 -72.83849991299996,-37.53886024199994,0 -72.83837164899995,-37.53862358199996,0 -72.83830295499996,-37.53840603799995,0 -72.83822071699996,-37.53814318499997,0 -72.83797376099994,-37.53787731599994,0 -72.83772178899994,-37.53780961699994,0 -72.83747210299998,-37.53763832099997,0 -72.83741916999998,-37.53738952299994,0 -72.83739715499996,-37.53712326799996,0 -72.83728959799998,-37.53668421799995,0 -72.83709727399997,-37.53660859799993,0 -72.83680761999995,-37.53679254099995,0 -72.83655247299998,-37.53681039499997,0 -72.83646854999995,-37.53660608799998,0 -72.83635519699999,-37.53639222899994,0 -72.83592426599995,-37.53627618599995,0 -72.83554717499999,-37.53637741499995,0 -72.83528825199994,-37.53652586999993,0 -72.83498374899995,-37.53670953599993,0 -72.83482033599995,-37.53666147899997,0 -72.83476571899996,-37.53647122599995,0 -72.83469469199997,-37.53633474399993,0 -72.83453680799994,-37.53612006799995,0 -72.83441389499995,-37.53621243799995,0 -72.83439253399996,-37.53643734399998,0 -72.83415040899996,-37.53651851499995,0 -72.83388315399998,-37.53644151599997,0 -72.83375885999999,-37.53660595499997,0 -72.83368977699996,-37.53691559899994,0 -72.83341430799999,-37.53712232399994,0 -72.83315256499998,-37.53739238299994,0 -72.83295158299995,-37.53759146199997,0 -72.83293021699996,-37.53781636799994,0 -72.83253996399998,-37.53785876799998,0 -72.83241214399999,-37.53814480299997,0 -72.83218561499996,-37.53871289999995,0 -72.83203057799994,-37.53891282099994,0 -72.83173056899994,-37.53891632199998,0 -72.83147606699998,-37.53891164699996,0 -72.83140937499996,-37.53916275599994,0 -72.83134654399998,-37.53925622599996,0 -72.83104815399997,-37.53922821399993,0 -72.83092418699994,-37.53935660899998,0 -72.83078372999995,-37.53956580799996,0 -72.83069290199995,-37.53960018599997,0 -72.83038039499996,-37.53952234699995,0 -72.83010438499997,-37.53974707699996,0 -72.83009472199996,-37.54008034099996,0 -72.82989586799994,-37.54022988799994,0 -72.829632,-37.54003578599998,0 -72.82939474499995,-37.53997284499997,0 -72.82926633199997,-37.54025435899996,0 -72.82899758499997,-37.54074056599995,0 -72.82884540999999,-37.54084140399993,0 -72.82866583899994,-37.54083810099996,0 -72.82844128499994,-37.54082495799997,0 -72.82830317099996,-37.54095308999996,0 -72.82810287299998,-37.54115217199995,0 -72.82805275799996,-37.54120629699997,0 -72.82796339699996,-37.54130280799995,0 -72.82783270699997,-37.54141179099997,0 -72.82782545699996,-37.54141783699998,0 -72.82765676499997,-37.54155851099995,0 -72.82756488699994,-37.54162891499993,0 -72.82741571999998,-37.54174783099995,0 
						</coordinates>
					</LinearRing>
				</outerBoundaryIs>
			</Polygon>
		</MultiGeometry>
	</Placemark>
	<Placemark>
		<name>INDETERMINADA</name>
		<description><![CDATA[<p>COMUNA: NACIMIENTO
<br/>DISTRITO: 3
<br/>LOC_ZON: 901
<br/>NOMBRE_LOCALIDAD: INDETERMINADA
<br/>GEOCODIGO: 8306032901</p>]]></description>
		<styleUrl>#style1</styleUrl>
		<ExtendedData>
			<Data name="NOM_COMUNA">
				<displayName>NOM_COMUNA</displayName>
				<value>NACIMIENTO</value>
			</Data>
			<Data name="DISTRITO">
				<displayName>DISTRITO</displayName>
				<value>3</value>
			</Data>
			<Data name="LOC_ZON">
				<displayName>LOC_ZON</displayName>
				<value>901</value>
			</Data>
			<Data name="NOM_LOCALI">
				<displayName>NOM_LOCALI</displayName>
				<value>INDETERMINADA</value>
			</Data>
			<Data name="GEOCODIGO">
				<displayName>GEOCODIGO</displayName>
				<value>8306032901</value>
			</Data>
		</ExtendedData>
		<MultiGeometry>
			<Polygon>
				<outerBoundaryIs>
					<LinearRing>
						<tessellate>1</tessellate>
						<coordinates>
							-72.89734759899994,-37.53270006799994,0 -72.89697747499997,-37.53308549799993,0 -72.89650360699994,-37.53343753599995,0 -72.89610674699998,-37.53369181299996,0 -72.89571793399995,-37.53368488199993,0 -72.89557641999994,-37.53338496199996,0 -72.89503913299995,-37.53332581599994,0 -72.89464424199997,-37.53353506299993,0 -72.89446202199997,-37.53362643899993,0 -72.89442865699993,-37.53375651799996,0 -72.89430746499994,-37.53379040499993,0 -72.89420448599998,-37.53372998899994,0 -72.89417986199999,-37.53354930999996,0 -72.89415612599998,-37.53333710299995,0 -72.89396506799994,-37.53318950199997,0 -72.89347061899997,-37.53321672799996,0 -72.89318149099995,-37.53338730199994,0 -72.89307780299998,-37.53346326999997,0 -72.89728565299998,-37.53827725999997,0 -72.89983629399995,-37.54662051099996,0 -72.90030987299997,-37.55535596699997,0 -72.90034076099994,-37.55679306099995,0 -72.90039765199998,-37.55943996699995,0 -72.90042676699994,-37.56079455199995,0 -72.89214482599994,-37.56072274599995,0 -72.87902983799995,-37.55953186999994,0 -72.87540159999998,-37.55920215299994,0 -72.86821478199994,-37.55914408299998,0 -72.86889662999994,-37.55730694999994,0 -72.87436538899993,-37.54257014799998,0 -72.87619543499994,-37.54235804699994,0 -72.87764865799994,-37.54037297299993,0 -72.87686099899997,-37.53923550699994,0 -72.87273968899996,-37.54148962199997,0 -72.87173050199993,-37.54204154399997,0 -72.87069114699995,-37.54298407399995,0 -72.86826932299994,-37.54518022099995,0 -72.86469202299998,-37.54351480699995,0 -72.86028901299994,-37.54146473599997,0 -72.85682092199994,-37.54233882099993,0 -72.85314041599997,-37.54326630699995,0 -72.85072396899994,-37.54430015099996,0 -72.84656547999998,-37.54607921099995,0 -72.83920963799994,-37.54464461299995,0 -72.83906829999995,-37.54501907399998,0 -72.83823705799995,-37.54722134899998,0 -72.83764077699993,-37.54880107799994,0 -72.84359541999999,-37.55339296999995,0 -72.83779820299998,-37.56043194899996,0 -72.83781511399997,-37.56045378999994,0 -72.83805589099995,-37.56093583299997,0 -72.83839456199996,-37.56165397799998,0 -72.83889201199997,-37.56206862499994,0 -72.83924370899996,-37.56233640999994,0 -72.83956421999994,-37.56263065999997,0 -72.83961574299997,-37.56292899599998,0 -72.83959022299996,-37.56329801699997,0 -72.83937016899995,-37.56364094699995,0 -72.83900193699998,-37.56394511499997,0 -72.83887174799997,-37.56431221899993,0 -72.83894854599998,-37.56476422099996,0 -72.83895858199998,-37.56493112499993,0 -72.83921971099994,-37.56573796599997,0 -72.83928166099997,-37.56618969599998,0 -72.83912033499996,-37.56660579599998,0 -72.83880745699997,-37.56705066099994,0 -72.83867752199995,-37.56740875699995,0 -72.83896574399995,-37.56779253599996,0 -72.83942109599997,-37.56809826699998,0 -72.83983529799997,-37.56879976699997,0 -72.84022435699995,-37.56934309599995,0 -72.84029008799996,-37.56966422199997,0 -72.84010381099995,-37.56989061599995,0 -72.83993667999994,-37.56996866399993,0 -72.83932031499995,-37.57004299199997,0 -72.83828702299996,-37.57002406699996,0 -72.83752181699998,-37.57008214199993,0 -72.83651281199997,-37.57027542599997,0 -72.83562528299996,-37.57040334099997,0 -72.83479408599999,-37.57066295399994,0 -72.83441342599997,-37.57088126599996,0 -72.83440481599996,-37.57117850099996,0 -72.83463760799998,-37.57139905799994,0 -72.83497617399996,-37.57160803799997,0 -72.83561639399994,-37.57173693799996,0 -72.83637711099993,-37.57185903199996,0 -72.83694536199994,-37.57188296699996,0 -72.83734679199995,-37.57199846799995,0 -72.83775416099996,-37.57239795099997,0 -72.83811319899996,-37.57292721999994,0 -72.83816581799994,-37.57304083199995,0 -72.83826215099998,-37.57324569699995,0 -72.83831114899994,-37.57334989899994,0 -72.83876926599999,-37.57356105899999,0 -72.83938487999995,-37.57351375599995,0 -72.84000988099996,-37.57365587099997,0 -72.84064765599999,-37.57387031199994,0 -72.84116590199994,-37.57408256199994,0 -72.84150007799997,-37.57444464599996,0 -72.84144037599998,-37.57494371399997,0 -72.84117157099996,-37.57542994399995,0 -72.84079066499999,-37.57617096199994,0 -72.84080793899994,-37.57662637899995,0 -72.84086152199995,-37.57734380499994,0 -72.84098360999997,-37.57779663399998,0 -72.84124870299996,-37.57846836399995,0 -72.84169918599997,-37.57894522399994,0 -72.84214054199998,-37.57922365299993,0 -72.84257826099997,-37.57962818099998,0 -72.84319201199997,-37.58016209099998,0 -72.84340048499996,-37.58052358499998,0 -72.84342049599996,-37.58055828499994,0 -72.84342229399994,-37.58056720699994,0 -72.84348611799999,-37.58088391299998,0 -72.84345343099994,-37.58093270899997,0 -72.84329826199996,-37.58116435299996,0 -72.84317138199998,-37.58139183699996,0 -72.84335842499996,-37.58167913099993,0 -72.84384007999995,-37.58210698699997,0 -72.84414732199997,-37.58237394599996,0 -72.84443861399996,-37.58265413099997,0 -72.84456740599995,-37.58287883799994,0 -72.84462391899996,-37.58297743799994,0 -72.84455630099995,-37.58312870999998,0 -72.84449605799995,-37.58326348299994,0 -72.84434063799995,-37.58344989299997,0 -72.84427248299994,-37.58376688199996,0 -72.84427115599993,-37.58377305199997,0 -72.84426836799997,-37.58386969599997,0 -72.84425985199994,-37.58416486299996,0 -72.84421909799994,-37.58454712299994,0 -72.84395183199996,-37.58497931599993,0 -72.84369895699996,-37.58545232499995,0 -72.84346672599997,-37.58570041299998,0 -72.84345749699997,-37.58602016599997,0 -72.84342193599997,-37.58622228399997,0 -72.84318489099996,-37.58663700299996,0 -72.84282737999996,-37.58708106099994,0 -72.84265571999998,-37.58740213499993,0 -72.84257448999995,-37.58755406699999,0 -72.84239483499994,-37.58806445899995,0 -72.84215673799997,-37.58851520499996,0 -72.84178877899996,-37.58880586599997,0 -72.84123566399995,-37.58928238799996,0 -72.84081792299997,-37.58975237299995,0 -72.84059927899995,-37.59006829299994,0 -72.84018837399998,-37.59027705699998,0 -72.83993435699995,-37.59076355299993,0 -72.83960865899996,-37.59115861799995,0 -72.83916451499994,-37.59148842899998,0 -72.83861553299994,-37.59182082399997,0 -72.83847277599995,-37.59210658799998,0 -72.83852542799997,-37.59285553799998,0 -72.83861175899995,-37.59349245699997,0 -72.83885198599995,-37.59399701599995,0 -72.83935381299995,-37.59426755199996,0 -72.83976813799995,-37.59445537699997,0 -72.83986529199996,-37.59471849999994,0 -72.83982802299994,-37.59497916199996,0 -72.83978796299994,-37.59531186799995,0 -72.83981199999999,-37.59536187199996,0 -72.83981343799996,-37.59536483599993,0 -72.83991145799996,-37.59556678699994,0 -72.83995763699994,-37.59566192999995,0 -72.84027521399997,-37.59591557099998,0 -72.84056543399998,-37.59586681299993,0 -72.84090646399994,-37.59582348899994,0 -72.84120619199996,-37.59561719499993,0 -72.84146219399997,-37.59518480399998,0 -72.84157318299998,-37.59487141899996,0 -72.84179922899995,-37.59456915099997,0 -72.84205859899998,-37.59424045599997,0 -72.84209173699998,-37.59419600299998,0 -72.84212533899995,-37.59414473699997,0 -72.84243902499998,-37.59366614899994,0 -72.84256853699998,-37.59353353899996,0 -72.84267681599994,-37.59342266999994,0 -72.84295105999996,-37.59321590599995,0 -72.84308117199998,-37.59315468599993,0 -72.84328539999996,-37.59305859199998,0 -72.84343041199998,-37.59299036099998,0 -72.84389656399998,-37.59280512499998,0 -72.84395533199995,-37.59274132899998,0 -72.84401494299993,-37.59267661699994,0 -72.84414598399997,-37.59257537499997,0 -72.84450604099999,-37.59250985899996,0 -72.84469945299998,-37.59245481499994,0 -72.84498102399994,-37.59245995899994,0 -72.84508166899997,-37.59249297999997,0 -72.84532117499998,-37.59257155899996,0 -72.84537369699996,-37.59258879099997,0 -72.84567561399996,-37.59274750699996,0 -72.84607127699996,-37.59277275499994,0 -72.84657614399998,-37.59257019199998,0 -72.84691423499999,-37.59238260699993,0 -72.84724005099997,-37.59215424399997,0 -72.84754343899994,-37.59184436399994,0 -72.84782430099995,-37.59184948799998,0 -72.84814199699997,-37.59192737799998,0 -72.84856714599994,-37.59181347099997,0 -72.84914464599996,-37.59174289399994,0 -72.84946739999998,-37.59164514099996,0 -72.84968692299998,-37.59156803499997,0 -72.84984684699998,-37.59154288599996,0 -72.84991801399997,-37.59153169399997,0 -72.85019216199998,-37.59135194599997,0 -72.85033482999995,-37.59126442599995,0 -72.85066652099994,-37.59085592299994,0 -72.85101405199998,-37.59033956399998,0 -72.85136358199998,-37.59001715099998,0 -72.85142123199995,-37.58996397399994,0 -72.85181140099996,-37.58973676999994,0 -72.85223549699998,-37.58965887799997,0 -72.85232880199999,-37.58967296199995,0 -72.85244683799993,-37.58969077899997,0 -72.85252426499994,-37.58970246599995,0 -72.85264284399994,-37.58972036499995,0 -72.85280583199994,-37.58976141099998,0 -72.85313279099995,-37.58984375199998,0 -72.85316356499999,-37.58985150199993,0 -72.85321717699998,-37.58988450999993,0 -72.85321726299998,-37.58988456299994,0 -72.85321734999997,-37.58988461699994,0 -72.85369145799996,-37.59017652299997,0 -72.85431889999995,-37.59058445899996,0 -72.85484822599994,-37.59085993599996,0 -72.85539533199994,-37.59096000099998,0 -72.85588090499994,-37.59095981499996,0 -72.85611334499998,-37.59090095599998,0 -72.85631779999994,-37.59090467099998,0 -72.85648172599997,-37.59098875699993,0 -72.85678598699997,-37.59106637899998,0 -72.85742456299994,-37.59108698999995,0 -72.85812738899995,-37.59111326999994,0 -72.85852098299995,-37.59121053399997,0 -72.85882363199994,-37.59136922899995,0 -72.85900055399998,-37.59144453499994,0 -72.85914781599996,-37.59164096299997,0 -72.85916586099995,-37.59192516599995,0 -72.85911888099997,-37.59223071799994,0 -72.85910143799998,-37.59237008599996,0 -72.85917325999998,-37.59255613299996,0 -72.85935018599997,-37.59263143899994,0 -72.86006724799995,-37.59258136399995,0 -72.86048896399996,-37.59261154199993,0 -72.86067012699993,-37.59274075699994,0 -72.86086493499994,-37.59287970499997,0 -72.86099830899997,-37.59311643299998,0 -72.86113983899997,-37.59353805199993,0 -72.86142164499995,-37.59398023799997,0 -72.86161772799994,-37.59427667899996,0 -72.86165038899998,-37.59447102699994,0 -72.86158000999995,-37.59470406099996,0 -72.86140730199998,-37.59492622799996,0 -72.86122250199998,-37.59512564599993,0 -72.86111527199995,-37.59528591599997,0 -72.86110908199998,-37.59550208899998,0 -72.86139824499998,-37.59568756899995,0 -72.86172367999995,-37.59594129599998,0 -72.86196671599998,-37.59616573799997,0 -72.86202229499997,-37.59621706499996,0 -72.86203375399998,-37.59630353799997,0 -72.86206478999998,-37.59653775699996,0 -72.86223496199995,-37.59682471599996,0 -72.86236737899998,-37.59712000199994,0 -72.86254738799994,-37.59753330499996,0 -72.86285881099997,-37.59783183399998,0 -72.86306468099997,-37.59823208699993,0 -72.86340183799996,-37.59852206899996,0 -72.86362534399996,-37.59875141399993,0 -72.86389117999994,-37.59883733499998,0 -72.86418693099995,-37.59879312399994,0 -72.86454147899997,-37.59847511399994,0 -72.86482944999995,-37.59823249899995,0 -72.86526876499994,-37.59806922299998,0 -72.86571611499994,-37.59809534099998,0 -72.86623601799994,-37.59825794799997,0 -72.86643702099997,-37.59838324499998,0 -72.86658270699996,-37.59866074199994,0 -72.86703938799997,-37.59878164899993,0 -72.86795873499995,-37.59883882099996,0 -72.86868331899996,-37.59897357499995,0 -72.86914818099996,-37.59927936499997,0 -72.86926493799996,-37.59967799799995,0 -72.86930945699999,-37.59990409999995,0 -72.86916982599996,-37.60030711399997,0 -72.86898928699998,-37.60080401299996,0 -72.86877760599998,-37.60105252299996,0 -72.86792108199995,-37.60149665299997,0 -72.86755868399996,-37.60164330499998,0 -72.86721339399998,-37.60163706199995,0 -72.86705612199995,-37.60176489099996,0 -72.86696002299993,-37.60200647499994,0 -72.86692670299993,-37.60228073599995,0 -72.86709722799998,-37.60258121199996,0 -72.86717390399997,-37.60301967499998,0 -72.86730480699998,-37.603369,0 -72.86787082499995,-37.60376883599997,0 -72.86789396799998,-37.60378518499994,0 -72.86812721299998,-37.60379841299994,0 -72.86832790899996,-37.60381105099998,0 -72.86884321999997,-37.60368968999995,0 -72.86919288899998,-37.60354280399997,0 -72.86945269499995,-37.60339429399994,0 -72.86967313399998,-37.60328562599994,0 -72.86983877299997,-37.60331114699994,0 -72.87009286099999,-37.60338782999997,0 -72.87049259499997,-37.60371947499993,0 -72.87090327099997,-37.60411439999996,0 -72.87095976299997,-37.60436775299996,0 -72.87085260499998,-37.60455056299998,0 -72.87064605599994,-37.60461892999996,0 -72.87067938499996,-37.60479075799998,0 -72.87084066099999,-37.60496940099995,0 -72.87105481099996,-37.60508140899998,0 -72.87133277399994,-37.60519006199996,0 -72.87170291299998,-37.60521926999996,0 -72.87213988299999,-37.60516406999994,0 -72.87237395899996,-37.60502410099997,0 -72.87249949699998,-37.60464335999995,0 -72.87243334299995,-37.60428168999994,0 -72.87245185399996,-37.60407925599998,0 -72.87269891899996,-37.60393050899995,0 -72.87316263699995,-37.60383072799993,0 -72.87356067999997,-37.60377481999996,0 -72.87412115899997,-37.60385701699994,0 -72.87478071199996,-37.60404012799995,0 -72.87530905699998,-37.60435604999998,0 -72.87551113299997,-37.60459399899997,0 -72.87575028799995,-37.60449917499994,0 -72.87579662499996,-37.60450318199997,0 -72.87607938599996,-37.60452762999995,0 -72.87618475799997,-37.60460424099995,0 -72.87631452099998,-37.60469858399995,0 -72.87659359499997,-37.60489285799997,0 -72.87662413099997,-37.60489833799994,0 -72.87681687899999,-37.60493292499996,0 -72.87716455199995,-37.60483103899998,0 -72.87739328099997,-37.60470448199993,0 -72.87782774499993,-37.60471229899997,0 -72.87810874299998,-37.60483901399994,0 -72.87857369399995,-37.60482034099994,0 -72.87893136299994,-37.60488985599994,0 -72.87938068799997,-37.60489793399995,0 -72.87979996999997,-37.60489195299994,0 -72.88014316399995,-37.60494768599995,0 -72.88018150399995,-37.60492715599997,0 -72.88046860499998,-37.60477342399997,0 -72.88049326199996,-37.60476022099994,0 -72.88074863599996,-37.60474227899994,0 -72.88080231099997,-37.60474526399997,0 -72.88101310299999,-37.60475698599998,0 -72.88110771199996,-37.60476224699994,0 -72.88134081499999,-37.60500524999998,0 -72.88136248399996,-37.60528951399994,0 -72.88155170799996,-37.60548216299998,0 -72.88195466999997,-37.60555248199995,0 -72.88237395499993,-37.60554649199997,0 -72.88247918899998,-37.60552813899994,0 -72.88300646499994,-37.60543618399998,0 -72.88336608099996,-37.60545036899998,0 -72.88363514299994,-37.60546098199995,0 -72.88423244399996,-37.60554379199993,0 -72.88517874499996,-37.60545261799996,0 -72.88564466299994,-37.60542492199994,0 -72.88590200899995,-37.60531237899994,0 -72.88617371699996,-37.60526768299997,0 -72.88669428599997,-37.60538515299993,0 -72.88704296799995,-37.60524720799998,0 -72.88735989199995,-37.60518078899997,0 -72.88746348399997,-37.60523805199995,0 -72.88765474899998,-37.60534377799996,0 -72.88792434699997,-37.60534860499996,0 -72.88825778599994,-37.60522390199998,0 -72.88850243299999,-37.60503452399996,0 -72.88851124699994,-37.60503590699994,0 -72.88869696799998,-37.60506504199998,0 -72.88909769899993,-37.60518936899996,0 -72.88954804799994,-37.60516137899998,0 -72.88977739399996,-37.60501227899994,0 -72.89021153699997,-37.60500652599995,0 -72.89055308699994,-37.60512077699997,0 -72.89069253599996,-37.60518318899994,0 -72.89080477199997,-37.60523342099998,0 -72.89107538799993,-37.60520221199994,0 -72.89144390399997,-37.60510904499995,0 -72.89155812499996,-37.60508016799997,0 -72.89162686699996,-37.60508139599995,0 -72.89178314399999,-37.60508418899997,0 -72.89195071999995,-37.60509168999994,0 -72.89215721299996,-37.60509988599995,0 -72.89222047199996,-37.60508726999996,0 -72.89248899199998,-37.60503371799996,0 -72.89338422099996,-37.60517136999994,0 -72.89408600399997,-37.60526500699996,0 -72.89463358499995,-37.60550458599994,0 -72.89500892699994,-37.60547523599996,0 -72.89544213099998,-37.60552802599994,0 -72.89602717999998,-37.60549340199998,0 -72.89621406299995,-37.60543882499996,0 -72.89641979299995,-37.60537874299996,0 -72.89669606299998,-37.60517188799997,0 -72.89687845899994,-37.60508051499994,0 -72.89711674299997,-37.60511630399998,0 -72.89738063499993,-37.60532377699997,0 -72.89767216599995,-37.60563087299994,0 -72.89791412899996,-37.60553605399997,0 -72.89825046799996,-37.60530773599993,0 -72.89834210999999,-37.60524628499996,0 -72.89841445499997,-37.60534219899995,0 -72.89851208299996,-37.60559627299995,0 -72.89864450099998,-37.60567072699996,0 -72.89887116999995,-37.60561618699995,0 -72.89909624399996,-37.60559315999996,0 -72.89944085199994,-37.60559929699997,0 -72.89969709099995,-37.60554852299998,0 -72.89998334799998,-37.60549179999998,0 -72.90046475599996,-37.60544179199997,0 -72.90077564499995,-37.60556447999994,0 -72.90131320099994,-37.60563262199997,0 -72.90176481499998,-37.60555954799997,0 -72.90218708799995,-37.60547243299993,0 -72.90250126899997,-37.60547801999996,0 -72.90299095899996,-37.60566245899997,0 -72.90313786299998,-37.60575068399993,0 -72.90354565499996,-37.60564978799994,0 -72.90399562399995,-37.60563525399994,0 -72.90432441299998,-37.60565010799996,0 -72.90471026499995,-37.60580115299996,0 -72.90494475299994,-37.60581945499996,0 -72.90508396399997,-37.60583031999994,0 -72.90542288899996,-37.60603910699996,0 -72.90569148199995,-37.60607992399997,0 -72.90604202999998,-37.60587436599997,0 -72.90633356499995,-37.60562720599995,0 -72.90666735599996,-37.60548893799995,0 -72.90716127199994,-37.60549770199998,0 -72.90732739399994,-37.60549066799996,0 -72.90753623299997,-37.60548182399998,0 -72.90783361199993,-37.60558172399993,0 -72.90802793299997,-37.60576970699998,0 -72.90803764099996,-37.60577909899996,0 -72.90837960299996,-37.60587978799998,0 -72.90842405499995,-37.60589187499994,0 -72.90884052299998,-37.60600511499996,0 -72.90916283399997,-37.60627668099994,0 -72.90916603299996,-37.60627971199995,0 -72.90916923299994,-37.60628274299995,0 -72.90934697799997,-37.60645117199994,0 -72.90946907499995,-37.60656598599996,0 -72.90954573899995,-37.60656734399998,0 -72.90976840199994,-37.60657128999998,0 -72.91002743399997,-37.60642267599997,0 -72.91042099199996,-37.60629897499996,0 -72.91080410199999,-37.60626108499997,0 -72.91096196699993,-37.60624547199996,0 -72.91130612499995,-37.60624255399995,0 -72.91135286799994,-37.60625933699998,0 -72.91154374299998,-37.60632786899998,0 -72.91161434199995,-37.60648682799996,0 -72.91180238999993,-37.60672446799998,0 -72.91198338799995,-37.60668261199993,0 -72.91216753399993,-37.60652816199996,0 -72.91228674499996,-37.60654378999993,0 -72.91249061499997,-37.60677269699994,0 -72.91258720799993,-37.60704025899997,0 -72.91271279699998,-37.60738493599996,0 -72.91274209499994,-37.60795771399995,0 -72.91282126399994,-37.60834212299994,0 -72.91279872299998,-37.60861658899995,0 -72.91301939599998,-37.60875116699998,0 -72.91315948499994,-37.60881200999995,0 -72.91330059899997,-37.60887329699995,0 -72.91393356599997,-37.60930354799996,0 -72.91420936199995,-37.60961933799996,0 -72.91432392299998,-37.60980160299994,0 -72.91431800899994,-37.61001327899993,0 -72.91416269999996,-37.61019978399997,0 -72.91394945599995,-37.61033119299998,0 -72.91400671299994,-37.61043584299995,0 -72.91444147199996,-37.61043451799998,0 -72.91492131699994,-37.61041596499996,0 -72.91517406499997,-37.61049252799995,0 -72.91545248399996,-37.61072463099998,0 -72.91546674299997,-37.61073651799995,0 -72.91538468699997,-37.61098740199998,0 -72.91535951299994,-37.61135644799998,0 -72.91540804699997,-37.61155691299996,0 -72.91550742399994,-37.61196736899996,0 -72.91559820199996,-37.61246913699995,0 -72.91578212699994,-37.61285539499994,0 -72.91579332499998,-37.61286218099997,0 -72.91579346999998,-37.61286226899995,0 -72.91579361599997,-37.61286235699998,0 -72.91579744499995,-37.61286467799994,0 -72.91601738199995,-37.61302627299995,0 -72.91655903199995,-37.61295022699994,0 -72.91697932199997,-37.61293511999997,0 -72.91723133799997,-37.61289299599997,0 -72.91768641099998,-37.61281693099994,0 -72.91796481899996,-37.61277906899994,0 -72.91824362699998,-37.61274115299994,0 -72.91862063299999,-37.61265317999994,0 -72.91898516099997,-37.61247937199994,0 -72.91926726699995,-37.61256996199995,0 -72.91930682999998,-37.61275089999998,0 -72.91915223399997,-37.61293742399994,0 -72.91890906199995,-37.61305028899994,0 -72.91869456099994,-37.61322674399997,0 -72.91903519099998,-37.61337694499997,0 -72.91925444399999,-37.61336224299998,0 -72.91962042199998,-37.61333770199997,0 -72.92017479999998,-37.61333846599996,0 -72.92040743099994,-37.61360391499994,0 -72.92035492299993,-37.61365615399995,0 -72.92020716699994,-37.61380315299994,0 -72.92021113399994,-37.61412370799997,0 -72.92021114599999,-37.61412470499994,0 -72.92021115099993,-37.61412515299997,0 -72.92021115699998,-37.61412560199994,0 -72.92021124399997,-37.61413265199997,0 -72.92021164399995,-37.61416500499996,0 -72.92021173899997,-37.61417272399996,0 -72.92021555299993,-37.61418281499994,0 -72.92021697999996,-37.61418658999997,0 -72.92023674699993,-37.61423888899998,0 -72.92024490599994,-37.61426047499998,0 -72.92027016699996,-37.61432730799993,0 -72.92034043299998,-37.61451321099997,0 -72.92034890299993,-37.61453562099996,0 -72.92037919899997,-37.61461726299996,0 -72.92040354599999,-37.61463916099996,0 -72.92072358099995,-37.61492699499996,0 -72.92090555199997,-37.61509065799993,0 -72.92110813699998,-37.61534205799995,0 -72.92113016399998,-37.61564434699994,0 -72.92113850299995,-37.61587880499997,0 -72.92142024799995,-37.61598290099994,0 -72.92170475199998,-37.61598791399996,0 -72.92183864599997,-37.61590916599994,0 -72.92184087999993,-37.61590790199995,0 -72.92207029399998,-37.61577806699995,0 -72.92255744399995,-37.61549826499999,0 -72.92291821799995,-37.61545955899993,0 -72.92343015599994,-37.61538295899993,0 -72.92381978399999,-37.61538348399995,0 -72.92398454999994,-37.61538370499994,0 -72.92404931999994,-37.61540133199998,0 -72.92463950999996,-37.61556195199995,0 -72.92506307599996,-37.61593889499994,0 -72.92512757799994,-37.61631853199998,0 -72.92511630999996,-37.61672387199997,0 -72.92541100499994,-37.61692281299997,0 -72.92585978999995,-37.61695323499998,0 -72.92620074499996,-37.61706737399993,0 -72.92646275899995,-37.61734684499993,0 -72.92647169799994,-37.61758581899994,0 -72.92630274699997,-37.61774224799996,0 -72.92627110599994,-37.61777154399994,0 -72.92607084499997,-37.61797079299998,0 -72.92611050899995,-37.61817425899994,0 -72.92636366999994,-37.61823728799993,0 -72.92665018599996,-37.61817022899993,0 -72.92687116399998,-37.61829577499998,0 -72.92709059799995,-37.61850239999995,0 -72.92736122999997,-37.61900732099997,0 -72.92782251499995,-37.61912356899995,0 -72.92858032099997,-37.61881244899996,0 -72.92898016599997,-37.61846349699994,0 -72.92920652999999,-37.61785916299993,0 -72.92937044199994,-37.61736187599996,0 -72.92937872599998,-37.61728270299994,0 -72.92945138199997,-37.61658826699994,0 -72.92948356899996,-37.61598953599997,0 -72.92953902499994,-37.61559848899998,0 -72.92990516899994,-37.61536609699994,0 -72.93039016499995,-37.61516282699995,0 -72.93078448799997,-37.61501203499995,0 -72.93084760299996,-37.61477727299996,0 -72.93085080299994,-37.61476536899994,0 -72.93123288199996,-37.61451973499993,0 -72.93135617999997,-37.61447352199997,0 -72.93189900099998,-37.61427006799994,0 -72.93235139199999,-37.61416985499994,0 -72.93311800399994,-37.61407514699994,0 -72.93373653599997,-37.61393277899998,0 -72.93423645899998,-37.61375228399993,0 -72.93446740699994,-37.61351750999995,0 -72.93455862499997,-37.61293332899993,0 -72.93472647599998,-37.61229190999995,0 -72.93492993699994,-37.61197554699993,0 -72.93494974699996,-37.61125944099996,0 -72.93506245699996,-37.61097302999997,0 -72.93527479599999,-37.61087310899995,0 -72.93528434999996,-37.61087327599995,0 -72.93528753399994,-37.61087333199998,0 -72.93555837199995,-37.61093664999999,0 -72.93585672499995,-37.61097791899994,0 -72.93630481199995,-37.61049460599997,0 -72.93657260799995,-37.61040620899996,0 -72.93657705199996,-37.61040474199996,0 -72.93678254099996,-37.61055252799997,0 -72.93697516099996,-37.61062799299998,0 -72.93731855599998,-37.61067905799996,0 -72.93784195099994,-37.61072425699996,0 -72.93837324399993,-37.61102192799996,0 -72.93872254899998,-37.61139752399998,0 -72.93903915099997,-37.61188069099995,0 -72.93930318699995,-37.61208807399998,0 -72.93982961499995,-37.61199813699994,0 -72.94011382099995,-37.61203914899994,0 -72.94036750999999,-37.61205709599994,0 -72.94053998199996,-37.61178524199994,0 -72.94056337899997,-37.61150177199994,0 -72.94073747499993,-37.61138367099994,0 -72.94082240899996,-37.61132605499995,0 -72.94119711099995,-37.61134611299997,0 -72.94129539599999,-37.61140365799997,0 -72.94150647999999,-37.61152724599998,0 -72.94155508399996,-37.61194715199997,0 -72.94159949399995,-37.61208831399995,0 -72.94163775899995,-37.61220994299998,0 -72.94215810099996,-37.61234068299996,0 -72.94307281899995,-37.61234311899995,0 -72.94348681299994,-37.61253057699997,0 -72.94407779999995,-37.61284728699997,0 -72.94422642399996,-37.61284987699997,0 -72.94508132299995,-37.61286477299996,0 -72.94587842799996,-37.61294858799994,0 -72.94590310799998,-37.61295118299995,0 -72.94640633599994,-37.61327548699995,0 -72.94649237399994,-37.61333093399998,0 -72.94685053999996,-37.61353078899998,0 -72.94720087899998,-37.61372627699996,0 -72.94784192599997,-37.61384557499997,0 -72.94863536199995,-37.61388190599996,0 -72.94912807499998,-37.61396256899997,0 -72.94948004799994,-37.61424355499997,0 -72.94977733499996,-37.61425749999995,0 -72.95024305799996,-37.61427934599993,0 -72.95052323299996,-37.61444192399995,0 -72.95083235799996,-37.61465907699994,0 -72.95163893699998,-37.61475869999998,0 -72.95203939199996,-37.61470688199995,0 -72.95237581299995,-37.61466334999994,0 -72.95302852899994,-37.61489997899997,0 -72.95318344499998,-37.61492679099996,0 -72.95393602599995,-37.61505704299998,0 -72.95447532099996,-37.61515037699996,0 -72.95515435199997,-37.61499542799993,0 -72.95578198199996,-37.61451965799995,0 -72.95583350599998,-37.61451668299998,0 -72.95644222999994,-37.61448153199996,0 -72.95649975399994,-37.61442242999993,0 -72.95657014799997,-37.61435010599996,0 -72.95665787999997,-37.61425996699995,0 -72.95681938299998,-37.61384370599995,0 -72.95719635399996,-37.61375560899995,0 -72.95770455499996,-37.61381397499997,0 -72.95789498799996,-37.61397047599996,0 -72.95812443299997,-37.61435745799997,0 -72.95834091199998,-37.61450180499997,0 -72.95872802199995,-37.61475992799996,0 -72.95950590699994,-37.61479591699998,0 -72.96036703099998,-37.61493693799997,0 -72.96036729299993,-37.61493698099997,0 -72.96036763199999,-37.61493703699995,0 -72.96058017799999,-37.61497220499996,0 -72.96131409499998,-37.61498489199994,0 -72.96200403999995,-37.61497428399997,0 -72.96254111799993,-37.61506467099997,0 -72.96280646199995,-37.61522696399993,0 -72.96302316299995,-37.61553711499994,0 -72.96335962699999,-37.61581779199997,0 -72.96371780699997,-37.61587354199997,0 -72.96383968199996,-37.61586034399994,0 -72.96426590199997,-37.61578637899999,0 -72.96492777199995,-37.61548888199997,0 -72.96555154099997,-37.61515267899995,0 -72.96617030099998,-37.61497409599997,0 -72.96664964499996,-37.61502089099997,0 -72.96751558899996,-37.61510542799994,0 -72.96790294999994,-37.61515513999996,0 -72.96836725099996,-37.61521472599998,0 -72.96994316299998,-37.61569245999993,0 -72.97023559699994,-37.61579662499997,0 -72.97069995899994,-37.61595781899996,0 -72.97133947699996,-37.61613554199994,0 -72.97209931599997,-37.61631532999996,0 -72.97286138599998,-37.61638700699996,0 -72.97302993099999,-37.61645638999994,0 -72.97340968399999,-37.61661271699995,0 -72.97411971299994,-37.61695835899997,0 -72.97530256699997,-37.61702372899998,0 -72.97542956999996,-37.61704285199994,0 -72.97594430399994,-37.61712035699998,0 -72.97603163299993,-37.61714605099996,0 -72.97680625299995,-37.61737396299998,0 -72.97755638099994,-37.61736429699994,0 -72.97776904399996,-37.61737538899996,0 -72.97819983399995,-37.61739785799995,0 -72.97900429199996,-37.61757836599998,0 -72.97956454499996,-37.61768056899996,0 -72.97979486799994,-37.61772258399998,0 -72.98016895599994,-37.61784697299998,0 -72.98049315199995,-37.61795477199996,0 -72.98055208699998,-37.61797436899997,0 -72.98115997299993,-37.61822359399997,0 -72.98189066299994,-37.61820865999994,0 -72.98211997599998,-37.61820397299994,0 -72.98253800299995,-37.61824717099995,0 -72.98316076099997,-37.61849663999993,0 -72.98355895199995,-37.61856901899995,0 -72.98357664599996,-37.61857223499993,0 -72.98381748599996,-37.61861601199996,0 -72.98498419899994,-37.61870353899997,0 -72.98539932799997,-37.61866801399998,0 -72.98612546399994,-37.61860587299998,0 -72.98687165699994,-37.61838288099995,0 -72.98688143799995,-37.61837995799993,0 -72.98728006699997,-37.61803979599995,0 -72.98748138299999,-37.61779539999998,0 -72.98750290199996,-37.61752161599998,0 -72.98750401899997,-37.61750739999997,0 -72.98768996399997,-37.61730780099998,0 -72.98775056099998,-37.61728885999997,0 -72.98797703499997,-37.61721807199996,0 -72.98845934699995,-37.61710914099996,0 -72.98862376199997,-37.61704256599995,0 -72.98862381599997,-37.61704258399993,0 -72.98869727999994,-37.61706791199998,0 -72.99106928899994,-37.61788543299997,0 -72.99384690999995,-37.61884275599994,0 -73.00401782199998,-37.62234822199997,0 -73.00395075199998,-37.62239188699994,0 -73.00395069899997,-37.62239192099997,0 -73.00364150899998,-37.62272023999998,0 -73.00360671899995,-37.62290890499997,0 -73.00345098199995,-37.62314508799994,0 -73.00317420399995,-37.62337922299997,0 -73.00297159599995,-37.62367319099997,0 -73.00296970299996,-37.62367330099994,0 -73.00279149899995,-37.62368365499998,0 -73.00266910799996,-37.62378517499997,0 -73.00266907799994,-37.62378519999993,0 -73.00266904699998,-37.62378522099993,0 -73.00248677799993,-37.62388117699993,0 -73.00248673399994,-37.62388119999997,0 -73.00234862199994,-37.62400960699995,0 -73.00237195999995,-37.62424882199997,0 -73.00251588799995,-37.62445403099997,0 -73.00276963999994,-37.62450328299997,0 -73.00276968599997,-37.62450324899993,0 -73.00289239699998,-37.62441084499994,0 -73.00311542799994,-37.62446418199994,0 -73.00332119599994,-37.62463438899994,0 -73.00352890999994,-37.62470549599993,0 -73.00378240699996,-37.62475935299994,0 -73.00397513599995,-37.62483471099995,0 -73.00422164699995,-37.62514979899998,0 -73.00439252599995,-37.62548613599995,0 -73.00461667299999,-37.62549894099993,0 -73.00485976599998,-37.62538589599995,0 -73.00503546499993,-37.62554207299996,0 -73.00501674699996,-37.62568594999993,0 -73.00504358599994,-37.62579454799993,0 -73.00529552299997,-37.62590695399996,0 -73.00550288099998,-37.62599156899995,0 -73.00551389299994,-37.62613594899994,0 -73.00528468599998,-37.62631231399996,0 -73.00517739499998,-37.62640512599995,0 -73.00521982199996,-37.62648695199994,0 -73.00543045899997,-37.62648140199997,0 -73.00543051299996,-37.62648136999996,0 -73.00578009499998,-37.62627112499996,0 -73.00613836299993,-37.62632674799994,0 -73.00637772499994,-37.62635332399998,0 -73.00664609499995,-37.62640742699995,0 -73.00670253299995,-37.62654806799998,0 -73.00662557499999,-37.62661886399997,0 -73.00650305799996,-37.62672493799994,0 -73.00648495799999,-37.62681925899994,0 -73.00663273899994,-37.62690737099996,0 -73.00693232999998,-37.62691233899994,0 -73.00693238499997,-37.62691230899998,0 -73.00709962299999,-37.62682063299997,0 -73.00732472399994,-37.62682443699998,0 -73.00750428099997,-37.62683648199993,0 -73.00760579799999,-37.62695985999994,0 -73.00760134699993,-37.62712650799995,0 -73.00768715699996,-37.62728116299996,0 -73.00788149699997,-37.62729785399995,0 -73.00788150899996,-37.62729781799993,0 -73.00793061199994,-37.62715459999998,0 -73.00805380399999,-37.62702600399996,0 -73.00830855999999,-37.62703030799997,0 -73.00854685699994,-37.62707037999996,0 -73.00863362999996,-37.62718900199997,0 -73.00861431699997,-37.62735539899995,0 -73.00880549499993,-37.62748930199996,0 -73.00924826299996,-37.62774911399998,0 -73.00934075699996,-37.62823732699997,0 -73.00933342699994,-37.62851207199998,0 -73.00958238899995,-37.62871003299995,0 -73.00952601599994,-37.62915067299997,0 -73.00986895499994,-37.62922404999995,0 -73.01001255199998,-37.62944276299993,0 -73.01005209099998,-37.62965971999995,0 -73.01015757899995,-37.62963446199996,0 -73.01015770599997,-37.62963443199993,0 -73.01015783299994,-37.62963440099998,0 -73.01038424999996,-37.62957970899998,0 -73.01053613699997,-37.62948764399994,0 -73.01065384899994,-37.62956172599996,0 -73.01065192699997,-37.62963378999996,0 -73.01061871299999,-37.62976390499995,0 -73.01069314899996,-37.62978769099993,0 -73.01092007299997,-37.62969689099998,0 -73.01115752699997,-37.62979552199994,0 -73.01131072199996,-37.62968094899998,0 -73.01147818199996,-37.62958914499995,0 -73.01156724399993,-37.62962218899997,0 -73.01174416699996,-37.62973331699993,0 -73.01177161799995,-37.62981939399998,0 -73.01173780499994,-37.62997202899993,0 -73.01205175099994,-37.62999083899996,0 -73.01224774199994,-37.62994457599996,0 -73.01228610199996,-37.62964782399996,0 -73.01266117699998,-37.62963161499994,0 -73.01281246099995,-37.62956206699994,0 -73.01296409399998,-37.62950604299994,0 -73.01314809599995,-37.62935143199996,0 -73.01334084699994,-37.62942677499996,0 -73.01350542599994,-37.62944306499998,0 -73.01353839499996,-37.62932195699995,0 -73.01355804599996,-37.62916908299997,0 -73.01368019699999,-37.62907651299997,0 -73.01410381099998,-37.62893945399998,0 -73.01419754899996,-37.62879683899996,0 -73.01457609499994,-37.62865000599993,0 -73.01463244099995,-37.62876811099994,0 -73.01485311499994,-37.62893854899994,0 -73.01492335699999,-37.62911997299994,0 -73.01503915499995,-37.62926611499995,0 -73.01504766999994,-37.62950507899996,0 -73.01495465199997,-37.62962066999995,0 -73.01510340699997,-37.62967273999993,0 -73.01531545999995,-37.62958168199998,0 -73.01534314299994,-37.62968578699997,0 -73.01535417499997,-37.62983016499993,0 -73.01568394499998,-37.62981318399994,0 -73.01602557599995,-37.62993608799997,0 -73.01634022999997,-37.62995489899998,0 -73.01658427899997,-37.62980579699996,0 -73.01676876399995,-37.62960612799998,0 -73.01727593399994,-37.62970928199996,0 -73.01749757399995,-37.62984368199994,0 -73.01778178899997,-37.62986197799995,0 -73.01803986299996,-37.62974465099995,0 -73.01831076699995,-37.62970414299997,0 -73.01881854799996,-37.62975773399995,0 -73.01931527999994,-37.62969397999996,0 -73.01977810599993,-37.62976032999995,0 -73.02015090999998,-37.62982967299996,0 -73.02055391499994,-37.62990853399998,0 -73.02089555499998,-37.63003142399998,0 -73.02125827399993,-37.62992035299993,0 -73.02165776999993,-37.62954404099997,0 -73.02191667299996,-37.62939517799998,0 -73.02213862799994,-37.62893027099994,0 -73.02246151799994,-37.62863828699994,0 -73.02285109399998,-37.62863580599998,0 -73.02319965399994,-37.62849745499994,0 -73.02340005099995,-37.62828452299993,0 -73.02347723399998,-37.62820470699995,0 -73.02365739399994,-37.62819420799997,0 -73.02355930899995,-37.62794022599996,0 -73.02337646299998,-37.62746402699997,0 -73.02305302899998,-37.62724231599998,0 -73.02272793499998,-37.62705662499997,0 -73.02272130499995,-37.62674559699997,0 -73.02279848799998,-37.62666578199998,0 -73.02311755499994,-37.62649088799998,0 -73.02315527199994,-37.62621665099994,0 -73.02298323999997,-37.62589383799997,0 -73.02296234099998,-37.62556003999998,0 -73.02316201399998,-37.62537413299998,0 -73.02356571499996,-37.62542595899998,0 -73.02421010299997,-37.62542774299993,0 -73.02473498299997,-37.62542301599996,0 -73.02515343899995,-37.62545255299995,0 -73.02576845499993,-37.62544031799996,0 -73.02631010699997,-37.62536376799994,0 -73.02709219699994,-37.62527321299996,0 -73.02755421599994,-37.62518180699993,0 -73.02777059499994,-37.62514036499994,0 -73.02830071599993,-37.62491040699996,0 -73.02848646099994,-37.62468820899994,0 -73.02848960799997,-37.62465042099996,0 -73.02853105999998,-37.62415273499994,0 -73.02873238099994,-37.62390375999996,0 -73.02887068699994,-37.62381692599996,0 -73.02906794699999,-37.62369307799997,0 -73.02908935499994,-37.62344560199995,0 -73.02908400699994,-37.62308502899998,0 -73.02909875799998,-37.62252652499996,0 -73.02903122199996,-37.62224151499998,0 -73.02876951099995,-37.62193523599996,0 -73.02865572399998,-37.62168550099994,0 -73.02845346699996,-37.62140725099994,0 -73.02863991599997,-37.62115802799997,0 -73.02922552599995,-37.62113176599996,0 -73.02959770299998,-37.62122359799997,0 -73.03008509999995,-37.62092082099997,0 -73.03052659399998,-37.62066684299998,0 -73.03093919399998,-37.62035380099996,0 -73.03134572599998,-37.62029750199997,0 -73.03176474499998,-37.62033153099998,0 -73.03211135499998,-37.62023817999994,0 -73.03236381999994,-37.62017029499998,0 -73.03242882499995,-37.62014884899997,0 -73.03251491699996,-37.62029447899994,0 -73.03258365199997,-37.62053444699995,0 -73.03257795199994,-37.62075064199996,0 -73.03261981399999,-37.62085497999993,0 -73.03297772299999,-37.62092403399998,0 -73.03332504199994,-37.62083069199997,0 -73.03365132499994,-37.62097131299998,0 -73.03394096999995,-37.62078238099997,0 -73.03432477799998,-37.62043279899996,0 -73.03467861599995,-37.62009172799998,0 -73.03466814099994,-37.61992482899996,0 -73.03465640999997,-37.61987589999995,0 -73.03464030599997,-37.61980872999993,0 -73.03461390799998,-37.61969862299998,0 -73.03481678799994,-37.61956668199997,0 -73.03490141899994,-37.61951164299995,0 -73.03492391399993,-37.61949701399993,0 -73.03494678199996,-37.61948214199998,0 -73.03502600699994,-37.61943061899996,0 -73.03506261299998,-37.61916987699993,0 -73.03516564699999,-37.61914265599995,0 -73.03557602499995,-37.61903423399997,0 -73.03622483499998,-37.61910812299993,0 -73.03630811899995,-37.61911852099996,0 -73.03644187599997,-37.61917985499997,0 -73.03693012899998,-37.61940374399995,0 -73.03767401299996,-37.61960537599998,0 -73.03847640799995,-37.61987106199996,0 -73.03892184399996,-37.62003167399996,0 -73.03940044199999,-37.62006216099996,0 -73.03958424899997,-37.61991200899996,0 -73.03978622999995,-37.61966302699994,0 -73.04019310899997,-37.61956614799993,0 -73.04072516299993,-37.61928659799997,0 -73.04091676799999,-37.61883917399996,0 -73.04107663399998,-37.61846782599997,0 -73.04092011199998,-37.61814529599997,0 -73.04103053999995,-37.61793083899994,0 -73.04132346499995,-37.61761577199997,0 -73.04167749499999,-37.61726567099998,0 -73.04210004799995,-37.61716453999998,0 -73.04265500199995,-37.61717374999995,0 -73.04272927099998,-37.61717498199994,0 -73.04342785199998,-37.61737582599994,0 -73.04374422399997,-37.61789476499996,0 -73.04399407199998,-37.61808816299998,0 -73.04460808499994,-37.61811186099993,0 -73.04591857399998,-37.61841745999993,0 -73.04683471399994,-37.61893731299995,0 -73.04730706299995,-37.61920648499995,0 -73.04754879499995,-37.61971065999995,0 -73.04759929699998,-37.62008099399998,0 -73.04783076299998,-37.62038222499996,0 -73.04784889699994,-37.62038907699997,0 -73.04824236599995,-37.62053773699995,0 -73.04826135899998,-37.62054255699996,0 -73.04832415399994,-37.62055466399994,0 -73.04861928399998,-37.62061156399994,0 -73.04911193199996,-37.62070082199995,0 -73.04930246299995,-37.62086168599996,0 -73.04948651999996,-37.62127027599996,0 -73.04973427599998,-37.62154473599998,0 -73.05011663899995,-37.62181691599994,0 -73.05063867399997,-37.62192017199993,0 -73.05086529299996,-37.62183830099997,0 -73.05098715399998,-37.62178173599995,0 -73.05150337999999,-37.62153792499998,0 -73.05183252199998,-37.62154336099996,0 -73.05218645799994,-37.62176549799995,0 -73.05250050399997,-37.62180673199998,0 -73.05274803499998,-37.62206315899994,0 -73.05292300999997,-37.62227783199995,0 -73.05325027599997,-37.62235533099994,0 -73.05339129099997,-37.62270462599997,0 -73.05353383199997,-37.62296832999994,0 -73.05383055199997,-37.62310390199997,0 -73.05421704999998,-37.62321842499995,0 -73.05475490499998,-37.62328587499997,0 -73.05542697899995,-37.62396385499994,0 -73.05573129299995,-37.62435188799998,0 -73.05572413399995,-37.62462663999997,0 -73.05590612199995,-37.62511629499994,0 -73.05616772399998,-37.62543152599994,0 -73.05685437499994,-37.62555098499996,0 -73.05735234399998,-37.62543752399995,0 -73.05767625299995,-37.62507335999993,0 -73.05775656299994,-37.62487190899998,0 -73.05779329599994,-37.62477953299998,0 -73.05786871199996,-37.62458987399998,0 -73.05811090499998,-37.62450824599995,0 -73.05861927799998,-37.62456618099998,0 -73.05908644799996,-37.62446572299996,0 -73.05965334399997,-37.62456066599998,0 -73.06017787199994,-37.62456929299998,0 -73.06059353299997,-37.62470680399997,0 -73.06097151099993,-37.62460487299995,0 -73.06168730899998,-37.62474731399993,0 -73.06231075399995,-37.62498286099998,0 -73.06251654099998,-37.62513043599995,0 -73.06290458299998,-37.62518637599993,0 -73.06313471399994,-37.62499639399994,0 -73.06312534399996,-37.62478445499994,0 -73.06337114899998,-37.62453614999998,0 -73.06359812099998,-37.62446777899993,0 -73.06385201699999,-37.62450799599998,0 -73.06414583499998,-37.62472910999998,0 -73.06454967699995,-37.62474925599997,0 -73.06505096599994,-37.62484833999997,0 -73.06507175399997,-37.62485244899995,0 -73.06538909199998,-37.62476753199996,0 -73.06571249199999,-37.62442136199996,0 -73.06576398399994,-37.62418338399993,0 -73.06586135399994,-37.62389659199994,0 -73.06610212799995,-37.62384196099998,0 -73.06667440599995,-37.62375671499996,0 -73.06711673199999,-37.62346656199998,0 -73.06766544999994,-37.62311506599997,0 -73.06815504399998,-37.62272204499993,0 -73.06868643899998,-37.62246488799997,0 -73.06902013299998,-37.62229461399994,0 -73.06917485799994,-37.62211690299995,0 -73.06920114399998,-37.62167573799996,0 -73.06920989699995,-37.62163972499997,0 -73.06967807699994,-37.62157990399993,0 -73.07008827699997,-37.62142635299995,0 -73.07065842299994,-37.62121292499995,0 -73.07157573499995,-37.62076379899997,0 -73.07195205999994,-37.62075192699996,0 -73.07182300099998,-37.62034788199998,0 -73.07179402299994,-37.62025716099998,0 -73.07161204499994,-37.61968743799997,0 -73.07160931899995,-37.61968253699996,0 -73.07136471399997,-37.61924272399995,0 -73.07120739099997,-37.61895984899996,0 -73.07098278999996,-37.61830729999997,0 -73.07057972099994,-37.61699844899994,0 -73.07017550599994,-37.61680258099994,0 -73.06948174099995,-37.61676869899998,0 -73.06843784099993,-37.61727295799994,0 -73.06822760599994,-37.61737451299996,0 -73.06785640399994,-37.61768349599998,0 -73.06779800899994,-37.61773210299998,0 -73.06754805599996,-37.61794016099998,0 -73.06715614699993,-37.61823810799996,0 -73.06715176499995,-37.61824143899997,0 -73.06665453499994,-37.61861945699997,0 -73.06451974899994,-37.61937751899995,0 -73.06255884499996,-37.61927322999998,0 -73.06203021299996,-37.61868776799997,0 -73.06168653099996,-37.61796114899994,0 -73.06127145999994,-37.61766593799996,0 -73.06019364599996,-37.61728773299996,0 -73.05908728199995,-37.61683694999994,0 -73.05852767899995,-37.61630052999993,0 -73.05839536999997,-37.61589339799997,0 -73.05827592499998,-37.61552584699996,0 -73.05836291599996,-37.61449538699998,0 -73.05844163799998,-37.61339666399994,0 -73.05844245699996,-37.61338522699998,0 -73.05845740099994,-37.61317665999997,0 -73.05829812399998,-37.61233140199994,0 -73.05799195899993,-37.61210922499998,0 -73.05798572099997,-37.61210469799994,0 -73.05758651699995,-37.61181500499998,0 -73.05662724899997,-37.61153785399995,0 -73.05603738699995,-37.61099641699997,0 -73.05548277199995,-37.61024377299998,0 -73.05518269599997,-37.60997236399993,0 -73.05483323799996,-37.60965628699995,0 -73.05436054199998,-37.60904853299996,0 -73.05419064399996,-37.60883008899998,0 -73.05399594299996,-37.60817800099994,0 -73.05390004799995,-37.60721211799995,0 -73.05407086399998,-37.60647143199998,0 -73.05444276399999,-37.60614951799994,0 -73.05447153099993,-37.60612461499994,0 -73.05454429999998,-37.60606162699997,0 -73.05475028399997,-37.60588332799995,0 -73.05544862399995,-37.60549839499998,0 -73.05585358899998,-37.60527516999997,0 -73.05779078499995,-37.60486097599994,0 -73.06127765899998,-37.60346736799994,0 -73.06287391599994,-37.60234734099998,0 -73.06288763299995,-37.60233771699995,0 -73.06315393299997,-37.60215086499994,0 -73.06375303799996,-37.60161303499996,0 -73.06383970399997,-37.60153523299994,0 -73.06435369499997,-37.60107381199998,0 -73.06439119999999,-37.60104014199993,0 -73.06517729399997,-37.59985441599997,0 -73.06522991099996,-37.59949028499994,0 -73.06528653899994,-37.59913523199998,0 -73.06499126799997,-37.59886452999996,0 -73.06432490599997,-37.59860643599995,0 -73.06382499399996,-37.59841281099995,0 -73.06358371499994,-37.59802583299995,0 -73.06306052099995,-37.59749265499994,0 -73.06302644699997,-37.59745792999996,0 -73.06268590099995,-37.59696181999993,0 -73.06254301699994,-37.59675366399995,0 -73.06220993799997,-37.59626843099994,0 -73.06140537799996,-37.59461950199994,0 -73.06125035399998,-37.59408120499995,0 -73.06124466799997,-37.59406146199996,0 -73.06124108899996,-37.59404903399997,0 -73.06091533999995,-37.59391750999998,0 -73.05939437999996,-37.59374380299994,0 -73.05743317399998,-37.59340511399995,0 -73.05564531499994,-37.59290703099998,0 -73.05555259199997,-37.59283585799994,0 -73.05510538499993,-37.59249258399996,0 -73.05457777599997,-37.59160519799997,0 -73.05457115399997,-37.59140857499995,0 -73.05455302599995,-37.59087029599993,0 -73.05436692799998,-37.59075908099993,0 -73.05384272899994,-37.59067944499998,0 -73.05350182599994,-37.59062765399995,0 -73.05200617299994,-37.59030106199998,0 -73.05108468999998,-37.58991634599994,0 -73.05086271099998,-37.58962454599998,0 -73.05065422499996,-37.58935047899996,0 -73.05048535699996,-37.58919117099998,0 -73.04974510499994,-37.58849281699997,0 -73.04844865799998,-37.58783151599994,0 -73.04826889199995,-37.58774066299998,0 -73.04665119399994,-37.58692308499997,0 -73.04544582799997,-37.58602894299997,0 -73.04457772499995,-37.58520346399996,0 -73.04444439399998,-37.58512170999995,0 -73.03387002999995,-37.59845999899994,0 -73.02057740799995,-37.59379229799998,0 -73.01260686599994,-37.59099295099998,0 -72.99754324699995,-37.58294089299994,0 -72.99562036299994,-37.58191291099996,0 -72.99516300699997,-37.58192453999993,0 -72.99597723399995,-37.58128608599998,0 -72.99399148599997,-37.58020867899995,0 -72.96740820799994,-37.56578232799995,0 -72.96098508899996,-37.56345286199996,0 -72.94368087499998,-37.55717472899994,0 -72.93999970499993,-37.55649811799998,0 -72.93180618499997,-37.55499166799996,0 -72.92486996399998,-37.55371589499998,0 -72.92512388199998,-37.55637187699995,0 -72.92574057299998,-37.56282188499995,0 -72.91088333699997,-37.56524229799993,0 -72.90946780899998,-37.55708445299996,0 -72.90626901199994,-37.55832620099994,0 -72.90382045099994,-37.54460883799993,0 -72.90455631999998,-37.54383339999998,0 -72.90377794199998,-37.53819198799994,0 -72.90123087699999,-37.53253614099998,0 -72.90119895399994,-37.53256583599995,0 -72.90098735599997,-37.53262065199993,0 -72.90078012699996,-37.53254487099997,0 -72.90045001799996,-37.53258856599996,0 -72.90017567799998,-37.53273689099996,0 -72.89971357699994,-37.53267009199993,0 -72.89960022499997,-37.53263006499998,0 -72.89928356999997,-37.53251824799997,0 -72.89907495199998,-37.53249200499994,0 -72.89887727899998,-37.53248848599998,0 -72.89864090199995,-37.53248427899996,0 -72.89825272699994,-37.53245483799998,0 -72.89784798799997,-37.53246114899997,0 -72.89734759899994,-37.53270006799994,0 
						</coordinates>
					</LinearRing>
				</outerBoundaryIs>
			</Polygon>
		</MultiGeometry>
	</Placemark>
	<Placemark>
		<name>LA AGUADA</name>
		<description><![CDATA[<p>COMUNA: NACIMIENTO
<br/>DISTRITO: 4
<br/>LOC_ZON: 13
<br/>NOMBRE_LOCALIDAD: LA AGUADA
<br/>GEOCODIGO: 8306042013</p>]]></description>
		<styleUrl>#style1</styleUrl>
		<ExtendedData>
			<Data name="NOM_COMUNA">
				<displayName>NOM_COMUNA</displayName>
				<value>NACIMIENTO</value>
			</Data>
			<Data name="DISTRITO">
				<displayName>DISTRITO</displayName>
				<value>4</value>
			</Data>
			<Data name="LOC_ZON">
				<displayName>LOC_ZON</displayName>
				<value>13</value>
			</Data>
			<Data name="NOM_LOCALI">
				<displayName>NOM_LOCALI</displayName>
				<value>LA AGUADA</value>
			</Data>
			<Data name="GEOCODIGO">
				<displayName>GEOCODIGO</displayName>
				<value>8306042013</value>
			</Data>
		</ExtendedData>
		<MultiGeometry>
			<Polygon>
				<outerBoundaryIs>
					<LinearRing>
						<tessellate>1</tessellate>
						<coordinates>
							-72.92220752099996,-37.38291263799994,0 -72.92196303099996,-37.38743889299997,0 -72.92803409099997,-37.39269599099998,0 -72.92829998099995,-37.39492531899998,0 -72.92924821399998,-37.40287523699993,0 -72.93243176299995,-37.40268098299998,0 -72.93292160199996,-37.40525140899996,0 -72.93632841699997,-37.41520703199996,0 -72.94126375899998,-37.41838342399996,0 -72.94788666099998,-37.41758297199993,0 -72.94894686299995,-37.41554116899994,0 -72.96075961799994,-37.41230039999994,0 -72.96280711299994,-37.41333085899998,0 -72.96280709899997,-37.41333082099993,0 -72.96276051399997,-37.41320960799993,0 -72.96274995299996,-37.41318238899999,0 -72.96280656699997,-37.41315182199997,0 -72.96299230499994,-37.41304687599995,0 -72.96325360099996,-37.41278551699997,0 -72.96323042299997,-37.41254629099996,0 -72.96290565799995,-37.41238748499995,0 -72.96259324999994,-37.41234604999994,0 -72.96219074199996,-37.41229404899997,0 -72.96193835599996,-37.41222660999995,0 -72.96185482099997,-37.41199986199996,0 -72.96187708999997,-37.41172537099993,0 -72.96196460599998,-37.41149256099993,0 -72.96200647799998,-37.41138062899995,0 -72.96207431599998,-37.41130068899997,0 -72.96220728899993,-37.41113625399998,0 -72.96240529199997,-37.41099547099998,0 -72.96264651399997,-37.41092753199996,0 -72.96284732199996,-37.41068315499996,0 -72.96290610399996,-37.41059855199995,0 -72.96300906499994,-37.41044711699993,0 -72.96321120399995,-37.41028387399996,0 -72.96321696699994,-37.41027947099997,0 -72.96322274099998,-37.41027505999995,0 -72.96337432199994,-37.41020557399997,0 -72.96362841099995,-37.41020995199995,0 -72.96379517899999,-37.41012720899994,0 -72.96379834999993,-37.41001010399998,0 -72.96389420599996,-37.40978194199994,0 -72.96388914099998,-37.40977317899996,0 -72.96384159299998,-37.40969091199997,0 -72.96377700799997,-37.40957263999996,0 -72.96363252799995,-37.40935385499995,0 -72.96356051899994,-37.40924897299993,0 -72.96349639599998,-37.40913971999998,0 -72.96338764299998,-37.40895759999995,0 -72.96321086499995,-37.40881035699994,0 -72.96305109499997,-37.40871297399997,0 -72.96290025799993,-37.40862475699998,0 -72.96245316599999,-37.40847285299998,0 -72.96189342099996,-37.40828295599994,0 -72.96178337299995,-37.40822698399995,0 -72.96148814999998,-37.40807318899994,0 -72.96129720799996,-37.40797977199998,0 -72.96124359599997,-37.40795181099998,0 -72.96115379599996,-37.40791391499994,0 -72.96103206499998,-37.40786254499994,0 -72.96093260299995,-37.40757243499996,0 -72.96095197499994,-37.40746733199995,0 -72.96096406299995,-37.40740174399997,0 -72.96104769599998,-37.40728602699994,0 -72.96111816299998,-37.40716107099996,0 -72.96110792799993,-37.40704373399996,0 -72.96111061399995,-37.40694464499995,0 -72.96110062399998,-37.40681830099993,0 -72.96110330999994,-37.40671921199998,0 -72.96105233099996,-37.40664623399994,0 -72.96099908599996,-37.40660475999994,0 -72.96109795899997,-37.40642171299993,0 -72.96134460699994,-37.40620516699994,0 -72.96152091099998,-37.40610907299998,0 -72.96175058099993,-37.40604994799997,0 -72.96180482899996,-37.40602835199996,0 -72.96189823299994,-37.40602095099996,0 -72.96203008899994,-37.40602773099994,0 -72.96225933899996,-37.40603618999995,0 -72.96244731499996,-37.40603041899993,0 -72.96270541599995,-37.40588616499997,0 -72.96281476499996,-37.40581144499998,0 -72.96284536599995,-37.40567228199995,0 -72.96276652199998,-37.40558530599998,0 -72.96268908899998,-37.40549835399997,0 -72.96262484899995,-37.40539360499997,0 -72.96260071399996,-37.40529405399997,0 -72.96264325999994,-37.40520917099997,0 -72.96275224299995,-37.40514796299993,0 -72.96291330299994,-37.40511919599993,0 -72.96297949499996,-37.40515187999995,0 -72.96308701399994,-37.40514472099994,0 -72.96314150499995,-37.40511411699998,0 -72.96331682799996,-37.40505405199997,0 -72.96353052299997,-37.40508927799993,0 -72.96363599399996,-37.40513164999993,0 -72.96381031499999,-37.40513465399994,0 -72.96403756799998,-37.40513856899997,0 -72.96419847899995,-37.40514134099993,0 -72.96421892599994,-37.40514574099996,0 -72.96435783199996,-37.40517562899998,0 -72.96459859099997,-37.40520230599998,0 -72.96478933699996,-37.40525065199995,0 -72.96491763699999,-37.40528440499997,0 -72.96507820899996,-37.40527365099996,0 -72.96525630799994,-37.40513702699997,0 -72.96526482799999,-37.40508309899997,0 -72.96527251999998,-37.40503366399997,0 -72.96526264399995,-37.40490281599995,0 -72.96513318199999,-37.40472935299994,0 -72.96505504199996,-37.40464239099998,0 -72.96503187899998,-37.40450680699996,0 -72.96514146799996,-37.40442307699993,0 -72.96531690899997,-37.40435850499995,0 -72.96545270699994,-37.40429775699994,0 -72.96549439699999,-37.40424440099997,0 -72.96549719899997,-37.40414080699998,0 -72.96540650199995,-37.40402208599994,0 -72.96527640699998,-37.40389817999994,0 -72.96502565499998,-37.40374515999997,0 -72.96483095199994,-37.40353001799997,0 -72.96468832799997,-37.40334731599995,0 -72.96454567899997,-37.40319164999994,0 -72.96448180299996,-37.40307338999997,0 -72.96444559799994,-37.40292406299994,0 -72.96444669499994,-37.40288352599998,0 -72.96439598499995,-37.40277450499997,0 -72.96437087399994,-37.40271098699998,0 -72.96435033799997,-37.40266621799998,0 -72.96432086899995,-37.40260197799995,0 -72.96428442099995,-37.40246165899998,0 -72.96427442599997,-37.40233531499996,0 -72.96427472999994,-37.40232405699993,0 -72.96427503499996,-37.40231279399995,0 -72.96426455199997,-37.40220446599994,0 -72.96425345899996,-37.40211865799995,0 -72.96422944499994,-37.40201460299994,0 -72.96423444299995,-37.40182993699995,0 -72.96423675899996,-37.40174435899996,0 -72.96420079899997,-37.40158602499997,0 -72.96413546199994,-37.40152181299993,0 -72.96403072699997,-37.40145241699997,0 -72.96395198199997,-37.40138797399993,0 -72.96388810899998,-37.40126971299998,0 -72.96366199099998,-37.40119822499997,0 -72.96356956799997,-37.40116959599993,0 -72.96334162199997,-37.40116566799998,0 -72.96317800899999,-37.40128902099997,0 -72.96310889299997,-37.40136443499995,0 -72.96306686399998,-37.40140426599993,0 -72.96302612399995,-37.40144862499994,0 -72.96289188899993,-37.40147785499994,0 -72.96267710699993,-37.40148316499995,0 -72.96256883499996,-37.40154438499997,0 -72.96244522899997,-37.40165040199997,0 -72.96238695799997,-37.40182063099996,0 -72.96236952299995,-37.40196903299994,0 -72.96226904699995,-37.40223766999998,0 -72.96198233699994,-37.40242198499993,0 -72.96153857199994,-37.40251346799994,0 -72.96125674299998,-37.40251761899998,0 -72.96100158199994,-37.40255377299997,0 -72.96081494399994,-37.40258209599995,0 -72.96059819099997,-37.40261440499995,0 -72.96018160799997,-37.40269283299995,0 -72.95989953399999,-37.40270598899997,0 -72.95964278299994,-37.40280069199997,0 -72.95927314299996,-37.40286640899996,0 -72.95915890999999,-37.40288696699997,0 -72.95895348699997,-37.40293749299997,0 -72.95876782399995,-37.40298836099998,0 -72.95832689299993,-37.40294920199995,0 -72.95786158899995,-37.40281949699994,0 -72.95736858599997,-37.40274789099993,0 -72.95712842199998,-37.40272571599996,0 -72.95702408699998,-37.40261576499995,0 -72.95690511999999,-37.40255062199998,0 -72.95673444799996,-37.40243952399993,0 -72.95632351999996,-37.40228371599994,0 -72.95607239699996,-37.40217122599995,0 -72.95601829399999,-37.40210939299993,0 -72.95596830899996,-37.40205226599994,0 -72.95572937199995,-37.40198504699998,0 -72.95541059599998,-37.40189391599995,0 -72.95514217699997,-37.40189828499996,0 -72.95506243099999,-37.40189690499994,0 -72.95482107499998,-37.40189272899994,0 -72.95470281799999,-37.40182759699996,0 -72.95454537799998,-37.40169380699996,0 -72.95454528999994,-37.40169341999996,0 -72.95450952599998,-37.40153585799993,0 -72.95451307799993,-37.40140524099996,0 -72.95450309899996,-37.40127889599995,0 -72.95445310999997,-37.40116988299997,0 -72.95445715199997,-37.40102124999993,0 -72.95443351899996,-37.40090368199998,0 -72.95442329499997,-37.40078634499997,0 -72.95447628199997,-37.40073318799995,0 -72.95458814499995,-37.40061796399993,0 -72.95467030999998,-37.40055629999995,0 -72.95474200499996,-37.40038630699996,0 -72.95467790299995,-37.40027704999994,0 -72.95453322699996,-37.40017090499998,0 -72.95449514799998,-37.40014320899996,0 -72.95442850299997,-37.40010149999995,0 -72.95435380999999,-37.39988841799993,0 -72.95434652499995,-37.39966298499996,0 -72.95433769299996,-37.39964668799996,0 -72.95420601599994,-37.39940370199997,0 -72.95415651899998,-37.39927667299997,0 -72.95402537699994,-37.39916625599994,0 -72.95393213199998,-37.39914211099995,0 -72.95385303099994,-37.39909117399998,0 -72.95382890899998,-37.39899162099994,0 -72.95376600499998,-37.39886435999995,0 -72.95367533299998,-37.39874562999995,0 -72.95359672299998,-37.39867667699997,0 -72.95341143099995,-37.39861038199996,0 -72.95327881999998,-37.39855401199998,0 -72.95311911999994,-37.39853322199997,0 -72.95303952899997,-37.39850030099996,0 -72.95293459299995,-37.39841286599994,0 -72.95281600499999,-37.39833420799994,0 -72.95278651799998,-37.39830215399996,0 -72.95268606199994,-37.39820578499996,0 -72.95263573999995,-37.39808324699993,0 -72.95254046699995,-37.39800386399997,0 -72.95249214499995,-37.39796359999997,0 -72.95237196399995,-37.39794349299996,0 -72.95228363099994,-37.39794646899998,0 -72.95218400799996,-37.39794924899996,0 -72.95207806299999,-37.39792488299997,0 -72.95206477799996,-37.39792014699998,0 -72.95205149199995,-37.39791540999994,0 -72.95188013199999,-37.39780429299998,0 -72.95179747499998,-37.39778032999993,0 -72.95171098199995,-37.39771574499997,0 -72.95151857499997,-37.39759975699997,0 -72.95131453999994,-37.39747004799995,0 -72.95092764399999,-37.39731463899994,0 -72.95076837299996,-37.39725818099998,0 -72.95045984199999,-37.39714881299994,0 -72.95043459099998,-37.39711683199994,0 -72.95025817199996,-37.39690648899995,0 -72.95024706399994,-37.39687513199993,0 -72.95019392499995,-37.39672512899995,0 -72.95026151499997,-37.39655056199996,0 -72.95045827299998,-37.39645483799995,0 -72.95046387199994,-37.39644366999994,0 -72.95046947199995,-37.39643250199998,0 -72.95050613499996,-37.39635653299996,0 -72.95047766199997,-37.39626140999997,0 -72.95038653899996,-37.39613365799994,0 -72.95032094199996,-37.39600184199998,0 -72.95019290999994,-37.39585542499998,0 -72.95011525699994,-37.39577747399994,0 -72.95010295399999,-37.39573670499993,0 -72.95012286499997,-37.39549822399994,0 -72.95004116199993,-37.39536162299993,0 -72.95000735199994,-37.39530696299994,0 -72.94992985299996,-37.39519747099996,0 -72.94993328899994,-37.39507135799994,0 -72.94984284299994,-37.39497065399996,0 -72.94984431499995,-37.39491660599998,0 -72.94984713799994,-37.39481301399996,0 -72.94979522699998,-37.39474902699993,0 -72.94963976999998,-37.39462466399993,0 -72.94959736899995,-37.39457436099997,0 -72.94963660999997,-37.39450744999994,0 -72.94977540799994,-37.39449183299996,0 -72.94981811499997,-37.39447905499998,0 -72.94989622699995,-37.39446238499994,0 -72.94992537299999,-37.39437727399996,0 -72.94984772099997,-37.39429932299998,0 -72.94979642399994,-37.39421281599994,0 -72.94980022899995,-37.39407319099996,0 -72.94976813699998,-37.39405911599994,0 -72.94973405199994,-37.39404049999996,0 -72.94959936599997,-37.39406069499995,0 -72.94945406499994,-37.39400409999996,0 -72.94934938499995,-37.39390765499996,0 -72.94930940999996,-37.39379430799994,0 -72.94923302799998,-37.39375600199998,0 -72.94923247099996,-37.39375572299997,0 -72.94923243499994,-37.39375570499993,0 -72.94923194899997,-37.39375546099996,0 -72.94922822499996,-37.39375359299993,0 -72.94922819599998,-37.39375357799997,0 -72.94922813599999,-37.39375355399994,0 -72.94919054099995,-37.39374344299995,0 -72.94919048799994,-37.39374344099997,0 -72.94918915999995,-37.39374347999996,0 -72.94918877999999,-37.39374349099995,0 -72.94918840099996,-37.39374350199995,0 -72.94910952999999,-37.39374577799998,0 -72.94900383599997,-37.39381604299996,0 -72.94882877499998,-37.39386707899996,0 -72.94861548799997,-37.39381831599997,0 -72.94851056399995,-37.39373087799993,0 -72.94851228299996,-37.39366782199994,0 -72.94862162799996,-37.39359311499993,0 -72.94862730999995,-37.39359199199998,0 -72.94881043299995,-37.39355583599996,0 -72.94889296299993,-37.39348066399998,0 -72.94892121899994,-37.39345411699998,0 -72.94897503299995,-37.39339647099996,0 -72.94898018899994,-37.39320730199995,0 -72.94889137299998,-37.39302100899994,0 -72.94872914499996,-37.39290341599997,0 -72.94866845699994,-37.39285942499998,0 -72.94863470999996,-37.39285433299995,0 -72.94833521599998,-37.39280857999995,0 -72.94830129099995,-37.39278689699995,0 -72.94820476799998,-37.39272520499998,0 -72.94816276999995,-37.39263435299995,0 -72.94819888399996,-37.39242319099998,0 -72.94829988599997,-37.39213654999998,0 -72.94833308599993,-37.39190280699995,0 -72.94829691799998,-37.39175347599996,0 -72.94827329699996,-37.39163590599998,0 -72.94834561199997,-37.39144339699993,0 -72.94853858599998,-37.39125298199997,0 -72.94871535999994,-37.39113888999998,0 -72.94877137999998,-37.39110381199998,0 -72.94887918699999,-37.39103358499995,0 -72.94893913399994,-37.39095801999997,0 -72.94893686499995,-37.39088588299995,0 -72.94880537599994,-37.39078897199994,0 -72.94868161899996,-37.39071923199998,0 -72.94856820099994,-37.39065868399996,0 -72.94845134799994,-37.39051696499996,0 -72.94837959499995,-37.39022281999996,0 -72.94844402199993,-37.39017695499996,0 -72.94852789699996,-37.39011724599993,0 -72.94873166499997,-37.39004868399996,0 -72.94874342999998,-37.39004438199999,0 -72.94875519499993,-37.39004007999995,0 -72.94898921199996,-37.38994951099994,0 -72.94927298799996,-37.38984628699995,0 -72.94942380399993,-37.38970020099998,0 -72.94944015599998,-37.38959233699995,0 -72.94944211899997,-37.38952027199997,0 -72.94944506499996,-37.38941217599995,0 -72.94971690499995,-37.38925466999996,0 -72.94993803199998,-37.38901517299996,0 -72.95003472899998,-37.38888617099997,0 -72.95013053599996,-37.38881573399993,0 -72.95025692599995,-37.38873448699997,0 -72.95037626499999,-37.38865777399997,0 -72.95052732199997,-37.38850267799995,0 -72.95055793599994,-37.38836351799995,0 -72.95064278899997,-37.38820276699994,0 -72.95070046099994,-37.38805506399996,0 -72.95070426299998,-37.38791543899998,0 -72.95063701799995,-37.38767910799993,0 -72.95063081699993,-37.38765731499996,0 -72.95071934799995,-37.38736144399996,0 -72.95072597099994,-37.38711822599998,0 -72.95072621599996,-37.38710921799998,0 -72.95072646099999,-37.38710020999997,0 -72.95073210299995,-37.38689302399996,0 -72.95073480099995,-37.38679393599995,0 -72.95072654499995,-37.38660453399996,0 -72.95070273899995,-37.38654554099998,0 -72.95055026899996,-37.38618240499994,0 -72.95049888399996,-37.38607336699994,0 -72.95038626599995,-37.38582808199993,0 -72.95028478499995,-37.38561453299997,0 -72.95019753899999,-37.38550036599997,0 -72.95016818099998,-37.38546380799994,0 -72.95007835899997,-37.38534058399995,0 -72.95007707099995,-37.38533605599997,0 -72.95007578199994,-37.38533152699995,0 -72.95005436899999,-37.38523652599997,0 -72.95005645399993,-37.38515995799997,0 -72.95010096499993,-37.38500301399995,0 -72.95009405999997,-37.38476406799998,0 -72.95009749499997,-37.38463795499996,0 -72.95014044099997,-37.38451252799996,0 -72.95014362999996,-37.38439542299994,0 -72.95006598799995,-37.38431747199996,0 -72.94994622799999,-37.38425681499996,0 -72.94986748199995,-37.38421939999995,0 -72.94970768999997,-37.38420310999993,0 -72.94947942899995,-37.38421266899996,0 -72.94945417399998,-37.38422066199996,0 -72.94916898599996,-37.38431092499997,0 -72.94907180299998,-37.38445794199998,0 -72.94905149499994,-37.38452968799993,0 -72.94892102899996,-37.38457699199995,0 -72.94878881499994,-37.38450710599994,0 -72.94867206199996,-37.38438791999994,0 -72.94856764099995,-37.38428246599995,0 -72.94815867099999,-37.38405907299995,0 -72.94804013999999,-37.38395337399993,0 -72.94803109299994,-37.38384506899996,0 -72.94810131199995,-37.38372912799997,0 -72.94822573599998,-37.38361863299997,0 -72.94826564499994,-37.38357877099997,0 -72.94835037399997,-37.38342252599995,0 -72.94831457799995,-37.38325968299995,0 -72.94811610999994,-37.38303092999996,0 -72.94806138599995,-37.38296689399994,0 -72.94795209099993,-37.38280728199993,0 -72.94796040599994,-37.38273532699998,0 -72.94802206399999,-37.38270034799996,0 -72.94806053199994,-37.38268749799994,0 -72.94821074999999,-37.38264053699993,0 -72.94829289999996,-37.38257887699996,0 -72.94831096999997,-37.38240795699994,0 -72.94831391599996,-37.38229985999993,0 -72.94825094199996,-37.38215006399997,0 -72.94826790699994,-37.38201967999998,0 -72.94843134599995,-37.38192788699996,0 -72.94847622599997,-37.38175743199997,0 -72.94846958399995,-37.38168113199998,0 -72.94846601199998,-37.38164009499997,0 -72.94854770099994,-37.38156941399996,0 -72.94869785599997,-37.38147288399995,0 -72.94870215099996,-37.38131524299996,0 -72.94846512799995,-37.38118045099998,0 -72.94824313399994,-37.38116758599995,0 -72.94821067999999,-37.38116702299993,0 -72.94807132499994,-37.38115151999995,0 -72.94797071099998,-37.38114032699997,0 -72.94773430099997,-37.38108665499993,0 -72.94765522399996,-37.38093207299994,0 -72.94764080999994,-37.38078762499998,0 -72.94762139699998,-37.38059352399995,0 -72.94758670599998,-37.38049378599993,0 -72.94751078999997,-37.38035277699998,0 -72.94743355399999,-37.38023427599995,0 -72.94738140899995,-37.38017929599994,0 -72.94731585899996,-37.38012408399993,0 -72.94731696499997,-37.38008354799996,0 -72.94730712099994,-37.37995269899994,0 -72.94723878099995,-37.37987040099995,0 -72.94719016399995,-37.37981548299996,0 -72.94706506899996,-37.37973988399995,0 -72.94701222399993,-37.37970794799998,0 -72.94691379299996,-37.37964846199998,0 -72.94685729799994,-37.37961683099996,0 -72.94680373999995,-37.37958684599994,0 -72.94675597699995,-37.37956010399995,0 -72.94674727899996,-37.37955673099998,0 -72.94674292899998,-37.37955504399997,0 -72.94661000099995,-37.37950349399995,0 -72.94649263799994,-37.37943539599996,0 -72.94646880299996,-37.37942156599996,0 -72.94642586799995,-37.37939665399995,0 -72.94639637799997,-37.37937197399998,0 -72.94625541699997,-37.37925400199998,0 -72.94604484499996,-37.37913318399995,0 -72.94591947699996,-37.37901051699998,0 -72.94581041299995,-37.37890380199997,0 -72.94577486999998,-37.37873195099996,0 -72.94576708299996,-37.37872082699994,0 -72.94573688799994,-37.37867768799998,0 -72.94571101099996,-37.37864071799993,0 -72.94577435599996,-37.37856971999997,0 -72.94582721799998,-37.37856370199995,0 -72.94591259399994,-37.37855409699995,0 -72.94594263699997,-37.37845548399997,0 -72.94597178099997,-37.37837037399999,0 -72.94596385199998,-37.37831920699995,0 -72.94596041099999,-37.37829700499998,0 -72.94595609399994,-37.37826914599998,0 -72.94595144099998,-37.37823911799995,0 -72.94594518199995,-37.37819872899996,0 -72.94594237299998,-37.37818060399997,0 -72.94592198399994,-37.37814372799994,0 -72.94581658999994,-37.37795310999996,0 -72.94564501099995,-37.37777438899997,0 -72.94556736699997,-37.37771225699998,0 -72.94552208999994,-37.37767602499997,0 -72.94541253299997,-37.37758835499994,0 -72.94538598399998,-37.37756710999997,0 -72.94526944499995,-37.37740839999998,0 -72.94525191999998,-37.37738453299994,0 -72.94518061199994,-37.37723008499995,0 -72.94516126399998,-37.37717302799996,0 -72.94512835299997,-37.37707596699994,0 -72.94510577699998,-37.37706148899997,0 -72.94500557299995,-37.37699722799994,0 -72.94486166099995,-37.37689108499995,0 -72.94474311399995,-37.37681241899998,0 -72.94462279899994,-37.37653995799997,0 -72.94459160899999,-37.37646731699994,0 -72.94459181499997,-37.37646540799994,0 -72.94459186699999,-37.37646492999994,0 -72.94459191699997,-37.37646445299998,0 -72.94459652899997,-37.37642170899994,0 -72.94460213599996,-37.37636974099996,0 -72.94460377999997,-37.37635449799996,0 -72.94464395499995,-37.37598210099998,0 -72.94464546899997,-37.37596806999994,0 -72.94467116799996,-37.37551790099997,0 -72.94464694299995,-37.37542284999995,0 -72.94474482699997,-37.37527584899993,0 -72.94481356699998,-37.37521395799996,0 -72.94492608399997,-37.37502214899996,0 -72.94490456199998,-37.37482800999993,0 -72.94477949999998,-37.37449688599997,0 -72.94477881199998,-37.37448045799994,0 -72.94477138199994,-37.37430297999998,0 -72.94488328299997,-37.37413369099994,0 -72.94496705599994,-37.37398644399997,0 -72.94494353599998,-37.37389140599998,0 -72.94483950299997,-37.37377243699996,0 -72.94469681999993,-37.37372489499995,0 -72.94445951699998,-37.37365317699994,0 -72.94424567499993,-37.37362692799996,0 -72.94403389199994,-37.37355114599995,0 -72.94397392099995,-37.37354805799998,0 -72.94397389099998,-37.37354805599995,0 -72.94376959399995,-37.37353753699995,0 -72.94367204399998,-37.37348595999998,0 -72.92220752099996,-37.38291263799994,0 
						</coordinates>
					</LinearRing>
				</outerBoundaryIs>
			</Polygon>
		</MultiGeometry>
	</Placemark>
	<Placemark>
		<name>LOS CRUCEROS</name>
		<description><![CDATA[<p>COMUNA: NACIMIENTO
<br/>DISTRITO: 4
<br/>LOC_ZON: 20
<br/>NOMBRE_LOCALIDAD: LOS CRUCEROS
<br/>GEOCODIGO: 8306042020</p>]]></description>
		<styleUrl>#style1</styleUrl>
		<ExtendedData>
			<Data name="NOM_COMUNA">
				<displayName>NOM_COMUNA</displayName>
				<value>NACIMIENTO</value>
			</Data>
			<Data name="DISTRITO">
				<displayName>DISTRITO</displayName>
				<value>4</value>
			</Data>
			<Data name="LOC_ZON">
				<displayName>LOC_ZON</displayName>
				<value>20</value>
			</Data>
			<Data name="NOM_LOCALI">
				<displayName>NOM_LOCALI</displayName>
				<value>LOS CRUCEROS</value>
			</Data>
			<Data name="GEOCODIGO">
				<displayName>GEOCODIGO</displayName>
				<value>8306042020</value>
			</Data>
		</ExtendedData>
		<MultiGeometry>
			<Polygon>
				<outerBoundaryIs>
					<LinearRing>
						<tessellate>1</tessellate>
						<coordinates>
							-72.95381293299994,-37.43314325499995,0 -72.94589280499997,-37.44721740099993,0 -72.95892993099994,-37.45265523199998,0 -72.95996931699995,-37.45308871599997,0 -72.96332571199997,-37.45540716099998,0 -72.96478439499998,-37.45641467999997,0 -72.96496232199996,-37.45725211999996,0 -72.96722514299995,-37.46790226699994,0 -72.98431440799999,-37.46706152699994,0 -72.98438220599996,-37.46658163699993,0 -72.98431367899997,-37.46610732399995,0 -72.98396470699998,-37.46502440399996,0 -72.98381051799998,-37.46461859299995,0 -72.98356145999998,-37.46396308699997,0 -72.98330300099997,-37.46346965299995,0 -72.98326556399996,-37.46339817899997,0 -72.98317564299998,-37.46322650799993,0 -72.98281277899997,-37.46266155199993,0 -72.98262993999998,-37.46240504199994,0 -72.98242259599994,-37.46211415299996,0 -72.98231663099995,-37.46103537799996,0 -72.98231789799996,-37.46101142999999,0 -72.98237119399994,-37.46000440599994,0 -72.98235646199998,-37.45955354099993,0 -72.98232007299998,-37.45941263299994,0 -72.98216126799997,-37.45879768399993,0 -72.98151035899997,-37.45811965599995,0 -72.98105493899999,-37.45759877099994,0 -72.98095442199997,-37.45748380299995,0 -72.98088446899999,-37.45706353699995,0 -72.98094507299999,-37.45691378499998,0 -72.98104110799994,-37.45667648299997,0 -72.98108730999996,-37.45656231699996,0 -72.98144186999997,-37.45591048099993,0 -72.98179589399996,-37.45550953599997,0 -72.98184559599997,-37.45545324699998,0 -72.98197866099997,-37.45536822099996,0 -72.98235386099998,-37.45512847499998,0 -72.98264756899994,-37.45476849499994,0 -72.98265737199995,-37.45440366499997,0 -72.98255179199998,-37.45328434099997,0 -72.98259834999999,-37.45207749199994,0 -72.98269156299995,-37.45160593899993,0 -72.98273698299994,-37.45153999899998,0 -72.98302901599999,-37.45111602599997,0 -72.98303797499995,-37.45109815399996,0 -72.98331967399997,-37.45055321499996,0 -72.98333913999994,-37.45032823999998,0 -72.98336485299996,-37.45023403199997,0 -72.98342069799997,-37.45002942299993,0 -72.98343659599993,-37.44997117499997,0 -72.98344233299997,-37.44995015699993,0 -72.98351826599998,-37.44967194999998,0 -72.98352038099995,-37.44966419999997,0 -72.98353407399998,-37.44961403299993,0 -72.98363294599994,-37.44925166899998,0 -72.98366353799997,-37.44913954999998,0 -72.98364802799995,-37.44915901299998,0 -72.98363843499999,-37.44917105199994,0 -72.98355803999993,-37.44927193599995,0 -72.98355538599998,-37.44927526799995,0 -72.98337638599997,-37.44949988999997,0 -72.98333857799997,-37.44953558099996,0 -72.98305422999994,-37.44980400799994,0 -72.98290596899994,-37.44994396799996,0 -72.98290244099996,-37.44994729799998,0 -72.98282933699994,-37.45001630899998,0 -72.98241307199999,-37.45040925899997,0 -72.98182826299995,-37.45035545099995,0 -72.98182817899993,-37.45035544299998,0 -72.98182809499997,-37.45035543499995,0 -72.98162437799994,-37.45033669199995,0 -72.98135401899998,-37.45032071099996,0 -72.98115567699995,-37.45030898599998,0 -72.98078523399994,-37.45030265499997,0 -72.98048887799996,-37.45029758899994,0 -72.98011419699998,-37.45044876899993,0 -72.97978996699999,-37.45056141399994,0 -72.97931437799997,-37.45078965999994,0 -72.97819294299995,-37.45103267599995,0 -72.97792898399996,-37.45101889399996,0 -72.97676416099995,-37.45059256799993,0 -72.97661480099998,-37.45053992299995,0 -72.97569007399994,-37.45021397899995,0 -72.97559893099998,-37.45018185299995,0 -72.97519301999995,-37.45012291499995,0 -72.97508506899999,-37.45010723999997,0 -72.97507846299999,-37.45010628099993,0 -72.97502876499993,-37.45009906399997,0 -72.97462250899997,-37.45004007599994,0 -72.97398769299997,-37.44963550799997,0 -72.97363956299995,-37.44941364499994,0 -72.97297226999996,-37.44871447199995,0 -72.97271897599995,-37.44850984499993,0 -72.97270350299993,-37.44849734599995,0 -72.97261732999993,-37.44842772999993,0 -72.97231994599997,-37.44818748399996,0 -72.97201729799997,-37.44815264899995,0 -72.97152811599994,-37.44809634399996,0 -72.97040467099998,-37.44796703399993,0 -72.96946494399998,-37.44791962599993,0 -72.96947634899993,-37.44749780899997,0 -72.96952652299996,-37.44709228799996,0 -72.96974304999998,-37.44682881599994,0 -72.97018401699995,-37.44629223699997,0 -72.97064613999999,-37.44611782999993,0 -72.97089547599995,-37.44542875799993,0 -72.97100314899996,-37.44513118999998,0 -72.97125254199995,-37.44456236199994,0 -72.97138226099997,-37.44426649199994,0 -72.97237094199994,-37.44341225499994,0 -72.97270255199999,-37.44330310799995,0 -72.97434005999997,-37.44276411399994,0 -72.97453194599996,-37.44265849799996,0 -72.97477248799999,-37.44259911599994,0 -72.97500120499996,-37.44254265399996,0 -72.97500754199996,-37.44254147299995,0 -72.97589411299998,-37.44237631999994,0 -72.97619359999999,-37.44232052799998,0 -72.97652378399994,-37.44225901799996,0 -72.97656140999999,-37.44212472899994,0 -72.97702783399995,-37.44046008599997,0 -72.97707810799994,-37.44028065999998,0 -72.97704797599994,-37.44017133199998,0 -72.97691446699997,-37.43968691499998,0 -72.97687346599997,-37.43953814899993,0 -72.97672556899994,-37.43891827499993,0 -72.97658643799997,-37.43881225099994,0 -72.97656569399999,-37.43879738399994,0 -72.97647694099999,-37.43873377099993,0 -72.97613817899997,-37.43853871099998,0 -72.97604083999994,-37.43827118099995,0 -72.97603355899997,-37.43815750799996,0 -72.97602162399994,-37.43797116499996,0 -72.97601945899999,-37.43793736099997,0 -72.97567097199999,-37.43755287499994,0 -72.97546157299996,-37.43733711599998,0 -72.97529295599998,-37.43716337599994,0 -72.97486975599998,-37.43677310099997,0 -72.97450620999996,-37.43639736599994,0 -72.97438396099994,-37.43595366799997,0 -72.97437756599999,-37.43591931199995,0 -72.97436545099998,-37.43585421599994,0 -72.97430512399995,-37.43552423299997,0 -72.97429323099993,-37.43535020899998,0 -72.97428384999995,-37.43521294499993,0 -72.97410321699994,-37.43507466299997,0 -72.97403477599994,-37.43501941599993,0 -72.97372615399996,-37.43483387799995,0 -72.97365872499995,-37.43455784699995,0 -72.97383282599998,-37.43420484799998,0 -72.97360282999995,-37.43389626199996,0 -72.97347221299998,-37.43372101199998,0 -72.97285039499997,-37.43362472899997,0 -72.97259354699997,-37.43358877899993,0 -72.97228483599997,-37.43338070499993,0 -72.97170212499998,-37.43337971599993,0 -72.97133985799996,-37.43319325099998,0 -72.97133503799995,-37.43318866299995,0 -72.97133021699995,-37.43318407299995,0 -72.97130375299997,-37.43317010099997,0 -72.97116955099995,-37.43311841399998,0 -72.97110569799997,-37.43309382199993,0 -72.97094862199998,-37.43303332499994,0 -72.97038292999997,-37.43295151099994,0 -72.97004905899996,-37.43312602099996,0 -72.96965685399994,-37.43326347799996,0 -72.96948804199997,-37.43321100999998,0 -72.96925629699996,-37.43313492899995,0 -72.96912787499997,-37.43292093299993,0 -72.96892437299994,-37.43271465899994,0 -72.96870631399997,-37.43247208499997,0 -72.96858625099998,-37.43238808599995,0 -72.95381293299994,-37.43314325499995,0 
						</coordinates>
					</LinearRing>
				</outerBoundaryIs>
			</Polygon>
		</MultiGeometry>
	</Placemark>
	<Placemark>
		<name>LOS PATOS</name>
		<description><![CDATA[<p>COMUNA: NACIMIENTO
<br/>DISTRITO: 4
<br/>LOC_ZON: 22
<br/>NOMBRE_LOCALIDAD: LOS PATOS
<br/>GEOCODIGO: 8306042022</p>]]></description>
		<styleUrl>#style1</styleUrl>
		<ExtendedData>
			<Data name="NOM_COMUNA">
				<displayName>NOM_COMUNA</displayName>
				<value>NACIMIENTO</value>
			</Data>
			<Data name="DISTRITO">
				<displayName>DISTRITO</displayName>
				<value>4</value>
			</Data>
			<Data name="LOC_ZON">
				<displayName>LOC_ZON</displayName>
				<value>22</value>
			</Data>
			<Data name="NOM_LOCALI">
				<displayName>NOM_LOCALI</displayName>
				<value>LOS PATOS</value>
			</Data>
			<Data name="GEOCODIGO">
				<displayName>GEOCODIGO</displayName>
				<value>8306042022</value>
			</Data>
		</ExtendedData>
		<MultiGeometry>
			<Polygon>
				<outerBoundaryIs>
					<LinearRing>
						<tessellate>1</tessellate>
						<coordinates>
							-72.88457605899998,-37.44230704199998,0 -72.88457076099996,-37.44249519899995,0 -72.88487374799996,-37.44274845599995,0 -72.88496270399997,-37.44286157499994,0 -72.88500672499998,-37.44291755299997,0 -72.88489908599996,-37.44307785199993,0 -72.88486436199997,-37.44310112899996,0 -72.88461755899993,-37.44326656899995,0 -72.88433282399996,-37.44342045499997,0 -72.88419790699999,-37.44349336999994,0 -72.88386609899999,-37.44363612699993,0 -72.88338219899998,-37.44368603899994,0 -72.88317265099994,-37.44377690999994,0 -72.88309907999997,-37.44395583599993,0 -72.88322864199995,-37.44424654599993,0 -72.88320941499995,-37.44432731099994,0 -72.88284719299998,-37.44432082099996,0 -72.88267376699997,-37.44435826499995,0 -72.88254712399998,-37.44459031199995,0 -72.88252446699994,-37.44490157799993,0 -72.88251829799998,-37.44498632899996,0 -72.88252274399997,-37.44545503999996,0 -72.88252876899998,-37.44584266899994,0 -72.88247150899997,-37.44604441799993,0 -72.88212375999996,-37.44615083399998,0 -72.88196574999995,-37.44624262699995,0 -72.88206332399994,-37.44646517799998,0 -72.88248820599995,-37.44668007099995,0 -72.88300056199995,-37.44682443499994,0 -72.88333333399999,-37.44683039899996,0 -72.88343128799994,-37.44683215399994,0 -72.88370623399999,-37.44687763299993,0 -72.88375460299994,-37.44699115099996,0 -72.88352429299994,-37.44721683599994,0 -72.88312037899993,-37.44734907799995,0 -72.88300234399998,-37.44738772299996,0 -72.88285918799994,-37.44757891999996,0 -72.88285029899998,-37.44789418499994,0 -72.88281216499996,-37.44809976299996,0 -72.88278948299995,-37.44822203999996,0 -72.88275313799994,-37.44824352599994,0 -72.88231602299999,-37.44850193799994,0 -72.88236477799995,-37.44860194899996,0 -72.88258403599997,-37.44865538099998,0 -72.88272402699994,-37.44868949599993,0 -72.88329131599994,-37.44874021699997,0 -72.88370358299994,-37.44880167699995,0 -72.88385631799997,-37.44887200499994,0 -72.88394859799996,-37.44900101799993,0 -72.88405547399998,-37.44915044199996,0 -72.88430579499999,-37.44944330999994,0 -72.88417958699995,-37.44963481199994,0 -72.88392032999997,-37.44968423799997,0 -72.88380186399996,-37.44960101099997,0 -72.88356582499995,-37.44940302399993,0 -72.88345955399996,-37.44951376499995,0 -72.88341796999998,-37.44976085599995,0 -72.88340984499996,-37.45004909799997,0 -72.88341676399995,-37.45040520299995,0 -72.88314054299997,-37.45070672699995,0 -72.88313247999997,-37.45071552899998,0 -72.88322668899997,-37.45103264599993,0 -72.88298043299994,-37.45122198999996,0 -72.88264973399998,-37.45132421099999,0 -72.88238505699996,-37.45154025999994,0 -72.88235756399996,-37.45191377399993,0 -72.88234753899997,-37.45226921399995,0 -72.88234257499994,-37.45244521999996,0 -72.88235139299996,-37.45273376599994,0 -72.88246274699998,-37.45306921099996,0 -72.88223037999995,-37.45336695299994,0 -72.88197221299998,-37.45350398499994,0 -72.88182799599997,-37.45358053299998,0 -72.88156686999997,-37.45367047699995,0 -72.88166374599996,-37.45389301599994,0 -72.88184749399994,-37.45403738399995,0 -72.88214730599998,-37.45421584399998,0 -72.88222845999996,-37.45435698099993,0 -72.88231148899996,-37.45450137899996,0 -72.88248193199996,-37.45466721599996,0 -72.88257560899996,-37.45475836099996,0 -72.88290397499998,-37.45500820499996,0 -72.88301818899998,-37.45522949399998,0 -72.88301105099998,-37.45542223099994,0 -72.88287182399995,-37.45555696599996,0 -72.88256847099996,-37.45585053399998,0 -72.88225438199999,-37.45630738999995,0 -72.88224724399998,-37.45654295699995,0 -72.88236502999996,-37.45668572899996,0 -72.88248280999994,-37.45682849199994,0 -72.88329658599997,-37.45782072699996,0 -72.88331683499996,-37.45784160899996,0 -72.88352501399999,-37.45805629399996,0 -72.88361781299994,-37.45839893599998,0 -72.88360353699994,-37.45884865499994,0 -72.88353215299998,-37.45906280599996,0 -72.88313954199998,-37.45943400199997,0 -72.88311812699999,-37.45986230499994,0 -72.88329658599997,-37.46030488499997,0 -72.88356784499996,-37.46067608099997,0 -72.88401756299999,-37.46096161599996,0 -72.88423885299994,-37.46116149099998,0 -72.88433878999996,-37.46148985599996,0 -72.88461718699995,-37.46160406999996,0 -72.88466512799994,-37.46160094299995,0 -72.88466918199998,-37.46160067899996,0 -72.88494555299997,-37.46158265499997,0 -72.88525250299995,-37.46152554799994,0 -72.88600441299997,-37.46194750599994,0 -72.88623997899998,-37.46201175099998,0 -72.88659302799994,-37.46188042499995,0 -72.88677535799997,-37.46184042999994,0 -72.88701092499997,-37.46179759999995,0 -72.88736070499994,-37.46179046199995,0 -72.88771762499994,-37.46188326099997,0 -72.88786039199994,-37.46194750599994,0 -72.88801029799998,-37.46209741199993,0 -72.88811737399993,-37.46224017999998,0 -72.88831063899994,-37.46232070599996,0 -72.88837435599999,-37.46234725499994,0 -72.88863133799998,-37.46241150099996,0 -72.88885262799994,-37.46244719299995,0 -72.88905964099996,-37.46246146999994,0 -72.88922382299995,-37.46248288499993,0 -72.88941778199995,-37.46241758699995,0 -72.88958436499996,-37.46234846599998,0 -72.88974492499995,-37.46235439399993,0 -72.88995907699996,-37.46231870199995,0 -72.89019702299998,-37.46231870199995,0 -72.89048255799997,-37.46233059899998,0 -72.89066101799995,-37.46236629099997,0 -72.89083947699999,-37.46244957199997,0 -72.89102983399994,-37.46265182599996,0 -72.89137485599997,-37.46274700499998,0 -72.89173177499998,-37.46275890199996,0 -72.89211902999995,-37.46262353699996,0 -72.89245927999997,-37.46223307099996,0 -72.89290189999997,-37.46192103899995,0 -72.89298093899998,-37.46187651799994,0 -72.89361156999996,-37.46197343699998,0 -72.89382671699997,-37.46201400599995,0 -72.89399196899996,-37.46202940799998,0 -72.89429169799996,-37.46204334999993,0 -72.89455334199994,-37.46204365199998,0 -72.89479290899999,-37.46205064099996,0 -72.89504662699994,-37.46204226599997,0 -72.89525356299998,-37.46199670299995,0 -72.89544058399997,-37.46199946699994,0 -72.89556461699993,-37.46208475099996,0 -72.89592174899997,-37.46248410299995,0 -72.89630312199995,-37.46302172799994,0 -72.89652267699995,-37.46333123699998,0 -72.89663845699994,-37.46347339899995,0 -72.89667894899998,-37.46351447199993,0 -72.89676077199994,-37.46359746899998,0 -72.89692989299994,-37.46368722099993,0 -72.89703388299995,-37.46374635199993,0 -72.89722788599994,-37.46381144699996,0 -72.89734479199996,-37.46383141999996,0 -72.89750973899999,-37.46384086799998,0 -72.89784347999995,-37.46400562199995,0 -72.89802688999998,-37.46415448699997,0 -72.89812013199997,-37.46429441199996,0 -72.89815755999996,-37.46443916199996,0 -72.89807850599993,-37.46471586899997,0 -72.89767819199994,-37.46521446499997,0 -72.89741000199996,-37.46535388599995,0 -72.89729618399997,-37.46565827199998,0 -72.89774091699996,-37.46610327599996,0 -72.89832855499998,-37.46649224299995,0 -72.89849824399994,-37.46671605899996,0 -72.89863395599997,-37.46691674099998,0 -72.89911098799996,-37.46683961099995,0 -72.89946272799995,-37.46684586699996,0 -72.89967113999995,-37.46694870699997,0 -72.89973584599994,-37.46716164199995,0 -72.89972954299998,-37.46738683299998,0 -72.89974215799998,-37.46756729999998,0 -72.90007309299995,-37.46768583599993,0 -72.90027817299995,-37.46776095499996,0 -72.90047390399997,-37.46783264899994,0 -72.90082249799997,-37.46795149599996,0 -72.90093980399996,-37.46817888399994,0 -72.90077344899998,-37.46844178599997,0 -72.90064273699994,-37.46871883899996,0 -72.90044441599997,-37.46888654399993,0 -72.90038640099993,-37.46906575499997,0 -72.90039422899997,-37.46941736699995,0 -72.90033326499997,-37.46972720199994,0 -72.90021987899996,-37.46999104399998,0 -72.90026084499993,-37.47016737799999,0 -72.90031448599996,-37.47039827099997,0 -72.90073339799994,-37.47050485099993,0 -72.90124836499996,-37.47036079599997,0 -72.90132394299997,-37.47036213899997,0 -72.90152910999996,-37.47037930299996,0 -72.90184272899995,-37.47051104399998,0 -72.90204195099994,-37.47072492099994,0 -72.90213294799997,-37.47082261199995,0 -72.90244342299997,-37.47106694699994,0 -72.90279002199998,-37.47125785099996,0 -72.90295847599998,-37.47152669999997,0 -72.90305428099998,-37.47186635499997,0 -72.90323881599994,-37.47201723199998,0 -72.90333635499996,-37.47209697899996,0 -72.90334723099994,-37.47210587099994,0 -72.90341782899998,-37.47218170599996,0 -72.90360315099997,-37.47238077799994,0 -72.90371933899996,-37.47264869799994,0 -72.90383519899996,-37.47290309399995,0 -72.90407857399998,-37.47302006399997,0 -72.90417949699997,-37.47320209799994,0 -72.90408805499999,-37.47331312699998,0 -72.90409942299993,-37.47353863199993,0 -72.90416653799997,-37.47366599199995,0 -72.90435623199994,-37.47378200999998,0 -72.90479441499997,-37.47385737499997,0 -72.90516384799997,-37.47386392799996,0 -72.90536902599996,-37.47393541599996,0 -72.90559989499997,-37.47401585499995,0 -72.90598384499998,-37.47413531499996,0 -72.90629874599995,-37.47422200699998,0 -72.90604354599998,-37.47452840099993,0 -72.90570407099995,-37.47468910599997,0 -72.90529410999994,-37.47489362099998,0 -72.90493030499994,-37.47529271399998,0 -72.90474422599993,-37.47565440399995,0 -72.90413924499995,-37.47588249099994,0 -72.90401129999998,-37.47606046299995,0 -72.90402304499997,-37.47627245599995,0 -72.90399909399997,-37.47649733399993,0 -72.90348282999997,-37.47668643799994,0 -72.90331171999998,-37.47651216999998,0 -72.90297126599995,-37.47610057999998,0 -72.90268266099997,-37.47573046399998,0 -72.90239133699998,-37.47543239699996,0 -72.90204824699998,-37.47511538499998,0 -72.90178330399993,-37.47513771399997,0 -72.90168588699999,-37.47548745599994,0 -72.90166041699996,-37.47576637999998,0 -72.90139307699997,-37.47587428099996,0 -72.90086540399994,-37.47586490399993,0 -72.900541,-37.47614301899995,0 -72.90030431399998,-37.47641818699998,0 -72.90018309999994,-37.47696126499994,0 -72.90043393199994,-37.47744336699998,0 -72.90096553899997,-37.47794397599995,0 -72.90118924899997,-37.47813270099994,0 -72.90116630099999,-37.47818887599993,0 -72.90101929199994,-37.47854874399997,0 -72.90101147899998,-37.47882797999995,0 -72.90121400199996,-37.47914249699994,0 -72.90180604199998,-37.47937831999997,0 -72.90218850099996,-37.47955183799996,0 -72.90259680899999,-37.47943291999997,0 -72.90287796599995,-37.47943791299997,0 -72.90305034099998,-37.47956714399993,0 -72.90346686699996,-37.47978632299998,0 -72.90362195899996,-37.47990172799996,0 -72.90344026799994,-37.48010578099996,0 -72.90334675299994,-37.48031590599993,0 -72.90346413299994,-37.48051625599993,0 -72.90370753199994,-37.48063322799993,0 -72.90402363799996,-37.48065235699994,0 -72.90405111199993,-37.48063031399994,0 -72.90422110299994,-37.48051617299996,0 -72.90436478099997,-37.48043310799994,0 -72.90455834399995,-37.48043654199995,0 -72.90488619699994,-37.48066766199997,0 -72.90539473599995,-37.48073075499997,0 -72.90565932099997,-37.48072192899997,0 -72.90606762999994,-37.48060299899998,0 -72.90657805499995,-37.48059852999995,0 -72.90707152499994,-37.48059375799994,0 -72.90735394399996,-37.48055370199995,0 -72.90763229399994,-37.48068480299997,0 -72.90785602899996,-37.48087351499998,0 -72.90811601399997,-37.48100429099998,0 -72.90827734999993,-37.48092153299996,0 -72.90852821499993,-37.48074573299994,0 -72.90905939399994,-37.48065600599995,0 -72.90925534399997,-37.48057385899995,0 -72.90954227999998,-37.48037165999995,0 -72.90981313899994,-37.48013763299997,0 -72.91011083199999,-37.48018345499997,0 -72.91040722299994,-37.48030135099998,0 -72.91063610899994,-37.48030540099995,0 -72.91077869699996,-37.48023582599996,0 -72.91094082699993,-37.48009900599993,0 -72.91137268099999,-37.47976868999996,0 -72.91143419099996,-37.47946336499996,0 -72.91156300299997,-37.47925385799994,0 -72.91172512999998,-37.47911703699998,0 -72.91197167199994,-37.47912139599998,0 -72.91233799899999,-37.47924052299993,0 -72.91232985099998,-37.47953327399995,0 -72.91256975199997,-37.47977633499994,0 -72.91263525599999,-37.47996224199994,0 -72.91254381899995,-37.48007327699997,0 -72.91234561699997,-37.48023649799995,0 -72.91227296799997,-37.48030731099993,0 -72.91228674299998,-37.48044724299996,0 -72.91240848899997,-37.48051698599994,0 -72.91269040399999,-37.48049493199994,0 -72.91295649199998,-37.48043204399994,0 -72.91327347699996,-37.48041962099995,0 -72.91373124999996,-37.48042770799998,0 -72.91394672299998,-37.48053123499994,0 -72.91397466499996,-37.48054465999996,0 -72.91420322099998,-37.48053517799997,0 -72.91424242599999,-37.48039618199994,0 -72.91424319299995,-37.48036858699993,0 -72.91424705999998,-37.48022953999998,0 -72.91442809699998,-37.48004798799997,0 -72.91464320299997,-37.47991209899993,0 -72.91487208699994,-37.47991613999994,0 -72.91491974399997,-37.47994278099998,0 -72.91502783699997,-37.47906861899997,0 -72.91430059399994,-37.47696945299998,0 -72.92464359499996,-37.47491011399995,0 -72.93203846299997,-37.47689971199998,0 -72.94701474799996,-37.48066616999995,0 -72.96320288999993,-37.47622517899998,0 -72.97150169899999,-37.48157835699993,0 -72.97156618999998,-37.48146912599998,0 -72.97159392199995,-37.48142215399997,0 -72.97172340299994,-37.48139802499998,0 -72.97185960499996,-37.48137264399998,0 -72.97217875999996,-37.48130602599997,0 -72.97239951599994,-37.48093130299998,0 -72.97267091799995,-37.48067010199998,0 -72.97297764199999,-37.48040950599994,0 -72.97342387799995,-37.48016482199995,0 -72.97386400399995,-37.48017237299996,0 -72.97426880699999,-37.48017931699997,0 -72.97487022199994,-37.48007697799994,0 -72.97497042199996,-37.47998197199996,0 -72.97515963899997,-37.47980256099993,0 -72.97542299199995,-37.47915819599996,0 -72.97576271299994,-37.47898377499996,0 -72.97620589399997,-37.47885167999993,0 -72.97671114599996,-37.47840972499995,0 -72.97687358099995,-37.47820958399996,0 -72.97709349299998,-37.47793862599997,0 -72.97729762399996,-37.47755009099996,0 -72.97758150399994,-37.47682496099998,0 -72.97780902699998,-37.47622479599994,0 -72.97780905699994,-37.47622455499993,0 -72.97781813899996,-37.47615220799997,0 -72.97787429899995,-37.47570480099995,0 -72.97787559799997,-37.47569445599999,0 -72.97809470899995,-37.47540530899994,0 -72.97829324399999,-37.47522395699997,0 -72.97857850299994,-37.47510266799998,0 -72.97887695399999,-37.47512129399996,0 -72.97945605199999,-37.47518978199997,0 -72.97987970299994,-37.47515196699993,0 -72.98013036599997,-37.47500304599998,0 -72.98022555299997,-37.47493257599996,0 -72.98022959399998,-37.47492822999993,0 -72.98023792599997,-37.47491926899994,0 -72.98047803999998,-37.47516219899995,0 -72.98079184799997,-37.47526669899997,0 -72.98116225399997,-37.47520572499997,0 -72.98116382999996,-37.47520546599998,0 -72.98148188199997,-37.47515232299997,0 -72.98169757299996,-37.47531255999996,0 -72.98179229899995,-37.47538293299993,0 -72.98208733899997,-37.47555470099996,0 -72.98270818499998,-37.47538506099994,0 -72.98322088499998,-37.47529468199997,0 -72.98359012099996,-37.47525047199997,0 -72.98394551099994,-37.47520791899996,0 -72.98443653199996,-37.47513518899996,0 -72.98443829799999,-37.47513521899998,0 -72.98444006399995,-37.47513524899995,0 -72.98513688499997,-37.47539948099995,0 -72.98571307099996,-37.47560307199996,0 -72.98613214699998,-37.47570935299996,0 -72.98630687999997,-37.47577872999994,0 -72.98668948799997,-37.47593064299997,0 -72.98751562899997,-37.47598527699995,0 -72.98797750199998,-37.47583993799998,0 -72.98839958399998,-37.47586064599994,0 -72.98899491099996,-37.47598343699997,0 -72.98970905499993,-37.47626145599997,0 -72.99033555199998,-37.47644188799995,0 -72.99074003299995,-37.47655837899998,0 -72.99124549699997,-37.47673820899996,0 -72.99154903999994,-37.47688781599993,0 -72.99184989799994,-37.47700962999994,0 -72.99222620499995,-37.47725840099997,0 -72.99244826099994,-37.47720292899993,0 -72.99399345399996,-37.47681692499998,0 -72.99517496199996,-37.47652177299994,0 -72.99522701399997,-37.47650876999995,0 -72.99522005299997,-37.47650833199998,0 -72.99516951099997,-37.47649995099994,0 -72.99417962399997,-37.47633588799994,0 -72.99397817399995,-37.47630249799994,0 -72.99390866299996,-37.47625135899995,0 -72.99344076299997,-37.47590712799996,0 -72.99315683299994,-37.47569824199996,0 -72.99291262499997,-37.47543864499994,0 -72.99286820599997,-37.47539142699998,0 -72.99249725899995,-37.47512376699996,0 -72.99215183199993,-37.47490610799997,0 -72.99161333199999,-37.47485189099996,0 -72.99153002799994,-37.47486377099995,0 -72.99093580499994,-37.47494851499994,0 -72.99026336299994,-37.47482892799997,0 -72.98986256699999,-37.47467340599997,0 -72.98963741399996,-37.47419527999995,0 -72.98945399899998,-37.47380578199994,0 -72.98922946299996,-37.47311252199995,0 -72.98885004799996,-37.47215977599996,0 -72.98860218099998,-37.47133543999996,0 -72.98852680499994,-37.47109919899998,0 -72.98842238099996,-37.47077191299996,0 -72.98840268999999,-37.47071019699996,0 -72.98838362499998,-37.47069180599993,0 -72.98821762699998,-37.47053167599995,0 -72.98806031499998,-37.47037992399993,0 -72.98773033499998,-37.47024605699994,0 -72.98744581199998,-37.47013063099996,0 -72.98699716199997,-37.46975798899996,0 -72.98678097199996,-37.46939552199996,0 -72.98668426799998,-37.46923338599998,0 -72.98645411899997,-37.46884750799995,0 -72.98590043099995,-37.46836041799997,0 -72.98544359699997,-37.46826701099997,0 -72.98482270999995,-37.46825641999993,0 -72.98430868599996,-37.46829271099995,0 -72.98421036199994,-37.46819547399997,0 -72.98415104399999,-37.46813681199995,0 -72.98413339899997,-37.46779404599994,0 -72.98428186199999,-37.46729189299998,0 -72.98431440799999,-37.46706152699994,0 -72.96722514299995,-37.46790226699994,0 -72.96496232199996,-37.45725211999996,0 -72.96478439499998,-37.45641467999997,0 -72.96332571199997,-37.45540716099998,0 -72.95996931699995,-37.45308871599997,0 -72.95892993099994,-37.45265523199998,0 -72.94589280499997,-37.44721740099993,0 -72.94488722899996,-37.45128573199997,0 -72.93343216699998,-37.45171452099993,0 -72.92278360099994,-37.45211211699996,0 -72.91288671199999,-37.45248078199995,0 -72.90641900199995,-37.45272125399998,0 -72.90668557199996,-37.45249804499997,0 -72.90000142999997,-37.44405828299995,0 -72.90082031799994,-37.44150952799998,0 -72.89301475599996,-37.43725736799996,0 -72.88457605899998,-37.44230704199998,0 
						</coordinates>
					</LinearRing>
				</outerBoundaryIs>
			</Polygon>
		</MultiGeometry>
	</Placemark>
	<Placemark>
		<name>QUILQUILCO</name>
		<description><![CDATA[<p>COMUNA: NACIMIENTO
<br/>DISTRITO: 4
<br/>LOC_ZON: 29
<br/>NOMBRE_LOCALIDAD: QUILQUILCO
<br/>GEOCODIGO: 8306042029</p>]]></description>
		<styleUrl>#style1</styleUrl>
		<ExtendedData>
			<Data name="NOM_COMUNA">
				<displayName>NOM_COMUNA</displayName>
				<value>NACIMIENTO</value>
			</Data>
			<Data name="DISTRITO">
				<displayName>DISTRITO</displayName>
				<value>4</value>
			</Data>
			<Data name="LOC_ZON">
				<displayName>LOC_ZON</displayName>
				<value>29</value>
			</Data>
			<Data name="NOM_LOCALI">
				<displayName>NOM_LOCALI</displayName>
				<value>QUILQUILCO</value>
			</Data>
			<Data name="GEOCODIGO">
				<displayName>GEOCODIGO</displayName>
				<value>8306042029</value>
			</Data>
		</ExtendedData>
		<MultiGeometry>
			<Polygon>
				<outerBoundaryIs>
					<LinearRing>
						<tessellate>1</tessellate>
						<coordinates>
							-72.89185395999993,-37.34385151599997,0 -72.89178502999994,-37.34394491599994,0 -72.89172859199994,-37.34402051499995,0 -72.89156189699997,-37.34422933099995,0 -72.89138364199994,-37.34439738599997,0 -72.89121878499998,-37.34456567899997,0 -72.89115801099996,-37.34482144499998,0 -72.89114133599998,-37.34493830799994,0 -72.89098942199996,-37.34509781899993,0 -72.89063673699997,-37.34527177399997,0 -72.89056760399995,-37.34534714499995,0 -72.89041922599995,-37.34545343599996,0 -72.89032210199997,-37.34552301099995,0 -72.89019672799998,-37.34569200699997,0 -72.89019281999998,-37.34583162799998,0 -72.89024602999996,-37.34597226799997,0 -72.89035482299994,-37.34611840499997,0 -72.89071165499996,-37.34642668199996,0 -72.89133811399995,-37.34698309699996,0 -72.89161373399998,-37.34716825799995,0 -72.89200780099998,-37.34743213299998,0 -72.89217913399995,-37.34751179199998,0 -72.89229442999994,-37.34770310399995,0 -72.89233996299998,-37.34799230899995,0 -72.89225150999994,-37.34827912499998,0 -72.89226936399996,-37.34859937899995,0 -72.89229250899996,-37.34873046999996,0 -72.89227495299997,-37.34887885899997,0 -72.89200163799995,-37.34909028199996,0 -72.89177847799994,-37.34928655199997,0 -72.89174050999998,-37.34931994499993,0 -72.89168618599996,-37.34937540699997,0 -72.89142384399997,-37.34964324699996,0 -72.89123026199997,-37.34975395799995,0 -72.89122288299995,-37.34975817799995,0 -72.89121840399997,-37.34976073899998,0 -72.89120887199994,-37.34976908899995,0 -72.89120513499995,-37.34976832799998,0 -72.89118409399998,-37.34978036199993,0 -72.89116302299993,-37.34979241199994,0 -72.89112060799994,-37.34981666999994,0 -72.89093482999994,-37.34992291799995,0 -72.89059602499998,-37.35007909499996,0 -72.89027402199997,-37.35011390599993,0 -72.89011094199998,-37.35014253899993,0 -72.89000826299997,-37.35005508999996,0 -72.88999990799994,-37.34987469599997,0 -72.88999733999998,-37.34986563799998,0 -72.88999477099998,-37.34985657899995,0 -72.88996324199996,-37.34974786999993,0 -72.88979599399994,-37.34949704799993,0 -72.88977913399998,-37.34947815599998,0 -72.88964070599997,-37.34932304299997,0 -72.88940305999995,-37.34919262999995,0 -72.88911176899995,-37.34908829499994,0 -72.88873907699997,-37.34901855499993,0 -72.88834882199995,-37.34909720299993,0 -72.88828268199995,-37.34914108399994,0 -72.88824251499994,-37.34916546399995,0 -72.88813123599994,-37.34923300799994,0 -72.88792591099997,-37.34940958599998,0 -72.88772846899997,-37.34958179799997,0 -72.88771728599994,-37.34959061099994,0 -72.88770610299997,-37.34959942299997,0 -72.88769009699996,-37.34979290099994,0 -72.88768613999997,-37.34983338499995,0 -72.88765454499998,-37.35000405399995,0 -72.88761831499994,-37.35006441799993,0 -72.88760464699999,-37.35008718999995,0 -72.88758497299995,-37.35011996999998,0 -72.88752527099996,-37.35015831699997,0 -72.88733924799999,-37.35027780099995,0 -72.88716243399995,-37.35031610199997,0 -72.88707020799995,-37.35033607999998,0 -72.88622047799998,-37.35011811699997,0 -72.88588966499998,-37.34994698699995,0 -72.88553475199996,-37.34976338999996,0 -72.88511149899995,-37.34958458799997,0 -72.88480908899999,-37.34939893399996,0 -72.88461088899999,-37.34929625299998,0 -72.88444116999995,-37.34923463699994,0 -72.88439923799996,-37.34922036899997,0 -72.88411831799993,-37.34922435399994,0 -72.88390725699998,-37.34926482499998,0 -72.88390337899995,-37.34926556899995,0 -72.88350717399999,-37.34955588299994,0 -72.88345117599994,-37.34964049699994,0 -72.88342452399996,-37.34968508099996,0 -72.88331035799996,-37.34988130699998,0 -72.88324221999994,-37.34990032599995,0 -72.88294625899994,-37.34998293599995,0 -72.88266584199994,-37.34996890299993,0 -72.88234408999995,-37.34999468399997,0 -72.88221080699998,-37.34999229699997,0 -72.88214381299997,-37.34999109699993,0 -72.88199288199996,-37.35011456499996,0 -72.88199969799996,-37.35034900599993,0 -72.88206036399998,-37.35057539899998,0 -72.88213506099999,-37.35077951199997,0 -72.88220753499996,-37.35103765999997,0 -72.88209629299996,-37.35135560199996,0 -72.88169439199999,-37.35154667299997,0 -72.88118115499998,-37.35180784399995,0 -72.88087637199999,-37.35198262799997,0 -72.88080760499997,-37.35201797199994,0 -72.88057138899995,-37.35213938199996,0 -72.88009590099995,-37.35238770699993,0 -72.87989194299996,-37.35251472799996,0 -72.87938762399995,-37.35283463099995,0 -72.87906167499995,-37.35300902999995,0 -72.87857221499996,-37.35330215899995,0 -72.87839472599995,-37.35341613399993,0 -72.87804509999995,-37.35395510099994,0 -72.87803305099999,-37.35438296599995,0 -72.87801102599997,-37.35468898699997,0 -72.87804488299997,-37.35491490099997,0 -72.87818809399994,-37.35506617299995,0 -72.87824675599995,-37.35506271999998,0 -72.87840312299994,-37.35504750099994,0 -72.87867396799999,-37.35515149499997,0 -72.87869470499999,-37.35524198999997,0 -72.87842215699999,-37.35539368799994,0 -72.87816137599998,-37.35553883599994,0 -72.87798754199997,-37.35566483599996,0 -72.87798751499997,-37.35566485299995,0 -72.87788837799997,-37.35573671199995,0 -72.87780214899993,-37.35576710999993,0 -72.87752348299995,-37.35586534599997,0 -72.87689946299997,-37.35607494299995,0 -72.87596499899996,-37.35628346599998,0 -72.87541787699996,-37.35614295799996,0 -72.87511543999995,-37.35585814399997,0 -72.87504228199998,-37.35559998099995,0 -72.87500906899999,-37.35535154699994,0 -72.87497626399994,-37.35518873699993,0 -72.87495019999994,-37.35506209699997,0 -72.87486282399993,-37.35485775199993,0 -72.87460270899999,-37.35457369699998,0 -72.87449183299998,-37.35447707499998,0 -72.87439410299999,-37.35438970199993,0 -72.87426315799996,-37.35427920099994,0 -72.87419496499996,-37.35412026099993,0 -72.87431199599996,-37.35397366299998,0 -72.87442164999999,-37.35381341399994,0 -72.87446574199998,-37.35375112099996,0 -72.87468361999998,-37.35360633599998,0 -72.87486505199996,-37.35335274799996,0 -72.87488442199998,-37.35314130799998,0 -72.87474142199994,-37.35278275399997,0 -72.87473779799996,-37.35277367699996,0 -72.87473417299998,-37.35276459999994,0 -72.87478231699998,-37.35250861599997,0 -72.87481903599996,-37.35220736599996,0 -72.87480323999995,-37.35211695999993,0 -72.87431577899997,-37.35101320999996,0 -72.87405562099997,-37.35075618999997,0 -72.87395122499998,-37.35065517799995,0 -72.87342411099996,-37.35035730799996,0 -72.87313093199998,-37.35032049199998,0 -72.87305022799995,-37.35035508899995,0 -72.87254869299994,-37.35057587799997,0 -72.87200175699996,-37.35075529399995,0 -72.87133435599998,-37.35092803099997,0 -72.87099703499996,-37.35103010499995,0 -72.87097581899997,-37.35102828999993,0 -72.87066340399997,-37.35100156699997,0 -72.87011991599996,-37.35083406399997,0 -72.86972896799995,-37.35046202599995,0 -72.86956338299996,-37.35017966299995,0 -72.86927370499996,-37.34999419899998,0 -72.86911629999997,-37.34989673399997,0 -72.86881036399996,-37.34983714699996,0 -72.86867657299996,-37.34985275999998,0 -72.86843437799996,-37.34988444299995,0 -72.86806076599999,-37.34998590199996,0 -72.86802981099999,-37.34999430799996,0 -72.86784219599997,-37.35009206099994,0 -72.86759513099997,-37.35022078799994,0 -72.86713193499997,-37.35053236799996,0 -72.86707134199997,-37.35057201899997,0 -72.86673655299995,-37.35079109699996,0 -72.86642427099997,-37.35092927499994,0 -72.86638429899995,-37.35094696099998,0 -72.86629416299996,-37.35101526899996,0 -72.86801924299994,-37.35609106299995,0 -72.87101264399996,-37.36489713799995,0 -72.87134929099994,-37.36559330099993,0 -72.87561945999994,-37.37442257799995,0 -72.86985323099998,-37.37588653599994,0 -72.87022290799996,-37.37624344199997,0 -72.86977494899998,-37.37643651899998,0 -72.86889029999998,-37.37694620399998,0 -72.87278509699996,-37.38093406499996,0 -72.87382784899995,-37.38200164299997,0 -72.87810550799998,-37.38590815699996,0 -72.88939541999997,-37.38859089399995,0 -72.89988168399998,-37.38638554999994,0 -72.90957415499997,-37.38084887099996,0 -72.91631918699994,-37.38256218499998,0 -72.92220752099996,-37.38291263799994,0 -72.94367204399998,-37.37348595999998,0 -72.94366384199998,-37.37348162399996,0 -72.94356640699993,-37.37335375699996,0 -72.94352914899997,-37.37324496099995,0 -72.94355159899999,-37.37315568799994,0 -72.94357045499999,-37.37308070799997,0 -72.94357427999995,-37.37306549999994,0 -72.94354046599994,-37.37283059099997,0 -72.94345106999998,-37.37266681399996,0 -72.94328220699998,-37.37249264299993,0 -72.94311288499995,-37.37230944999993,0 -72.94298570899997,-37.37208192999998,0 -72.94299777699996,-37.37164016399998,0 -72.94299911999997,-37.37159099199994,0 -72.94300698199999,-37.37156577399998,0 -72.94304243799996,-37.37145205399997,0 -72.94312777799996,-37.37127329299994,0 -72.94321311699997,-37.37109453099998,0 -72.94324435199997,-37.37093285299994,0 -72.94337674799993,-37.37063324299993,0 -72.94335713399994,-37.37042111199997,0 -72.94328694299998,-37.37022612599998,0 -72.94316534799998,-37.37005277699996,0 -72.94297762599996,-37.36992333799998,0 -72.94244909899999,-37.36976543799994,0 -72.94200616599994,-37.36970365399998,0 -72.94156429899994,-37.36973201099994,0 -72.94140288299997,-37.36969187499994,0 -72.94127198899997,-37.36965932899994,0 -72.94083089399999,-37.36963362199998,0 -72.94075232499995,-37.36956466099997,0 -72.94047440499997,-37.36945617799995,0 -72.94039632899995,-37.36936920099998,0 -72.94036252599994,-37.36913429199996,0 -72.94026010799996,-37.36895676799998,0 -72.93995609099994,-37.36884782899995,0 -72.93975652999995,-37.36879027799995,0 -72.93952877399994,-37.36880883899994,0 -72.93951866899994,-37.36880415699994,0 -72.93950856399994,-37.36879947499995,0 -72.93932945999995,-37.36874227899995,0 -72.93918544799999,-37.36864063299998,0 -72.93912181799993,-37.36856742599997,0 -72.93908143199997,-37.36852165999994,0 -72.93903213499993,-37.36836308499994,0 -72.93895414399998,-37.36811839299997,0 -72.93886769499994,-37.36805379999998,0 -72.93872873199996,-37.36805137699997,0 -72.93845650399999,-37.36809619799993,0 -72.93815810799998,-37.36819463599994,0 -72.93806000899997,-37.36832360399995,0 -72.93821435299998,-37.36843444299996,0 -72.93828785799997,-37.36850782399995,0 -72.93823923999997,-37.36855654399994,0 -72.93823417899995,-37.36856096199995,0 -72.93822911699993,-37.36856537999995,0 -72.93801771499994,-37.36875996399993,0 -72.93794599599994,-37.36885334199997,0 -72.93781010399994,-37.36902220599995,0 -72.93758000399998,-37.36912633999998,0 -72.93724539599998,-37.36912951399995,0 -72.93703095299998,-37.36912577299995,0 -72.93667237799997,-37.36902488599998,0 -72.93650205699998,-37.36890475299998,0 -72.93647387599998,-37.36887722399996,0 -72.93635808399995,-37.36877606799993,0 -72.93624137499995,-37.36865687099998,0 -72.93597566799997,-37.36856661499996,0 -72.93572271299996,-37.36852614899993,0 -72.93554785899994,-37.36853857199998,0 -72.93546815199994,-37.36854423499994,0 -72.93524055499995,-37.36853124799995,0 -72.93505749299999,-37.36843255599996,0 -72.93505742999997,-37.36843252199998,0 -72.93505736699996,-37.36843248799994,0 -72.93491230099994,-37.36835428099994,0 -72.93483241499996,-37.36830782399994,0 -72.93449453699998,-37.36794142899998,0 -72.93447448699999,-37.36790052299995,0 -72.93432882899998,-37.36762760899995,0 -72.93410490599996,-37.36736121899997,0 -72.93408279699997,-37.36733491599995,0 -72.93394266099995,-37.36706660399994,0 -72.93366723099996,-37.36686802599996,0 -72.93361660399995,-37.36683559799997,0 -72.93348351799995,-37.36674765499998,0 -72.93335147399995,-37.36667324799998,0 -72.93303287399993,-37.36658206199996,0 -72.93267209199996,-37.36656223499995,0 -72.93247666699995,-37.36655222299999,0 -72.93240500099995,-37.36654855199998,0 -72.93208615599997,-37.36646637099994,0 -72.93159098099994,-37.36645770899997,0 -72.93116179099997,-37.36651328599993,0 -72.93092541599998,-37.36656322299996,0 -72.93092224199995,-37.36656316799997,0 -72.93091906699993,-37.36656311199994,0 -72.93058001599996,-37.36672841199993,0 -72.93025287999995,-37.36694799299994,0 -72.93020935699997,-37.36696525599996,0 -72.93013795199994,-37.36699554899997,0 -72.92999597199997,-37.36705164299997,0 -72.92976797199998,-37.36707919399998,0 -72.92953165799997,-37.36699845099997,0 -72.92932376999994,-37.36693622999996,0 -72.92925499199998,-37.36676829799995,0 -72.92914994399996,-37.36655917499996,0 -72.92919718299999,-37.36640679299995,0 -72.92919447399998,-37.36632563499995,0 -72.92918935299997,-37.36620387899995,0 -72.92919294399996,-37.36607326299998,0 -72.92914375699996,-37.36593721699995,0 -72.92896170099993,-37.36573125099994,0 -72.92870410899997,-37.36562210799997,0 -72.92865570699996,-37.36560159999993,0 -72.92861779399993,-37.36558553599997,0 -72.92861468199999,-37.36558322799993,0 -72.92861156999999,-37.36558092099995,0 -72.92849866299997,-37.36552937499994,0 -72.92849884699996,-37.36548817099998,0 -72.92849941499998,-37.36536102499997,0 -72.92850003199999,-37.36522297999994,0 -72.92849998899999,-37.36521171399994,0 -72.92849994599999,-37.36520044799994,0 -72.92850120199995,-37.36497516199995,0 -72.92859278199995,-37.36472442199994,0 -72.92873226699999,-37.36434834899995,0 -72.92874101199999,-37.36397899799994,0 -72.92898056699994,-37.36358214599994,0 -72.92908669299999,-37.36352091899994,0 -72.92927317799996,-37.36341153099994,0 -72.92935284899994,-37.36318311299993,0 -72.92926984399998,-37.36301943699993,0 -72.92922622499998,-37.36293756299995,0 -72.92913897699998,-37.36269720799993,0 -72.92930701299997,-37.36241175699996,0 -72.92952750199998,-37.36219481699993,0 -72.92971763399999,-37.36208098599997,0 -72.93006771599994,-37.36200149899997,0 -72.93034632099994,-37.36196768899998,0 -72.93045713499998,-37.36195424199997,0 -72.93059442699996,-37.36170880599997,0 -72.93061292599998,-37.36167758699997,0 -72.93059183999998,-37.36162314399996,0 -72.93056079299998,-37.36154599599996,0 -72.93051206299998,-37.36141897099998,0 -72.93027119999994,-37.36132463099995,0 -72.93012468999996,-37.36126348699997,0 -72.92984797799994,-37.36115336499995,0 -72.92983406499997,-37.36114782799996,0 -72.92975752499996,-37.36111736699996,0 -72.92969437099998,-37.36112076399996,0 -72.92931512399997,-37.36114116299996,0 -72.92884901099995,-37.36130873899998,0 -72.92865306499993,-37.36137740499998,0 -72.92839868899995,-37.36136393599998,0 -72.92839234099995,-37.36136382499996,0 -72.92838599299995,-37.36136371399994,0 -72.92823928499996,-37.36136114299995,0 -72.92795003299995,-37.36115329699993,0 -72.92777402499996,-37.36075367099994,0 -72.92776716199995,-37.36061836599998,0 -72.92774819299996,-37.36023050399996,0 -72.92767139899996,-37.35991823299997,0 -72.92751891799998,-37.35984346199996,0 -72.92736842899996,-37.35977323199995,0 -72.92729845099996,-37.35954669699998,0 -72.92715732299996,-37.35934144599997,0 -72.92703960399996,-37.35920870399997,0 -72.92686903499998,-37.35912460199995,0 -72.92671119999994,-37.35901368699996,0 -72.92664053699997,-37.35894034899997,0 -72.92650896099997,-37.35879835099996,0 -72.92630363299997,-37.35877221999993,0 -72.92589909199995,-37.35888228399995,0 -72.92586063299996,-37.35889512799997,0 -72.92556118199997,-37.35900703399994,0 -72.92541921399999,-37.35906312299994,0 -72.92524212899997,-37.35893384399998,0 -72.92524324499993,-37.35889330799995,0 -72.92524646999993,-37.35877620399998,0 -72.92514397799994,-37.35860317199996,0 -72.92502659699994,-37.35848395199997,0 -72.92489738899997,-37.35833298099993,0 -72.92483274299997,-37.35824622999996,0 -72.92480134899995,-37.35792574199996,0 -72.92484404399994,-37.35775081199995,0 -72.92487691199995,-37.35761614299997,0 -72.92488575099998,-37.35759981199993,0 -72.92488576899996,-37.35759977899994,0 -72.92488578599995,-37.35759974699994,0 -72.92503155099996,-37.35733046299998,0 -72.92503897599994,-37.35731707499997,0 -72.92508837799994,-37.35721429999995,0 -72.92509433199996,-37.35699810899996,0 -72.92508738099997,-37.35676366699994,0 -72.92492231699998,-37.35645435199996,0 -72.92483422099997,-37.35624552299998,0 -72.92477242999996,-37.35605517899995,0 -72.92476200699997,-37.35594684899996,0 -72.92476547999996,-37.35582073699993,0 -72.92476672099997,-37.35577569799995,0 -72.92476932599999,-37.35568111399994,0 -72.92482681799999,-37.355592,0 -72.92489526099996,-37.35548955899998,0 -72.92501871499996,-37.35538808399997,0 -72.92516875999996,-37.35526905099994,0 -72.92527968199994,-37.35513581299995,0 -72.92531007799994,-37.35500566799993,0 -72.92516788699999,-37.35481391399998,0 -72.92471770499998,-37.35463477899998,0 -72.92446939299998,-37.35442764399994,0 -72.92412799399995,-37.35424081099995,0 -72.92411210099993,-37.35423211299997,0 -72.92395565099997,-37.35414825499998,0 -72.92374526299994,-37.35397332699995,0 -72.92364183299998,-37.35388589399997,0 -72.92348748899997,-37.35364886399998,0 -72.92343972299994,-37.35343623499995,0 -72.92317652999998,-37.35328290999996,0 -72.92299050699995,-37.35324809899998,0 -72.92283293899999,-37.35312817099998,0 -72.92266329699999,-37.35298549999993,0 -72.92249506099995,-37.35276624899996,0 -72.92228571899994,-37.35260485499998,0 -72.92205916699999,-37.35255581199993,0 -72.92177897799996,-37.35253286299996,0 -72.92147335599998,-37.35245989899994,0 -72.92142705799995,-37.35245007299994,0 -72.92136665599998,-37.35243999899996,0 -72.92127803699998,-37.35227621899998,0 -72.92126935899995,-37.35210483299994,0 -72.92119243999997,-37.35197730799996,0 -72.92113946399996,-37.35195384599996,0 -72.92113786799996,-37.35195375499995,0 -72.92113746899997,-37.35195373199997,0 -72.92113706999999,-37.35195370899993,0 -72.92107305799993,-37.35195003999996,0 -72.92099716199994,-37.35194568999998,0 -72.92091262599996,-37.35194084499994,0 -72.92076287099997,-37.35202382899996,0 -72.92068683199994,-37.35209459099997,0 -72.92051895399999,-37.35234848899995,0 -72.92034409999997,-37.35247158599998,0 -72.92012817399996,-37.35254889899994,0 -72.91984753099996,-37.35259352999998,0 -72.91964794799998,-37.35259001899993,0 -72.91951208499995,-37.35257861599996,0 -72.91946815199998,-37.35255981899996,0 -72.91926587099994,-37.35247514799994,0 -72.91920360199998,-37.35245602799995,0 -72.91896099799999,-37.35237515399996,0 -72.91857523099998,-37.35229175899997,0 -72.91840253099997,-37.35223464499995,0 -72.91827616899997,-37.35223692699998,0 -72.91814677799994,-37.35229773499998,0 -72.91813885599998,-37.35248234799997,0 -72.91800054599997,-37.35253398599997,0 -72.91761930099995,-37.35249122399995,0 -72.91731218999996,-37.35247229599997,0 -72.91688398499997,-37.35254586399998,0 -72.91663880699997,-37.35276234599996,0 -72.91646058899994,-37.35270062599994,0 -72.91606561499998,-37.35256749299998,0 -72.91591232799993,-37.35247735099995,0 -72.91571013899994,-37.35235845099993,0 -72.91557851099998,-37.35227051299995,0 -72.91535055199995,-37.35229803799996,0 -72.91531786199994,-37.35230647399993,0 -72.91509517199995,-37.35234760899993,0 -72.91477216999994,-37.35241851799998,0 -72.91454649699995,-37.35233793299994,0 -72.91437861799994,-37.35213219499997,0 -72.91439613099993,-37.35198380099996,0 -72.91440829099997,-37.35187586799998,0 -72.91441389399995,-37.35182639899995,0 -72.91441950299998,-37.35162372099995,0 -72.91442398999999,-37.35146157899993,0 -72.91443847199997,-37.35137171099996,0 -72.91436148099996,-37.35129825499996,0 -72.91418276699994,-37.35133115199994,0 -72.91401665999996,-37.35141834499996,0 -72.91384964599996,-37.35141089199993,0 -72.91355569099994,-37.35140119899995,0 -72.91306899699998,-37.35144668399994,0 -72.91239944899996,-37.35139430999993,0 -72.91213826499995,-37.35139871099994,0 -72.91188242999993,-37.35143925499995,0 -72.91174564699998,-37.35156301099994,0 -72.91164536199994,-37.35179555999997,0 -72.91163999399998,-37.35198922999996,0 -72.91162851099995,-37.35240359299996,0 -72.91163510999996,-37.35252142099995,0 -72.91164644799994,-37.35272384599995,0 -72.91158386199999,-37.35304718299994,0 -72.91147017399999,-37.35327949499998,0 -72.91134773799996,-37.35337824799996,0 -72.91125149099997,-37.35345587799998,0 -72.91080288899997,-37.35370480299997,0 -72.91062265399995,-37.35394494999997,0 -72.91028124599995,-37.35419576699996,0 -72.90988948399996,-37.35432853299994,0 -72.90985367699994,-37.35437296199996,0 -72.90987711199995,-37.35441843799998,0 -72.90996575999998,-37.35447858499998,0 -72.91041007699994,-37.35484242299998,0 -72.91076617399995,-37.35502896199995,0 -72.91102530699999,-37.35535347599995,0 -72.91103766099997,-37.35540866399998,0 -72.91105669999996,-37.35549372199995,0 -72.91099138999994,-37.35560972799993,0 -72.91076121599997,-37.35569127799994,0 -72.91065902799994,-37.35572093899998,0 -72.91024905199998,-37.35583994199993,0 -72.90986855699998,-37.35604951099998,0 -72.90969232999998,-37.35624539999998,0 -72.90966105799998,-37.35628016299995,0 -72.90953061899995,-37.35632742399997,0 -72.90940715999994,-37.35627567399996,0 -72.90935840899994,-37.35623466399994,0 -72.90923753799996,-37.35613298399994,0 -72.90920020299995,-37.35610528699993,0 -72.90907998599994,-37.35601303799996,0 -72.90885526499994,-37.35592344699995,0 -72.90861476799995,-37.35591919399997,0 -72.90834526599997,-37.35596849999996,0 -72.90816848399999,-37.35603296499994,0 -72.90808874399994,-37.35605859099996,0 -72.90728339599997,-37.35614347499995,0 -72.90693799799999,-37.35611840599995,0 -72.90687284899997,-37.35611367699994,0 -72.90687049799999,-37.35611363499993,0 -72.90687026299997,-37.35611363099997,0 -72.90687002799996,-37.35611362699996,0 -72.90686861799998,-37.35611360199994,0 -72.90658361999994,-37.35628880299998,0 -72.90649113899997,-37.35634123899996,0 -72.90642438799995,-37.35633104499993,0 -72.90639547199999,-37.35633053299995,0 -72.90627276699996,-37.35625175499996,0 -72.90616994699997,-37.35609221999994,0 -72.90616590299999,-37.35608538899993,0 -72.90616185899995,-37.35607855799998,0 -72.90612620299999,-37.35597426099997,0 -72.90609986499999,-37.35589721499997,0 -72.90607819699994,-37.35571207899994,0 -72.90577896399998,-37.35540937399998,0 -72.90578221899995,-37.35529227199993,0 -72.90585334899998,-37.35514482899998,0 -72.90585835699994,-37.35496467199994,0 -72.90575416199994,-37.35485467899997,0 -72.90537340799995,-37.35459108399994,0 -72.90516835599993,-37.35427652799996,0 -72.90513441699994,-37.35405061899996,0 -72.90523347399994,-37.35386311599996,0 -72.90533220099996,-37.35366208899995,0 -72.90531641499996,-37.35354464999995,0 -72.90521769299994,-37.35346629599997,0 -72.90502609799995,-37.35341232199994,0 -72.90485923799997,-37.35336531599995,0 -72.90485000799998,-37.35336740499997,0 -72.90484077699995,-37.35336949499998,0 -72.90477539399996,-37.35338636099993,0 -72.90471184299997,-37.35336270399995,0 -72.90466568599999,-37.35327176399994,0 -72.90466334299998,-37.35326721599995,0 -72.904661,-37.35326266799996,0 -72.90466425599993,-37.35314556599997,0 -72.90480772499996,-37.35299971699993,0 -72.90482980999997,-37.35297726599998,0 -72.90482079299994,-37.35281939199996,0 -72.90457817999999,-37.35240953899995,0 -72.90443704899997,-37.35218173099997,0 -72.90436617099994,-37.35183800799996,0 -72.90432329999999,-37.35147675699994,0 -72.90424413799997,-37.35130411999995,0 -72.90402200699998,-37.35122357799997,0 -72.90380895099997,-37.35119727099993,0 -72.90351900899998,-37.35104342799997,0 -72.90342634199999,-37.35100122999995,0 -72.90330855399998,-37.35094648399996,0 -72.90325498799996,-37.35092158699996,0 -72.90297821199994,-37.35070038399994,0 -72.90295402999999,-37.35068192999995,0 -72.90276970199994,-37.35056150099996,0 -72.90254588199997,-37.35044037199998,0 -72.90234727799998,-37.35035123199998,0 -72.90222801899995,-37.35032658499995,0 -72.90219821099998,-37.35043420399995,0 -72.90219670699997,-37.35048825099994,0 -72.90218955999995,-37.35074497399995,0 -72.90218604999995,-37.35087108399995,0 -72.90210114099995,-37.35103179899994,0 -72.901775,-37.35121526999995,0 -72.90149394599996,-37.35122380099995,0 -72.90095930999996,-37.35119177999997,0 -72.90077330499997,-37.35115693499995,0 -72.90065095599994,-37.35121784899997,0 -72.90060698199994,-37.35125650099997,0 -72.90055548299995,-37.35130177099995,0 -72.90046918999997,-37.35151202699996,0 -72.90032653899993,-37.35182041799993,0 -72.90016080499998,-37.35202025099994,0 -72.89979495799997,-37.35218498699993,0 -72.89948000199996,-37.35221994799997,0 -72.89947485699997,-37.35222098299994,0 -72.89945942499997,-37.35222408799996,0 -72.89931504499998,-37.35211337599998,0 -72.89928471799993,-37.35199091699997,0 -72.89926684699998,-37.35191875599998,0 -72.89926631499998,-37.35188720299993,0 -72.89926261299996,-37.35158973199998,0 -72.89932487299996,-37.35127991499996,0 -72.89942670199997,-37.35099333099998,0 -72.89938001099995,-37.35074466299994,0 -72.89920015999996,-37.35048912399998,0 -72.89916798999997,-37.35040293599997,0 -72.89910012499996,-37.35023049699998,0 -72.89917251799994,-37.35003801899995,0 -72.89921484999996,-37.34996216699994,0 -72.89924232299995,-37.34991308699995,0 -72.89924709399997,-37.34974193899995,0 -72.89922622599994,-37.34966081499994,0 -72.89919935099994,-37.34955633899995,0 -72.89923091999998,-37.34938566599993,0 -72.89919750299998,-37.34914174099998,0 -72.89919697899995,-37.34913721499998,0 -72.89919671699994,-37.34913495199993,0 -72.89919036199996,-37.34908005699998,0 -72.89917940099997,-37.34898538299996,0 -72.89916509099999,-37.34886178399995,0 -72.89915441799997,-37.34877324799993,0 -72.89914331599994,-37.34868115199998,0 -72.89892199799993,-37.34821759299996,0 -72.89881474099997,-37.34799037999994,0 -72.89872622399997,-37.34779954899994,0 -72.89873099599998,-37.34762839999996,0 -72.89873426099996,-37.34751129899996,0 -72.89883194299995,-37.34737334399995,0 -72.89900868199999,-37.34725932499998,0 -72.89922431299993,-37.34721809399997,0 -72.89930512899997,-37.34717897499996,0 -72.899373,-37.34714863699998,0 -72.89945426899999,-37.34711853799996,0 -72.89948671399998,-37.34691633799997,0 -72.89947645399997,-37.34682325599994,0 -72.89946531499999,-37.34672219399994,0 -72.89926981499997,-37.34654748699995,0 -72.89872034599995,-37.34608710999998,0 -72.89853166499995,-37.34584819999998,0 -72.89829443399998,-37.34554781599996,0 -72.89824567099998,-37.34547485099995,0 -72.89803772599998,-37.34516473699995,0 -72.89794770799995,-37.34502795299994,0 -72.89778458699993,-37.34462851199993,0 -72.89775506799998,-37.34457391399997,0 -72.89765784499997,-37.34439193999998,0 -72.89765768099994,-37.34438517699994,0 -72.89765751699997,-37.34437841499994,0 -72.89765160699994,-37.34413497799994,0 -72.89753605099997,-37.34395267799994,0 -72.89731100299997,-37.34387657799994,0 -72.89702114699998,-37.34384438699993,0 -72.89694644799994,-37.34399626799996,0 -72.89686342099998,-37.34408941999993,0 -72.89644187899995,-37.34432975999994,0 -72.89615795899994,-37.34444186899998,0 -72.89593027099994,-37.34446034799998,0 -72.89562282399999,-37.34445487699998,0 -72.89530524799994,-37.34433206599994,0 -72.89509452899995,-37.34419763699998,0 -72.89506256799996,-37.34412947599998,0 -72.89501854399998,-37.34403856899996,0 -72.89477470099996,-37.34383500699994,0 -72.89477034999999,-37.34383137499998,0 -72.89459927399997,-37.34374271199994,0 -72.89439931299995,-37.34370310299994,0 -72.89400481099995,-37.34380873099997,0 -72.89399304799997,-37.34381302899993,0 -72.89398128899995,-37.34381732399993,0 -72.89355517999996,-37.34391788199997,0 -72.89321197399994,-37.34392979199998,0 -72.89299020399994,-37.34386275499998,0 -72.89289626799996,-37.34381601999996,0 -72.89267351699993,-37.34370840899993,0 -72.89246630499997,-37.34365064299993,0 -72.89213939399997,-37.34368537099994,0 -72.89185395999993,-37.34385151599997,0 
						</coordinates>
					</LinearRing>
				</outerBoundaryIs>
			</Polygon>
		</MultiGeometry>
	</Placemark>
	<Placemark>
		<name>PALMILLA</name>
		<description><![CDATA[<p>COMUNA: NACIMIENTO
<br/>DISTRITO: 7
<br/>LOC_ZON: 27
<br/>NOMBRE_LOCALIDAD: PALMILLA
<br/>GEOCODIGO: 8306072027</p>]]></description>
		<styleUrl>#style1</styleUrl>
		<ExtendedData>
			<Data name="NOM_COMUNA">
				<displayName>NOM_COMUNA</displayName>
				<value>NACIMIENTO</value>
			</Data>
			<Data name="DISTRITO">
				<displayName>DISTRITO</displayName>
				<value>7</value>
			</Data>
			<Data name="LOC_ZON">
				<displayName>LOC_ZON</displayName>
				<value>27</value>
			</Data>
			<Data name="NOM_LOCALI">
				<displayName>NOM_LOCALI</displayName>
				<value>PALMILLA</value>
			</Data>
			<Data name="GEOCODIGO">
				<displayName>GEOCODIGO</displayName>
				<value>8306072027</value>
			</Data>
		</ExtendedData>
		<MultiGeometry>
			<Polygon>
				<outerBoundaryIs>
					<LinearRing>
						<tessellate>1</tessellate>
						<coordinates>
							-72.87300615799995,-37.43699743899998,0 -72.87278044399994,-37.43706096299996,0 -72.87236857499994,-37.43701299499998,0 -72.87205565599999,-37.43696792999998,0 -72.87151030399997,-37.43688938999998,0 -72.87094406799997,-37.43678005399994,0 -72.87087717199995,-37.43678188899997,0 -72.86841268399996,-37.44237036999994,0 -72.86528580399994,-37.44945954499997,0 -72.86361073699999,-37.45472275299994,0 -72.85220443499998,-37.46227532099994,0 -72.85058716399993,-37.46921076899997,0 -72.84117611499994,-37.46630904099993,0 -72.84021299899996,-37.46644918099997,0 -72.83663396999998,-37.46696987899998,0 -72.83695575699994,-37.47573142399995,0 -72.82775646599998,-37.47602039199995,0 -72.82532672699995,-37.47296512899993,0 -72.82456967499996,-37.47201311699996,0 -72.82134984399994,-37.47298715399995,0 -72.81993369799994,-37.47341551899996,0 -72.81517903999998,-37.47398443199995,0 -72.81353352999997,-37.47296501399995,0 -72.80365429599993,-37.47271941699995,0 -72.79865574899998,-37.47259483899995,0 -72.78931198899994,-37.47356422099995,0 -72.78154049299997,-37.47404421199997,0 -72.77825707299996,-37.47424680099994,0 -72.77678643299998,-37.47866214699997,0 -72.77152093199999,-37.48240350499998,0 -72.77162279299995,-37.48245942599993,0 -72.77221051199996,-37.48306529999996,0 -72.77265800899994,-37.48370457499993,0 -72.77303313399995,-37.48440106099997,0 -72.77314883899999,-37.48460421299995,0 -72.77327699099999,-37.48482921899995,0 -72.77345184199999,-37.48549592299997,0 -72.77350619999999,-37.48570318999998,0 -72.77350684599998,-37.48570511599996,0 -72.77376462699993,-37.48647407399994,0 -72.77407705699994,-37.48692605299993,0 -72.77471937799999,-37.48728962399997,0 -72.77508392099998,-37.48755783799993,0 -72.77561218999995,-37.48781111199997,0 -72.77629954899999,-37.48822959399996,0 -72.77677292199996,-37.48876119799996,0 -72.77722716499994,-37.48917528499993,0 -72.77773213899997,-37.48942811099994,0 -72.77834661099996,-37.48992180999994,0 -72.77893728199996,-37.49045561199995,0 -72.77931423099994,-37.49109353599994,0 -72.77972067499996,-37.49154726799998,0 -72.78012268299995,-37.49212708299996,0 -72.78027786099995,-37.49318889899996,0 -72.78021256299996,-37.49381850499998,0 -72.78051749999997,-37.49454969599998,0 -72.78053930699997,-37.49481595699996,0 -72.78080747399997,-37.49514876099994,0 -72.78103203699999,-37.49564885499996,0 -72.78117278299999,-37.49603095199996,0 -72.78184634799999,-37.49689523299998,0 -72.78240778699995,-37.49763123699995,0 -72.78248999199997,-37.49800677499996,0 -72.78233370699996,-37.49855807199998,0 -72.78231878299994,-37.49906245799997,0 -72.78223405299997,-37.49916519899995,0 -72.78210669399994,-37.49937379099998,0 -72.78207330199996,-37.49956686399997,0 -72.78203374899994,-37.49969008999994,0 -72.78209274399995,-37.49981993399996,0 -72.78219737399996,-37.49992441199998,0 -72.78238672799995,-37.49999710399993,0 -72.78271513299995,-37.50002234399994,0 -72.78313506899997,-37.50009159799998,0 -72.78313511699997,-37.50009160599996,0 -72.78313986599994,-37.50009383199995,0 -72.78331162699999,-37.50017604799996,0 -72.78377565399995,-37.50023882999994,0 -72.78402271599998,-37.50034710399996,0 -72.78422723999995,-37.50053118099993,0 -72.78449258199998,-37.50066683299997,0 -72.78481971399998,-37.50074506599998,0 -72.78520579899998,-37.50083792099997,0 -72.78551645599998,-37.50094738499996,0 -72.78573901699997,-37.50102365499998,0 -72.78585505999996,-37.50111594899994,0 -72.78598766299996,-37.50122207299995,0 -72.78622369199996,-37.50132112399996,0 -72.78647100899997,-37.50156457599996,0 -72.78665973299996,-37.50175736399996,0 -72.78698367999993,-37.50194367499995,0 -72.78736804599998,-37.50209506899995,0 -72.78743522699995,-37.50212960199997,0 -72.78779563999996,-37.50231486099995,0 -72.78837629499998,-37.50261862499997,0 -72.78863334099998,-37.50284423199997,0 -72.78925060799997,-37.50322527999998,0 -72.78958418299999,-37.50356496599994,0 -72.78986702999998,-37.50375500399997,0 -72.78994556099997,-37.50389244899998,0 -72.79007167499998,-37.50408076199994,0 -72.79020975299994,-37.50426929899993,0 -72.79040386099996,-37.50456260599998,0 -72.79043233399995,-37.50474788399998,0 -72.79052243899997,-37.50524071899997,0 -72.79058711599998,-37.50558888799998,0 -72.79080199499998,-37.50592634899994,0 -72.79119605099999,-37.50625364499996,0 -72.79171050299993,-37.50657417899998,0 -72.79192684999998,-37.50686209999998,0 -72.79212751999995,-37.50715423399998,0 -72.79253846099994,-37.50743678099997,0 -72.79311546799994,-37.50765033599998,0 -72.79360662399995,-37.50775414099996,0 -72.79430973099994,-37.50776727799996,0 -72.79460837499994,-37.50778186899998,0 -72.79466212399996,-37.50780540299996,0 -72.79471926999997,-37.50781691199995,0 -72.79536713999994,-37.50794738799993,0 -72.79559702399996,-37.50827113699995,0 -72.79559660299998,-37.50889573999996,0 -72.79535391399997,-37.50926951299994,0 -72.79534252599996,-37.50928705199993,0 -72.79529840399994,-37.50934480599994,0 -72.79490691099994,-37.50984216099994,0 -72.79439042599995,-37.51009385899994,0 -72.79383193799998,-37.51025915599996,0 -72.79333293899998,-37.51042105699997,0 -72.79260727099995,-37.51066883699997,0 -72.79196152399999,-37.51125154699997,0 -72.79144967999997,-37.51187280699997,0 -72.79087736099996,-37.51250644999993,0 -72.79057147399999,-37.51285669499998,0 -72.79029813199998,-37.51330961199994,0 -72.79019757299994,-37.51367486599997,0 -72.79023862299994,-37.51410952299995,0 -72.79036595699995,-37.51445997099995,0 -72.79058929199994,-37.51480267899996,0 -72.79085866199995,-37.51520823299995,0 -72.79109346499996,-37.51536520299993,0 -72.79141055099996,-37.51552639999994,0 -72.79192202699994,-37.51566213399997,0 -72.79243689999998,-37.51594662599996,0 -72.79276238199998,-37.51608338399996,0 -72.79331720199997,-37.51604419099993,0 -72.79394401599995,-37.51610547099995,0 -72.79459812599998,-37.51624836499997,0 -72.79499680299995,-37.51644506099996,0 -72.79532546799999,-37.51697839599996,0 -72.79557445299997,-37.51767245599996,0 -72.79565389199996,-37.51798528199998,0 -72.79573540899997,-37.51830629399996,0 -72.79563941999999,-37.51902094799993,0 -72.79541550899995,-37.51951692699998,0 -72.79508522699996,-37.52004696699998,0 -72.79487601799997,-37.52054772499997,0 -72.79461468699998,-37.52077715299998,0 -72.79413619399998,-37.52127287899998,0 -72.79328580299995,-37.52169406299998,0 -72.79276630799995,-37.52204482599996,0 -72.79216914599994,-37.52251128899997,0 -72.79187488599996,-37.52282570799997,0 -72.79152405299999,-37.52305179999996,0 -72.79118861399996,-37.52326796899996,0 -72.79056117299996,-37.52372935099993,0 -72.79005263999994,-37.52421097999996,0 -72.78957037299995,-37.52483278199998,0 -72.78954334199994,-37.52491569199998,0 -72.78943895799995,-37.52523585599994,0 -72.78942536299996,-37.52525168099993,0 -72.78900466499994,-37.52574139999996,0 -72.78874993799997,-37.52627283599998,0 -72.78855524399995,-37.52678286599996,0 -72.78845765499995,-37.52690801999995,0 -72.78824358099996,-37.52718256099996,0 -72.78788671999996,-37.52760393799997,0 -72.78728602099994,-37.52818746299994,0 -72.78727294699996,-37.52821292399994,0 -72.78703163099993,-37.52868285299996,0 -72.78695428599997,-37.52928970499994,0 -72.78677335099997,-37.52983603699994,0 -72.78667332999999,-37.53018111799997,0 -72.78639097099995,-37.53061740499993,0 -72.78635152199996,-37.53092306899998,0 -72.78643068099996,-37.53130755799998,0 -72.78680813699998,-37.53169763999995,0 -72.78733520499998,-37.53195534799994,0 -72.78797352899994,-37.53213403099994,0 -72.78853945599997,-37.53222574199998,0 -72.78905938899999,-37.53236615399993,0 -72.78970831099997,-37.53268921699998,0 -72.78981040199994,-37.53277674099996,0 -72.78991582399993,-37.53300979699998,0 -72.78998165699994,-37.53341630999995,0 -72.79008451999994,-37.53378537199995,0 -72.79014778999993,-37.53401469499994,0 -72.79347925499997,-37.53384454899998,0 -72.79607869799997,-37.52944547399994,0 -72.80186135599996,-37.53137039299997,0 -72.80208093499994,-37.53126492799998,0 -72.80234695499996,-37.53073932499996,0 -72.80255822099997,-37.53032191299997,0 -72.80274943199998,-37.52994410499997,0 -72.80406093899995,-37.52735272699994,0 -72.80424537899995,-37.52698829199994,0 -72.80440512099995,-37.52610581099998,0 -72.80447893599995,-37.52606794399998,0 -72.80470909099995,-37.52585498599996,0 -72.81001589599998,-37.52725588999994,0 -72.81842637299997,-37.52947551199998,0 -72.81848418999994,-37.53033011999997,0 -72.81861001899995,-37.53218999899997,0 -72.82253221999997,-37.53193659699997,0 -72.82759987199995,-37.53160899399995,0 -72.83874017599999,-37.53152736099997,0 -72.84241586699994,-37.53053653299997,0 -72.85563749399995,-37.52697130299998,0 -72.86729375899995,-37.52136445399998,0 -72.87222695399998,-37.52720060599995,0 -72.87236913199996,-37.52716071299994,0 -72.87291044699998,-37.52707584199993,0 -72.87319740699996,-37.52700817299996,0 -72.87370929899998,-37.52688746299998,0 -72.87386145399995,-37.52680909599997,0 -72.87419321199997,-37.52670692599997,0 -72.87418373799994,-37.52651750299998,0 -72.87425238699996,-37.52621683699994,0 -72.87481083799997,-37.52605115799997,0 -72.87572785399993,-37.52590995199995,0 -72.87595224899997,-37.52592750799994,0 -72.87595472399994,-37.52592842599995,0 -72.87632246899994,-37.52606484299997,0 -72.87684356499994,-37.52616884199995,0 -72.87722310999999,-37.52617566799995,0 -72.87724717799995,-37.52617610099998,0 -72.87730151499994,-37.52637984799998,0 -72.87726537499998,-37.52658196899995,0 -72.87733391799998,-37.52680850199994,0 -72.87778306699994,-37.52733026199996,0 -72.87860788299997,-37.52782272399998,0 -72.87917084799994,-37.52802209199996,0 -72.87970871899995,-37.52805878999993,0 -72.87997982299999,-37.52800057499996,0 -72.88008979499995,-37.52781329799996,0 -72.88020116999996,-37.52757647899995,0 -72.88047176099997,-37.52753627799996,0 -72.88082855599998,-37.52762379099994,0 -72.88097165699998,-37.52786517899995,0 -72.88134316999998,-37.52795746099997,0 -72.88167091599996,-37.52802192099995,0 -72.88199802599996,-37.52810889899996,0 -72.88225242999994,-37.52809093299993,0 -72.88276074299995,-37.52812258099993,0 -72.88306140599997,-37.52806939499993,0 -72.88341986099994,-37.52809835199997,0 -72.88386592599994,-37.52820548199998,0 -72.88385892499997,-37.52845318699997,0 -72.88409448399995,-37.52860160199998,0 -72.88460216499993,-37.52865576099998,0 -72.88506511499997,-37.52869109199997,0 -72.88521370199999,-37.52873881399995,0 -72.88522040499998,-37.52902731899997,0 -72.88545526199994,-37.52917571799998,0 -72.88558162799995,-37.52948439099998,0 -72.88573857499995,-37.52976206799997,0 -72.88585066399997,-37.53002542499996,0 -72.88582971399995,-37.53024133799994,0 -72.88557824799994,-37.53065589299996,0 -72.88572378599997,-37.53081170399997,0 -72.88592425399997,-37.53112620899998,0 -72.88611699899997,-37.53118823899996,0 -72.88645719299996,-37.53133852299993,0 -72.88652716699994,-37.53151551099995,0 -72.88676502899995,-37.53158285299997,0 -72.88699356799998,-37.53142923399997,0 -72.88731017499998,-37.53136280399997,0 -72.88764219099994,-37.53125158999995,0 -72.88818453799996,-37.53113061899995,0 -72.88819549199997,-37.53112961999994,0 -72.88851497099995,-37.53110048199994,0 -72.88872091299999,-37.53122132199996,0 -72.88901416499994,-37.53145637299997,0 -72.88924509999998,-37.53174438199994,0 -72.88928424799997,-37.53196136999998,0 -72.88932243499994,-37.53218735399997,0 -72.88906496899995,-37.53231342399994,0 -72.88870750699994,-37.53224845299997,0 -72.88855192499994,-37.53244844099993,0 -72.88854087399994,-37.53284026599994,0 -72.88841200299998,-37.53317140599995,0 -72.88829357499998,-37.53358534999995,0 -72.88827861399994,-37.53363764499994,0 -72.88816727599993,-37.53389546799997,0 -72.88814007099995,-37.53395846599994,0 -72.88805462399995,-37.53415633499998,0 -72.88816285199994,-37.53430584999995,0 -72.88816363699993,-37.53430693499996,0 -72.88817900099997,-37.53432815999997,0 -72.88821324099996,-37.53437546199996,0 -72.88859310099997,-37.53440991699995,0 -72.88864641099997,-37.53441475199998,0 -72.88867310599994,-37.53441777599994,0 -72.88872834199998,-37.53442403299994,0 -72.88892983699998,-37.53444685799997,0 -72.88919689399995,-37.53453274199995,0 -72.88948983399996,-37.53475426799997,0 -72.88990397099997,-37.53494191199997,0 -72.89017471199998,-37.53489718599997,0 -72.89039069399996,-37.53466222699996,0 -72.89051993899994,-37.53431757399994,0 -72.89079359599998,-37.53416925999994,0 -72.89103223199999,-37.53420957199995,0 -72.89127898999999,-37.53448884699998,0 -72.89150080599995,-37.53457391699993,0 -72.89187713199993,-37.53452206099996,0 -72.89226010699997,-37.53420897299998,0 -72.89237284799998,-37.53392260099997,0 -72.89287528799997,-37.53361164399996,0 -72.89307780299998,-37.53346326999997,0 -72.89318149099995,-37.53338730199994,0 -72.89347061899997,-37.53321672799996,0 -72.89396506799994,-37.53318950199997,0 -72.89415612599998,-37.53333710299995,0 -72.89417986199999,-37.53354930999996,0 -72.89420448599998,-37.53372998899994,0 -72.89430746499994,-37.53379040499993,0 -72.89442865699993,-37.53375651799996,0 -72.89446202199997,-37.53362643899993,0 -72.89464424199997,-37.53353506299993,0 -72.89503913299995,-37.53332581599994,0 -72.89557641999994,-37.53338496199996,0 -72.89571793399995,-37.53368488199993,0 -72.89610674699998,-37.53369181299996,0 -72.89650360699994,-37.53343753599995,0 -72.89697747499997,-37.53308549799993,0 -72.89734759899994,-37.53270006799994,0 -72.89784798799997,-37.53246114899997,0 -72.89825272699994,-37.53245483799998,0 -72.89864090199995,-37.53248427899996,0 -72.89887727899998,-37.53248848599998,0 -72.89907495199998,-37.53249200499994,0 -72.89928356999997,-37.53251824799997,0 -72.89960022499997,-37.53263006499998,0 -72.89971357699994,-37.53267009199993,0 -72.90017567799998,-37.53273689099996,0 -72.90045001799996,-37.53258856599996,0 -72.90078012699996,-37.53254487099997,0 -72.90098735599997,-37.53262065199993,0 -72.90119895399994,-37.53256583599995,0 -72.90123087699999,-37.53253614099998,0 -72.90146039099994,-37.53232265299994,0 -72.90177035099998,-37.53246784999993,0 -72.90204998799999,-37.53246634299995,0 -72.90215941199995,-37.53246575299994,0 -72.90256680099998,-37.53236484699994,0 -72.90323979199997,-37.53237680299998,0 -72.90361610099995,-37.53232490799996,0 -72.90397357899997,-37.53238983499995,0 -72.90440863899994,-37.53236151099998,0 -72.90467928699996,-37.53229421899994,0 -72.90494433899994,-37.53245212799993,0 -72.90519908499994,-37.53244763699996,0 -72.90561050199994,-37.53220259999995,0 -72.90589959799996,-37.53203199399996,0 -72.90618718099995,-37.53191543199995,0 -72.90638158499996,-37.53191887999998,0 -72.90661820799994,-37.53203122199994,0 -72.90684633199999,-37.53189107399993,0 -72.90706094599994,-37.53172815599993,0 -72.90736060199998,-37.53171093899994,0 -72.90772311599994,-37.53159570199995,0 -72.90783629799995,-37.53129129799999,0 -72.90786423199995,-37.53082316599995,0 -72.90804215599996,-37.53035318599996,0 -72.90838000499997,-37.53005726899994,0 -72.90868713999998,-37.52990482699994,0 -72.90877446299999,-37.52986148599996,0 -72.90902555199995,-37.52998759699994,0 -72.90953552799994,-37.52996058099995,0 -72.90960220199997,-37.52970041199995,0 -72.90959804499994,-37.52931732499997,0 -72.90968366399994,-37.52893582899998,0 -72.91013819799997,-37.52874110499994,0 -72.91048144999996,-37.52878322999993,0 -72.91095762899994,-37.52887727199993,0 -72.91127320199996,-37.52884680799997,0 -72.91189306599995,-37.52863247199997,0 -72.91206781899996,-37.52827508099995,0 -72.91231603999995,-37.52794602399996,0 -72.91263826299996,-37.52767685399994,0 -72.91310687399994,-37.52750940399994,0 -72.91348181899997,-37.52747998299998,0 -72.91366002399997,-37.52750234699994,0 -72.91389974499998,-37.52753242999995,0 -72.91424399699997,-37.52753851299997,0 -72.91460673199998,-37.52741424599998,0 -72.91476152799999,-37.52721420899996,0 -72.91488224499994,-37.52717128099994,0 -72.91530079699999,-37.52720120299995,0 -72.91565951699994,-37.52722105499998,0 -72.91599030199995,-37.52717732899998,0 -72.91633417699995,-37.52719691699997,0 -72.91652393199996,-37.52736698999996,0 -72.91649060899994,-37.52749707699996,0 -72.91657804699997,-37.52755719799995,0 -72.91689361299996,-37.52752671899998,0 -72.91733227499998,-37.52736773499998,0 -72.91767715299994,-37.52735128899997,0 -72.91796131999996,-37.52735630099994,0 -72.91815145499999,-37.52751285999994,0 -72.91821974799996,-37.52775288399994,0 -72.91856062199997,-37.52788055799994,0 -72.91908609699993,-37.52780420699997,0 -72.91967862099995,-37.52750373299995,0 -72.92016481299999,-37.52723743199994,0 -72.92036454099997,-37.52707422699996,0 -72.92066980499999,-37.52685430199995,0 -72.92090819599997,-37.52670186799998,0 -72.92094412799997,-37.52667889199995,0 -72.92146754999999,-37.52670162699997,0 -72.92151072799999,-37.52666368199993,0 -72.92177418399996,-37.52643215699993,0 -72.92243528499995,-37.52633564899998,0 -72.92291841899998,-37.52620446299994,0 -72.92308759399998,-37.52594210899997,0 -72.92319997899995,-37.52576782399996,0 -72.92369799599999,-37.52560986099996,0 -72.92417454799994,-37.52569033799995,0 -72.92473110599997,-37.52561450799993,0 -72.92507018199996,-37.52547992599995,0 -72.92542687599996,-37.52533835099996,0 -72.92600897099999,-37.52527715699995,0 -72.92608792099998,-37.52526885699996,0 -72.92654963099994,-37.52534906399995,0 -72.92657451199995,-37.52535147799995,0 -72.92711670599994,-37.52540408299996,0 -72.92711883099997,-37.52540393299995,0 -72.92762689799997,-37.52536797899995,0 -72.92815043799999,-37.52538618099993,0 -72.92841502099998,-37.52556205399998,0 -72.92852652199997,-37.52571778899994,0 -72.92880381999998,-37.52610509499993,0 -72.92905982499997,-37.52637619399997,0 -72.92911319599995,-37.52643271099998,0 -72.92912400699998,-37.52644415999998,0 -72.92925257599995,-37.52653295099998,0 -72.92938007199996,-37.52662042799994,0 -72.92933605799993,-37.52641616799997,0 -72.92930674899998,-37.52628064199996,0 -72.92944466699998,-37.52615238499993,0 -72.92973215299997,-37.52606279999998,0 -72.92995424099996,-37.52613879199998,0 -72.93017442199994,-37.52630937599997,0 -72.93025361399998,-37.52669377899997,0 -72.93036062799996,-37.52714625999994,0 -72.93043820399998,-37.52758921199995,0 -72.93064109599999,-37.52782257699994,0 -72.93099633899999,-37.52796849099997,0 -72.93138583799998,-37.52797531699997,0 -72.93167361799993,-37.52784968399993,0 -72.93210267199998,-37.52747418699994,0 -72.93229005699999,-37.52719358799993,0 -72.93224124999995,-37.52680971899997,0 -72.93196330199999,-37.52657954799997,0 -72.93180519199996,-37.52633795699995,0 -72.93175468499999,-37.52599010699998,0 -72.93167312299994,-37.52569127799995,0 -72.93187373199999,-37.52546949099997,0 -72.93204340799997,-37.52529222099997,0 -72.93195786499996,-37.52513751699996,0 -72.93159715799999,-37.52518977599993,0 -72.93107000899994,-37.52530220199998,0 -72.93075889699998,-37.52519761599996,0 -72.93068757799995,-37.52506569099995,0 -72.93069257499997,-37.52502119399998,0 -72.93069682999999,-37.52498331199996,0 -72.93070727599996,-37.52489029999998,0 -72.93080103099999,-37.52474774999996,0 -72.93098679599996,-37.52452570299994,0 -72.93099115099994,-37.52436806799994,0 -72.93081646199994,-37.52418926999997,0 -72.93059238799998,-37.52418534299994,0 -72.93019967199996,-37.52429561499997,0 -72.93001950699994,-37.52431498699997,0 -72.92967750799994,-37.52422788099994,0 -72.92962535399994,-37.52396561499995,0 -72.92938909199995,-37.52383980799993,0 -72.92925802699995,-37.52372035199994,0 -72.92923423299999,-37.52348111399994,0 -72.92936000199995,-37.52328054799995,0 -72.92964913599997,-37.52310537699998,0 -72.93023850899993,-37.52289040899996,0 -72.93084181199998,-37.52273425999994,0 -72.93122958199996,-37.52277710499993,0 -72.93163489299997,-37.52274815799996,0 -72.93178901199997,-37.52257061599994,0 -72.93196154199995,-37.52228975699995,0 -72.93211872999996,-37.52202665299995,0 -72.93234640299994,-37.52189996599998,0 -72.93249948599998,-37.52178548899997,0 -72.93257876199993,-37.52162916599997,0 -72.93284868799998,-37.52161136199993,0 -72.93291265499994,-37.52160789899995,0 -72.93316314399993,-37.52159433699995,0 -72.93331659699999,-37.52146634799993,0 -72.93337966099995,-37.52135930699995,0 -72.93321832499998,-37.52123481899997,0 -72.93302556199995,-37.52117286599997,0 -72.93301954299994,-37.52085283099996,0 -72.93299772599994,-37.52054153099994,0 -72.93315018299995,-37.52044957299995,0 -72.93352570899998,-37.52039756799996,0 -72.93390135899995,-37.52034105799993,0 -72.93406505499996,-37.52037997099995,0 -72.93444946099999,-37.52054440899997,0 -72.93468745999996,-37.52060715199997,0 -72.93492670199998,-37.52062485499994,0 -72.93519898299996,-37.52052147199998,0 -72.93551112999995,-37.52004928899999,0 -72.93556356699997,-37.51978885499994,0 -72.93540247799996,-37.51965536199998,0 -72.93502158899997,-37.51933778299997,0 -72.93498463399999,-37.51906226599993,0 -72.93509850199996,-37.51908655899996,0 -72.93523772099996,-37.51911625999998,0 -72.93577693299994,-37.51910315899994,0 -72.93610957299995,-37.51896477999998,0 -72.93638904299996,-37.51860016899997,0 -72.93688599899997,-37.51796448799996,0 -72.93708341699994,-37.51773045299996,0 -72.93713388299994,-37.51767062599998,0 -72.93748907799994,-37.51724954999997,0 -72.93805068199998,-37.51696195999995,0 -72.93869655399999,-37.51690114099995,0 -72.94020796399997,-37.51689147099995,0 -72.94145079199996,-37.51687709899994,0 -72.94266609499994,-37.51703247699993,0 -72.94283826599997,-37.51705448899997,0 -72.94334258399994,-37.51723,0 -72.94378414199997,-37.51747651199997,0 -72.94408099099996,-37.51812604899993,0 -72.94448876899997,-37.51908843499996,0 -72.94475919099995,-37.51959331499995,0 -72.94503974999998,-37.51972887499994,0 -72.94575269399996,-37.51993053699994,0 -72.94595833299996,-37.52006479099998,0 -72.94604451799995,-37.52019696599996,0 -72.94610758499994,-37.52063064499998,0 -72.94616617899999,-37.52070118699993,0 -72.94626708999994,-37.52082267499998,0 -72.94629133999996,-37.52082309699995,0 -72.94656607999997,-37.52082787599994,0 -72.94700168099996,-37.52077687299993,0 -72.94742601799999,-37.52059499599994,0 -72.94750982899996,-37.52027201699997,0 -72.94749992199996,-37.52009160199998,0 -72.94775429099997,-37.52007349299998,0 -72.94810817699994,-37.52026889899997,0 -72.94886427599994,-37.52054789599998,0 -72.94920581299994,-37.52062835699996,0 -72.94923596999996,-37.52063546199997,0 -72.94937413599996,-37.52058807499998,0 -72.94959861699994,-37.52051108499995,0 -72.94982597899997,-37.52042040599997,0 -72.95003022899994,-37.52043106199994,0 -72.95021436699994,-37.52044066799994,0 -72.95051203499997,-37.52051686099998,0 -72.95091310599997,-37.52061952199995,0 -72.95153827899998,-37.52074752899995,0 -72.95201680599996,-37.52075583099997,0 -72.95215181199995,-37.52075817299993,0 -72.95233294899998,-37.52070273599998,0 -72.95257641499995,-37.52054023399995,0 -72.95277239499995,-37.52048505399995,0 -72.95302599299998,-37.52052099299993,0 -72.95334237999998,-37.52045888799995,0 -72.95355394099994,-37.52037693999995,0 -72.95399507299999,-37.52012323299994,0 -72.95436675899998,-37.52000980099996,0 -72.95437230799996,-37.52000810699997,0 -72.95470624099994,-37.51984716799996,0 -72.95492579199998,-37.51947246099996,0 -72.95498155099995,-37.51942593099994,0 -72.95507920499995,-37.51934444199998,0 -72.95524364899995,-37.51935630299994,0 -72.95538823999993,-37.51952553099994,0 -72.95553157099994,-37.51976683499998,0 -72.95573722799998,-37.51990107299997,0 -72.95594641799994,-37.51993173099993,0 -72.95624614499997,-37.51990988399996,0 -72.95665339999994,-37.51980878699993,0 -72.95696134299999,-37.51969170499996,0 -72.95715217199995,-37.51961915099997,0 -72.95748093999998,-37.51964736999997,0 -72.95780863199997,-37.51968908699996,0 -72.95810992399998,-37.51963571999994,0 -72.95851781899995,-37.51948506099995,0 -72.95861310999999,-37.51928393599997,0 -72.95860575399996,-37.51900893799996,0 -72.95859741699996,-37.51876997199997,0 -72.95860535499997,-37.51875798399993,0 -72.95870656799997,-37.51860513399998,0 -72.95877081999998,-37.51845303899995,0 -72.95889972299994,-37.51810829999994,0 -72.95896176499997,-37.51803727499998,0 -72.95904939099995,-37.51800473599997,0 -72.95911249799997,-37.51798130199995,0 -72.95930490899997,-37.51805672499995,0 -72.95964139799997,-37.51834642299997,0 -72.96000647199998,-37.51867716899994,0 -72.96019762899994,-37.51882466699993,0 -72.96031806299999,-37.51879069899996,0 -72.96057742399995,-37.51861493599995,0 -72.96086352699996,-37.51854778099994,0 -72.96108660799996,-37.51858768199997,0 -72.96129297799996,-37.51872192199994,0 -72.96150023599995,-37.51879759799994,0 -72.96181538499997,-37.51878050899995,0 -72.96219223399999,-37.51867886799994,0 -72.96275412699998,-37.51837764599998,0 -72.96318625199996,-37.51790745799997,0 -72.96334212599999,-37.51766231299996,0 -72.96354528699999,-37.51736841599995,0 -72.96378688199997,-37.51727344899996,0 -72.96408586199993,-37.51727860499994,0 -72.96424724299999,-37.51740305199996,0 -72.96432954199997,-37.51767934199995,0 -72.96435577299997,-37.51783300099993,0 -72.96457750799993,-37.51792243899996,0 -72.96480031699997,-37.51799837799996,0 -72.96487107899998,-37.51815280399995,0 -72.96490095999997,-37.51834089899995,0 -72.96490912299998,-37.51839228199998,0 -72.96483998699995,-37.51872453999994,0 -72.96477412799999,-37.51896222699997,0 -72.96463141399994,-37.51924364999996,0 -72.96466848899996,-37.51942399599994,0 -72.96467138799994,-37.51943809999995,0 -72.96496230099996,-37.51974051599996,0 -72.96507502499998,-37.51999029299998,0 -72.96518837199994,-37.52006860399996,0 -72.96522218199993,-37.52009196299997,0 -72.96543018199998,-37.52014060899995,0 -72.96575626499998,-37.52026789199994,0 -72.96604693999996,-37.52057931299998,0 -72.96646956699993,-37.52100565899997,0 -72.96684214299995,-37.52106164299994,0 -72.96724621399994,-37.52107761299993,0 -72.96748424599997,-37.52117496699998,0 -72.96755675399999,-37.52120462299996,0 -72.96773115999997,-37.52139688099993,0 -72.96778496099995,-37.52161244399997,0 -72.96778537599994,-37.52161410599996,0 -72.96780257099994,-37.52162711899996,0 -72.96810829199995,-37.52185848599999,0 -72.96891824499994,-37.52234556199994,0 -72.96915335099999,-37.52251633099996,0 -72.96929565899995,-37.52277111899997,0 -72.96922431399997,-37.52321148799996,0 -72.96923146399996,-37.52349549399997,0 -72.96935990699996,-37.52371399499998,0 -72.96952131099994,-37.52383843499996,0 -72.96973030099997,-37.52385104199993,0 -72.97000157299993,-37.52378360899996,0 -72.97027345499998,-37.52369365599998,0 -72.97054277299998,-37.52369828599996,0 -72.97079468399994,-37.52379724399998,0 -72.97123610599994,-37.52407970099995,0 -72.97135581199996,-37.52409468599996,0 -72.97144473099996,-37.52410581699996,0 -72.97177474499995,-37.52408895599996,0 -72.97213676499996,-37.52398702999994,0 -72.97240925499995,-37.52387455199994,0 -72.97251716499994,-37.52375474099995,0 -72.97251036799997,-37.52345722299998,0 -72.97269503399997,-37.52327113899997,0 -72.97290585199994,-37.52321617999996,0 -72.97337416499994,-37.52308002499996,0 -72.97363024599997,-37.52299880499993,0 -72.97387304199998,-37.52288581399995,0 -72.97395284299995,-37.52270694099997,0 -72.97396124999995,-37.52239616499998,0 -72.97413679199997,-37.52199813599998,0 -72.97424761999997,-37.52177022799998,0 -72.97451814999994,-37.52172980799998,0 -72.97477042499997,-37.52181524599996,0 -72.97487016799994,-37.52199719999993,0 -72.97508425699993,-37.52237037099997,0 -72.97521431699994,-37.52247104199995,0 -72.97530453399997,-37.52254087399996,0 -72.97555742199995,-37.52260378999995,0 -72.97570814599999,-37.52261612999996,0 -72.97576628799999,-37.52262088999998,0 -72.97581092999997,-37.52258472299997,0 -72.97625649499997,-37.52222374599995,0 -72.97685194399997,-37.52177883699994,0 -72.97732111499994,-37.52158410199996,0 -72.97759103499999,-37.52156619599998,0 -72.97776704899997,-37.52169988799994,0 -72.97782129499996,-37.52191710899996,0 -72.97815690199997,-37.52224278899996,0 -72.97820594299998,-37.52262664599994,0 -72.97847695099995,-37.52314498099997,0 -72.97867427099999,-37.52358995599997,0 -72.97887840099997,-37.52378270599996,0 -72.97926849699996,-37.52376685299998,0 -72.97987368299994,-37.52351135099997,0 -72.98085848499994,-37.52307758999996,0 -72.98114592499996,-37.52296084099993,0 -72.98135513699998,-37.52299145499995,0 -72.98148567899995,-37.52313337599998,0 -72.98146658599995,-37.52329076199993,0 -72.98135881199994,-37.52340607799994,0 -72.98112625599998,-37.52369049099997,0 -72.98098842799999,-37.52381880999997,0 -72.98070074099996,-37.52394456599995,0 -72.98056256999996,-37.52405936099996,0 -72.98055188199999,-37.52445571399994,0 -72.98058619099999,-37.52486184899993,0 -72.98060902899994,-37.52499934899998,0 -72.98068901699997,-37.52548094099996,0 -72.98078295799996,-37.52562742699996,0 -72.98086140199996,-37.52574974899994,0 -72.98115689799994,-37.52588547899995,0 -72.98126625299994,-37.52589961499996,0 -72.98167913099996,-37.52595298699998,0 -72.98199430699998,-37.52593584499994,0 -72.98216194799994,-37.52580352799998,0 -72.98227455699998,-37.52553508699998,0 -72.98242820199994,-37.52537098799996,0 -72.98265724099997,-37.52521718899993,0 -72.98282328099998,-37.52517045899998,0 -72.98288993899996,-37.52490123299998,0 -72.98273748799994,-37.52444351299994,0 -72.98256910199996,-37.52402607599998,0 -72.98257160799994,-37.52338174799996,0 -72.98261134499995,-37.52303545799998,0 -72.98289963199994,-37.52288717699997,0 -72.98366877099994,-37.52266149299993,0 -72.98413514399994,-37.52257032299997,0 -72.98463081899996,-37.52252020699996,0 -72.98500402499997,-37.52255361399995,0 -72.98540750499996,-37.52259204199993,0 -72.98584299499998,-37.52251836299996,0 -72.98599460199995,-37.52252094899995,0 -72.98710086499995,-37.52201297099998,0 -72.98837149699995,-37.52148473099993,0 -72.98905678199998,-37.52079944599996,0 -72.98945107099996,-37.52058769799993,0 -72.98982772699998,-37.52038541999997,0 -72.98987331399996,-37.52032811099997,0 -72.99032741399998,-37.51975724199997,0 -72.99246431999995,-37.51820312199993,0 -72.99312058999993,-37.51772583999997,0 -72.99331125799995,-37.51758717399997,0 -72.99421069399995,-37.51725880799995,0 -72.99662346799994,-37.51731591499998,0 -72.99759428799996,-37.51740157599994,0 -72.99812895399998,-37.51843526799996,0 -72.99823674199996,-37.51864365399996,0 -72.99890774999994,-37.51948598399997,0 -72.99993567699994,-37.51999994699997,0 -73.00097788099998,-37.52131340999995,0 -73.00176310299997,-37.52215573899997,0 -73.00235975899994,-37.52263923599997,0 -73.00259115599994,-37.52282674699995,0 -73.00391643299997,-37.52346118799994,0 -73.00393317199996,-37.52346920099995,0 -73.00455575799998,-37.52375973799997,0 -73.00457562599996,-37.52376901299994,0 -73.00498965299994,-37.52406882499997,0 -73.00528946499998,-37.52425442299995,0 -73.00551638999997,-37.52426349999996,0 -73.00556283799995,-37.52426535799998,0 -73.00564638399999,-37.52426869999994,0 -73.00577635499997,-37.52407756699995,0 -73.00588908899994,-37.52391178099998,0 -73.00606979199995,-37.52367325399996,0 -73.00624600799995,-37.52344064799996,0 -73.00697412299996,-37.52286957699994,0 -73.00743346799999,-37.52258035899996,0 -73.00743371099998,-37.52258020599993,0 -73.00743395499995,-37.52258005299996,0 -73.00750238599994,-37.52253696699995,0 -73.00760801199993,-37.52247046199994,0 -73.00774506799996,-37.52238416699998,0 -73.00812556399995,-37.52234231299997,0 -73.00917274499994,-37.52222712299994,0 -73.01031488599995,-37.52231278299996,0 -73.01057701999997,-37.52239530699995,0 -73.01095631599998,-37.52251471499994,0 -73.01108583199994,-37.52255548799997,0 -73.01222797299994,-37.52282674699995,0 -73.01264199899998,-37.52291240699998,0 -73.01311313199994,-37.52296951399995,0 -73.01351288199999,-37.52302662099993,0 -73.01375815799997,-37.52301681099993,0 -73.01386980099994,-37.52301234499998,0 -73.01401493099996,-37.52282851399997,0 -73.01408395299995,-37.52274108599994,0 -73.01412998999996,-37.52262887099994,0 -73.01428259099998,-37.52225690499995,0 -73.01428732299996,-37.52224537099994,0 -73.01431238099997,-37.52218429199996,0 -73.01436948799994,-37.52167032899996,0 -73.01425527399994,-37.52097076699994,0 -73.01391263099998,-37.52029975899995,0 -73.01376814599996,-37.51953460599998,0 -73.01362884299994,-37.51914992599995,0 -73.01345718699997,-37.51877473199994,0 -73.01314892399995,-37.51810093899996,0 -73.01297568599995,-37.51705990099998,0 -73.01292935099997,-37.51678145799997,0 -73.01294810899998,-37.51607431399998,0 -73.01356371199995,-37.51520598099995,0 -73.01359677299996,-37.51511217299998,0 -73.01374265999993,-37.51469822799993,0 -73.01392997699998,-37.51416672299996,0 -73.01442428899998,-37.51309807499996,0 -73.01452029499995,-37.51286017599995,0 -73.01455975599998,-37.51276239399994,0 -73.01448926499995,-37.51222047499994,0 -73.01448997899996,-37.51221385399998,0 -73.01460176999996,-37.51117694699997,0 -73.01474498099998,-37.51057553499993,0 -73.01472225799995,-37.51038560599994,0 -73.01471939299995,-37.51036165899995,0 -73.01450243399995,-37.50854820899997,0 -73.01403324599994,-37.50736546699994,0 -73.00888430499998,-37.51120469699998,0 -73.00669531099999,-37.51147845699995,0 -72.99242396099999,-37.51326220999994,0 -72.99005479899995,-37.51355815199997,0 -72.98376424499997,-37.51421961999995,0 -72.97054199899998,-37.51560883799993,0 -72.96725479399998,-37.51537442399996,0 -72.94587700499994,-37.51384768999998,0 -72.94410139899998,-37.51372070499997,0 -72.90886441899994,-37.50647135899993,0 -72.90228501799999,-37.50511646099994,0 -72.88521281399994,-37.49366156699995,0 -72.87854260399996,-37.48918442199994,0 -72.87673133699997,-37.48796859499998,0 -72.87392548699995,-37.48519043599998,0 -72.86581760599995,-37.47716108399993,0 -72.88061559999994,-37.47181836499993,0 -72.88136667599997,-37.47222140299993,0 -72.88190204899996,-37.47260418599996,0 -72.88940985099998,-37.47059154699997,0 -72.89800995399997,-37.47790656299998,0 -72.89881250299999,-37.47858918999998,0 -72.90011526999996,-37.47836762599997,0 -72.90116630099999,-37.47818887599993,0 -72.90118924899997,-37.47813270099994,0 -72.90096553899997,-37.47794397599995,0 -72.90043393199994,-37.47744336699998,0 -72.90018309999994,-37.47696126499994,0 -72.90030431399998,-37.47641818699998,0 -72.900541,-37.47614301899995,0 -72.90086540399994,-37.47586490399993,0 -72.90139307699997,-37.47587428099996,0 -72.90166041699996,-37.47576637999998,0 -72.90168588699999,-37.47548745599994,0 -72.90178330399993,-37.47513771399997,0 -72.90204824699998,-37.47511538499998,0 -72.90239133699998,-37.47543239699996,0 -72.90268266099997,-37.47573046399998,0 -72.90297126599995,-37.47610057999998,0 -72.90331171999998,-37.47651216999998,0 -72.90348282999997,-37.47668643799994,0 -72.90399909399997,-37.47649733399993,0 -72.90402304499997,-37.47627245599995,0 -72.90401129999998,-37.47606046299995,0 -72.90413924499995,-37.47588249099994,0 -72.90474422599993,-37.47565440399995,0 -72.90493030499994,-37.47529271399998,0 -72.90529410999994,-37.47489362099998,0 -72.90570407099995,-37.47468910599997,0 -72.90604354599998,-37.47452840099993,0 -72.90629874599995,-37.47422200699998,0 -72.90598384499998,-37.47413531499996,0 -72.90559989499997,-37.47401585499995,0 -72.90536902599996,-37.47393541599996,0 -72.90516384799997,-37.47386392799996,0 -72.90479441499997,-37.47385737499997,0 -72.90435623199994,-37.47378200999998,0 -72.90416653799997,-37.47366599199995,0 -72.90409942299993,-37.47353863199993,0 -72.90408805499999,-37.47331312699998,0 -72.90417949699997,-37.47320209799994,0 -72.90407857399998,-37.47302006399997,0 -72.90383519899996,-37.47290309399995,0 -72.90371933899996,-37.47264869799994,0 -72.90360315099997,-37.47238077799994,0 -72.90341782899998,-37.47218170599996,0 -72.90334723099994,-37.47210587099994,0 -72.90333635499996,-37.47209697899996,0 -72.90323881599994,-37.47201723199998,0 -72.90305428099998,-37.47186635499997,0 -72.90295847599998,-37.47152669999997,0 -72.90279002199998,-37.47125785099996,0 -72.90244342299997,-37.47106694699994,0 -72.90213294799997,-37.47082261199995,0 -72.90204195099994,-37.47072492099994,0 -72.90184272899995,-37.47051104399998,0 -72.90152910999996,-37.47037930299996,0 -72.90132394299997,-37.47036213899997,0 -72.90124836499996,-37.47036079599997,0 -72.90073339799994,-37.47050485099993,0 -72.90031448599996,-37.47039827099997,0 -72.90026084499993,-37.47016737799999,0 -72.89864974999995,-37.47084300099993,0 -72.89806359699998,-37.47108880799993,0 -72.89061513199994,-37.46957618199997,0 -72.88885470499997,-37.46921859999998,0 -72.88094274099996,-37.46865963699997,0 -72.87691231299993,-37.46280717399998,0 -72.87433394899995,-37.45906267599997,0 -72.87495204999993,-37.45399661099998,0 -72.87550231799997,-37.44948624999995,0 -72.87698899499998,-37.44450560799993,0 -72.88252446699994,-37.44490157799993,0 -72.88254712399998,-37.44459031199995,0 -72.88267376699997,-37.44435826499995,0 -72.88284719299998,-37.44432082099996,0 -72.88320941499995,-37.44432731099994,0 -72.88322864199995,-37.44424654599993,0 -72.88309907999997,-37.44395583599993,0 -72.88317265099994,-37.44377690999994,0 -72.88338219899998,-37.44368603899994,0 -72.88386609899999,-37.44363612699993,0 -72.88419790699999,-37.44349336999994,0 -72.88433282399996,-37.44342045499997,0 -72.88461755899993,-37.44326656899995,0 -72.88486436199997,-37.44310112899996,0 -72.88489908599996,-37.44307785199993,0 -72.88500672499998,-37.44291755299997,0 -72.88496270399997,-37.44286157499994,0 -72.88487374799996,-37.44274845599995,0 -72.88457076099996,-37.44249519899995,0 -72.88457605899998,-37.44230704199998,0 -72.88458115999998,-37.44212588299996,0 -72.88450276199995,-37.44184960899997,0 -72.88407561599996,-37.44171579199997,0 -72.88361184499996,-37.44165340999996,0 -72.88285881299998,-37.44147770099994,0 -72.88258188399993,-37.44144337299997,0 -72.88205137699998,-37.44137761299993,0 -72.88120921999996,-37.44128140399994,0 -72.88081541099996,-37.44119323099994,0 -72.88063126899993,-37.44100968799995,0 -72.88053707899996,-37.44069256899996,0 -72.88040212699997,-37.44056848799994,0 -72.88011490699995,-37.44038309199993,0 -72.88002228699997,-37.44038593299996,0 -72.87970078399997,-37.44038917599994,0 -72.87940662999995,-37.44042445099996,0 -72.87911005899997,-37.44054529499994,0 -72.87868045899995,-37.44052406599997,0 -72.87842674999996,-37.44035278899997,0 -72.87825523999999,-37.44032266999994,0 -72.87796375899995,-37.44026336299993,0 -72.87786637399995,-37.44004941499998,0 -72.87785001899994,-37.44001348499995,0 -72.87787125299997,-37.43986516899997,0 -72.87789313999997,-37.43971235299995,0 -72.87781813099997,-37.43950766399996,0 -72.87779673199998,-37.43944926999995,0 -72.87746650999998,-37.43896119099998,0 -72.87733513899997,-37.43884961199996,0 -72.87733511499994,-37.43884959199994,0 -72.87731474799995,-37.43883229599993,0 -72.87707239599996,-37.43885947999996,0 -72.87674397599994,-37.43890764999998,0 -72.87623110899995,-37.43875874599996,0 -72.87599537599993,-37.43855173799994,0 -72.87591866199995,-37.43821690499993,0 -72.87573250599996,-37.43810541599998,0 -72.87533872099993,-37.43801722499995,0 -72.87455324999996,-37.43774174499998,0 -72.87421966999995,-37.43734822299996,0 -72.87385055199996,-37.43701263799994,0 -72.87368452999993,-37.43678885399993,0 -72.87336229799996,-37.43659379899998,0 -72.87320934299998,-37.43653246799994,0 -72.87306585899995,-37.43671012399994,0 -72.87300615799995,-37.43699743899998,0 
						</coordinates>
					</LinearRing>
				</outerBoundaryIs>
			</Polygon>
		</MultiGeometry>
	</Placemark>
	<Placemark>
		<name>SANTA GERTRUDIS</name>
		<description><![CDATA[<p>COMUNA: NACIMIENTO
<br/>DISTRITO: 7
<br/>LOC_ZON: 34
<br/>NOMBRE_LOCALIDAD: SANTA GERTRUDIS
<br/>GEOCODIGO: 8306072034</p>]]></description>
		<styleUrl>#style1</styleUrl>
		<ExtendedData>
			<Data name="NOM_COMUNA">
				<displayName>NOM_COMUNA</displayName>
				<value>NACIMIENTO</value>
			</Data>
			<Data name="DISTRITO">
				<displayName>DISTRITO</displayName>
				<value>7</value>
			</Data>
			<Data name="LOC_ZON">
				<displayName>LOC_ZON</displayName>
				<value>34</value>
			</Data>
			<Data name="NOM_LOCALI">
				<displayName>NOM_LOCALI</displayName>
				<value>SANTA GERTRUDIS</value>
			</Data>
			<Data name="GEOCODIGO">
				<displayName>GEOCODIGO</displayName>
				<value>8306072034</value>
			</Data>
		</ExtendedData>
		<MultiGeometry>
			<Polygon>
				<outerBoundaryIs>
					<LinearRing>
						<tessellate>1</tessellate>
						<coordinates>
							-72.82015105199997,-37.401795,0 -72.82011918199998,-37.40180113199995,0 -72.81975788599993,-37.40179446799993,0 -72.81953053699993,-37.40191644299995,0 -72.81904199099995,-37.40211019999998,0 -72.81890847299996,-37.40211272599998,0 -72.81868030099997,-37.40211704299998,0 -72.81861185299994,-37.40211577799994,0 -72.81842202999997,-37.40211227599997,0 -72.81811263799995,-37.40209304599995,0 -72.81786685999998,-37.40224171399996,0 -72.81767251699995,-37.40241836699994,0 -72.81729200799998,-37.40246541199997,0 -72.81720591799996,-37.40246382099997,0 -72.81698222299997,-37.40245969099993,0 -72.81666642399995,-37.40266113499996,0 -72.81638376199999,-37.40291275699997,0 -72.81601377899995,-37.40318078899998,0 -72.81554874399995,-37.40317219399998,0 -72.81503447099993,-37.40310861499995,0 -72.81474554499994,-37.40296809099993,0 -72.81451546099998,-37.40257631699995,0 -72.81438583999994,-37.40229905199993,0 -72.81416607299997,-37.40215980599993,0 -72.81394394999995,-37.40210162499994,0 -72.81361220599996,-37.40224418699995,0 -72.81341903099997,-37.40238030099994,0 -72.81330495499998,-37.40273416699995,0 -72.81315779199997,-37.40306038499995,0 -72.81282425899997,-37.40328852699997,0 -72.81230456699996,-37.40338705299996,0 -72.81217459599998,-37.40370457599994,0 -72.81219161899998,-37.40430869999994,0 -72.81238968599996,-37.40458723499995,0 -72.81248110799999,-37.40501249399995,0 -72.81260509299995,-37.40548341699997,0 -72.81275589099994,-37.40563941399995,0 -72.81321669899995,-37.40576960399994,0 -72.81350275299997,-37.40600921099997,0 -72.81354510299997,-37.40632541699995,0 -72.81336335399999,-37.40665099499995,0 -72.81315047999993,-37.40688136999995,0 -72.81305364499997,-37.40724907299995,0 -72.81304486999994,-37.40755081499998,0 -72.81301635599993,-37.40792428799995,0 -72.81288926099995,-37.40814273199993,0 -72.81250746199999,-37.40825732799993,0 -72.81204239699997,-37.40824871899997,0 -72.81171048999994,-37.40839577899993,0 -72.81153531099994,-37.40844660599998,0 -72.81129371399999,-37.40852324099995,0 -72.81118132599994,-37.40859444199998,0 -72.81100328199994,-37.41138452299998,0 -72.81048460099998,-37.41951094899997,0 -72.81807488299995,-37.42322801999995,0 -72.81847352199998,-37.42410319299995,0 -72.82179931499996,-37.43140385199996,0 -72.82201293299994,-37.43151742299995,0 -72.82654101199995,-37.43091924299995,0 -72.83193823699997,-37.42487255499998,0 -72.83194363799998,-37.42486398299997,0 -72.83167295099997,-37.42445863799998,0 -72.82979009899998,-37.42163907799994,0 -72.82953294499998,-37.42107490699993,0 -72.82849681899995,-37.41880166599998,0 -72.83029431199998,-37.41797306999996,0 -72.83168103299994,-37.41733379799996,0 -72.83178875299996,-37.41749973599997,0 -72.83496736299998,-37.42239588599995,0 -72.83532066799995,-37.42214630799998,0 -72.83693765099997,-37.42100404799993,0 -72.83758534399993,-37.42054650799997,0 -72.83965164799997,-37.41848056299995,0 -72.84215610699994,-37.41597633199996,0 -72.84199293299997,-37.41572524699995,0 -72.84172291299996,-37.41551303699998,0 -72.84152575999997,-37.41541853599995,0 -72.84140039699997,-37.41535844599997,0 -72.84090224699997,-37.41529527299997,0 -72.84073171499995,-37.41523357799997,0 -72.84063487899994,-37.41501551799996,0 -72.84033059999996,-37.41481619699994,0 -72.84007900899996,-37.41457728399996,0 -72.84002937099996,-37.41444158499996,0 -72.83998276299997,-37.41431417399997,0 -72.83969613399995,-37.41411517399996,0 -72.83929393599993,-37.41371128799994,0 -72.83897360599997,-37.41360780899998,0 -72.83885035599997,-37.41356799499994,0 -72.83878753399995,-37.41334604999997,0 -72.83874792299997,-37.41293076799997,0 -72.83857379499995,-37.41240488099993,0 -72.83817044599994,-37.41204152499995,0 -72.83766172999998,-37.41175734799998,0 -72.83732250099996,-37.41157089899997,0 -72.83701500599994,-37.41148416199997,0 -72.83663601499995,-37.41147722399995,0 -72.83631041699994,-37.41143070899994,0 -72.83602310199996,-37.41123168799993,0 -72.83582176099998,-37.41103874599997,0 -72.83560205699996,-37.41089503499995,0 -72.83522695899995,-37.41075298299995,0 -72.83495016099994,-37.41080198499998,0 -72.83451770999994,-37.41086165199994,0 -72.83424168899995,-37.41088362999994,0 -72.83395113899996,-37.41079719599998,0 -72.83380781099999,-37.41038001199996,0 -72.83351459799997,-37.40979786199995,0 -72.83306327399998,-37.40931194599995,0 -72.83260944699998,-37.40923152499994,0 -72.83253220599994,-37.40921659199995,0 -72.83218495299997,-37.40930935499995,0 -72.83204110199995,-37.40952300699996,0 -72.83185890399994,-37.40986662999995,0 -72.83163316199995,-37.41052037099996,0 -72.83140307699995,-37.41073694599993,0 -72.83084877099998,-37.41083491799998,0 -72.83050072799995,-37.41095469799995,0 -72.83002498299999,-37.41131545899998,0 -72.82935159099998,-37.41162851999997,0 -72.82934432299999,-37.41163189899993,0 -72.82897108899994,-37.41201256299996,0 -72.82897806899996,-37.41238218699993,0 -72.82896843599997,-37.41250187699995,0 -72.82892410999995,-37.41305259699993,0 -72.82891030899998,-37.41306534199998,0 -72.82874709099997,-37.41321606799994,0 -72.82839955499998,-37.41331782699996,0 -72.82799763399998,-37.41351771799998,0 -72.82763549899994,-37.41353809799995,0 -72.82740852099994,-37.41347534499994,0 -72.82720810199999,-37.41342209499993,0 -72.82698281199998,-37.41347202499998,0 -72.82679100699994,-37.41353608799994,0 -72.82670125799996,-37.41366060699994,0 -72.82664778399999,-37.41372721399995,0 -72.82609657599994,-37.41371707499997,0 -72.82535778499994,-37.41364940899996,0 -72.82477387499995,-37.41359810799997,0 -72.82450156699997,-37.41346692599996,0 -72.82442184899998,-37.41324466199995,0 -72.82438023299994,-37.41290143699996,0 -72.82445851899996,-37.41258745499994,0 -72.82433978899996,-37.41251767899996,0 -72.82406532499994,-37.41248558899997,0 -72.82372456499996,-37.41235314499994,0 -72.82365696499994,-37.41229782799996,0 -72.82361183199998,-37.41207619999994,0 -72.82354736099995,-37.41191279499998,0 -72.82365436599997,-37.41180211499994,0 -72.82364232699996,-37.41160813399995,0 -72.82362079799998,-37.41153542999996,0 -72.82354841299997,-37.41129098099998,0 -72.82347261099994,-37.41093360799994,0 -72.82358594799996,-37.41057971799995,0 -72.82369764299995,-37.41030690599996,0 -72.82370963399995,-37.40989257099994,0 -72.82347896299996,-37.40951882699994,0 -72.82314017199997,-37.40931882699994,0 -72.82285603099996,-37.40901168799996,0 -72.82269452699995,-37.40863921699997,0 -72.82258368199996,-37.40832175099996,0 -72.82245096899999,-37.40812554599995,0 -72.82228712099999,-37.40783413999998,0 -72.82231154599998,-37.40760027599998,0 -72.82228570399997,-37.40729789499994,0 -72.82227219599997,-37.40725296999994,0 -72.82225454899998,-37.40719428099993,0 -72.82214401199997,-37.40682665499997,0 -72.82194107699996,-37.40671476999995,0 -72.82194668499994,-37.40652111399993,0 -72.82195503299994,-37.40623288099994,0 -72.82213791799995,-37.40586675499998,0 -72.82240345199995,-37.40559677999994,0 -72.82239290499996,-37.40537578899995,0 -72.82212446699998,-37.40513652799996,0 -72.82168196399994,-37.40493461299997,0 -72.82123925499997,-37.40476423399997,0 -72.82114653199994,-37.40440654699995,0 -72.82117468899997,-37.40401954699996,0 -72.82114846099995,-37.40373067599995,0 -72.82119772099998,-37.40351090899998,0 -72.82120492099995,-37.40347878699998,0 -72.82122792399997,-37.40337616399995,0 -72.82129500199994,-37.40323566799998,0 -72.82139617999997,-37.40302374799995,0 -72.82141132599997,-37.40299202499995,0 -72.82148773299997,-37.40271856399994,0 -72.82146051399997,-37.40248825399993,0 -72.82121541699996,-37.40202862499996,0 -72.82121270599998,-37.40202514299995,0 -72.82096627899995,-37.40170860899997,0 -72.82076030499996,-37.40167777499994,0 -72.82015105199997,-37.401795,0 
						</coordinates>
					</LinearRing>
				</outerBoundaryIs>
			</Polygon>
		</MultiGeometry>
	</Placemark>
	<Placemark>
		<name>CARRIZAL</name>
		<description><![CDATA[<p>COMUNA: NACIMIENTO
<br/>DISTRITO: 7
<br/>LOC_ZON: 4
<br/>NOMBRE_LOCALIDAD: CARRIZAL
<br/>GEOCODIGO: 8306072004</p>]]></description>
		<styleUrl>#style1</styleUrl>
		<ExtendedData>
			<Data name="NOM_COMUNA">
				<displayName>NOM_COMUNA</displayName>
				<value>NACIMIENTO</value>
			</Data>
			<Data name="DISTRITO">
				<displayName>DISTRITO</displayName>
				<value>7</value>
			</Data>
			<Data name="LOC_ZON">
				<displayName>LOC_ZON</displayName>
				<value>4</value>
			</Data>
			<Data name="NOM_LOCALI">
				<displayName>NOM_LOCALI</displayName>
				<value>CARRIZAL</value>
			</Data>
			<Data name="GEOCODIGO">
				<displayName>GEOCODIGO</displayName>
				<value>8306072004</value>
			</Data>
		</ExtendedData>
		<MultiGeometry>
			<Polygon>
				<outerBoundaryIs>
					<LinearRing>
						<tessellate>1</tessellate>
						<coordinates>
							-72.88940985099998,-37.47059154699997,0 -72.88190204899996,-37.47260418599996,0 -72.88136667599997,-37.47222140299993,0 -72.88061559999994,-37.47181836499993,0 -72.86581760599995,-37.47716108399993,0 -72.87392548699995,-37.48519043599998,0 -72.87673133699997,-37.48796859499998,0 -72.87854260399996,-37.48918442199994,0 -72.88521281399994,-37.49366156699995,0 -72.90228501799999,-37.50511646099994,0 -72.90886441899994,-37.50647135899993,0 -72.94410139899998,-37.51372070499997,0 -72.94587700499994,-37.51384768999998,0 -72.96725479399998,-37.51537442399996,0 -72.97054199899998,-37.51560883799993,0 -72.98376424499997,-37.51421961999995,0 -72.99005479899995,-37.51355815199997,0 -72.99242396099999,-37.51326220999994,0 -73.00669531099999,-37.51147845699995,0 -73.00888430499998,-37.51120469699998,0 -73.01403324599994,-37.50736546699994,0 -73.01392117599994,-37.50708295599998,0 -73.01391988199998,-37.50707842799994,0 -73.01392056399999,-37.50681257899998,0 -73.01424106499996,-37.50648451599994,0 -73.01465668699996,-37.50595527699994,0 -73.01532540699998,-37.50513288599996,0 -73.01541443499997,-37.50509436299996,0 -73.01591139099997,-37.50487932699997,0 -73.01595694899999,-37.50485961299995,0 -73.01600848999993,-37.50484854999996,0 -73.01636581299994,-37.50477185399996,0 -73.01674263599995,-37.50469256699995,0 -73.01723956799998,-37.50452671199997,0 -73.01792508999995,-37.50429790999993,0 -73.01800236499997,-37.50427211799996,0 -73.01842503999995,-37.50409028999997,0 -73.01870946099996,-37.50396793699997,0 -73.01904076899996,-37.50382541199997,0 -73.01967883399993,-37.50330439199996,0 -73.02000455799998,-37.50291225199993,0 -73.02034699899997,-37.50249998599998,0 -73.02072790599993,-37.50159613299996,0 -73.02094917899996,-37.50082028099996,0 -73.02150339499997,-37.50009957499998,0 -73.02207757799994,-37.49974967799994,0 -73.02208322499996,-37.49974623699995,0 -73.02241018699993,-37.49954699199998,0 -73.02350002199995,-37.49886228199995,0 -73.02318724499997,-37.49868581299995,0 -73.02110470899999,-37.49776773099995,0 -73.02083059599994,-37.49758388599997,0 -73.02016067099999,-37.49713456699993,0 -73.01924791899995,-37.49670920199998,0 -73.01858999699994,-37.49643230299995,0 -73.01776634599997,-37.49544515599996,0 -73.01769361299995,-37.49527347999998,0 -73.01745293999994,-37.49470539499998,0 -73.01743263299994,-37.49408320799995,0 -73.01747199099998,-37.49395133699994,0 -73.01767618499997,-37.49326717999998,0 -73.01770556299994,-37.49286242799997,0 -73.01773400599996,-37.49247056499996,0 -73.01760109399999,-37.49190957399998,0 -73.01739018199999,-37.49149146899998,0 -73.01712632599998,-37.49130370199998,0 -73.01573838499996,-37.49031597899994,0 -73.01561327199994,-37.49022694299998,0 -73.01491816999999,-37.48972981899993,0 -73.01484720599996,-37.48967906699994,0 -73.01456154399995,-37.48947476699993,0 -73.01317788199998,-37.48868545399995,0 -73.01281658099998,-37.48850736699995,0 -73.01267748899994,-37.48843880499993,0 -73.01257368599994,-37.48838763799995,0 -73.01193796799998,-37.48807428399994,0 -73.01019192699994,-37.48751766099997,0 -73.00994670199998,-37.48749041499997,0 -73.00990507899996,-37.48748579099998,0 -73.00944621499997,-37.48738342899998,0 -73.00902061399995,-37.48714644199998,0 -73.00786797799998,-37.48607256999998,0 -73.00782029699997,-37.48598506199994,0 -73.00753839899994,-37.48546769499995,0 -73.00731955999998,-37.48503141399993,0 -73.00732566299996,-37.48480170399995,0 -73.00747410099996,-37.48464198799996,0 -73.00824240199995,-37.48389791699998,0 -73.00851329299996,-37.48346538999994,0 -73.00848929499995,-37.48328073199997,0 -73.00846575399999,-37.48309959199997,0 -73.00824894899995,-37.48258674299996,0 -73.00791678999997,-37.48226571099997,0 -73.00748166899996,-37.48190337199998,0 -73.00706622899997,-37.48155741699998,0 -73.00659183299996,-37.48097713199996,0 -73.00631400299994,-37.48058040899997,0 -73.00625673999997,-37.48051482099993,0 -73.00586678899998,-37.48006817199996,0 -73.00579758999999,-37.47998589299993,0 -73.00580866399997,-37.47956935799994,0 -73.00580992399995,-37.47952196999995,0 -73.00560998099996,-37.47909157099997,0 -73.00551243099994,-37.47888158099994,0 -73.00490545499997,-37.47810528699995,0 -73.00434111099997,-37.47708187299997,0 -73.00414156299996,-37.47626739599997,0 -73.00410755999997,-37.47567710999994,0 -73.00410336899995,-37.47560434899998,0 -73.00425457299997,-37.47478228099993,0 -73.00431359199996,-37.47394513699993,0 -73.00430488099994,-37.47392329999997,0 -73.00407109899999,-37.47333721699994,0 -73.00399971299998,-37.47291243399997,0 -73.00381022199997,-37.47270093299994,0 -73.00370046699999,-37.47257842899995,0 -73.00282012299994,-37.47315384999996,0 -73.00199515899999,-37.47364293899994,0 -73.00188161199998,-37.47371025699994,0 -73.00144548399999,-37.47396389799997,0 -73.00123410699996,-37.47408682899993,0 -73.00077877599995,-37.47435989499996,0 -72.99985297199999,-37.47491510699996,0 -72.99894976799999,-37.47541801399996,0 -72.99894524199993,-37.47542041299994,0 -72.99846090799997,-37.47567710999994,0 -72.99787873699995,-37.47598566099998,0 -72.99773713999997,-37.47604709099994,0 -72.99688912699997,-37.47641498799993,0 -72.99590803299998,-37.47655155299998,0 -72.99522701399997,-37.47650876999995,0 -72.99517496199996,-37.47652177299994,0 -72.99399345399996,-37.47681692499998,0 -72.99244826099994,-37.47720292899993,0 -72.99222620499995,-37.47725840099997,0 -72.99184989799994,-37.47700962999994,0 -72.99154903999994,-37.47688781599993,0 -72.99124549699997,-37.47673820899996,0 -72.99074003299995,-37.47655837899998,0 -72.99033555199998,-37.47644188799995,0 -72.98970905499993,-37.47626145599997,0 -72.98899491099996,-37.47598343699997,0 -72.98839958399998,-37.47586064599994,0 -72.98797750199998,-37.47583993799998,0 -72.98751562899997,-37.47598527699995,0 -72.98668948799997,-37.47593064299997,0 -72.98630687999997,-37.47577872999994,0 -72.98613214699998,-37.47570935299996,0 -72.98571307099996,-37.47560307199996,0 -72.98513688499997,-37.47539948099995,0 -72.98444006399995,-37.47513524899995,0 -72.98443829799999,-37.47513521899998,0 -72.98443653199996,-37.47513518899996,0 -72.98394551099994,-37.47520791899996,0 -72.98359012099996,-37.47525047199997,0 -72.98322088499998,-37.47529468199997,0 -72.98270818499998,-37.47538506099994,0 -72.98208733899997,-37.47555470099996,0 -72.98179229899995,-37.47538293299993,0 -72.98169757299996,-37.47531255999996,0 -72.98148188199997,-37.47515232299997,0 -72.98116382999996,-37.47520546599998,0 -72.98116225399997,-37.47520572499997,0 -72.98079184799997,-37.47526669899997,0 -72.98047803999998,-37.47516219899995,0 -72.98023792599997,-37.47491926899994,0 -72.98022959399998,-37.47492822999993,0 -72.98022555299997,-37.47493257599996,0 -72.98013036599997,-37.47500304599998,0 -72.97987970299994,-37.47515196699993,0 -72.97945605199999,-37.47518978199997,0 -72.97887695399999,-37.47512129399996,0 -72.97857850299994,-37.47510266799998,0 -72.97829324399999,-37.47522395699997,0 -72.97809470899995,-37.47540530899994,0 -72.97787559799997,-37.47569445599999,0 -72.97787429899995,-37.47570480099995,0 -72.97781813899996,-37.47615220799997,0 -72.97780905699994,-37.47622455499993,0 -72.97780902699998,-37.47622479599994,0 -72.97758150399994,-37.47682496099998,0 -72.97729762399996,-37.47755009099996,0 -72.97709349299998,-37.47793862599997,0 -72.97687358099995,-37.47820958399996,0 -72.97671114599996,-37.47840972499995,0 -72.97620589399997,-37.47885167999993,0 -72.97576271299994,-37.47898377499996,0 -72.97542299199995,-37.47915819599996,0 -72.97515963899997,-37.47980256099993,0 -72.97497042199996,-37.47998197199996,0 -72.97487022199994,-37.48007697799994,0 -72.97426880699999,-37.48017931699997,0 -72.97386400399995,-37.48017237299996,0 -72.97342387799995,-37.48016482199995,0 -72.97297764199999,-37.48040950599994,0 -72.97267091799995,-37.48067010199998,0 -72.97239951599994,-37.48093130299998,0 -72.97217875999996,-37.48130602599997,0 -72.97185960499996,-37.48137264399998,0 -72.97172340299994,-37.48139802499998,0 -72.97159392199995,-37.48142215399997,0 -72.97156618999998,-37.48146912599998,0 -72.97150169899999,-37.48157835699993,0 -72.97142799799997,-37.48170318899997,0 -72.97131932199994,-37.48182749299997,0 -72.97108786399997,-37.48191814599994,0 -72.97084045099996,-37.48194543799997,0 -72.97052175499994,-37.48202107199995,0 -72.97014836599993,-37.48215884999996,0 -72.97000255899997,-37.48232306999995,0 -72.96973489599998,-37.48247167699998,0 -72.96946420899997,-37.48270584699998,0 -72.96916158499994,-37.48284033199997,0 -72.96901528799998,-37.48302256699998,0 -72.96913172699993,-37.48329042899996,0 -72.96919642599994,-37.48348530399994,0 -72.96913804699994,-37.48370960599993,0 -72.96913271899996,-37.48390637799997,0 -72.96913085099999,-37.48397534199995,0 -72.96896652299995,-37.48417078499995,0 -72.96855974699997,-37.48423588599996,0 -72.96841323799998,-37.48435595399997,0 -72.96834432999998,-37.48441242499996,0 -72.96809666299998,-37.48444871899994,0 -72.96779747299996,-37.48443005299998,0 -72.96752209299996,-37.48443413199993,0 -72.96737532599997,-37.48443630599996,0 -72.96704190999998,-37.48437649399995,0 -72.96665706899995,-37.48428425299994,0 -72.96630706399998,-37.48421063499995,0 -72.96604136799994,-37.48426013199997,0 -72.96584546699995,-37.48434237399994,0 -72.96566343999996,-37.48456454399997,0 -72.96578023599994,-37.48481889799996,0 -72.96580837999994,-37.48505820599996,0 -72.96554069899997,-37.48520680199994,0 -72.96520239299997,-37.48532714499999,0 -72.96498662599998,-37.48549015299994,0 -72.96489642999995,-37.48566126099996,0 -72.96483832999996,-37.48577148099997,0 -72.96483307399996,-37.48596515299994,0 -72.96502054799998,-37.48619368899995,0 -72.96501670999999,-37.48633513099998,0 -72.96501443699998,-37.48641888799995,0 -72.96490647599995,-37.48651616199993,0 -72.96460348999994,-37.48663711099994,0 -72.96442356999995,-37.48663400999993,0 -72.96414637099997,-37.48662923199998,0 -72.96376005499997,-37.48659102899995,0 -72.96358376499995,-37.48660150799998,0 -72.96317464799995,-37.48675216599997,0 -72.96278407599993,-37.48684456299998,0 -72.96265624699998,-37.48702260199997,0 -72.96254058099998,-37.48708480199997,0 -72.96229901399994,-37.48721470699996,0 -72.96204900999999,-37.48733656399997,0 -72.96148627599996,-37.48731333299997,0 -72.96106340699998,-37.48731955099998,0 -72.96069205799995,-37.48738073099997,0 -72.96054116999994,-37.48775663699996,0 -72.96049665599998,-37.48809382599995,0 -72.96029583799998,-37.48835621699993,0 -72.96014715099994,-37.48865105099998,0 -72.95991786599996,-37.48866060899996,0 -72.95950538299996,-37.48864216699997,0 -72.95945763699996,-37.48864003199998,0 -72.95942507099994,-37.48863857599997,0 -72.95900452399997,-37.48855921099994,0 -72.95881200699995,-37.48854236599993,0 -72.95871682399996,-37.48879306199996,0 -72.95860397699994,-37.48904345199998,0 -72.95834080599997,-37.48902538499993,0 -72.95791559599996,-37.48911716699996,0 -72.95780580799999,-37.48915131599995,0 -72.95743555599995,-37.48927558999998,0 -72.95718391199995,-37.48948302399998,0 -72.95704076299995,-37.48954813899996,0 -72.95681184199998,-37.48954417899995,0 -72.95647568299995,-37.48961045999994,0 -72.95629937599995,-37.48973142599993,0 -72.95628825799997,-37.48973905499997,0 -72.95628788299996,-37.48973931199998,0 -72.95628750799995,-37.48973956899994,0 -72.95615347999995,-37.48983152799997,0 -72.95611694899998,-37.48985659199997,0 -72.95612319299994,-37.48999035499997,0 -72.95612487999995,-37.49002649699997,0 -72.95612810599994,-37.49009560799993,0 -72.95617078499998,-37.49047485899996,0 -72.95607727599997,-37.49058589199996,0 -72.95604296299996,-37.49062585299998,0 -72.95547910299996,-37.49064312899998,0 -72.95502273099999,-37.49058115399998,0 -72.95481155599998,-37.49037075399997,0 -72.95475536299995,-37.49026936799993,0 -72.95463018699996,-37.49004351899998,0 -72.95448223099999,-37.48977656899996,0 -72.95443147999998,-37.48968823899997,0 -72.95440054499994,-37.48963439699997,0 -72.95432239999997,-37.48960460299998,0 -72.95421460899996,-37.48960249599997,0 -72.95389671799995,-37.48960933899997,0 -72.95253179699995,-37.48922797899996,0 -72.95144569799999,-37.48899157699998,0 -72.95084573999998,-37.48879643499998,0 -72.95053612699996,-37.48867738999996,0 -72.95030571299998,-37.48858879599993,0 -72.94985477599994,-37.48832862699993,0 -72.94964458199996,-37.48822314899996,0 -72.94933389699997,-37.48806724299993,0 -72.94888173499999,-37.48785210999995,0 -72.94839359999997,-37.48768591799995,0 -72.94791884999995,-37.48765063299993,0 -72.94746447599994,-37.48751656599995,0 -72.94702958299996,-37.48734228199993,0 -72.94667937299994,-37.48725057799993,0 -72.94634555999994,-37.48723125499998,0 -72.94599223399996,-37.48727918299994,0 -72.94574713999998,-37.48722084699995,0 -72.94591193899998,-37.48698489099996,0 -72.94593453699997,-37.48680504099997,0 -72.94581086299996,-37.48673596099997,0 -72.94572637399995,-37.48668876799996,0 -72.94530856899996,-37.48651026799996,0 -72.94497624099995,-37.48643689399995,0 -72.94451965799993,-37.48638388799998,0 -72.94430751299996,-37.48643877399996,0 -72.94415966699995,-37.48667502299998,0 -72.94392384199995,-37.48692325799993,0 -72.94369255099997,-37.48703188299993,0 -72.94337421499995,-37.48706689399995,0 -72.94321277599994,-37.48704144899995,0 -72.94318137099998,-37.48703649899994,0 -72.94285101999998,-37.48689105699998,0 -72.94255232399996,-37.48685431099995,0 -72.94239208799996,-37.48692361599996,0 -72.94214205399999,-37.48704542999997,0 -72.94195682899993,-37.48708932499994,0 -72.94180552399996,-37.48712518099995,0 -72.94157858199998,-37.48701812799993,0 -72.94152779299998,-37.48699416999995,0 -72.94138856599994,-37.48693575699997,0 -72.94131463299993,-37.48690473799996,0 -72.94121403099996,-37.48686252999994,0 -72.94091604299996,-37.48682579199993,0 -72.94072282999997,-37.48680890499998,0 -72.94045550199996,-37.48691689599997,0 -72.94012441499996,-37.48679846899995,0 -72.93963386999997,-37.48669528399995,0 -72.93938614799998,-37.48675855299996,0 -72.93927744899997,-37.48685578999994,0 -72.93922953499998,-37.48667020499994,0 -72.93920027499996,-37.48644889599996,0 -72.93873441599999,-37.48611632799998,0 -72.93844030599996,-37.48591292699996,0 -72.93807340599994,-37.48581189399994,0 -72.93783225099997,-37.48563645199994,0 -72.93752122599994,-37.48540571699994,0 -72.93713406699999,-37.48539895399995,0 -72.93687438499995,-37.48525472999995,0 -72.93666847099996,-37.48505737099998,0 -72.93655177499994,-37.48480299099998,0 -72.93657761599997,-37.48450604199996,0 -72.93656652199996,-37.48426702599994,0 -72.93628794299997,-37.48416752999998,0 -72.93595579699996,-37.48406259199993,0 -72.93560867999997,-37.48388529399995,0 -72.93543700099997,-37.48374964999994,0 -72.93538633799994,-37.48370961999996,0 -72.93522958799997,-37.48358577099998,0 -72.93497727699997,-37.48345660199993,0 -72.93486506099998,-37.48339915399998,0 -72.93476145099999,-37.48318213999994,0 -72.93471536799996,-37.48308561699997,0 -72.93441855199995,-37.48298129199998,0 -72.93412281599996,-37.48286346799995,0 -72.93400559699995,-37.48265413699994,0 -72.93406482399996,-37.48240283299998,0 -72.93373686899997,-37.48217179199997,0 -72.93360874399997,-37.48215820399997,0 -72.93322804299999,-37.48211782799996,0 -72.93271913299998,-37.48204132899997,0 -72.93237913999997,-37.48224716299995,0 -72.93216294099994,-37.48242362099995,0 -72.93187994299996,-37.48245921999995,0 -72.93162177199997,-37.48226093799997,0 -72.93165077499998,-37.48182435599995,0 -72.93204396199997,-37.48163747999996,0 -72.93219000999994,-37.48144176999995,0 -72.93221499799995,-37.48117634899995,0 -72.93201767599999,-37.48066821299994,0 -72.93200386399997,-37.48052828199997,0 -72.93162604599996,-37.48018370999995,0 -72.93103153899995,-37.48003360799999,0 -72.93066057799996,-37.48008118199994,0 -72.93038057199993,-37.48000868499997,0 -72.93007029999995,-37.47977794299993,0 -72.92965132999996,-37.47964442899996,0 -72.92892060299994,-37.47933421599998,0 -72.92821777999995,-37.47926781599995,0 -72.92796302399995,-37.47908710299998,0 -72.92787256999998,-37.47902293799996,0 -72.92764517999996,-37.47896487499997,0 -72.92760184099996,-37.47896761299995,0 -72.92731029099997,-37.47898603499993,0 -72.92672811099999,-37.47902988899995,0 -72.92649412299994,-37.47921053099998,0 -72.92635042999996,-37.47932065999998,0 -72.92615732399997,-37.47932628099994,0 -72.92608584999994,-37.47932953199995,0 -72.92585621799998,-37.47935253599996,0 -72.92561037899998,-37.47934821799998,0 -72.92541831099999,-37.47929077199996,0 -72.92521057599998,-37.47916095199997,0 -72.92497026099994,-37.47893142699996,0 -72.92492238699998,-37.47874583599997,0 -72.92459048999996,-37.47865889499997,0 -72.92432516399998,-37.47869478699994,0 -72.92400681499998,-37.47875678299994,0 -72.92372644699998,-37.47869778099994,0 -72.92350142899994,-37.47855413699995,0 -72.92315436799998,-37.47837680399994,0 -72.92271962999996,-37.47817539699997,0 -72.92266174899999,-37.47817437899994,0 -72.92257935299995,-37.47817292999997,0 -72.92240315299995,-37.47816982999996,0 -72.92199562799993,-37.47826179399993,0 -72.92165961899997,-37.47832347299993,0 -72.92142599599998,-37.47849059199996,0 -72.92122631999996,-37.47870787499994,0 -72.92118555199994,-37.47880178499997,0 -72.92116984299997,-37.47883305099998,0 -72.92101110399994,-37.47884828099996,0 -72.92062323299996,-37.47886848899998,0 -72.92038048099994,-37.47899070899996,0 -72.92035515799995,-37.47900345799997,0 -72.92015610199996,-37.47919821899995,0 -72.91988723299994,-37.47938724499994,0 -72.91977851999997,-37.47948446399994,0 -72.91979068499995,-37.47968294599997,0 -72.91945004599995,-37.47991126099998,0 -72.91916930199994,-37.47986575999994,0 -72.91894666499996,-37.47963653399995,0 -72.91875572599997,-37.47953854199994,0 -72.91862980799993,-37.47964446799995,0 -72.91857483599995,-37.47985259799998,0 -72.91857057599998,-37.47986872799993,0 -72.91851005099994,-37.48016506199997,0 -72.91834797699994,-37.48027485699998,0 -72.91806531399999,-37.48032394699993,0 -72.91794406299994,-37.48023619399993,0 -72.91779044699996,-37.48006676199998,0 -72.91756706299998,-37.47986455599994,0 -72.91735654499996,-37.47986084399997,0 -72.91719209499996,-37.48005621099998,0 -72.91715014399995,-37.48029429299993,0 -72.91695378399999,-37.48041699899994,0 -72.91670761199998,-37.48039913899999,0 -72.91646531799995,-37.48024165799995,0 -72.91621877099993,-37.48023730899996,0 -72.91588199799997,-37.48032599399994,0 -72.91549486999997,-37.48031916099995,0 -72.91508018199994,-37.48003246499997,0 -72.91491974399997,-37.47994278099998,0 -72.91487208699994,-37.47991613999994,0 -72.91464320299997,-37.47991209899993,0 -72.91442809699998,-37.48004798799997,0 -72.91424705999998,-37.48022953999998,0 -72.91424319299995,-37.48036858699993,0 -72.91424242599999,-37.48039618199994,0 -72.91420322099998,-37.48053517799997,0 -72.91397466499996,-37.48054465999996,0 -72.91394672299998,-37.48053123499994,0 -72.91373124999996,-37.48042770799998,0 -72.91327347699996,-37.48041962099995,0 -72.91295649199998,-37.48043204399994,0 -72.91269040399999,-37.48049493199994,0 -72.91240848899997,-37.48051698599994,0 -72.91228674299998,-37.48044724299996,0 -72.91227296799997,-37.48030731099993,0 -72.91234561699997,-37.48023649799995,0 -72.91254381899995,-37.48007327699997,0 -72.91263525599999,-37.47996224199994,0 -72.91256975199997,-37.47977633499994,0 -72.91232985099998,-37.47953327399995,0 -72.91233799899999,-37.47924052299993,0 -72.91197167199994,-37.47912139599998,0 -72.91172512999998,-37.47911703699998,0 -72.91156300299997,-37.47925385799994,0 -72.91143419099996,-37.47946336499996,0 -72.91137268099999,-37.47976868999996,0 -72.91094082699993,-37.48009900599993,0 -72.91077869699996,-37.48023582599996,0 -72.91063610899994,-37.48030540099995,0 -72.91040722299994,-37.48030135099998,0 -72.91011083199999,-37.48018345499997,0 -72.90981313899994,-37.48013763299997,0 -72.90954227999998,-37.48037165999995,0 -72.90925534399997,-37.48057385899995,0 -72.90905939399994,-37.48065600599995,0 -72.90852821499993,-37.48074573299994,0 -72.90827734999993,-37.48092153299996,0 -72.90811601399997,-37.48100429099998,0 -72.90785602899996,-37.48087351499998,0 -72.90763229399994,-37.48068480299997,0 -72.90735394399996,-37.48055370199995,0 -72.90707152499994,-37.48059375799994,0 -72.90657805499995,-37.48059852999995,0 -72.90606762999994,-37.48060299899998,0 -72.90565932099997,-37.48072192899997,0 -72.90539473599995,-37.48073075499997,0 -72.90488619699994,-37.48066766199997,0 -72.90455834399995,-37.48043654199995,0 -72.90436478099997,-37.48043310799994,0 -72.90422110299994,-37.48051617299996,0 -72.90405111199993,-37.48063031399994,0 -72.90402363799996,-37.48065235699994,0 -72.90370753199994,-37.48063322799993,0 -72.90346413299994,-37.48051625599993,0 -72.90334675299994,-37.48031590599993,0 -72.90344026799994,-37.48010578099996,0 -72.90362195899996,-37.47990172799996,0 -72.90346686699996,-37.47978632299998,0 -72.90305034099998,-37.47956714399993,0 -72.90287796599995,-37.47943791299997,0 -72.90259680899999,-37.47943291999997,0 -72.90218850099996,-37.47955183799996,0 -72.90180604199998,-37.47937831999997,0 -72.90121400199996,-37.47914249699994,0 -72.90101147899998,-37.47882797999995,0 -72.90101929199994,-37.47854874399997,0 -72.90116630099999,-37.47818887599993,0 -72.90011526999996,-37.47836762599997,0 -72.89881250299999,-37.47858918999998,0 -72.89800995399997,-37.47790656299998,0 -72.88940985099998,-37.47059154699997,0 
						</coordinates>
					</LinearRing>
				</outerBoundaryIs>
				<innerBoundaryIs>
					<LinearRing>
						<tessellate>1</tessellate>
						<coordinates>
							-72.95451502399999,-37.49405054799996,0 -72.95449811499998,-37.49408487599993,0 -72.95445032599997,-37.49407570199998,0 -72.95451502399999,-37.49405054799996,0 
						</coordinates>
					</LinearRing>
				</innerBoundaryIs>
			</Polygon>
		</MultiGeometry>
	</Placemark>
	<Placemark>
		<name>CHOROICO</name>
		<description><![CDATA[<p>COMUNA: NACIMIENTO
<br/>DISTRITO: 7
<br/>LOC_ZON: 6
<br/>NOMBRE_LOCALIDAD: CHOROICO
<br/>GEOCODIGO: 8306072006</p>]]></description>
		<styleUrl>#style1</styleUrl>
		<ExtendedData>
			<Data name="NOM_COMUNA">
				<displayName>NOM_COMUNA</displayName>
				<value>NACIMIENTO</value>
			</Data>
			<Data name="DISTRITO">
				<displayName>DISTRITO</displayName>
				<value>7</value>
			</Data>
			<Data name="LOC_ZON">
				<displayName>LOC_ZON</displayName>
				<value>6</value>
			</Data>
			<Data name="NOM_LOCALI">
				<displayName>NOM_LOCALI</displayName>
				<value>CHOROICO</value>
			</Data>
			<Data name="GEOCODIGO">
				<displayName>GEOCODIGO</displayName>
				<value>8306072006</value>
			</Data>
		</ExtendedData>
		<MultiGeometry>
			<Polygon>
				<outerBoundaryIs>
					<LinearRing>
						<tessellate>1</tessellate>
						<coordinates>
							-72.85563749399995,-37.52697130299998,0 -72.84241586699994,-37.53053653299997,0 -72.83874017599999,-37.53152736099997,0 -72.82759987199995,-37.53160899399995,0 -72.82253221999997,-37.53193659699997,0 -72.81861001899995,-37.53218999899997,0 -72.81848418999994,-37.53033011999997,0 -72.81842637299997,-37.52947551199998,0 -72.81001589599998,-37.52725588999994,0 -72.80470909099995,-37.52585498599996,0 -72.80447893599995,-37.52606794399998,0 -72.80440512099995,-37.52610581099998,0 -72.80424537899995,-37.52698829199994,0 -72.80406093899995,-37.52735272699994,0 -72.80274943199998,-37.52994410499997,0 -72.80255822099997,-37.53032191299997,0 -72.80234695499996,-37.53073932499996,0 -72.80208093499994,-37.53126492799998,0 -72.80186135599996,-37.53137039299997,0 -72.79607869799997,-37.52944547399994,0 -72.79347925499997,-37.53384454899998,0 -72.79014778999993,-37.53401469499994,0 -72.79014860199999,-37.53401826199996,0 -72.79014858499994,-37.53401882499998,0 -72.79014848599996,-37.53402220299995,0 -72.79013798299997,-37.53437797599997,0 -72.79010373799997,-37.53443591099995,0 -72.78999552199997,-37.53462764099993,0 -72.78993875499998,-37.53504112399997,0 -72.79011759599996,-37.53557166699994,0 -72.79037256699996,-37.53606308099995,0 -72.79052826599997,-37.53628860299995,0 -72.79063099799998,-37.53643740499996,0 -72.79107997899996,-37.53694596699995,0 -72.79118543599998,-37.53701552899997,0 -72.79148710599998,-37.53721141499994,0 -72.79148884299997,-37.53721254399994,0 -72.79181420999998,-37.53742381699993,0 -72.79232634799996,-37.53782991899993,0 -72.79270537099995,-37.53819297699994,0 -72.79274726399996,-37.53823727099996,0 -72.79321296099994,-37.53872966199998,0 -72.79382947699997,-37.53914672199994,0 -72.79438847399996,-37.53949961999996,0 -72.79463209099998,-37.53987365899997,0 -72.79480037599996,-37.54025980799997,0 -72.79484463199998,-37.54077431099995,0 -72.79501265399995,-37.54116946599993,0 -72.79536978499993,-37.54174839099994,0 -72.79614960199996,-37.54221805399993,0 -72.79701470799995,-37.54233784099995,0 -72.79794423899995,-37.54228759799997,0 -72.79884884399996,-37.54207466899993,0 -72.79939629399996,-37.54178748499993,0 -72.79980981299997,-37.54148428499997,0 -72.80008260699998,-37.54137221499997,0 -72.80062342899998,-37.54131019899995,0 -72.80091903299996,-37.54143286199997,0 -72.80128560599996,-37.54169202399993,0 -72.80152942699993,-37.54177940099993,0 -72.80153759999996,-37.54178232999993,0 -72.80179250399993,-37.54177355999997,0 -72.80232883099995,-37.54186465499998,0 -72.80278625399995,-37.54208945599999,0 -72.80333240799996,-37.54235195499996,0 -72.80388596699999,-37.54236225599993,0 -72.80432044399998,-37.54235682099994,0 -72.80516485699997,-37.54216975999998,0 -72.80585934199996,-37.54195737499998,0 -72.80643333599994,-37.54180132399995,0 -72.80705155599998,-37.54163257399995,0 -72.80752236599994,-37.54142503499997,0 -72.80794431899994,-37.54131571799996,0 -72.80838261499997,-37.54117966699994,0 -72.80862267099997,-37.54117060699997,0 -72.80878449299996,-37.54127274199993,0 -72.80898966699993,-37.54141623499993,0 -72.80930281599996,-37.54147161299994,0 -72.80978077299994,-37.54150301299995,0 -72.80982975399996,-37.54152968899996,0 -72.81014909199996,-37.54170360299997,0 -72.81060561699996,-37.54195989899995,0 -72.81095500999999,-37.54229981999998,0 -72.81140205799994,-37.54288036499997,0 -72.81170863099999,-37.54316091199996,0 -72.81218028099994,-37.54340847099996,0 -72.81257493499999,-37.54374922599993,0 -72.81280692099995,-37.54399234099998,0 -72.81333590999998,-37.54433558199997,0 -72.81365668499996,-37.54463891699993,0 -72.81437420599997,-37.54467924199997,0 -72.81449120599996,-37.54464536099994,0 -72.81502322899996,-37.54449750299995,0 -72.81598437199995,-37.54389797799996,0 -72.81669080199998,-37.54327570899994,0 -72.81680041699997,-37.54322816999996,0 -72.81714733099994,-37.54291189399993,0 -72.81746938999999,-37.54275096899994,0 -72.81779172499995,-37.54258051299996,0 -72.81807717799995,-37.54244274899997,0 -72.81856386999993,-37.54235507999994,0 -72.81862037799993,-37.54233359499995,0 -72.81924883099998,-37.54232267799995,0 -72.82000943899999,-37.54253452399996,0 -72.82049639699994,-37.54267015099998,0 -72.82165182699998,-37.54309701699998,0 -72.82279320999999,-37.54349657699998,0 -72.82365759799995,-37.54364319199993,0 -72.82419973099996,-37.54353603199996,0 -72.82450227199996,-37.54291077499994,0 -72.82489289199998,-37.54234571799998,0 -72.82526486499995,-37.54191098799998,0 -72.82559994299999,-37.54172340499997,0 -72.82615860699997,-37.54155796399994,0 -72.82639326999998,-37.54153975599996,0 -72.82640170999997,-37.54154006399995,0 -72.82641128999995,-37.54154041399994,0 -72.82689071899995,-37.54155792699993,0 -72.82691233899999,-37.54156574699994,0 -72.82702484599997,-37.54160644399997,0 -72.82741571999998,-37.54174783099995,0 -72.82756488699994,-37.54162891499993,0 -72.82765676499997,-37.54155851099995,0 -72.82782545699996,-37.54141783699998,0 -72.82783270699997,-37.54141179099997,0 -72.82796339699996,-37.54130280799995,0 -72.82805275799996,-37.54120629699997,0 -72.82810287299998,-37.54115217199995,0 -72.82830317099996,-37.54095308999996,0 -72.82844128499994,-37.54082495799997,0 -72.82866583899994,-37.54083810099996,0 -72.82884540999999,-37.54084140399993,0 -72.82899758499997,-37.54074056599995,0 -72.82926633199997,-37.54025435899996,0 -72.82939474499995,-37.53997284499997,0 -72.829632,-37.54003578599998,0 -72.82989586799994,-37.54022988799994,0 -72.83009472199996,-37.54008034099996,0 -72.83010438499997,-37.53974707699996,0 -72.83038039499996,-37.53952234699995,0 -72.83069290199995,-37.53960018599997,0 -72.83078372999995,-37.53956580799996,0 -72.83092418699994,-37.53935660899998,0 -72.83104815399997,-37.53922821399993,0 -72.83134654399998,-37.53925622599996,0 -72.83140937499996,-37.53916275599994,0 -72.83147606699998,-37.53891164699996,0 -72.83173056899994,-37.53891632199998,0 -72.83203057799994,-37.53891282099994,0 -72.83218561499996,-37.53871289999995,0 -72.83241214399999,-37.53814480299997,0 -72.83253996399998,-37.53785876799998,0 -72.83293021699996,-37.53781636799994,0 -72.83295158299995,-37.53759146199997,0 -72.83315256499998,-37.53739238299994,0 -72.83341430799999,-37.53712232399994,0 -72.83368977699996,-37.53691559899994,0 -72.83375885999999,-37.53660595499997,0 -72.83388315399998,-37.53644151599997,0 -72.83415040899996,-37.53651851499995,0 -72.83439253399996,-37.53643734399998,0 -72.83441389499995,-37.53621243799995,0 -72.83453680799994,-37.53612006799995,0 -72.83469469199997,-37.53633474399993,0 -72.83476571899996,-37.53647122599995,0 -72.83482033599995,-37.53666147899997,0 -72.83498374899995,-37.53670953599993,0 -72.83528825199994,-37.53652586999993,0 -72.83554717499999,-37.53637741499995,0 -72.83592426599995,-37.53627618599995,0 -72.83635519699999,-37.53639222899994,0 -72.83646854999995,-37.53660608799998,0 -72.83655247299998,-37.53681039499997,0 -72.83680761999995,-37.53679254099995,0 -72.83709727399997,-37.53660859799993,0 -72.83728959799998,-37.53668421799995,0 -72.83739715499996,-37.53712326799996,0 -72.83741916999998,-37.53738952299994,0 -72.83747210299998,-37.53763832099997,0 -72.83772178899994,-37.53780961699994,0 -72.83797376099994,-37.53787731599994,0 -72.83822071699996,-37.53814318499997,0 -72.83830295499996,-37.53840603799995,0 -72.83837164899995,-37.53862358199996,0 -72.83849991299996,-37.53886024199994,0 -72.83867739899995,-37.53893558699997,0 -72.83887389299997,-37.53886708999994,0 -72.83913242699998,-37.53873213799994,0 -72.83945385499999,-37.53847667499997,0 -72.83978615499996,-37.53838362599998,0 -72.84008415499994,-37.53842512699998,0 -72.84036276199998,-37.53862398199993,0 -72.84058484499997,-37.53872267099996,0 -72.84092913199999,-37.53872896899998,0 -72.84106488199996,-37.53868188599995,0 -72.84129307099994,-37.53856890399993,0 -72.84152275999998,-37.53837934799998,0 -72.84164665099996,-37.53822841099998,0 -72.84175159699998,-37.53824384699993,0 -72.84203280399998,-37.53835262599995,0 -72.84229172099998,-37.53820415699994,0 -72.84243422099996,-37.53792288499994,0 -72.84256162899999,-37.53787846499995,0 -72.84263070899993,-37.53785438099993,0 -72.84299022699997,-37.53784743299997,0 -72.84306238799996,-37.53742969599995,0 -72.84338236899998,-37.53722376199994,0 -72.84347967699995,-37.53696419399995,0 -72.84356525199996,-37.53659626699994,0 -72.84369165899994,-37.53638228999995,0 -72.84391510799998,-37.53640890099996,0 -72.84419721999996,-37.53648614999997,0 -72.84446967499997,-37.53638298199996,0 -72.84441612899997,-37.53617923499996,0 -72.84413603499996,-37.53600739899997,0 -72.84414394699996,-37.53573267899998,0 -72.84473162999996,-37.53561273699995,0 -72.84492828599997,-37.53561182099997,0 -72.84533065699998,-37.53561466199994,0 -72.84573327599998,-37.53565805799997,0 -72.84629892499999,-37.53576300599997,0 -72.84679073699994,-37.53585308599997,0 -72.84708316299998,-37.53608822499996,0 -72.84726907999993,-37.53641153999996,0 -72.84707883699997,-37.53675503099998,0 -72.84686310599994,-37.53697639499995,0 -72.84661930599998,-37.53711613799993,0 -72.84643844699997,-37.53715789899996,0 -72.84668128599998,-37.53756786699995,0 -72.84656603299999,-37.53793525399993,0 -72.84655709199995,-37.53824600399997,0 -72.84683131099996,-37.53859796599994,0 -72.84686839399996,-37.53888251899997,0 -72.84713989699998,-37.53932905699997,0 -72.84736504099999,-37.53929711599994,0 -72.84777279099995,-37.53918739599993,0 -72.84822041699994,-37.53924061699996,0 -72.84850358099999,-37.53928182699997,0 -72.84879049899996,-37.53919243099995,0 -72.84908116899999,-37.53897242899995,0 -72.84933709899997,-37.53892752699994,0 -72.84962155599999,-37.53892369699997,0 -72.85004427599995,-37.53880973599996,0 -72.85037397899998,-37.53880672899993,0 -72.85053740699993,-37.53885476499994,0 -72.85067933299996,-37.53910968499997,0 -72.85087141999998,-37.53919428999995,0 -72.85097740399993,-37.53917368999998,0 -72.85128537099996,-37.53886838399995,0 -72.85151561499998,-37.53868332399998,0 -72.85152950399998,-37.53864302199997,0 -72.85158042899997,-37.53849525199996,0 -72.85165047399994,-37.53814956699995,0 -72.85181166299998,-37.53773344399997,0 -72.85198245699996,-37.53752477099994,0 -72.85191605799997,-37.53717660199993,0 -72.85190430699998,-37.53711781099997,0 -72.85177929399998,-37.53679110499996,0 -72.85172734699995,-37.53650628299994,0 -72.85176841199996,-37.53611050299997,0 -72.85181238199993,-37.53563817599996,0 -72.85205224499998,-37.53509281099997,0 -72.85246448799995,-37.53482544699995,0 -72.85270891499994,-37.53466317199997,0 -72.85271679599998,-37.53438844999994,0 -72.85267839999995,-37.53414893499996,0 -72.85287486899995,-37.53408041299997,0 -72.85313374999998,-37.53393191799995,0 -72.85320782199994,-37.53371899899997,0 -72.85320852099994,-37.53371699099995,0 -72.85345852999995,-37.53358185199994,0 -72.85362227499996,-37.53359384099997,0 -72.85383532699996,-37.53348957099996,0 -72.85391394199996,-37.53333779699994,0 -72.85406922999994,-37.53315136899994,0 -72.85427833199998,-37.53307060599997,0 -72.85428092699993,-37.53306960399993,0 -72.85449152399997,-37.53305090199996,0 -72.85481817099998,-37.53312893399993,0 -72.85519154299993,-37.53318077899996,0 -72.85544158199997,-37.53331599499995,0 -72.85590511399994,-37.53340552399993,0 -72.85590843999995,-37.53340670999995,0 -72.85591841599995,-37.53341027099998,0 -72.85630928099994,-37.53334527399994,0 -72.85647734399998,-37.53323117099995,0 -72.85676358499995,-37.53316427199996,0 -72.85742139399997,-37.53321226199995,0 -72.85797632299995,-37.53317276699994,0 -72.85821592599996,-37.53301849799993,0 -72.85835749399996,-37.53292734799993,0 -72.85866566199996,-37.53261301399993,0 -72.85866791099994,-37.53260333699995,0 -72.85875115699997,-37.53224507299996,0 -72.85859533799999,-37.53193133399998,0 -72.85858757799997,-37.53168336299996,0 -72.85868250699997,-37.53150484599996,0 -72.85888411599996,-37.53125616699998,0 -72.85899414499994,-37.53106891099998,0 -72.85903072299999,-37.53085328699996,0 -72.85909615499997,-37.53064269199996,0 -72.85917456199996,-37.53052245299995,0 -72.85935539899998,-37.53048067199995,0 -72.85939608999996,-37.53049735999997,0 -72.85956231999995,-37.53056553199997,0 -72.85987418099995,-37.53066581199994,0 -72.85997970099999,-37.53063618399995,0 -72.86004326199998,-37.53051567399996,0 -72.86016954799999,-37.53027914599994,0 -72.86038155199998,-37.53021089299995,0 -72.86065081099997,-37.53019324299999,0 -72.86089353299997,-37.53008949799994,0 -72.86103330799995,-37.52992530899996,0 -72.86134754999995,-37.52991748399995,0 -72.86192963299999,-37.52999111299994,0 -72.86201439099995,-37.53016838199994,0 -72.86217729499998,-37.53023441599998,0 -72.86264281099994,-37.53017976199993,0 -72.86301739599998,-37.53016401299993,0 -72.86322145999998,-37.53025145399994,0 -72.86340168399994,-37.53032867899998,0 -72.86379149999993,-37.53029968599998,0 -72.86393306799994,-37.53007244299994,0 -72.86439742599998,-37.53005831399997,0 -72.86487264699997,-37.53018406699994,0 -72.86525102099995,-37.53006023599994,0 -72.86543223899997,-37.53000493499997,0 -72.86571768999994,-37.52996503699995,0 -72.86582063999998,-37.53002547599993,0 -72.86594685999995,-37.53031163599996,0 -72.86595419599996,-37.53060015199998,0 -72.86590112399995,-37.53087405799994,0 -72.86600656499996,-37.53116423399996,0 -72.86601650499995,-37.53119159099998,0 -72.86602638399995,-37.53121877799998,0 -72.86624392399995,-37.53145251699993,0 -72.86673227099999,-37.53166411299998,0 -72.86695738499998,-37.53163213299996,0 -72.86733916099996,-37.53136416499996,0 -72.86763148099993,-37.53110809799995,0 -72.86792244999998,-37.53087453599994,0 -72.86813438399997,-37.53078373799997,0 -72.86836097099996,-37.53072474599998,0 -72.86863504099995,-37.53056297299997,0 -72.86860900399995,-37.53040929899998,0 -72.86849466799998,-37.53022699399997,0 -72.86849979699997,-37.53004684699994,0 -72.86865401599994,-37.52989642699998,0 -72.86870329299995,-37.52973059499993,0 -72.86880114399997,-37.52944848399994,0 -72.86879681099998,-37.52907891399997,0 -72.86889042999996,-37.52894542399997,0 -72.86915974999994,-37.52895028599994,0 -72.86929841399996,-37.52879958499994,0 -72.86933662699994,-37.52852540799995,0 -72.86955470399994,-37.52821842999998,0 -72.86994450699996,-37.52818941599998,0 -72.87027992799995,-37.52798368599997,0 -72.87049799899995,-37.52767670599997,0 -72.87064990399995,-37.52760734999998,0 -72.87070691299994,-37.52771652299998,0 -72.87092691699996,-37.52770725799996,0 -72.87108148499993,-37.52770074799997,0 -72.87139981399997,-37.52754877899997,0 -72.87164481799994,-37.52736394399994,0 -72.87222695399998,-37.52720060599995,0 -72.86729375899995,-37.52136445399998,0 -72.85563749399995,-37.52697130299998,0 
						</coordinates>
					</LinearRing>
				</outerBoundaryIs>
			</Polygon>
		</MultiGeometry>
	</Placemark>
	<Placemark>
		<name>CULENCO</name>
		<description><![CDATA[<p>COMUNA: NACIMIENTO
<br/>DISTRITO: 7
<br/>LOC_ZON: 7
<br/>NOMBRE_LOCALIDAD: CULENCO
<br/>GEOCODIGO: 8306072007</p>]]></description>
		<styleUrl>#style1</styleUrl>
		<ExtendedData>
			<Data name="NOM_COMUNA">
				<displayName>NOM_COMUNA</displayName>
				<value>NACIMIENTO</value>
			</Data>
			<Data name="DISTRITO">
				<displayName>DISTRITO</displayName>
				<value>7</value>
			</Data>
			<Data name="LOC_ZON">
				<displayName>LOC_ZON</displayName>
				<value>7</value>
			</Data>
			<Data name="NOM_LOCALI">
				<displayName>NOM_LOCALI</displayName>
				<value>CULENCO</value>
			</Data>
			<Data name="GEOCODIGO">
				<displayName>GEOCODIGO</displayName>
				<value>8306072007</value>
			</Data>
		</ExtendedData>
		<MultiGeometry>
			<Polygon>
				<outerBoundaryIs>
					<LinearRing>
						<tessellate>1</tessellate>
						<coordinates>
							-72.79152219499997,-37.40396029599998,0 -72.79140121799998,-37.40401661399994,0 -72.79118104999998,-37.40386830599994,0 -72.79091219199995,-37.40386328099993,0 -72.79077454499998,-37.40398236999994,0 -72.79069246799997,-37.40422866699998,0 -72.79078500099996,-37.40463593899995,0 -72.79089341199995,-37.40500745899993,0 -72.79088150599995,-37.40541277799997,0 -72.79060563099995,-37.40564643999994,0 -72.79027365299999,-37.40577090699998,0 -72.78998648499999,-37.40586016399993,0 -72.78996950699997,-37.40591439099995,0 -72.78993739499998,-37.40601695699996,0 -72.78981469299998,-37.40613181799995,0 -72.78974875399996,-37.40633335599995,0 -72.78963941499995,-37.40649803399998,0 -72.78941182999995,-37.40660192099995,0 -72.78894956099998,-37.40657074299997,0 -72.78851494499997,-37.40660767099996,0 -72.78788586699994,-37.40665447499998,0 -72.78754073999994,-37.40669757999996,0 -72.78733935999998,-37.40682556899998,0 -72.78725148799998,-37.40688141699997,0 -72.78705066499998,-37.40710746399998,0 -72.78681993699996,-37.40734196199998,0 -72.78675200000001,-37.40761104999996,0 -72.78673041999997,-37.40784045299995,0 -72.78642497399994,-37.40804651499997,0 -72.78594257499998,-37.40819518799998,0 -72.78571568499996,-37.40829908099994,0 -72.78537001899997,-37.40836019399995,0 -72.78502660799995,-37.40834474599995,0 -72.78472212599996,-37.40854180899998,0 -72.78436836299994,-37.40887763399996,0 -72.78418101899996,-37.40914898799997,0 -72.78400424599994,-37.40956473299997,0 -72.78355899199994,-37.40996192299997,0 -72.78338619599998,-37.41024256099996,0 -72.78313916499997,-37.41052631199994,0 -72.78282020599994,-37.41068704999998,0 -72.78269201999996,-37.41083839599997,0 -72.78268120499996,-37.41085116399995,0 -72.78231818099994,-37.41099755599998,0 -72.78204398599996,-37.41117265099996,0 -72.78167630899998,-37.41147666399996,0 -72.78147342199998,-37.41174772099998,0 -72.78150941999996,-37.41205931199994,0 -72.78140756699997,-37.41247195199998,0 -72.78145944799996,-37.41274779299994,0 -72.78150506799994,-37.41286818499998,0 -72.78151447799996,-37.41289301799998,0 -72.78185498599998,-37.41300755499998,0 -72.78218080699997,-37.41311730799998,0 -72.78261333799998,-37.41315246099998,0 -72.78303366299997,-37.41307473399996,0 -72.78335754499994,-37.41303022599993,0 -72.78340872799998,-37.41302319199997,0 -72.78384032899999,-37.41308986499996,0 -72.78432833699998,-37.41327925599995,0 -72.78500176199998,-37.41374248199998,0 -72.78507833799995,-37.41383388299994,0 -72.78537763099996,-37.41419111599998,0 -72.78552053899995,-37.41430193799994,0 -72.78578496699998,-37.41456009099994,0 -72.78602945099993,-37.41470265899994,0 -72.78626338299995,-37.41483640599995,0 -72.78646489599998,-37.41496954499996,0 -72.78655733099998,-37.41513513699994,0 -72.78649416199994,-37.41544442599997,0 -72.78642221899997,-37.41568455799995,0 -72.78632967499993,-37.41588980599994,0 -72.78611521399995,-37.41619625999994,0 -72.78577538899998,-37.41635375399994,0 -72.78541775799994,-37.41638154899994,0 -72.78510198899994,-37.41645247199995,0 -72.78495448699994,-37.41637761099997,0 -72.78440465099999,-37.41627267699994,0 -72.78387388699997,-37.41602390599996,0 -72.78333781399994,-37.41595527299995,0 -72.78309643199998,-37.41602283999998,0 -72.78291158799993,-37.41620862499997,0 -72.78291232999999,-37.41668627499996,0 -72.78285458399995,-37.41713579199995,0 -72.78264889499997,-37.41750142499995,0 -72.78223698999994,-37.41779559799994,0 -72.78140880599994,-37.41800535099998,0 -72.78086075699997,-37.41834202199993,0 -72.78037491499998,-37.41858072699995,0 -72.78025004999995,-37.41876763299996,0 -72.78016712299996,-37.41904094199998,0 -72.78022073199998,-37.41925823699995,0 -72.78070846199995,-37.41943412099994,0 -72.78203075499994,-37.41971128399996,0 -72.78266785899996,-37.41989897599996,0 -72.78324833299996,-37.41999548099994,0 -72.78345302899999,-37.42002237399998,0 -72.78464240399995,-37.41727221499997,0 -72.78704933199998,-37.41675101299995,0 -72.78728341699997,-37.41514590299994,0 -72.78729532499995,-37.41493483999994,0 -72.78743964199998,-37.41237692099998,0 -72.79013692499996,-37.40964620399996,0 -72.79315158399999,-37.41155141699994,0 -72.79464755599997,-37.41522221999998,0 -72.79774257099996,-37.41662079099996,0 -72.80134096599994,-37.41540642699994,0 -72.80379001999995,-37.41699499899994,0 -72.80377634399997,-37.42050010799994,0 -72.80761644699999,-37.42473249199998,0 -72.81048460099998,-37.41951094899997,0 -72.81100328199994,-37.41138452299998,0 -72.81118132599994,-37.40859444199998,0 -72.81117056599999,-37.40860125899997,0 -72.81087216799995,-37.40879030099995,0 -72.81062915799998,-37.40886690799994,0 -72.81040867299998,-37.40872764199997,0 -72.81031442499994,-37.40842399099995,0 -72.81032124399997,-37.40818980399996,0 -72.81013617899998,-37.40804668799996,0 -72.80980584299994,-37.40813969899995,0 -72.80959342899996,-37.40832952099998,0 -72.80943690999999,-37.40839420999998,0 -72.80915585899999,-37.40856473599996,0 -72.80896344699994,-37.40867381899994,0 -72.80855795899998,-37.40899524099996,0 -72.80813797599995,-37.40920824699998,0 -72.80772473499997,-37.40921409999993,0 -72.80750042499994,-37.40919733599998,0 -72.80724351599997,-37.40917813599998,0 -72.80711202499998,-37.40894138199997,0 -72.80711767199995,-37.40874772799998,0 -72.80696824199998,-37.40856921999995,0 -72.80657837999996,-37.40835470699994,0 -72.80626857199996,-37.40834895599994,0 -72.80606022199999,-37.40839916099998,0 -72.80585147699998,-37.40846287499994,0 -72.80549212399995,-37.40838861199995,0 -72.80536024499997,-37.40816536799997,0 -72.80536668499997,-37.40794469199994,0 -72.80528681499999,-37.40775395499998,0 -72.80506489799996,-37.40766421899997,0 -72.80477234199998,-37.40767230299997,0 -72.80434541199998,-37.40754270899998,0 -72.80412586399996,-37.40737190699997,0 -72.80397328799995,-37.40730148099993,0 -72.80380030799995,-37.40732530299994,0 -72.80354162699996,-37.40733401299997,0 -72.80326600899997,-37.40734240799998,0 -72.80295550099999,-37.40733663599997,0 -72.80277923099999,-37.40747304599995,0 -72.80244367299997,-37.40776870999997,0 -72.80221548999998,-37.40791767099995,0 -72.80190339999996,-37.40796593899995,0 -72.80165722399994,-37.40815061299998,0 -72.80180563399995,-37.40838768699996,0 -72.80196790699995,-37.40870612799995,0 -72.80215168899997,-37.40891682299997,0 -72.80242533899997,-37.40897598399994,0 -72.80290247399995,-37.40915157899997,0 -72.80296637099997,-37.40933300799998,0 -72.80282204399998,-37.40956013199997,0 -72.80262654599994,-37.40975025599994,0 -72.80246633399997,-37.40994103599996,0 -72.80244145099994,-37.41018840499993,0 -72.80250218899994,-37.41047791999995,0 -72.80242868399995,-37.41062525199993,0 -72.80216551599995,-37.41078708099997,0 -72.80190445299996,-37.41087685199994,0 -72.80166379799994,-37.41087237499994,0 -72.80147356099997,-37.41088235399997,0 -72.80122921799995,-37.41100397699995,0 -72.80105464899998,-37.41108183699998,0 -72.80074404099997,-37.41110309299995,0 -72.80050149399995,-37.41113913299995,0 -72.80029635999995,-37.41106753899993,0 -72.80029602999997,-37.41106734899995,0 -72.80012725699999,-37.41096994999998,0 -72.79997520499995,-37.41088150499996,0 -72.79991433399994,-37.41086234599993,0 -72.79965051299996,-37.41078083299993,0 -72.79939379699994,-37.41072197999995,0 -72.79932863699997,-37.41060811599993,0 -72.79946941699995,-37.41050259299993,0 -72.79964807199997,-37.41028512499997,0 -72.79972369099994,-37.41006573799996,0 -72.79983476499996,-37.40979293799995,0 -72.79975380599996,-37.40961569599995,0 -72.79962185699998,-37.40941947999994,0 -72.79940420699995,-37.40920814999998,0 -72.79942628399994,-37.40903282599993,0 -72.79958720799993,-37.40884206399994,0 -72.79959406099994,-37.40860787799994,0 -72.79952325099998,-37.40808386099997,0 -72.79909516299995,-37.40739097299996,0 -72.79898055199999,-37.40718156099996,0 -72.79874149099999,-37.40712303599997,0 -72.79858953399997,-37.40700755499995,0 -72.79854685099997,-37.40670485599998,0 -72.79869329299999,-37.40640567999998,0 -72.79849356799997,-37.40625776699994,0 -72.79823344899995,-37.40597805299996,0 -72.79819448199999,-37.40576554399996,0 -72.79820463499993,-37.40541876899994,0 -72.79806030499998,-37.40523583899994,0 -72.79779658399997,-37.40505518999998,0 -72.79761753699995,-37.40491993699993,0 -72.79757065299998,-37.40488451999994,0 -72.79754583099998,-37.40486576999996,0 -72.79745405199998,-37.40480723399997,0 -72.79730856899994,-37.40471444499997,0 -72.79722561299997,-37.40466153599994,0 -72.79702235999997,-37.40444145899994,0 -72.79692306599998,-37.40426387299993,0 -72.79690081599995,-37.40401111999995,0 -72.79680679899997,-37.40365339199997,0 -72.79663455299993,-37.40341136099994,0 -72.79632818699997,-37.40314429899996,0 -72.79613741199995,-37.40297661499994,0 -72.79599297799996,-37.40284966299998,0 -72.79565702499997,-37.40260457699998,0 -72.79509808399996,-37.40228323499997,0 -72.79500275099997,-37.40226351099994,0 -72.79466719199996,-37.40219408599995,0 -72.79421910599996,-37.40218572399993,0 -72.79396749499995,-37.40212244899993,0 -72.79395905599995,-37.40211492299994,0 -72.79347211199996,-37.40168062299995,0 -72.79321370099996,-37.40131982199995,0 -72.79284187099995,-37.40126331199997,0 -72.79230100199999,-37.40136135399996,0 -72.79183241699997,-37.40154635899995,0 -72.79182215599997,-37.40155108299996,0 -72.79163488399996,-37.40163729399995,0 -72.79145225699995,-37.40177356799995,0 -72.79145517399996,-37.40217916499995,0 -72.79161087099999,-37.40298414599994,0 -72.79171477999995,-37.40353925699998,0 -72.79172683099995,-37.40360363799994,0 -72.79173675699997,-37.40377054699997,0 -72.79164330299994,-37.40389947499995,0 -72.79152219499997,-37.40396029599998,0 
						</coordinates>
					</LinearRing>
				</outerBoundaryIs>
			</Polygon>
		</MultiGeometry>
	</Placemark>
	<Placemark>
		<name>DOLLINCO</name>
		<description><![CDATA[<p>COMUNA: NACIMIENTO
<br/>DISTRITO: 7
<br/>LOC_ZON: 8
<br/>NOMBRE_LOCALIDAD: DOLLINCO
<br/>GEOCODIGO: 8306072008</p>]]></description>
		<styleUrl>#style1</styleUrl>
		<ExtendedData>
			<Data name="NOM_COMUNA">
				<displayName>NOM_COMUNA</displayName>
				<value>NACIMIENTO</value>
			</Data>
			<Data name="DISTRITO">
				<displayName>DISTRITO</displayName>
				<value>7</value>
			</Data>
			<Data name="LOC_ZON">
				<displayName>LOC_ZON</displayName>
				<value>8</value>
			</Data>
			<Data name="NOM_LOCALI">
				<displayName>NOM_LOCALI</displayName>
				<value>DOLLINCO</value>
			</Data>
			<Data name="GEOCODIGO">
				<displayName>GEOCODIGO</displayName>
				<value>8306072008</value>
			</Data>
		</ExtendedData>
		<MultiGeometry>
			<Polygon>
				<outerBoundaryIs>
					<LinearRing>
						<tessellate>1</tessellate>
						<coordinates>
							-72.77609292099999,-37.43330864699993,0 -72.77677202499996,-37.43376128099993,0 -72.77699141899996,-37.43379776199998,0 -72.77735259699995,-37.43385781899997,0 -72.77816028299998,-37.43384597499994,0 -72.77841442099998,-37.43385075399993,0 -72.77860961899995,-37.43381837599998,0 -72.77868724399997,-37.43372520999998,0 -72.77876416399994,-37.43363202999996,0 -72.77895940199994,-37.43362218299995,0 -72.77918105299995,-37.43369844499995,0 -72.77936640099995,-37.43399932499995,0 -72.77985910599995,-37.43453578599997,0 -72.77989942599999,-37.43458160299997,0 -72.78001570299995,-37.43490849799997,0 -72.78010045299999,-37.43511538199994,0 -72.78013675299997,-37.43520399499994,0 -72.78018570599994,-37.43537739999994,0 -72.78020248499996,-37.43554157499995,0 -72.78021824599995,-37.43574022699994,0 -72.78024201399995,-37.43603389799995,0 -72.78026380899996,-37.43627182099993,0 -72.78026654699994,-37.43630170799997,0 -72.78026145299998,-37.43647409699997,0 -72.78016733599998,-37.43673105499994,0 -72.77999551499994,-37.43705554599995,0 -72.77962708499996,-37.43744533599994,0 -72.77932178699996,-37.43770691599997,0 -72.77898599699995,-37.43776368799996,0 -72.77824657499997,-37.43799761399998,0 -72.77812233599997,-37.438162,0 -72.77803831099999,-37.43847133199995,0 -72.77794438799998,-37.43861375799997,0 -72.77781619699994,-37.43865766399995,0 -72.77715870599997,-37.43888285499997,0 -72.77659672199997,-37.43918319199997,0 -72.77626173299996,-37.43937965699996,0 -72.77620602199994,-37.43942640799997,0 -72.77609367699995,-37.43952068499993,0 -72.77602419999994,-37.43983930199994,0 -72.77598294699999,-37.44023054599995,0 -72.77597694699995,-37.44043320299994,0 -72.77572867799995,-37.44073042899998,0 -72.77552959299999,-37.44089340199997,0 -72.77491933499994,-37.44129646099998,0 -72.77458219599998,-37.44156497499995,0 -72.77443644499994,-37.44195424999998,0 -72.77448057599997,-37.44249129299993,0 -72.77449141199997,-37.44312684099998,0 -72.77437877999995,-37.44339958399996,0 -72.77418890099995,-37.44358525699994,0 -72.77410654099998,-37.44380528099998,0 -72.77402141599998,-37.44412277099997,0 -72.77369316199997,-37.44429496099997,0 -72.77359290999993,-37.44434754899993,0 -72.77320802999998,-37.44430430799997,0 -72.77317785699995,-37.44430091799995,0 -72.77278064499995,-37.44401745599998,0 -72.77259768899995,-37.44384171699994,0 -72.77237112799997,-37.44362409299998,0 -72.77235092299998,-37.44360468499997,0 -72.77230980199994,-37.44358588599994,0 -72.77208744299998,-37.44327077999998,0 -72.77208298099998,-37.44326250599994,0 -72.77208007799999,-37.44325712299997,0 -72.77185716299994,-37.44287889799995,0 -72.77157244799997,-37.44263204999993,0 -72.77148322399995,-37.44256032999994,0 -72.77129777699997,-37.44241126399993,0 -72.77082673399997,-37.44224714099994,0 -72.77060244299997,-37.44220867099995,0 -72.77037475599997,-37.44216961799998,0 -72.76996141199999,-37.44224805699997,0 -72.76962994099995,-37.44248327799994,0 -72.76947896599995,-37.44273772099996,0 -72.76940221799998,-37.44286706599996,0 -72.76921363599996,-37.44338957999997,0 -72.76914575999996,-37.44385400399995,0 -72.76896339399997,-37.44404527999995,0 -72.76896335899994,-37.44404531699996,0 -72.76896280199998,-37.44404879599995,0 -72.76896144199998,-37.44405890899998,0 -72.76857172499996,-37.44457424199993,0 -72.76820810799995,-37.44473409399995,0 -72.76799309799998,-37.44493280099994,0 -72.76783270999994,-37.44529024799994,0 -72.76808859399995,-37.44573666899998,0 -72.76813615699996,-37.44589527599993,0 -72.76819764699997,-37.44610821899994,0 -72.76808512099996,-37.44637645099994,0 -72.76793002399995,-37.44656976899995,0 -72.76791418599998,-37.44658950899998,0 -72.76765545499995,-37.44673782299998,0 -72.76754453299998,-37.44695201299993,0 -72.76728071199994,-37.44727145699994,0 -72.76698885399998,-37.44736957799995,0 -72.76690498599999,-37.44736913999998,0 -72.76671064799996,-37.44735684199998,0 -72.76654307899997,-37.44735367399994,0 -72.76639198399994,-37.44734219299994,0 -72.76618081799995,-37.44734078299996,0 -72.76584747599998,-37.44719479399998,0 -72.76517741799995,-37.44708749399996,0 -72.76466587599998,-37.44720848899993,0 -72.76427295099995,-37.44733172599996,0 -72.76392725899996,-37.44741079699997,0 -72.76352446699997,-37.44736712399998,0 -72.76331802199996,-37.44727760199993,0 -72.76320510199997,-37.44703664699995,0 -72.76316987699994,-37.44672506799998,0 -72.76317235499994,-37.44614384499994,0 -72.76314467599997,-37.44596217199995,0 -72.76309730899999,-37.44565127299995,0 -72.76288512999997,-37.44523270599996,0 -72.76263457999994,-37.44510629899997,0 -72.76227524199999,-37.44512202299995,0 -72.76207812999996,-37.44521741999995,0 -72.76163683799996,-37.44547040599997,0 -72.76116911199995,-37.44561474499994,0 -72.76055653799995,-37.44559412199993,0 -72.76017184299997,-37.44546516799994,0 -72.76011011999998,-37.44543025299998,0 -72.75962788199996,-37.44515745899997,0 -72.75930901399994,-37.44516846699997,0 -72.75895395599997,-37.44518072399995,0 -72.75841528599994,-37.44519303399994,0 -72.75777982199997,-37.44544231999998,0 -72.75743198099997,-37.44559342599996,0 -72.75670361599998,-37.44594908599998,0 -72.75616208099996,-37.44603342599993,0 -72.75499465599995,-37.44606982299996,0 -72.75465394399998,-37.44598224099997,0 -72.75432641099997,-37.44592644899996,0 -72.75395076099994,-37.44599140299994,0 -72.75375201999998,-37.44614082699997,0 -72.75363779399999,-37.44644055399993,0 -72.75329344899995,-37.44697021499996,0 -72.75295553599994,-37.44726118099993,0 -72.75278875599997,-37.44730346199998,0 -72.75249673199994,-37.44737749399997,0 -72.75244300099996,-37.44739111599995,0 -72.75191728599998,-37.44748925499994,0 -72.75157411299995,-37.44746019399997,0 -72.75110754799994,-37.44704577599998,0 -72.75077614299994,-37.44664744799996,0 -72.75057939899995,-37.44621112999994,0 -72.75021008599998,-37.44606441199994,0 -72.75008131899995,-37.44611555299997,0 -72.74999392899997,-37.44615025999997,0 -72.74990694699994,-37.44618480499997,0 -72.74977758699998,-37.44638993599995,0 -72.74974970899996,-37.44643414399997,0 -72.74969214999999,-37.44647107799995,0 -72.74942917699997,-37.44663981799994,0 -72.74906726699999,-37.44674106499997,0 -72.74886986499996,-37.44684544699993,0 -72.74883413499998,-37.44704753399998,0 -72.74887038099996,-37.44732308799996,0 -72.74886538599998,-37.44748971299998,0 -72.74871114299998,-37.44766250599997,0 -72.74852856499996,-37.44776716999996,0 -72.74822528199996,-37.44789206199994,0 -72.74798772099996,-37.44797302199999,0 -72.74794508199994,-37.44798755299996,0 -72.74778703599998,-37.44804141499998,0 -72.74755796699998,-37.44812714399995,0 -72.74745480299998,-37.44816575299996,0 -72.74742984499994,-37.44817066199994,0 -72.74731124299996,-37.44819398799996,0 -72.74725206099998,-37.44820562799998,0 -72.74707886599998,-37.44823969199996,0 -72.74661174299996,-37.44833892499997,0 -72.74590924499995,-37.44834805199997,0 -72.74579831699998,-37.44845922699994,0 -72.74575482799997,-37.44850281299995,0 -72.74574860199994,-37.44857200199993,0 -72.74573256499997,-37.44875021599995,0 -72.74564798799997,-37.44907303099995,0 -72.74555006799994,-37.44922600699994,0 -72.74547232499998,-37.44934746099995,0 -72.74542857999995,-37.44941580199998,0 -72.74519444899994,-37.44973125599995,0 -72.74518119799995,-37.44976624099996,0 -72.74515569699997,-37.44983356699998,0 -72.74511311399993,-37.44994598899996,0 -72.74523904799997,-37.45024578599998,0 -72.74546918199997,-37.45053405399995,0 -72.74561881499994,-37.45075854199996,0 -72.74566996399994,-37.45083527799994,0 -72.74575057699997,-37.45113871599995,0 -72.74539427199994,-37.45154646299994,0 -72.74505197999997,-37.45198151299996,0 -72.74505747499995,-37.45229252899998,0 -72.74527484499998,-37.45253549399996,0 -72.74563768799999,-37.45289838899998,0 -72.74594297899995,-37.45320160799997,0 -72.74598273099997,-37.45336007499998,0 -72.74591770899997,-37.45352555499994,0 -72.74542858499996,-37.45388570799997,0 -72.74541794099997,-37.45389653199993,0 -72.74514618399996,-37.45417288899995,0 -72.74475009199995,-37.45457568399996,0 -72.74437889599994,-37.45483036799993,0 -72.74412392099998,-37.45500530999993,0 -72.74392477399994,-37.45513976299998,0 -72.74381887099997,-37.45521126299997,0 -72.74365617899997,-37.45564072699995,0 -72.74364765099995,-37.45592443899994,0 -72.74326084199998,-37.45635863199993,0 -72.74270225199996,-37.45653720899998,0 -72.74183037899996,-37.45667825199996,0 -72.74084106299995,-37.45675395899997,0 -72.73965796499994,-37.45681243199994,0 -72.73893944699995,-37.45683472699994,0 -72.73853119699999,-37.45697110199995,0 -72.73819415899999,-37.45725302899996,0 -72.73796037899996,-37.45755495599997,0 -72.73786001299999,-37.45840015199997,0 -72.73782301099999,-37.45859835799996,0 -72.73769991999995,-37.45925771999998,0 -72.73773110599996,-37.45969989999998,0 -72.73760280599998,-37.45999483499997,0 -72.73754607299998,-37.46037675299993,0 -72.73753969299997,-37.46058840999996,0 -72.73777582599996,-37.46070107599996,0 -72.73852119099996,-37.46077392599994,0 -72.73871777399995,-37.46083478199995,0 -72.73918833999994,-37.46098045399998,0 -72.73958301999994,-37.46127188199995,0 -72.73994685199995,-37.46162580199996,0 -72.74013142399997,-37.46194925499998,0 -72.74020497299995,-37.46248686999996,0 -72.74032369099996,-37.46300281799995,0 -72.74036061599998,-37.46327838699995,0 -72.74023486799996,-37.46346523099993,0 -72.74001756099995,-37.46373593599998,0 -72.73972213899998,-37.46411328699998,0 -72.73909165199996,-37.46468248599996,0 -72.73865957199996,-37.46511579699995,0 -72.73865091099998,-37.46540318599995,0 -72.73865020799997,-37.46542652699998,0 -72.73862167099998,-37.46588108099996,0 -72.73870172499994,-37.46620253499998,0 -72.73885691199996,-37.46651641599993,0 -72.73880386999997,-37.46679927399998,0 -72.73860135099994,-37.46704772899994,0 -72.73832766199996,-37.46719569099997,0 -72.73805244899995,-37.46728959399996,0 -72.73805212099995,-37.46728963199996,0 -72.73790777599999,-37.46730617399993,0 -72.73768016399998,-37.46731611799999,0 -72.73744116999995,-37.46730677199997,0 -72.73720188799996,-37.46730695499997,0 -72.73685606099997,-37.46731821099996,0 -72.73687912599996,-37.46734805299997,0 -72.73694676899999,-37.46743557099995,0 -72.73716208099995,-37.46763518499995,0 -72.73730254699996,-37.46773800399995,0 -72.73756578299998,-37.46775769399994,0 -72.73756873899998,-37.46775791499994,0 -72.73811512199995,-37.46779992199998,0 -72.73855051699996,-37.46774968199998,0 -72.73856931999995,-37.46774231199998,0 -72.73918623199995,-37.46750050899993,0 -72.73942103099995,-37.46736951599996,0 -72.73976408299995,-37.46717812899993,0 -72.74046564999998,-37.46673645299995,0 -72.74074295999998,-37.46656730199993,0 -72.74118190399997,-37.46629955999998,0 -72.74180766999996,-37.46618998199995,0 -72.74199386199996,-37.46615737799993,0 -72.74262128899994,-37.46618288899998,0 -72.74319085399998,-37.46613519699997,0 -72.74383717399996,-37.46602588399998,0 -72.74426273299997,-37.46580871499998,0 -72.74505787599998,-37.46523812599997,0 -72.74590975799998,-37.46475422699996,0 -72.74644385299996,-37.46446553299995,0 -72.74686793599994,-37.46423630299995,0 -72.74762618799997,-37.46388127699998,0 -72.74847584399998,-37.46386156099993,0 -72.74847895299996,-37.46386148899995,0 -72.74916112399995,-37.46406374099996,0 -72.74957166699994,-37.46434642699995,0 -72.74990195399994,-37.46480781999998,0 -72.74994591699993,-37.46486428799994,0 -72.74998039699994,-37.46490857699996,0 -72.75009318499997,-37.46505344899998,0 -72.75022081699996,-37.46521738799999,0 -72.75022242999995,-37.46521945999996,0 -72.75022303499998,-37.46522207399994,0 -72.75025438699998,-37.46535762199994,0 -72.75026414799999,-37.46539982399997,0 -72.75032501999993,-37.46566299699998,0 -72.75025324499995,-37.46605364799996,0 -72.75017338899994,-37.46621884699994,0 -72.75001681299995,-37.46646819699998,0 -72.74987517099999,-37.46669079599997,0 -72.74951732399995,-37.46714808999997,0 -72.74929704799996,-37.46727432999995,0 -72.74915207199996,-37.46735741599997,0 -72.74901464399994,-37.46746293899997,0 -72.74896336499995,-37.46766472899998,0 -72.74899359199998,-37.46782555899995,0 -72.74902795899999,-37.46800841199996,0 -72.74947936999996,-37.46841353799994,0 -72.75007809099998,-37.46880795099997,0 -72.75115213199996,-37.46951781599995,0 -72.75157211799996,-37.46966793599995,0 -72.75175132399994,-37.46973199199994,0 -72.75277611099995,-37.46975149499997,0 -72.75427414499995,-37.46951864399995,0 -72.75575455399996,-37.46911871899994,0 -72.75598627599999,-37.46907355599996,0 -72.75630522199998,-37.46910419499994,0 -72.75678536199996,-37.46925158799996,0 -72.75704259599996,-37.46940903799998,0 -72.75729798799995,-37.46970677499996,0 -72.75760543999996,-37.47034344599996,0 -72.75810416399997,-37.47079900299997,0 -72.75858083199995,-37.47123611599994,0 -72.75863030399995,-37.47192195999997,0 -72.75859421499996,-37.47234933999994,0 -72.75867183799994,-37.47287350299996,0 -72.75892299799995,-37.47319850999997,0 -72.75925493899996,-37.47362804999995,0 -72.75973321099997,-37.47398858699995,0 -72.76074757699996,-37.47435928899995,0 -72.76237942299997,-37.47511567699996,0 -72.76359580799993,-37.47575152699994,0 -72.76423673999994,-37.47613314999995,0 -72.76475566599999,-37.47671973499996,0 -72.76498975599998,-37.47744962399997,0 -72.76511695999994,-37.47865962599997,0 -72.76538674699998,-37.47899817199993,0 -72.76591438499997,-37.47926949999993,0 -72.76636676899994,-37.47974216999995,0 -72.76677129499996,-37.48023195799993,0 -72.76718538099993,-37.48042453199997,0 -72.76810770199995,-37.48075738299997,0 -72.76851581499994,-37.48100841699994,0 -72.76890142299999,-37.48114127499997,0 -72.76923061599996,-37.48133821399995,0 -72.76943290099996,-37.48147069999993,0 -72.76967664099993,-37.48163033599997,0 -72.77000076399997,-37.48181599699996,0 -72.77014944699994,-37.48185485199997,0 -72.77116380199993,-37.48220744199995,0 -72.77152093199999,-37.48240350499998,0 -72.77678643299998,-37.47866214699997,0 -72.77825707299996,-37.47424680099994,0 -72.78154049299997,-37.47404421199997,0 -72.78931198899994,-37.47356422099995,0 -72.79865574899998,-37.47259483899995,0 -72.80365429599993,-37.47271941699995,0 -72.81353352999997,-37.47296501399995,0 -72.81328824199994,-37.46925545199997,0 -72.81170367399994,-37.46460627499994,0 -72.81353219899995,-37.46216629199995,0 -72.81275095799998,-37.46053703099994,0 -72.81264049099997,-37.46030665499995,0 -72.81258048599994,-37.46018151599998,0 -72.80802658699997,-37.45991826299996,0 -72.80801790099997,-37.45962080199996,0 -72.80800042799996,-37.45902247099997,0 -72.80790737299998,-37.45583581699998,0 -72.80786659899996,-37.45443950599997,0 -72.80785854199996,-37.45416360799993,0 -72.80784221699997,-37.45360453699993,0 -72.80783647699997,-37.45360755299998,0 -72.80783665399997,-37.45347427099995,0 -72.80783672999996,-37.45341660899993,0 -72.80783779499995,-37.45261095699993,0 -72.80784473899996,-37.44735776699997,0 -72.80785061999995,-37.44289611699998,0 -72.81232871599997,-37.44187632499995,0 -72.81675324699995,-37.44102146899996,0 -72.81641750199998,-37.44030445799996,0 -72.81605477499994,-37.43952980799997,0 -72.81343563799999,-37.43704923399997,0 -72.80991877499997,-37.43426045499996,0 -72.80940231099999,-37.43385090399994,0 -72.80752548199996,-37.43379759599998,0 -72.80698229299998,-37.43378216499997,0 -72.80219026199995,-37.43371065599996,0 -72.80076130399993,-37.43442107299995,0 -72.80146008299994,-37.43217057599998,0 -72.80150436299994,-37.43202796499997,0 -72.79906769099995,-37.43099901999994,0 -72.79581540599997,-37.42974617299996,0 -72.79337116099998,-37.42824259799994,0 -72.79221770299995,-37.42753301199997,0 -72.78521504599996,-37.42546460399996,0 -72.78469845799998,-37.42552697799994,0 -72.78383270499995,-37.42563150999996,0 -72.77896186499999,-37.42621948499993,0 -72.77897455599998,-37.42631381399997,0 -72.77901648299996,-37.42662544599995,0 -72.77900023599994,-37.42680585899996,0 -72.77897232899994,-37.42711576999994,0 -72.77913831099994,-37.42756948999994,0 -72.77914328599996,-37.42790302699996,0 -72.77898445399995,-37.42821095499994,0 -72.77855348299994,-37.42862190999995,0 -72.77817167799998,-37.42889860899993,0 -72.77781831999994,-37.42921639499997,0 -72.77751240099997,-37.42945847099998,0 -72.77726777299995,-37.42963410799996,0 -72.77697947199994,-37.42978188799998,0 -72.77646406799994,-37.43003804299997,0 -72.77628652799996,-37.43009741399993,0 -72.77624720899996,-37.43011056299997,0 -72.77597303099998,-37.43020186599995,0 -72.77596544499994,-37.43020439199995,0 -72.77593359899998,-37.43025232199994,0 -72.77569932199998,-37.43060492099994,0 -72.77550548899995,-37.43109242499997,0 -72.77545512699999,-37.43124360699994,0 -72.77544308799997,-37.43127974599997,0 -72.77540243999994,-37.43140176899993,0 -72.77535272999995,-37.43155099399996,0 -72.77534327099994,-37.43157938899998,0 -72.77533234299995,-37.43161219299998,0 -72.77530858599994,-37.43168350799994,0 -72.77537876899999,-37.43234270399995,0 -72.77581892299997,-37.43312602199995,0 -72.77609292099999,-37.43330864699993,0 
						</coordinates>
					</LinearRing>
				</outerBoundaryIs>
			</Polygon>
		</MultiGeometry>
	</Placemark>
</Document>
</kml>
