<?xml version="1.0" encoding="UTF-8"?>
<kml xmlns="http://earth.google.com/kml/2.2">
<Document>
<name>grifos_nacimiento</name>
<Style id="style1">
	<IconStyle>
		<Icon>
			<href>http://maps.gstatic.com/mapfiles/ms2/micons/yellow-dot.png</href>
		</Icon>
	</IconStyle>
</Style>
<Placemark>
<name>4919</name>
<description><![CDATA[<p>
<br/>COD_GRIFO: 4919
<br/>EMPRESA: ESSBIO
<br/>ESTADO: VIGENTE
<br/>DIRECCION: PJE.TABOLEO 1080
<br/>CAT_ZONA_RIESGO: HOSPITALES, COLEGIOS, CARCELES Y CENTROS COMERCIALES
<br/>DIAMETRO_N: 100
<br/>DIAMETRO_C: 110
<br/>AÑO_INSTALACION: 2000</p>]]></description>
<ExtendedData>
	<Data name="fid"><displayName>fid</displayName><value><![CDATA[1]]></value></Data>
	<Data name="COD_GRIFO"><displayName>COD_GRIFO</displayName><value><![CDATA[4919]]></value></Data>
	<Data name="EMPRESA"><displayName>EMPRESA</displayName><value><![CDATA[ESSBIO]]></value></Data>
	<Data name="ESTADO"><displayName>ESTADO</displayName><value><![CDATA[VIGENTE]]></value></Data>
	<Data name="DIRECCION"><displayName>DIRECCION</displayName><value><![CDATA[PJE.TABOLEO 1080]]></value></Data>
	<Data name="CAT_ZONA_RIESGO"><displayName>CAT_ZONA_RIESGO</displayName><value><![CDATA[HOSPITALES, COLEGIOS, CARCELES Y CENTROS COMERCIALES]]></value></Data>
	<Data name="DIAMETRO_N"><displayName>DIAMETRO_N</displayName><value><![CDATA[100]]></value></Data>
	<Data name="DIAMETRO_C"><displayName>DIAMETRO_C</displayName><value><![CDATA[110]]></value></Data>
	<Data name="ANNO_INSTAL"><displayName>ANNO_INSTAL</displayName><value><![CDATA[2000]]></value></Data>
</ExtendedData>
<styleUrl>#style1</styleUrl>
	<Point>
		<coordinates>-72.67088908919862,-37.507631401700756,0.000</coordinates>
	</Point>
</Placemark>

<Placemark>
<name>5484</name>
<description><![CDATA[<p>
<br/>COD_GRIFO: 5484
<br/>EMPRESA: ESSBIO
<br/>ESTADO: VIGENTE
<br/>DIRECCION: AV.B.O'HIGGINS 507
<br/>CAT_ZONA_RIESGO: SIN RIESGO
<br/>DIAMETRO_N: 100
<br/>DIAMETRO_C: 100
<br/>AÑO_INSTALACION: 2000</p>]]></description>
<ExtendedData>
	<Data name="fid"><displayName>fid</displayName><value><![CDATA[2]]></value></Data>
	<Data name="COD_GRIFO"><displayName>COD_GRIFO</displayName><value><![CDATA[5484]]></value></Data>
	<Data name="EMPRESA"><displayName>EMPRESA</displayName><value><![CDATA[ESSBIO]]></value></Data>
	<Data name="ESTADO"><displayName>ESTADO</displayName><value><![CDATA[VIGENTE]]></value></Data>
	<Data name="DIRECCION"><displayName>DIRECCION</displayName><value><![CDATA[AV.B.O'HIGGINS 507]]></value></Data>
	<Data name="CAT_ZONA_RIESGO"><displayName>CAT_ZONA_RIESGO</displayName><value><![CDATA[SIN RIESGO]]></value></Data>
	<Data name="DIAMETRO_N"><displayName>DIAMETRO_N</displayName><value><![CDATA[100]]></value></Data>
	<Data name="DIAMETRO_C"><displayName>DIAMETRO_C</displayName><value><![CDATA[100]]></value></Data>
	<Data name="ANNO_INSTAL"><displayName>ANNO_INSTAL</displayName><value><![CDATA[2000]]></value></Data>
</ExtendedData>
<styleUrl>#style1</styleUrl>
	<Point>
		<coordinates>-72.65751691095413,-37.504951597444304,0.000</coordinates>
	</Point>
</Placemark>

<Placemark>
<name>355323</name>
<description><![CDATA[<p>
<br/>COD_GRIFO: 355323
<br/>EMPRESA: ESSBIO
<br/>ESTADO: VIGENTE
<br/>DIRECCION: HERNAN VALENCIA GUTIERREZ S/N
<br/>CAT_ZONA_RIESGO: SIN RIESGO
<br/>DIAMETRO_N: 100
<br/>DIAMETRO_C: 100
<br/>AÑO_INSTALACION: 2016</p>]]></description>
<ExtendedData>
	<Data name="fid"><displayName>fid</displayName><value><![CDATA[3]]></value></Data>
	<Data name="COD_GRIFO"><displayName>COD_GRIFO</displayName><value><![CDATA[355323]]></value></Data>
	<Data name="EMPRESA"><displayName>EMPRESA</displayName><value><![CDATA[ESSBIO]]></value></Data>
	<Data name="ESTADO"><displayName>ESTADO</displayName><value><![CDATA[VIGENTE]]></value></Data>
	<Data name="DIRECCION"><displayName>DIRECCION</displayName><value><![CDATA[HERNAN VALENCIA GUTIERREZ S/N]]></value></Data>
	<Data name="CAT_ZONA_RIESGO"><displayName>CAT_ZONA_RIESGO</displayName><value><![CDATA[SIN RIESGO]]></value></Data>
	<Data name="DIAMETRO_N"><displayName>DIAMETRO_N</displayName><value><![CDATA[100]]></value></Data>
	<Data name="DIAMETRO_C"><displayName>DIAMETRO_C</displayName><value><![CDATA[100]]></value></Data>
	<Data name="ANNO_INSTAL"><displayName>ANNO_INSTAL</displayName><value><![CDATA[2016]]></value></Data>
</ExtendedData>
<styleUrl>#style1</styleUrl>
	<Point>
		<coordinates>-72.69157441401967,-37.49876354932544,0.000</coordinates>
	</Point>
</Placemark>

<Placemark>
<name>301350</name>
<description><![CDATA[<p>
<br/>COD_GRIFO: 301350
<br/>EMPRESA: ESSBIO
<br/>ESTADO: VIGENTE
<br/>DIRECCION: ENRIQUE BRUNEL 1200
<br/>CAT_ZONA_RIESGO: SIN RIESGO
<br/>DIAMETRO_N: 100
<br/>DIAMETRO_C: 100
<br/>AÑO_INSTALACION: 2000</p>]]></description>
<ExtendedData>
	<Data name="fid"><displayName>fid</displayName><value><![CDATA[4]]></value></Data>
	<Data name="COD_GRIFO"><displayName>COD_GRIFO</displayName><value><![CDATA[301350]]></value></Data>
	<Data name="EMPRESA"><displayName>EMPRESA</displayName><value><![CDATA[ESSBIO]]></value></Data>
	<Data name="ESTADO"><displayName>ESTADO</displayName><value><![CDATA[VIGENTE]]></value></Data>
	<Data name="DIRECCION"><displayName>DIRECCION</displayName><value><![CDATA[ENRIQUE BRUNEL 1200]]></value></Data>
	<Data name="CAT_ZONA_RIESGO"><displayName>CAT_ZONA_RIESGO</displayName><value><![CDATA[SIN RIESGO]]></value></Data>
	<Data name="DIAMETRO_N"><displayName>DIAMETRO_N</displayName><value><![CDATA[100]]></value></Data>
	<Data name="DIAMETRO_C"><displayName>DIAMETRO_C</displayName><value><![CDATA[100]]></value></Data>
	<Data name="ANNO_INSTAL"><displayName>ANNO_INSTAL</displayName><value><![CDATA[2000]]></value></Data>
</ExtendedData>
<styleUrl>#style1</styleUrl>
	<Point>
		<coordinates>-72.68158928273729,-37.49540377266012,0.000</coordinates>
	</Point>
</Placemark>

<Placemark>
<name>4876</name>
<description><![CDATA[<p>
<br/>COD_GRIFO: 4876
<br/>EMPRESA: ESSBIO
<br/>ESTADO: VIGENTE
<br/>DIRECCION: DIEGO PORTALES 1401
<br/>CAT_ZONA_RIESGO: SIN RIESGO
<br/>DIAMETRO_N: 100
<br/>DIAMETRO_C: 100
<br/>AÑO_INSTALACION: 2000</p>]]></description>
<ExtendedData>
	<Data name="fid"><displayName>fid</displayName><value><![CDATA[5]]></value></Data>
	<Data name="COD_GRIFO"><displayName>COD_GRIFO</displayName><value><![CDATA[4876]]></value></Data>
	<Data name="EMPRESA"><displayName>EMPRESA</displayName><value><![CDATA[ESSBIO]]></value></Data>
	<Data name="ESTADO"><displayName>ESTADO</displayName><value><![CDATA[VIGENTE]]></value></Data>
	<Data name="DIRECCION"><displayName>DIRECCION</displayName><value><![CDATA[DIEGO PORTALES 1401]]></value></Data>
	<Data name="CAT_ZONA_RIESGO"><displayName>CAT_ZONA_RIESGO</displayName><value><![CDATA[SIN RIESGO]]></value></Data>
	<Data name="DIAMETRO_N"><displayName>DIAMETRO_N</displayName><value><![CDATA[100]]></value></Data>
	<Data name="DIAMETRO_C"><displayName>DIAMETRO_C</displayName><value><![CDATA[100]]></value></Data>
	<Data name="ANNO_INSTAL"><displayName>ANNO_INSTAL</displayName><value><![CDATA[2000]]></value></Data>
</ExtendedData>
<styleUrl>#style1</styleUrl>
	<Point>
		<coordinates>-72.6901000426882,-37.49838437184056,0.000</coordinates>
	</Point>
</Placemark>

<Placemark>
<name>4880</name>
<description><![CDATA[<p>
<br/>COD_GRIFO: 4880
<br/>EMPRESA: ESSBIO
<br/>ESTADO: VIGENTE
<br/>DIRECCION: LOS LIBERTADORES 1055
<br/>CAT_ZONA_RIESGO: SIN RIESGO
<br/>DIAMETRO_N: 100
<br/>DIAMETRO_C: 100
<br/>AÑO_INSTALACION: 2000</p>]]></description>
<ExtendedData>
	<Data name="fid"><displayName>fid</displayName><value><![CDATA[6]]></value></Data>
	<Data name="COD_GRIFO"><displayName>COD_GRIFO</displayName><value><![CDATA[4880]]></value></Data>
	<Data name="EMPRESA"><displayName>EMPRESA</displayName><value><![CDATA[ESSBIO]]></value></Data>
	<Data name="ESTADO"><displayName>ESTADO</displayName><value><![CDATA[VIGENTE]]></value></Data>
	<Data name="DIRECCION"><displayName>DIRECCION</displayName><value><![CDATA[LOS LIBERTADORES 1055]]></value></Data>
	<Data name="CAT_ZONA_RIESGO"><displayName>CAT_ZONA_RIESGO</displayName><value><![CDATA[SIN RIESGO]]></value></Data>
	<Data name="DIAMETRO_N"><displayName>DIAMETRO_N</displayName><value><![CDATA[100]]></value></Data>
	<Data name="DIAMETRO_C"><displayName>DIAMETRO_C</displayName><value><![CDATA[100]]></value></Data>
	<Data name="ANNO_INSTAL"><displayName>ANNO_INSTAL</displayName><value><![CDATA[2000]]></value></Data>
</ExtendedData>
<styleUrl>#style1</styleUrl>
	<Point>
		<coordinates>-72.6796864457148,-37.4946943255141,0.000</coordinates>
	</Point>
</Placemark>

<Placemark>
<name>5749</name>
<description><![CDATA[<p>
<br/>COD_GRIFO: 5749
<br/>EMPRESA: ESSBIO
<br/>ESTADO: VIGENTE
<br/>DIRECCION: HERNAN MERINO 174
<br/>CAT_ZONA_RIESGO: SIN RIESGO
<br/>DIAMETRO_N: 100
<br/>DIAMETRO_C: 100
<br/>AÑO_INSTALACION: 2000</p>]]></description>
<ExtendedData>
	<Data name="fid"><displayName>fid</displayName><value><![CDATA[7]]></value></Data>
	<Data name="COD_GRIFO"><displayName>COD_GRIFO</displayName><value><![CDATA[5749]]></value></Data>
	<Data name="EMPRESA"><displayName>EMPRESA</displayName><value><![CDATA[ESSBIO]]></value></Data>
	<Data name="ESTADO"><displayName>ESTADO</displayName><value><![CDATA[VIGENTE]]></value></Data>
	<Data name="DIRECCION"><displayName>DIRECCION</displayName><value><![CDATA[HERNAN MERINO 174]]></value></Data>
	<Data name="CAT_ZONA_RIESGO"><displayName>CAT_ZONA_RIESGO</displayName><value><![CDATA[SIN RIESGO]]></value></Data>
	<Data name="DIAMETRO_N"><displayName>DIAMETRO_N</displayName><value><![CDATA[100]]></value></Data>
	<Data name="DIAMETRO_C"><displayName>DIAMETRO_C</displayName><value><![CDATA[100]]></value></Data>
	<Data name="ANNO_INSTAL"><displayName>ANNO_INSTAL</displayName><value><![CDATA[2000]]></value></Data>
</ExtendedData>
<styleUrl>#style1</styleUrl>
	<Point>
		<coordinates>-72.65937647727392,-37.509847813787,0.000</coordinates>
	</Point>
</Placemark>

<Placemark>
<name>4884</name>
<description><![CDATA[<p>
<br/>COD_GRIFO: 4884
<br/>EMPRESA: ESSBIO
<br/>ESTADO: VIGENTE
<br/>DIRECCION: ROBERTO BASCUÑAN SOTO 1328
<br/>CAT_ZONA_RIESGO: SIN RIESGO
<br/>DIAMETRO_N: 100
<br/>DIAMETRO_C: 100
<br/>AÑO_INSTALACION: 2000</p>]]></description>
<ExtendedData>
	<Data name="fid"><displayName>fid</displayName><value><![CDATA[8]]></value></Data>
	<Data name="COD_GRIFO"><displayName>COD_GRIFO</displayName><value><![CDATA[4884]]></value></Data>
	<Data name="EMPRESA"><displayName>EMPRESA</displayName><value><![CDATA[ESSBIO]]></value></Data>
	<Data name="ESTADO"><displayName>ESTADO</displayName><value><![CDATA[VIGENTE]]></value></Data>
	<Data name="DIRECCION"><displayName>DIRECCION</displayName><value><![CDATA[ROBERTO BASCUÑAN SOTO 1328]]></value></Data>
	<Data name="CAT_ZONA_RIESGO"><displayName>CAT_ZONA_RIESGO</displayName><value><![CDATA[SIN RIESGO]]></value></Data>
	<Data name="DIAMETRO_N"><displayName>DIAMETRO_N</displayName><value><![CDATA[100]]></value></Data>
	<Data name="DIAMETRO_C"><displayName>DIAMETRO_C</displayName><value><![CDATA[100]]></value></Data>
	<Data name="ANNO_INSTAL"><displayName>ANNO_INSTAL</displayName><value><![CDATA[2000]]></value></Data>
</ExtendedData>
<styleUrl>#style1</styleUrl>
	<Point>
		<coordinates>-72.68461586378083,-37.49422714508559,0.000</coordinates>
	</Point>
</Placemark>

<Placemark>
<name>5588</name>
<description><![CDATA[<p>
<br/>COD_GRIFO: 5588
<br/>EMPRESA: ESSBIO
<br/>ESTADO: VIGENTE
<br/>DIRECCION: EUGENIO TOLEDO 1491
<br/>CAT_ZONA_RIESGO: SIN RIESGO
<br/>DIAMETRO_N: 100
<br/>DIAMETRO_C: 100
<br/>AÑO_INSTALACION: 2000</p>]]></description>
<ExtendedData>
	<Data name="fid"><displayName>fid</displayName><value><![CDATA[9]]></value></Data>
	<Data name="COD_GRIFO"><displayName>COD_GRIFO</displayName><value><![CDATA[5588]]></value></Data>
	<Data name="EMPRESA"><displayName>EMPRESA</displayName><value><![CDATA[ESSBIO]]></value></Data>
	<Data name="ESTADO"><displayName>ESTADO</displayName><value><![CDATA[VIGENTE]]></value></Data>
	<Data name="DIRECCION"><displayName>DIRECCION</displayName><value><![CDATA[EUGENIO TOLEDO 1491]]></value></Data>
	<Data name="CAT_ZONA_RIESGO"><displayName>CAT_ZONA_RIESGO</displayName><value><![CDATA[SIN RIESGO]]></value></Data>
	<Data name="DIAMETRO_N"><displayName>DIAMETRO_N</displayName><value><![CDATA[100]]></value></Data>
	<Data name="DIAMETRO_C"><displayName>DIAMETRO_C</displayName><value><![CDATA[100]]></value></Data>
	<Data name="ANNO_INSTAL"><displayName>ANNO_INSTAL</displayName><value><![CDATA[2000]]></value></Data>
</ExtendedData>
<styleUrl>#style1</styleUrl>
	<Point>
		<coordinates>-72.68656336424793,-37.48898398535847,0.000</coordinates>
	</Point>
</Placemark>

<Placemark>
<name>337683</name>
<description><![CDATA[<p>
<br/>COD_GRIFO: 337683
<br/>EMPRESA: ESSBIO
<br/>ESTADO: VIGENTE
<br/>DIRECCION: EJERCITO 701
<br/>CAT_ZONA_RIESGO: SIN RIESGO
<br/>DIAMETRO_N: 100
<br/>DIAMETRO_C: 100
<br/>AÑO_INSTALACION: 2014</p>]]></description>
<ExtendedData>
	<Data name="fid"><displayName>fid</displayName><value><![CDATA[10]]></value></Data>
	<Data name="COD_GRIFO"><displayName>COD_GRIFO</displayName><value><![CDATA[337683]]></value></Data>
	<Data name="EMPRESA"><displayName>EMPRESA</displayName><value><![CDATA[ESSBIO]]></value></Data>
	<Data name="ESTADO"><displayName>ESTADO</displayName><value><![CDATA[VIGENTE]]></value></Data>
	<Data name="DIRECCION"><displayName>DIRECCION</displayName><value><![CDATA[EJERCITO 701]]></value></Data>
	<Data name="CAT_ZONA_RIESGO"><displayName>CAT_ZONA_RIESGO</displayName><value><![CDATA[SIN RIESGO]]></value></Data>
	<Data name="DIAMETRO_N"><displayName>DIAMETRO_N</displayName><value><![CDATA[100]]></value></Data>
	<Data name="DIAMETRO_C"><displayName>DIAMETRO_C</displayName><value><![CDATA[100]]></value></Data>
	<Data name="ANNO_INSTAL"><displayName>ANNO_INSTAL</displayName><value><![CDATA[2014]]></value></Data>
</ExtendedData>
<styleUrl>#style1</styleUrl>
	<Point>
		<coordinates>-72.6852636759169,-37.49718567418093,0.000</coordinates>
	</Point>
</Placemark>

<Placemark>
<name>4863</name>
<description><![CDATA[<p>
<br/>COD_GRIFO: 4863
<br/>EMPRESA: ESSBIO
<br/>ESTADO: VIGENTE
<br/>DIRECCION: CALLEJON GUTIERREZ 6
<br/>CAT_ZONA_RIESGO: SIN RIESGO
<br/>DIAMETRO_N: 100
<br/>DIAMETRO_C: 100
<br/>AÑO_INSTALACION: 2000</p>]]></description>
<ExtendedData>
	<Data name="fid"><displayName>fid</displayName><value><![CDATA[11]]></value></Data>
	<Data name="COD_GRIFO"><displayName>COD_GRIFO</displayName><value><![CDATA[4863]]></value></Data>
	<Data name="EMPRESA"><displayName>EMPRESA</displayName><value><![CDATA[ESSBIO]]></value></Data>
	<Data name="ESTADO"><displayName>ESTADO</displayName><value><![CDATA[VIGENTE]]></value></Data>
	<Data name="DIRECCION"><displayName>DIRECCION</displayName><value><![CDATA[CALLEJON GUTIERREZ 6]]></value></Data>
	<Data name="CAT_ZONA_RIESGO"><displayName>CAT_ZONA_RIESGO</displayName><value><![CDATA[SIN RIESGO]]></value></Data>
	<Data name="DIAMETRO_N"><displayName>DIAMETRO_N</displayName><value><![CDATA[100]]></value></Data>
	<Data name="DIAMETRO_C"><displayName>DIAMETRO_C</displayName><value><![CDATA[100]]></value></Data>
	<Data name="ANNO_INSTAL"><displayName>ANNO_INSTAL</displayName><value><![CDATA[2000]]></value></Data>
</ExtendedData>
<styleUrl>#style1</styleUrl>
	<Point>
		<coordinates>-72.67515834399671,-37.49744713393297,0.000</coordinates>
	</Point>
</Placemark>

<Placemark>
<name>5637</name>
<description><![CDATA[<p>
<br/>COD_GRIFO: 5637
<br/>EMPRESA: ESSBIO
<br/>ESTADO: VIGENTE
<br/>DIRECCION: OCTAVIO JARA WOLF 140
<br/>CAT_ZONA_RIESGO: SIN RIESGO
<br/>DIAMETRO_N: 100
<br/>DIAMETRO_C: 100
<br/>AÑO_INSTALACION: 2000</p>]]></description>
<ExtendedData>
	<Data name="fid"><displayName>fid</displayName><value><![CDATA[12]]></value></Data>
	<Data name="COD_GRIFO"><displayName>COD_GRIFO</displayName><value><![CDATA[5637]]></value></Data>
	<Data name="EMPRESA"><displayName>EMPRESA</displayName><value><![CDATA[ESSBIO]]></value></Data>
	<Data name="ESTADO"><displayName>ESTADO</displayName><value><![CDATA[VIGENTE]]></value></Data>
	<Data name="DIRECCION"><displayName>DIRECCION</displayName><value><![CDATA[OCTAVIO JARA WOLF 140]]></value></Data>
	<Data name="CAT_ZONA_RIESGO"><displayName>CAT_ZONA_RIESGO</displayName><value><![CDATA[SIN RIESGO]]></value></Data>
	<Data name="DIAMETRO_N"><displayName>DIAMETRO_N</displayName><value><![CDATA[100]]></value></Data>
	<Data name="DIAMETRO_C"><displayName>DIAMETRO_C</displayName><value><![CDATA[100]]></value></Data>
	<Data name="ANNO_INSTAL"><displayName>ANNO_INSTAL</displayName><value><![CDATA[2000]]></value></Data>
</ExtendedData>
<styleUrl>#style1</styleUrl>
	<Point>
		<coordinates>-72.6613337950158,-37.50852448531921,0.000</coordinates>
	</Point>
</Placemark>

<Placemark>
<name>5522</name>
<description><![CDATA[<p>
<br/>COD_GRIFO: 5522
<br/>EMPRESA: ESSBIO
<br/>ESTADO: VIGENTE
<br/>DIRECCION: FREIRE 595
<br/>CAT_ZONA_RIESGO: SIN RIESGO
<br/>DIAMETRO_N: 100
<br/>DIAMETRO_C: 100
<br/>AÑO_INSTALACION: 2000</p>]]></description>
<ExtendedData>
	<Data name="fid"><displayName>fid</displayName><value><![CDATA[13]]></value></Data>
	<Data name="COD_GRIFO"><displayName>COD_GRIFO</displayName><value><![CDATA[5522]]></value></Data>
	<Data name="EMPRESA"><displayName>EMPRESA</displayName><value><![CDATA[ESSBIO]]></value></Data>
	<Data name="ESTADO"><displayName>ESTADO</displayName><value><![CDATA[VIGENTE]]></value></Data>
	<Data name="DIRECCION"><displayName>DIRECCION</displayName><value><![CDATA[FREIRE 595]]></value></Data>
	<Data name="CAT_ZONA_RIESGO"><displayName>CAT_ZONA_RIESGO</displayName><value><![CDATA[SIN RIESGO]]></value></Data>
	<Data name="DIAMETRO_N"><displayName>DIAMETRO_N</displayName><value><![CDATA[100]]></value></Data>
	<Data name="DIAMETRO_C"><displayName>DIAMETRO_C</displayName><value><![CDATA[100]]></value></Data>
	<Data name="ANNO_INSTAL"><displayName>ANNO_INSTAL</displayName><value><![CDATA[2000]]></value></Data>
</ExtendedData>
<styleUrl>#style1</styleUrl>
	<Point>
		<coordinates>-72.6738448392221,-37.50194210534331,0.000</coordinates>
	</Point>
</Placemark>

<Placemark>
<name>5771</name>
<description><![CDATA[<p>
<br/>COD_GRIFO: 5771
<br/>EMPRESA: ESSBIO
<br/>ESTADO: VIGENTE
<br/>DIRECCION: REBERENDO CASTILLO 1042
<br/>CAT_ZONA_RIESGO: SIN RIESGO
<br/>DIAMETRO_N: 100
<br/>DIAMETRO_C: 100
<br/>AÑO_INSTALACION: 2000</p>]]></description>
<ExtendedData>
	<Data name="fid"><displayName>fid</displayName><value><![CDATA[14]]></value></Data>
	<Data name="COD_GRIFO"><displayName>COD_GRIFO</displayName><value><![CDATA[5771]]></value></Data>
	<Data name="EMPRESA"><displayName>EMPRESA</displayName><value><![CDATA[ESSBIO]]></value></Data>
	<Data name="ESTADO"><displayName>ESTADO</displayName><value><![CDATA[VIGENTE]]></value></Data>
	<Data name="DIRECCION"><displayName>DIRECCION</displayName><value><![CDATA[REBERENDO CASTILLO 1042]]></value></Data>
	<Data name="CAT_ZONA_RIESGO"><displayName>CAT_ZONA_RIESGO</displayName><value><![CDATA[SIN RIESGO]]></value></Data>
	<Data name="DIAMETRO_N"><displayName>DIAMETRO_N</displayName><value><![CDATA[100]]></value></Data>
	<Data name="DIAMETRO_C"><displayName>DIAMETRO_C</displayName><value><![CDATA[100]]></value></Data>
	<Data name="ANNO_INSTAL"><displayName>ANNO_INSTAL</displayName><value><![CDATA[2000]]></value></Data>
</ExtendedData>
<styleUrl>#style1</styleUrl>
	<Point>
		<coordinates>-72.6841255924477,-37.50345459672094,0.000</coordinates>
	</Point>
</Placemark>

<Placemark>
<name>5580</name>
<description><![CDATA[<p>
<br/>COD_GRIFO: 5580
<br/>EMPRESA: ESSBIO
<br/>ESTADO: VIGENTE
<br/>DIRECCION: LAS ROSAS 1710
<br/>CAT_ZONA_RIESGO: SIN RIESGO
<br/>DIAMETRO_N: 100
<br/>DIAMETRO_C: 100
<br/>AÑO_INSTALACION: 2000</p>]]></description>
<ExtendedData>
	<Data name="fid"><displayName>fid</displayName><value><![CDATA[15]]></value></Data>
	<Data name="COD_GRIFO"><displayName>COD_GRIFO</displayName><value><![CDATA[5580]]></value></Data>
	<Data name="EMPRESA"><displayName>EMPRESA</displayName><value><![CDATA[ESSBIO]]></value></Data>
	<Data name="ESTADO"><displayName>ESTADO</displayName><value><![CDATA[VIGENTE]]></value></Data>
	<Data name="DIRECCION"><displayName>DIRECCION</displayName><value><![CDATA[LAS ROSAS 1710]]></value></Data>
	<Data name="CAT_ZONA_RIESGO"><displayName>CAT_ZONA_RIESGO</displayName><value><![CDATA[SIN RIESGO]]></value></Data>
	<Data name="DIAMETRO_N"><displayName>DIAMETRO_N</displayName><value><![CDATA[100]]></value></Data>
	<Data name="DIAMETRO_C"><displayName>DIAMETRO_C</displayName><value><![CDATA[100]]></value></Data>
	<Data name="ANNO_INSTAL"><displayName>ANNO_INSTAL</displayName><value><![CDATA[2000]]></value></Data>
</ExtendedData>
<styleUrl>#style1</styleUrl>
	<Point>
		<coordinates>-72.68917702354129,-37.494291443798446,0.000</coordinates>
	</Point>
</Placemark>

<Placemark>
<name>5490</name>
<description><![CDATA[<p>
<br/>COD_GRIFO: 5490
<br/>EMPRESA: ESSBIO
<br/>ESTADO: VIGENTE
<br/>DIRECCION: EL FUERTE 299
<br/>CAT_ZONA_RIESGO: SIN RIESGO
<br/>DIAMETRO_N: 100
<br/>DIAMETRO_C: 100
<br/>AÑO_INSTALACION: 2000</p>]]></description>
<ExtendedData>
	<Data name="fid"><displayName>fid</displayName><value><![CDATA[16]]></value></Data>
	<Data name="COD_GRIFO"><displayName>COD_GRIFO</displayName><value><![CDATA[5490]]></value></Data>
	<Data name="EMPRESA"><displayName>EMPRESA</displayName><value><![CDATA[ESSBIO]]></value></Data>
	<Data name="ESTADO"><displayName>ESTADO</displayName><value><![CDATA[VIGENTE]]></value></Data>
	<Data name="DIRECCION"><displayName>DIRECCION</displayName><value><![CDATA[EL FUERTE 299]]></value></Data>
	<Data name="CAT_ZONA_RIESGO"><displayName>CAT_ZONA_RIESGO</displayName><value><![CDATA[SIN RIESGO]]></value></Data>
	<Data name="DIAMETRO_N"><displayName>DIAMETRO_N</displayName><value><![CDATA[100]]></value></Data>
	<Data name="DIAMETRO_C"><displayName>DIAMETRO_C</displayName><value><![CDATA[100]]></value></Data>
	<Data name="ANNO_INSTAL"><displayName>ANNO_INSTAL</displayName><value><![CDATA[2000]]></value></Data>
</ExtendedData>
<styleUrl>#style1</styleUrl>
	<Point>
		<coordinates>-72.66000825151812,-37.504496405151855,0.000</coordinates>
	</Point>
</Placemark>

<Placemark>
<name>5528</name>
<description><![CDATA[<p>
<br/>COD_GRIFO: 5528
<br/>EMPRESA: ESSBIO
<br/>ESTADO: VIGENTE
<br/>DIRECCION: SAN MARTIN 988
<br/>CAT_ZONA_RIESGO: SIN RIESGO
<br/>DIAMETRO_N: 100
<br/>DIAMETRO_C: 100
<br/>AÑO_INSTALACION: 2000</p>]]></description>
<ExtendedData>
	<Data name="fid"><displayName>fid</displayName><value><![CDATA[17]]></value></Data>
	<Data name="COD_GRIFO"><displayName>COD_GRIFO</displayName><value><![CDATA[5528]]></value></Data>
	<Data name="EMPRESA"><displayName>EMPRESA</displayName><value><![CDATA[ESSBIO]]></value></Data>
	<Data name="ESTADO"><displayName>ESTADO</displayName><value><![CDATA[VIGENTE]]></value></Data>
	<Data name="DIRECCION"><displayName>DIRECCION</displayName><value><![CDATA[SAN MARTIN 988]]></value></Data>
	<Data name="CAT_ZONA_RIESGO"><displayName>CAT_ZONA_RIESGO</displayName><value><![CDATA[SIN RIESGO]]></value></Data>
	<Data name="DIAMETRO_N"><displayName>DIAMETRO_N</displayName><value><![CDATA[100]]></value></Data>
	<Data name="DIAMETRO_C"><displayName>DIAMETRO_C</displayName><value><![CDATA[100]]></value></Data>
	<Data name="ANNO_INSTAL"><displayName>ANNO_INSTAL</displayName><value><![CDATA[2000]]></value></Data>
</ExtendedData>
<styleUrl>#style1</styleUrl>
	<Point>
		<coordinates>-72.67933415222335,-37.50012150909391,0.000</coordinates>
	</Point>
</Placemark>

<Placemark>
<name>5533</name>
<description><![CDATA[<p>
<br/>COD_GRIFO: 5533
<br/>EMPRESA: ESSBIO
<br/>ESTADO: VIGENTE
<br/>DIRECCION: FERNANDO VALENZUELA 1174
<br/>CAT_ZONA_RIESGO: SIN RIESGO
<br/>DIAMETRO_N: 100
<br/>DIAMETRO_C: 100
<br/>AÑO_INSTALACION: 2000</p>]]></description>
<ExtendedData>
	<Data name="fid"><displayName>fid</displayName><value><![CDATA[18]]></value></Data>
	<Data name="COD_GRIFO"><displayName>COD_GRIFO</displayName><value><![CDATA[5533]]></value></Data>
	<Data name="EMPRESA"><displayName>EMPRESA</displayName><value><![CDATA[ESSBIO]]></value></Data>
	<Data name="ESTADO"><displayName>ESTADO</displayName><value><![CDATA[VIGENTE]]></value></Data>
	<Data name="DIRECCION"><displayName>DIRECCION</displayName><value><![CDATA[FERNANDO VALENZUELA 1174]]></value></Data>
	<Data name="CAT_ZONA_RIESGO"><displayName>CAT_ZONA_RIESGO</displayName><value><![CDATA[SIN RIESGO]]></value></Data>
	<Data name="DIAMETRO_N"><displayName>DIAMETRO_N</displayName><value><![CDATA[100]]></value></Data>
	<Data name="DIAMETRO_C"><displayName>DIAMETRO_C</displayName><value><![CDATA[100]]></value></Data>
	<Data name="ANNO_INSTAL"><displayName>ANNO_INSTAL</displayName><value><![CDATA[2000]]></value></Data>
</ExtendedData>
<styleUrl>#style1</styleUrl>
	<Point>
		<coordinates>-72.68316325799735,-37.50133910877266,0.000</coordinates>
	</Point>
</Placemark>

<Placemark>
<name>359260</name>
<description><![CDATA[<p>
<br/>COD_GRIFO: 359260
<br/>EMPRESA: ESSBIO
<br/>ESTADO: VIGENTE
<br/>DIRECCION: PASTOR JOSE REYES 1121
<br/>CAT_ZONA_RIESGO: SIN RIESGO
<br/>DIAMETRO_N: 100
<br/>DIAMETRO_C: 100
<br/>AÑO_INSTALACION: 2017</p>]]></description>
<ExtendedData>
	<Data name="fid"><displayName>fid</displayName><value><![CDATA[19]]></value></Data>
	<Data name="COD_GRIFO"><displayName>COD_GRIFO</displayName><value><![CDATA[359260]]></value></Data>
	<Data name="EMPRESA"><displayName>EMPRESA</displayName><value><![CDATA[ESSBIO]]></value></Data>
	<Data name="ESTADO"><displayName>ESTADO</displayName><value><![CDATA[VIGENTE]]></value></Data>
	<Data name="DIRECCION"><displayName>DIRECCION</displayName><value><![CDATA[PASTOR JOSE REYES 1121]]></value></Data>
	<Data name="CAT_ZONA_RIESGO"><displayName>CAT_ZONA_RIESGO</displayName><value><![CDATA[SIN RIESGO]]></value></Data>
	<Data name="DIAMETRO_N"><displayName>DIAMETRO_N</displayName><value><![CDATA[100]]></value></Data>
	<Data name="DIAMETRO_C"><displayName>DIAMETRO_C</displayName><value><![CDATA[100]]></value></Data>
	<Data name="ANNO_INSTAL"><displayName>ANNO_INSTAL</displayName><value><![CDATA[2017]]></value></Data>
</ExtendedData>
<styleUrl>#style1</styleUrl>
	<Point>
		<coordinates>-72.69123381893914,-37.50152945580197,0.000</coordinates>
	</Point>
</Placemark>

<Placemark>
<name>5666</name>
<description><![CDATA[<p>
<br/>COD_GRIFO: 5666
<br/>EMPRESA: ESSBIO
<br/>ESTADO: VIGENTE
<br/>DIRECCION: PJE.SAN FRANCISCO 1374
<br/>CAT_ZONA_RIESGO: HOSPITALES, COLEGIOS, CARCELES Y CENTROS COMERCIALES
<br/>DIAMETRO_N: 100
<br/>DIAMETRO_C: 110
<br/>AÑO_INSTALACION: 2000</p>]]></description>
<ExtendedData>
	<Data name="fid"><displayName>fid</displayName><value><![CDATA[20]]></value></Data>
	<Data name="COD_GRIFO"><displayName>COD_GRIFO</displayName><value><![CDATA[5666]]></value></Data>
	<Data name="EMPRESA"><displayName>EMPRESA</displayName><value><![CDATA[ESSBIO]]></value></Data>
	<Data name="ESTADO"><displayName>ESTADO</displayName><value><![CDATA[VIGENTE]]></value></Data>
	<Data name="DIRECCION"><displayName>DIRECCION</displayName><value><![CDATA[PJE.SAN FRANCISCO 1374]]></value></Data>
	<Data name="CAT_ZONA_RIESGO"><displayName>CAT_ZONA_RIESGO</displayName><value><![CDATA[HOSPITALES, COLEGIOS, CARCELES Y CENTROS COMERCIALES]]></value></Data>
	<Data name="DIAMETRO_N"><displayName>DIAMETRO_N</displayName><value><![CDATA[100]]></value></Data>
	<Data name="DIAMETRO_C"><displayName>DIAMETRO_C</displayName><value><![CDATA[110]]></value></Data>
	<Data name="ANNO_INSTAL"><displayName>ANNO_INSTAL</displayName><value><![CDATA[2000]]></value></Data>
</ExtendedData>
<styleUrl>#style1</styleUrl>
	<Point>
		<coordinates>-72.68669374490518,-37.491293194146245,0.000</coordinates>
	</Point>
</Placemark>

<Placemark>
<name>5673</name>
<description><![CDATA[<p>
<br/>COD_GRIFO: 5673
<br/>EMPRESA: ESSBIO
<br/>ESTADO: VIGENTE
<br/>DIRECCION: V TOLEDO 1171
<br/>CAT_ZONA_RIESGO: HOSPITALES, COLEGIOS, CARCELES Y CENTROS COMERCIALES
<br/>DIAMETRO_N: 100
<br/>DIAMETRO_C: 110
<br/>AÑO_INSTALACION: 2000</p>]]></description>
<ExtendedData>
	<Data name="fid"><displayName>fid</displayName><value><![CDATA[21]]></value></Data>
	<Data name="COD_GRIFO"><displayName>COD_GRIFO</displayName><value><![CDATA[5673]]></value></Data>
	<Data name="EMPRESA"><displayName>EMPRESA</displayName><value><![CDATA[ESSBIO]]></value></Data>
	<Data name="ESTADO"><displayName>ESTADO</displayName><value><![CDATA[VIGENTE]]></value></Data>
	<Data name="DIRECCION"><displayName>DIRECCION</displayName><value><![CDATA[V TOLEDO 1171]]></value></Data>
	<Data name="CAT_ZONA_RIESGO"><displayName>CAT_ZONA_RIESGO</displayName><value><![CDATA[HOSPITALES, COLEGIOS, CARCELES Y CENTROS COMERCIALES]]></value></Data>
	<Data name="DIAMETRO_N"><displayName>DIAMETRO_N</displayName><value><![CDATA[100]]></value></Data>
	<Data name="DIAMETRO_C"><displayName>DIAMETRO_C</displayName><value><![CDATA[110]]></value></Data>
	<Data name="ANNO_INSTAL"><displayName>ANNO_INSTAL</displayName><value><![CDATA[2000]]></value></Data>
</ExtendedData>
<styleUrl>#style1</styleUrl>
	<Point>
		<coordinates>-72.68879673171564,-37.50559045862569,0.000</coordinates>
	</Point>
</Placemark>

<Placemark>
<name>5532</name>
<description><![CDATA[<p>
<br/>COD_GRIFO: 5532
<br/>EMPRESA: ESSBIO
<br/>ESTADO: VIGENTE
<br/>DIRECCION: C MEDINA 1165
<br/>CAT_ZONA_RIESGO: SIN RIESGO
<br/>DIAMETRO_N: 100
<br/>DIAMETRO_C: 100
<br/>AÑO_INSTALACION: 2000</p>]]></description>
<ExtendedData>
	<Data name="fid"><displayName>fid</displayName><value><![CDATA[22]]></value></Data>
	<Data name="COD_GRIFO"><displayName>COD_GRIFO</displayName><value><![CDATA[5532]]></value></Data>
	<Data name="EMPRESA"><displayName>EMPRESA</displayName><value><![CDATA[ESSBIO]]></value></Data>
	<Data name="ESTADO"><displayName>ESTADO</displayName><value><![CDATA[VIGENTE]]></value></Data>
	<Data name="DIRECCION"><displayName>DIRECCION</displayName><value><![CDATA[C MEDINA 1165]]></value></Data>
	<Data name="CAT_ZONA_RIESGO"><displayName>CAT_ZONA_RIESGO</displayName><value><![CDATA[SIN RIESGO]]></value></Data>
	<Data name="DIAMETRO_N"><displayName>DIAMETRO_N</displayName><value><![CDATA[100]]></value></Data>
	<Data name="DIAMETRO_C"><displayName>DIAMETRO_C</displayName><value><![CDATA[100]]></value></Data>
	<Data name="ANNO_INSTAL"><displayName>ANNO_INSTAL</displayName><value><![CDATA[2000]]></value></Data>
</ExtendedData>
<styleUrl>#style1</styleUrl>
	<Point>
		<coordinates>-72.68333784313835,-37.50035746291508,0.000</coordinates>
	</Point>
</Placemark>

<Placemark>
<name>5773</name>
<description><![CDATA[<p>
<br/>COD_GRIFO: 5773
<br/>EMPRESA: ESSBIO
<br/>ESTADO: VIGENTE
<br/>DIRECCION: ESTADIO 1205
<br/>CAT_ZONA_RIESGO: SIN RIESGO
<br/>DIAMETRO_N: 100
<br/>DIAMETRO_C: 100
<br/>AÑO_INSTALACION: 2000</p>]]></description>
<ExtendedData>
	<Data name="fid"><displayName>fid</displayName><value><![CDATA[23]]></value></Data>
	<Data name="COD_GRIFO"><displayName>COD_GRIFO</displayName><value><![CDATA[5773]]></value></Data>
	<Data name="EMPRESA"><displayName>EMPRESA</displayName><value><![CDATA[ESSBIO]]></value></Data>
	<Data name="ESTADO"><displayName>ESTADO</displayName><value><![CDATA[VIGENTE]]></value></Data>
	<Data name="DIRECCION"><displayName>DIRECCION</displayName><value><![CDATA[ESTADIO 1205]]></value></Data>
	<Data name="CAT_ZONA_RIESGO"><displayName>CAT_ZONA_RIESGO</displayName><value><![CDATA[SIN RIESGO]]></value></Data>
	<Data name="DIAMETRO_N"><displayName>DIAMETRO_N</displayName><value><![CDATA[100]]></value></Data>
	<Data name="DIAMETRO_C"><displayName>DIAMETRO_C</displayName><value><![CDATA[100]]></value></Data>
	<Data name="ANNO_INSTAL"><displayName>ANNO_INSTAL</displayName><value><![CDATA[2000]]></value></Data>
</ExtendedData>
<styleUrl>#style1</styleUrl>
	<Point>
		<coordinates>-72.67964206846891,-37.50819560804559,0.000</coordinates>
	</Point>
</Placemark>

<Placemark>
<name>345248</name>
<description><![CDATA[<p>
<br/>COD_GRIFO: 345248
<br/>EMPRESA: ESSBIO
<br/>ESTADO: VIGENTE
<br/>DIRECCION: JULIO HEMMELMANN S/N
<br/>CAT_ZONA_RIESGO: SIN RIESGO
<br/>DIAMETRO_N: 100
<br/>DIAMETRO_C: 100
<br/>AÑO_INSTALACION: 2015</p>]]></description>
<ExtendedData>
	<Data name="fid"><displayName>fid</displayName><value><![CDATA[24]]></value></Data>
	<Data name="COD_GRIFO"><displayName>COD_GRIFO</displayName><value><![CDATA[345248]]></value></Data>
	<Data name="EMPRESA"><displayName>EMPRESA</displayName><value><![CDATA[ESSBIO]]></value></Data>
	<Data name="ESTADO"><displayName>ESTADO</displayName><value><![CDATA[VIGENTE]]></value></Data>
	<Data name="DIRECCION"><displayName>DIRECCION</displayName><value><![CDATA[JULIO HEMMELMANN S/N]]></value></Data>
	<Data name="CAT_ZONA_RIESGO"><displayName>CAT_ZONA_RIESGO</displayName><value><![CDATA[SIN RIESGO]]></value></Data>
	<Data name="DIAMETRO_N"><displayName>DIAMETRO_N</displayName><value><![CDATA[100]]></value></Data>
	<Data name="DIAMETRO_C"><displayName>DIAMETRO_C</displayName><value><![CDATA[100]]></value></Data>
	<Data name="ANNO_INSTAL"><displayName>ANNO_INSTAL</displayName><value><![CDATA[2015]]></value></Data>
</ExtendedData>
<styleUrl>#style1</styleUrl>
	<Point>
		<coordinates>-72.67146589410393,-37.50881333738244,0.000</coordinates>
	</Point>
</Placemark>

<Placemark>
<name>5641</name>
<description><![CDATA[<p>
<br/>COD_GRIFO: 5641
<br/>EMPRESA: ESSBIO
<br/>ESTADO: VIGENTE
<br/>DIRECCION: SAN GREGORIO 55
<br/>CAT_ZONA_RIESGO: SIN RIESGO
<br/>DIAMETRO_N: 100
<br/>DIAMETRO_C: 100
<br/>AÑO_INSTALACION: 2000</p>]]></description>
<ExtendedData>
	<Data name="fid"><displayName>fid</displayName><value><![CDATA[25]]></value></Data>
	<Data name="COD_GRIFO"><displayName>COD_GRIFO</displayName><value><![CDATA[5641]]></value></Data>
	<Data name="EMPRESA"><displayName>EMPRESA</displayName><value><![CDATA[ESSBIO]]></value></Data>
	<Data name="ESTADO"><displayName>ESTADO</displayName><value><![CDATA[VIGENTE]]></value></Data>
	<Data name="DIRECCION"><displayName>DIRECCION</displayName><value><![CDATA[SAN GREGORIO 55]]></value></Data>
	<Data name="CAT_ZONA_RIESGO"><displayName>CAT_ZONA_RIESGO</displayName><value><![CDATA[SIN RIESGO]]></value></Data>
	<Data name="DIAMETRO_N"><displayName>DIAMETRO_N</displayName><value><![CDATA[100]]></value></Data>
	<Data name="DIAMETRO_C"><displayName>DIAMETRO_C</displayName><value><![CDATA[100]]></value></Data>
	<Data name="ANNO_INSTAL"><displayName>ANNO_INSTAL</displayName><value><![CDATA[2000]]></value></Data>
</ExtendedData>
<styleUrl>#style1</styleUrl>
	<Point>
		<coordinates>-72.6579374440055,-37.50561314259672,0.000</coordinates>
	</Point>
</Placemark>

<Placemark>
<name>5767</name>
<description><![CDATA[<p>
<br/>COD_GRIFO: 5767
<br/>EMPRESA: ESSBIO
<br/>ESTADO: VIGENTE
<br/>DIRECCION: EL ALAMO 948
<br/>CAT_ZONA_RIESGO: SIN RIESGO
<br/>DIAMETRO_N: 100
<br/>DIAMETRO_C: 100
<br/>AÑO_INSTALACION: 2000</p>]]></description>
<ExtendedData>
	<Data name="fid"><displayName>fid</displayName><value><![CDATA[26]]></value></Data>
	<Data name="COD_GRIFO"><displayName>COD_GRIFO</displayName><value><![CDATA[5767]]></value></Data>
	<Data name="EMPRESA"><displayName>EMPRESA</displayName><value><![CDATA[ESSBIO]]></value></Data>
	<Data name="ESTADO"><displayName>ESTADO</displayName><value><![CDATA[VIGENTE]]></value></Data>
	<Data name="DIRECCION"><displayName>DIRECCION</displayName><value><![CDATA[EL ALAMO 948]]></value></Data>
	<Data name="CAT_ZONA_RIESGO"><displayName>CAT_ZONA_RIESGO</displayName><value><![CDATA[SIN RIESGO]]></value></Data>
	<Data name="DIAMETRO_N"><displayName>DIAMETRO_N</displayName><value><![CDATA[100]]></value></Data>
	<Data name="DIAMETRO_C"><displayName>DIAMETRO_C</displayName><value><![CDATA[100]]></value></Data>
	<Data name="ANNO_INSTAL"><displayName>ANNO_INSTAL</displayName><value><![CDATA[2000]]></value></Data>
</ExtendedData>
<styleUrl>#style1</styleUrl>
	<Point>
		<coordinates>-72.67870915785049,-37.50480450744,0.000</coordinates>
	</Point>
</Placemark>

<Placemark>
<name>307111</name>
<description><![CDATA[<p>
<br/>COD_GRIFO: 307111
<br/>EMPRESA: ESSBIO
<br/>ESTADO: VIGENTE
<br/>DIRECCION: JUDITH MARTINEZ CASTILLO 1390
<br/>CAT_ZONA_RIESGO: SIN RIESGO
<br/>DIAMETRO_N: 100
<br/>DIAMETRO_C: 100
<br/>AÑO_INSTALACION: 2010</p>]]></description>
<ExtendedData>
	<Data name="fid"><displayName>fid</displayName><value><![CDATA[27]]></value></Data>
	<Data name="COD_GRIFO"><displayName>COD_GRIFO</displayName><value><![CDATA[307111]]></value></Data>
	<Data name="EMPRESA"><displayName>EMPRESA</displayName><value><![CDATA[ESSBIO]]></value></Data>
	<Data name="ESTADO"><displayName>ESTADO</displayName><value><![CDATA[VIGENTE]]></value></Data>
	<Data name="DIRECCION"><displayName>DIRECCION</displayName><value><![CDATA[JUDITH MARTINEZ CASTILLO 1390]]></value></Data>
	<Data name="CAT_ZONA_RIESGO"><displayName>CAT_ZONA_RIESGO</displayName><value><![CDATA[SIN RIESGO]]></value></Data>
	<Data name="DIAMETRO_N"><displayName>DIAMETRO_N</displayName><value><![CDATA[100]]></value></Data>
	<Data name="DIAMETRO_C"><displayName>DIAMETRO_C</displayName><value><![CDATA[100]]></value></Data>
	<Data name="ANNO_INSTAL"><displayName>ANNO_INSTAL</displayName><value><![CDATA[2010]]></value></Data>
</ExtendedData>
<styleUrl>#style1</styleUrl>
	<Point>
		<coordinates>-72.686636780084,-37.49269710558185,0.000</coordinates>
	</Point>
</Placemark>

<Placemark>
<name>5644</name>
<description><![CDATA[<p>
<br/>COD_GRIFO: 5644
<br/>EMPRESA: ESSBIO
<br/>ESTADO: VIGENTE
<br/>DIRECCION: PJE.ESTACION 23
<br/>CAT_ZONA_RIESGO: SIN RIESGO
<br/>DIAMETRO_N: 100
<br/>DIAMETRO_C: 100
<br/>AÑO_INSTALACION: 2000</p>]]></description>
<ExtendedData>
	<Data name="fid"><displayName>fid</displayName><value><![CDATA[28]]></value></Data>
	<Data name="COD_GRIFO"><displayName>COD_GRIFO</displayName><value><![CDATA[5644]]></value></Data>
	<Data name="EMPRESA"><displayName>EMPRESA</displayName><value><![CDATA[ESSBIO]]></value></Data>
	<Data name="ESTADO"><displayName>ESTADO</displayName><value><![CDATA[VIGENTE]]></value></Data>
	<Data name="DIRECCION"><displayName>DIRECCION</displayName><value><![CDATA[PJE.ESTACION 23]]></value></Data>
	<Data name="CAT_ZONA_RIESGO"><displayName>CAT_ZONA_RIESGO</displayName><value><![CDATA[SIN RIESGO]]></value></Data>
	<Data name="DIAMETRO_N"><displayName>DIAMETRO_N</displayName><value><![CDATA[100]]></value></Data>
	<Data name="DIAMETRO_C"><displayName>DIAMETRO_C</displayName><value><![CDATA[100]]></value></Data>
	<Data name="ANNO_INSTAL"><displayName>ANNO_INSTAL</displayName><value><![CDATA[2000]]></value></Data>
</ExtendedData>
<styleUrl>#style1</styleUrl>
	<Point>
		<coordinates>-72.65912879930619,-37.50570384988474,0.000</coordinates>
	</Point>
</Placemark>

<Placemark>
<name>5687</name>
<description><![CDATA[<p>
<br/>COD_GRIFO: 5687
<br/>EMPRESA: ESSBIO
<br/>ESTADO: VIGENTE
<br/>DIRECCION: LAS MINAS 101
<br/>CAT_ZONA_RIESGO: SIN RIESGO
<br/>DIAMETRO_N: 100
<br/>DIAMETRO_C: 100
<br/>AÑO_INSTALACION: 2000</p>]]></description>
<ExtendedData>
	<Data name="fid"><displayName>fid</displayName><value><![CDATA[29]]></value></Data>
	<Data name="COD_GRIFO"><displayName>COD_GRIFO</displayName><value><![CDATA[5687]]></value></Data>
	<Data name="EMPRESA"><displayName>EMPRESA</displayName><value><![CDATA[ESSBIO]]></value></Data>
	<Data name="ESTADO"><displayName>ESTADO</displayName><value><![CDATA[VIGENTE]]></value></Data>
	<Data name="DIRECCION"><displayName>DIRECCION</displayName><value><![CDATA[LAS MINAS 101]]></value></Data>
	<Data name="CAT_ZONA_RIESGO"><displayName>CAT_ZONA_RIESGO</displayName><value><![CDATA[SIN RIESGO]]></value></Data>
	<Data name="DIAMETRO_N"><displayName>DIAMETRO_N</displayName><value><![CDATA[100]]></value></Data>
	<Data name="DIAMETRO_C"><displayName>DIAMETRO_C</displayName><value><![CDATA[100]]></value></Data>
	<Data name="ANNO_INSTAL"><displayName>ANNO_INSTAL</displayName><value><![CDATA[2000]]></value></Data>
</ExtendedData>
<styleUrl>#style1</styleUrl>
	<Point>
		<coordinates>-72.67494321485535,-37.49673141694349,0.000</coordinates>
	</Point>
</Placemark>

<Placemark>
<name>4888</name>
<description><![CDATA[<p>
<br/>COD_GRIFO: 4888
<br/>EMPRESA: ESSBIO
<br/>ESTADO: VIGENTE
<br/>DIRECCION: MILAN 1084
<br/>CAT_ZONA_RIESGO: SIN RIESGO
<br/>DIAMETRO_N: 100
<br/>DIAMETRO_C: 100
<br/>AÑO_INSTALACION: 2000</p>]]></description>
<ExtendedData>
	<Data name="fid"><displayName>fid</displayName><value><![CDATA[30]]></value></Data>
	<Data name="COD_GRIFO"><displayName>COD_GRIFO</displayName><value><![CDATA[4888]]></value></Data>
	<Data name="EMPRESA"><displayName>EMPRESA</displayName><value><![CDATA[ESSBIO]]></value></Data>
	<Data name="ESTADO"><displayName>ESTADO</displayName><value><![CDATA[VIGENTE]]></value></Data>
	<Data name="DIRECCION"><displayName>DIRECCION</displayName><value><![CDATA[MILAN 1084]]></value></Data>
	<Data name="CAT_ZONA_RIESGO"><displayName>CAT_ZONA_RIESGO</displayName><value><![CDATA[SIN RIESGO]]></value></Data>
	<Data name="DIAMETRO_N"><displayName>DIAMETRO_N</displayName><value><![CDATA[100]]></value></Data>
	<Data name="DIAMETRO_C"><displayName>DIAMETRO_C</displayName><value><![CDATA[100]]></value></Data>
	<Data name="ANNO_INSTAL"><displayName>ANNO_INSTAL</displayName><value><![CDATA[2000]]></value></Data>
</ExtendedData>
<styleUrl>#style1</styleUrl>
	<Point>
		<coordinates>-72.6926443706689,-37.49552482504529,0.000</coordinates>
	</Point>
</Placemark>

<Placemark>
<name>5667</name>
<description><![CDATA[<p>
<br/>COD_GRIFO: 5667
<br/>EMPRESA: ESSBIO
<br/>ESTADO: VIGENTE
<br/>DIRECCION: DR.GONZALO FISCHER BRAÑAS 1333
<br/>CAT_ZONA_RIESGO: SIN RIESGO
<br/>DIAMETRO_N: 100
<br/>DIAMETRO_C: 100
<br/>AÑO_INSTALACION: 2000</p>]]></description>
<ExtendedData>
	<Data name="fid"><displayName>fid</displayName><value><![CDATA[31]]></value></Data>
	<Data name="COD_GRIFO"><displayName>COD_GRIFO</displayName><value><![CDATA[5667]]></value></Data>
	<Data name="EMPRESA"><displayName>EMPRESA</displayName><value><![CDATA[ESSBIO]]></value></Data>
	<Data name="ESTADO"><displayName>ESTADO</displayName><value><![CDATA[VIGENTE]]></value></Data>
	<Data name="DIRECCION"><displayName>DIRECCION</displayName><value><![CDATA[DR.GONZALO FISCHER BRAÑAS 1333]]></value></Data>
	<Data name="CAT_ZONA_RIESGO"><displayName>CAT_ZONA_RIESGO</displayName><value><![CDATA[SIN RIESGO]]></value></Data>
	<Data name="DIAMETRO_N"><displayName>DIAMETRO_N</displayName><value><![CDATA[100]]></value></Data>
	<Data name="DIAMETRO_C"><displayName>DIAMETRO_C</displayName><value><![CDATA[100]]></value></Data>
	<Data name="ANNO_INSTAL"><displayName>ANNO_INSTAL</displayName><value><![CDATA[2000]]></value></Data>
</ExtendedData>
<styleUrl>#style1</styleUrl>
	<Point>
		<coordinates>-72.6853797984195,-37.4944605749251,0.000</coordinates>
	</Point>
</Placemark>

<Placemark>
<name>5680</name>
<description><![CDATA[<p>
<br/>COD_GRIFO: 5680
<br/>EMPRESA: ESSBIO
<br/>ESTADO: VIGENTE
<br/>DIRECCION: RODRIGUEZ 335
<br/>CAT_ZONA_RIESGO: SIN RIESGO
<br/>DIAMETRO_N: 100
<br/>DIAMETRO_C: 100
<br/>AÑO_INSTALACION: 2000</p>]]></description>
<ExtendedData>
	<Data name="fid"><displayName>fid</displayName><value><![CDATA[32]]></value></Data>
	<Data name="COD_GRIFO"><displayName>COD_GRIFO</displayName><value><![CDATA[5680]]></value></Data>
	<Data name="EMPRESA"><displayName>EMPRESA</displayName><value><![CDATA[ESSBIO]]></value></Data>
	<Data name="ESTADO"><displayName>ESTADO</displayName><value><![CDATA[VIGENTE]]></value></Data>
	<Data name="DIRECCION"><displayName>DIRECCION</displayName><value><![CDATA[RODRIGUEZ 335]]></value></Data>
	<Data name="CAT_ZONA_RIESGO"><displayName>CAT_ZONA_RIESGO</displayName><value><![CDATA[SIN RIESGO]]></value></Data>
	<Data name="DIAMETRO_N"><displayName>DIAMETRO_N</displayName><value><![CDATA[100]]></value></Data>
	<Data name="DIAMETRO_C"><displayName>DIAMETRO_C</displayName><value><![CDATA[100]]></value></Data>
	<Data name="ANNO_INSTAL"><displayName>ANNO_INSTAL</displayName><value><![CDATA[2000]]></value></Data>
</ExtendedData>
<styleUrl>#style1</styleUrl>
	<Point>
		<coordinates>-72.6554093941532,-37.506278705828436,0.000</coordinates>
	</Point>
</Placemark>

<Placemark>
<name>5531</name>
<description><![CDATA[<p>
<br/>COD_GRIFO: 5531
<br/>EMPRESA: ESSBIO
<br/>ESTADO: VIGENTE
<br/>DIRECCION: FERNANDO VALENZUELA 1080
<br/>CAT_ZONA_RIESGO: SIN RIESGO
<br/>DIAMETRO_N: 100
<br/>DIAMETRO_C: 100
<br/>AÑO_INSTALACION: 2000</p>]]></description>
<ExtendedData>
	<Data name="fid"><displayName>fid</displayName><value><![CDATA[33]]></value></Data>
	<Data name="COD_GRIFO"><displayName>COD_GRIFO</displayName><value><![CDATA[5531]]></value></Data>
	<Data name="EMPRESA"><displayName>EMPRESA</displayName><value><![CDATA[ESSBIO]]></value></Data>
	<Data name="ESTADO"><displayName>ESTADO</displayName><value><![CDATA[VIGENTE]]></value></Data>
	<Data name="DIRECCION"><displayName>DIRECCION</displayName><value><![CDATA[FERNANDO VALENZUELA 1080]]></value></Data>
	<Data name="CAT_ZONA_RIESGO"><displayName>CAT_ZONA_RIESGO</displayName><value><![CDATA[SIN RIESGO]]></value></Data>
	<Data name="DIAMETRO_N"><displayName>DIAMETRO_N</displayName><value><![CDATA[100]]></value></Data>
	<Data name="DIAMETRO_C"><displayName>DIAMETRO_C</displayName><value><![CDATA[100]]></value></Data>
	<Data name="ANNO_INSTAL"><displayName>ANNO_INSTAL</displayName><value><![CDATA[2000]]></value></Data>
</ExtendedData>
<styleUrl>#style1</styleUrl>
	<Point>
		<coordinates>-72.681008059656,-37.50114881636252,0.000</coordinates>
	</Point>
</Placemark>

<Placemark>
<name>5774</name>
<description><![CDATA[<p>
<br/>COD_GRIFO: 5774
<br/>EMPRESA: ESSBIO
<br/>ESTADO: VIGENTE
<br/>DIRECCION: PRIETO 110
<br/>CAT_ZONA_RIESGO: SIN RIESGO
<br/>DIAMETRO_N: 100
<br/>DIAMETRO_C: 100
<br/>AÑO_INSTALACION: 2000</p>]]></description>
<ExtendedData>
	<Data name="fid"><displayName>fid</displayName><value><![CDATA[34]]></value></Data>
	<Data name="COD_GRIFO"><displayName>COD_GRIFO</displayName><value><![CDATA[5774]]></value></Data>
	<Data name="EMPRESA"><displayName>EMPRESA</displayName><value><![CDATA[ESSBIO]]></value></Data>
	<Data name="ESTADO"><displayName>ESTADO</displayName><value><![CDATA[VIGENTE]]></value></Data>
	<Data name="DIRECCION"><displayName>DIRECCION</displayName><value><![CDATA[PRIETO 110]]></value></Data>
	<Data name="CAT_ZONA_RIESGO"><displayName>CAT_ZONA_RIESGO</displayName><value><![CDATA[SIN RIESGO]]></value></Data>
	<Data name="DIAMETRO_N"><displayName>DIAMETRO_N</displayName><value><![CDATA[100]]></value></Data>
	<Data name="DIAMETRO_C"><displayName>DIAMETRO_C</displayName><value><![CDATA[100]]></value></Data>
	<Data name="ANNO_INSTAL"><displayName>ANNO_INSTAL</displayName><value><![CDATA[2000]]></value></Data>
</ExtendedData>
<styleUrl>#style1</styleUrl>
	<Point>
		<coordinates>-72.66807391397114,-37.499767133639345,0.000</coordinates>
	</Point>
</Placemark>

<Placemark>
<name>5677</name>
<description><![CDATA[<p>
<br/>COD_GRIFO: 5677
<br/>EMPRESA: ESSBIO
<br/>ESTADO: VIGENTE
<br/>DIRECCION: BERNASCONI 1043
<br/>CAT_ZONA_RIESGO: SIN RIESGO
<br/>DIAMETRO_N: 100
<br/>DIAMETRO_C: 100
<br/>AÑO_INSTALACION: 2000</p>]]></description>
<ExtendedData>
	<Data name="fid"><displayName>fid</displayName><value><![CDATA[35]]></value></Data>
	<Data name="COD_GRIFO"><displayName>COD_GRIFO</displayName><value><![CDATA[5677]]></value></Data>
	<Data name="EMPRESA"><displayName>EMPRESA</displayName><value><![CDATA[ESSBIO]]></value></Data>
	<Data name="ESTADO"><displayName>ESTADO</displayName><value><![CDATA[VIGENTE]]></value></Data>
	<Data name="DIRECCION"><displayName>DIRECCION</displayName><value><![CDATA[BERNASCONI 1043]]></value></Data>
	<Data name="CAT_ZONA_RIESGO"><displayName>CAT_ZONA_RIESGO</displayName><value><![CDATA[SIN RIESGO]]></value></Data>
	<Data name="DIAMETRO_N"><displayName>DIAMETRO_N</displayName><value><![CDATA[100]]></value></Data>
	<Data name="DIAMETRO_C"><displayName>DIAMETRO_C</displayName><value><![CDATA[100]]></value></Data>
	<Data name="ANNO_INSTAL"><displayName>ANNO_INSTAL</displayName><value><![CDATA[2000]]></value></Data>
</ExtendedData>
<styleUrl>#style1</styleUrl>
	<Point>
		<coordinates>-72.68546077200466,-37.50632030143068,0.000</coordinates>
	</Point>
</Placemark>

<Placemark>
<name>5486</name>
<description><![CDATA[<p>
<br/>COD_GRIFO: 5486
<br/>EMPRESA: ESSBIO
<br/>ESTADO: VIGENTE
<br/>DIRECCION: GABRIELA MISTRAL 820
<br/>CAT_ZONA_RIESGO: SIN RIESGO
<br/>DIAMETRO_N: 100
<br/>DIAMETRO_C: 100
<br/>AÑO_INSTALACION: 2000</p>]]></description>
<ExtendedData>
	<Data name="fid"><displayName>fid</displayName><value><![CDATA[36]]></value></Data>
	<Data name="COD_GRIFO"><displayName>COD_GRIFO</displayName><value><![CDATA[5486]]></value></Data>
	<Data name="EMPRESA"><displayName>EMPRESA</displayName><value><![CDATA[ESSBIO]]></value></Data>
	<Data name="ESTADO"><displayName>ESTADO</displayName><value><![CDATA[VIGENTE]]></value></Data>
	<Data name="DIRECCION"><displayName>DIRECCION</displayName><value><![CDATA[GABRIELA MISTRAL 820]]></value></Data>
	<Data name="CAT_ZONA_RIESGO"><displayName>CAT_ZONA_RIESGO</displayName><value><![CDATA[SIN RIESGO]]></value></Data>
	<Data name="DIAMETRO_N"><displayName>DIAMETRO_N</displayName><value><![CDATA[100]]></value></Data>
	<Data name="DIAMETRO_C"><displayName>DIAMETRO_C</displayName><value><![CDATA[100]]></value></Data>
	<Data name="ANNO_INSTAL"><displayName>ANNO_INSTAL</displayName><value><![CDATA[2000]]></value></Data>
</ExtendedData>
<styleUrl>#style1</styleUrl>
	<Point>
		<coordinates>-72.65611595702319,-37.50321757356495,0.000</coordinates>
	</Point>
</Placemark>

<Placemark>
<name>4873</name>
<description><![CDATA[<p>
<br/>COD_GRIFO: 4873
<br/>EMPRESA: ESSBIO
<br/>ESTADO: VIGENTE
<br/>DIRECCION: PEDRO AGUIRRE CERDA 1462
<br/>CAT_ZONA_RIESGO: SIN RIESGO
<br/>DIAMETRO_N: 100
<br/>DIAMETRO_C: 100
<br/>AÑO_INSTALACION: 2000</p>]]></description>
<ExtendedData>
	<Data name="fid"><displayName>fid</displayName><value><![CDATA[37]]></value></Data>
	<Data name="COD_GRIFO"><displayName>COD_GRIFO</displayName><value><![CDATA[4873]]></value></Data>
	<Data name="EMPRESA"><displayName>EMPRESA</displayName><value><![CDATA[ESSBIO]]></value></Data>
	<Data name="ESTADO"><displayName>ESTADO</displayName><value><![CDATA[VIGENTE]]></value></Data>
	<Data name="DIRECCION"><displayName>DIRECCION</displayName><value><![CDATA[PEDRO AGUIRRE CERDA 1462]]></value></Data>
	<Data name="CAT_ZONA_RIESGO"><displayName>CAT_ZONA_RIESGO</displayName><value><![CDATA[SIN RIESGO]]></value></Data>
	<Data name="DIAMETRO_N"><displayName>DIAMETRO_N</displayName><value><![CDATA[100]]></value></Data>
	<Data name="DIAMETRO_C"><displayName>DIAMETRO_C</displayName><value><![CDATA[100]]></value></Data>
	<Data name="ANNO_INSTAL"><displayName>ANNO_INSTAL</displayName><value><![CDATA[2000]]></value></Data>
</ExtendedData>
<styleUrl>#style1</styleUrl>
	<Point>
		<coordinates>-72.68605681279264,-37.499792007162576,0.000</coordinates>
	</Point>
</Placemark>

<Placemark>
<name>5520</name>
<description><![CDATA[<p>
<br/>COD_GRIFO: 5520
<br/>EMPRESA: ESSBIO
<br/>ESTADO: VIGENTE
<br/>DIRECCION: JOAQUIN PRIETO 309
<br/>CAT_ZONA_RIESGO: SIN RIESGO
<br/>DIAMETRO_N: 100
<br/>DIAMETRO_C: 100
<br/>AÑO_INSTALACION: 2000</p>]]></description>
<ExtendedData>
	<Data name="fid"><displayName>fid</displayName><value><![CDATA[38]]></value></Data>
	<Data name="COD_GRIFO"><displayName>COD_GRIFO</displayName><value><![CDATA[5520]]></value></Data>
	<Data name="EMPRESA"><displayName>EMPRESA</displayName><value><![CDATA[ESSBIO]]></value></Data>
	<Data name="ESTADO"><displayName>ESTADO</displayName><value><![CDATA[VIGENTE]]></value></Data>
	<Data name="DIRECCION"><displayName>DIRECCION</displayName><value><![CDATA[JOAQUIN PRIETO 309]]></value></Data>
	<Data name="CAT_ZONA_RIESGO"><displayName>CAT_ZONA_RIESGO</displayName><value><![CDATA[SIN RIESGO]]></value></Data>
	<Data name="DIAMETRO_N"><displayName>DIAMETRO_N</displayName><value><![CDATA[100]]></value></Data>
	<Data name="DIAMETRO_C"><displayName>DIAMETRO_C</displayName><value><![CDATA[100]]></value></Data>
	<Data name="ANNO_INSTAL"><displayName>ANNO_INSTAL</displayName><value><![CDATA[2000]]></value></Data>
</ExtendedData>
<styleUrl>#style1</styleUrl>
	<Point>
		<coordinates>-72.67015442082324,-37.50076033455894,0.000</coordinates>
	</Point>
</Placemark>

<Placemark>
<name>5529</name>
<description><![CDATA[<p>
<br/>COD_GRIFO: 5529
<br/>EMPRESA: ESSBIO
<br/>ESTADO: VIGENTE
<br/>DIRECCION: RUBEN DARIO 548
<br/>CAT_ZONA_RIESGO: SIN RIESGO
<br/>DIAMETRO_N: 100
<br/>DIAMETRO_C: 100
<br/>AÑO_INSTALACION: 2000</p>]]></description>
<ExtendedData>
	<Data name="fid"><displayName>fid</displayName><value><![CDATA[39]]></value></Data>
	<Data name="COD_GRIFO"><displayName>COD_GRIFO</displayName><value><![CDATA[5529]]></value></Data>
	<Data name="EMPRESA"><displayName>EMPRESA</displayName><value><![CDATA[ESSBIO]]></value></Data>
	<Data name="ESTADO"><displayName>ESTADO</displayName><value><![CDATA[VIGENTE]]></value></Data>
	<Data name="DIRECCION"><displayName>DIRECCION</displayName><value><![CDATA[RUBEN DARIO 548]]></value></Data>
	<Data name="CAT_ZONA_RIESGO"><displayName>CAT_ZONA_RIESGO</displayName><value><![CDATA[SIN RIESGO]]></value></Data>
	<Data name="DIAMETRO_N"><displayName>DIAMETRO_N</displayName><value><![CDATA[100]]></value></Data>
	<Data name="DIAMETRO_C"><displayName>DIAMETRO_C</displayName><value><![CDATA[100]]></value></Data>
	<Data name="ANNO_INSTAL"><displayName>ANNO_INSTAL</displayName><value><![CDATA[2000]]></value></Data>
</ExtendedData>
<styleUrl>#style1</styleUrl>
	<Point>
		<coordinates>-72.67878071990467,-37.50127135813814,0.000</coordinates>
	</Point>
</Placemark>

<Placemark>
<name>5506</name>
<description><![CDATA[<p>
<br/>COD_GRIFO: 5506
<br/>EMPRESA: ESSBIO
<br/>ESTADO: VIGENTE
<br/>DIRECCION: AV.J HEMMELMANN 957
<br/>CAT_ZONA_RIESGO: SIN RIESGO
<br/>DIAMETRO_N: 100
<br/>DIAMETRO_C: 100
<br/>AÑO_INSTALACION: 2000</p>]]></description>
<ExtendedData>
	<Data name="fid"><displayName>fid</displayName><value><![CDATA[40]]></value></Data>
	<Data name="COD_GRIFO"><displayName>COD_GRIFO</displayName><value><![CDATA[5506]]></value></Data>
	<Data name="EMPRESA"><displayName>EMPRESA</displayName><value><![CDATA[ESSBIO]]></value></Data>
	<Data name="ESTADO"><displayName>ESTADO</displayName><value><![CDATA[VIGENTE]]></value></Data>
	<Data name="DIRECCION"><displayName>DIRECCION</displayName><value><![CDATA[AV.J HEMMELMANN 957]]></value></Data>
	<Data name="CAT_ZONA_RIESGO"><displayName>CAT_ZONA_RIESGO</displayName><value><![CDATA[SIN RIESGO]]></value></Data>
	<Data name="DIAMETRO_N"><displayName>DIAMETRO_N</displayName><value><![CDATA[100]]></value></Data>
	<Data name="DIAMETRO_C"><displayName>DIAMETRO_C</displayName><value><![CDATA[100]]></value></Data>
	<Data name="ANNO_INSTAL"><displayName>ANNO_INSTAL</displayName><value><![CDATA[2000]]></value></Data>
</ExtendedData>
<styleUrl>#style1</styleUrl>
	<Point>
		<coordinates>-72.68083294259988,-37.50689532837166,0.000</coordinates>
	</Point>
</Placemark>

<Placemark>
<name>4882</name>
<description><![CDATA[<p>
<br/>COD_GRIFO: 4882
<br/>EMPRESA: ESSBIO
<br/>ESTADO: VIGENTE
<br/>DIRECCION: PADRE ENRIQUE 1110
<br/>CAT_ZONA_RIESGO: SIN RIESGO
<br/>DIAMETRO_N: 100
<br/>DIAMETRO_C: 100
<br/>AÑO_INSTALACION: 2000</p>]]></description>
<ExtendedData>
	<Data name="fid"><displayName>fid</displayName><value><![CDATA[41]]></value></Data>
	<Data name="COD_GRIFO"><displayName>COD_GRIFO</displayName><value><![CDATA[4882]]></value></Data>
	<Data name="EMPRESA"><displayName>EMPRESA</displayName><value><![CDATA[ESSBIO]]></value></Data>
	<Data name="ESTADO"><displayName>ESTADO</displayName><value><![CDATA[VIGENTE]]></value></Data>
	<Data name="DIRECCION"><displayName>DIRECCION</displayName><value><![CDATA[PADRE ENRIQUE 1110]]></value></Data>
	<Data name="CAT_ZONA_RIESGO"><displayName>CAT_ZONA_RIESGO</displayName><value><![CDATA[SIN RIESGO]]></value></Data>
	<Data name="DIAMETRO_N"><displayName>DIAMETRO_N</displayName><value><![CDATA[100]]></value></Data>
	<Data name="DIAMETRO_C"><displayName>DIAMETRO_C</displayName><value><![CDATA[100]]></value></Data>
	<Data name="ANNO_INSTAL"><displayName>ANNO_INSTAL</displayName><value><![CDATA[2000]]></value></Data>
</ExtendedData>
<styleUrl>#style1</styleUrl>
	<Point>
		<coordinates>-72.6822989737224,-37.49670934304646,0.000</coordinates>
	</Point>
</Placemark>

<Placemark>
<name>4879</name>
<description><![CDATA[<p>
<br/>COD_GRIFO: 4879
<br/>EMPRESA: ESSBIO
<br/>ESTADO: VIGENTE
<br/>DIRECCION: VILLA ALEGRE 1140
<br/>CAT_ZONA_RIESGO: HOSPITALES, COLEGIOS, CARCELES Y CENTROS COMERCIALES
<br/>DIAMETRO_N: 100
<br/>DIAMETRO_C: 125
<br/>AÑO_INSTALACION: 2000</p>]]></description>
<ExtendedData>
	<Data name="fid"><displayName>fid</displayName><value><![CDATA[42]]></value></Data>
	<Data name="COD_GRIFO"><displayName>COD_GRIFO</displayName><value><![CDATA[4879]]></value></Data>
	<Data name="EMPRESA"><displayName>EMPRESA</displayName><value><![CDATA[ESSBIO]]></value></Data>
	<Data name="ESTADO"><displayName>ESTADO</displayName><value><![CDATA[VIGENTE]]></value></Data>
	<Data name="DIRECCION"><displayName>DIRECCION</displayName><value><![CDATA[VILLA ALEGRE 1140]]></value></Data>
	<Data name="CAT_ZONA_RIESGO"><displayName>CAT_ZONA_RIESGO</displayName><value><![CDATA[HOSPITALES, COLEGIOS, CARCELES Y CENTROS COMERCIALES]]></value></Data>
	<Data name="DIAMETRO_N"><displayName>DIAMETRO_N</displayName><value><![CDATA[100]]></value></Data>
	<Data name="DIAMETRO_C"><displayName>DIAMETRO_C</displayName><value><![CDATA[125]]></value></Data>
	<Data name="ANNO_INSTAL"><displayName>ANNO_INSTAL</displayName><value><![CDATA[2000]]></value></Data>
</ExtendedData>
<styleUrl>#style1</styleUrl>
	<Point>
		<coordinates>-72.68046772565617,-37.49552480181653,0.000</coordinates>
	</Point>
</Placemark>

<Placemark>
<name>5686</name>
<description><![CDATA[<p>
<br/>COD_GRIFO: 5686
<br/>EMPRESA: ESSBIO
<br/>ESTADO: VIGENTE
<br/>DIRECCION: LA SUERTE 1236
<br/>CAT_ZONA_RIESGO: SIN RIESGO
<br/>DIAMETRO_N: 100
<br/>DIAMETRO_C: 100
<br/>AÑO_INSTALACION: 2000</p>]]></description>
<ExtendedData>
	<Data name="fid"><displayName>fid</displayName><value><![CDATA[43]]></value></Data>
	<Data name="COD_GRIFO"><displayName>COD_GRIFO</displayName><value><![CDATA[5686]]></value></Data>
	<Data name="EMPRESA"><displayName>EMPRESA</displayName><value><![CDATA[ESSBIO]]></value></Data>
	<Data name="ESTADO"><displayName>ESTADO</displayName><value><![CDATA[VIGENTE]]></value></Data>
	<Data name="DIRECCION"><displayName>DIRECCION</displayName><value><![CDATA[LA SUERTE 1236]]></value></Data>
	<Data name="CAT_ZONA_RIESGO"><displayName>CAT_ZONA_RIESGO</displayName><value><![CDATA[SIN RIESGO]]></value></Data>
	<Data name="DIAMETRO_N"><displayName>DIAMETRO_N</displayName><value><![CDATA[100]]></value></Data>
	<Data name="DIAMETRO_C"><displayName>DIAMETRO_C</displayName><value><![CDATA[100]]></value></Data>
	<Data name="ANNO_INSTAL"><displayName>ANNO_INSTAL</displayName><value><![CDATA[2000]]></value></Data>
</ExtendedData>
<styleUrl>#style1</styleUrl>
	<Point>
		<coordinates>-72.67937431540714,-37.51034526516622,0.000</coordinates>
	</Point>
</Placemark>

<Placemark>
<name>5747</name>
<description><![CDATA[<p>
<br/>COD_GRIFO: 5747
<br/>EMPRESA: ESSBIO
<br/>ESTADO: VIGENTE
<br/>DIRECCION: AV.LAUTARO 196
<br/>CAT_ZONA_RIESGO: SIN RIESGO
<br/>DIAMETRO_N: 100
<br/>DIAMETRO_C: 110
<br/>AÑO_INSTALACION: 2000</p>]]></description>
<ExtendedData>
	<Data name="fid"><displayName>fid</displayName><value><![CDATA[44]]></value></Data>
	<Data name="COD_GRIFO"><displayName>COD_GRIFO</displayName><value><![CDATA[5747]]></value></Data>
	<Data name="EMPRESA"><displayName>EMPRESA</displayName><value><![CDATA[ESSBIO]]></value></Data>
	<Data name="ESTADO"><displayName>ESTADO</displayName><value><![CDATA[VIGENTE]]></value></Data>
	<Data name="DIRECCION"><displayName>DIRECCION</displayName><value><![CDATA[AV.LAUTARO 196]]></value></Data>
	<Data name="CAT_ZONA_RIESGO"><displayName>CAT_ZONA_RIESGO</displayName><value><![CDATA[SIN RIESGO]]></value></Data>
	<Data name="DIAMETRO_N"><displayName>DIAMETRO_N</displayName><value><![CDATA[100]]></value></Data>
	<Data name="DIAMETRO_C"><displayName>DIAMETRO_C</displayName><value><![CDATA[110]]></value></Data>
	<Data name="ANNO_INSTAL"><displayName>ANNO_INSTAL</displayName><value><![CDATA[2000]]></value></Data>
</ExtendedData>
<styleUrl>#style1</styleUrl>
	<Point>
		<coordinates>-72.65671394998962,-37.51039532894634,0.000</coordinates>
	</Point>
</Placemark>

<Placemark>
<name>5841</name>
<description><![CDATA[<p>
<br/>COD_GRIFO: 5841
<br/>EMPRESA: ESSBIO
<br/>ESTADO: VIGENTE
<br/>DIRECCION: FREIRE 219
<br/>CAT_ZONA_RIESGO: SIN RIESGO
<br/>DIAMETRO_N: 100
<br/>DIAMETRO_C: 100
<br/>AÑO_INSTALACION: 2000</p>]]></description>
<ExtendedData>
	<Data name="fid"><displayName>fid</displayName><value><![CDATA[45]]></value></Data>
	<Data name="COD_GRIFO"><displayName>COD_GRIFO</displayName><value><![CDATA[5841]]></value></Data>
	<Data name="EMPRESA"><displayName>EMPRESA</displayName><value><![CDATA[ESSBIO]]></value></Data>
	<Data name="ESTADO"><displayName>ESTADO</displayName><value><![CDATA[VIGENTE]]></value></Data>
	<Data name="DIRECCION"><displayName>DIRECCION</displayName><value><![CDATA[FREIRE 219]]></value></Data>
	<Data name="CAT_ZONA_RIESGO"><displayName>CAT_ZONA_RIESGO</displayName><value><![CDATA[SIN RIESGO]]></value></Data>
	<Data name="DIAMETRO_N"><displayName>DIAMETRO_N</displayName><value><![CDATA[100]]></value></Data>
	<Data name="DIAMETRO_C"><displayName>DIAMETRO_C</displayName><value><![CDATA[100]]></value></Data>
	<Data name="ANNO_INSTAL"><displayName>ANNO_INSTAL</displayName><value><![CDATA[2000]]></value></Data>
</ExtendedData>
<styleUrl>#style1</styleUrl>
	<Point>
		<coordinates>-72.66859818114999,-37.50274095876306,0.000</coordinates>
	</Point>
</Placemark>

<Placemark>
<name>4887</name>
<description><![CDATA[<p>
<br/>COD_GRIFO: 4887
<br/>EMPRESA: ESSBIO
<br/>ESTADO: VIGENTE
<br/>DIRECCION: LA RIVERA 19
<br/>CAT_ZONA_RIESGO: SIN RIESGO
<br/>DIAMETRO_N: 100
<br/>DIAMETRO_C: 100
<br/>AÑO_INSTALACION: 2000</p>]]></description>
<ExtendedData>
	<Data name="fid"><displayName>fid</displayName><value><![CDATA[46]]></value></Data>
	<Data name="COD_GRIFO"><displayName>COD_GRIFO</displayName><value><![CDATA[4887]]></value></Data>
	<Data name="EMPRESA"><displayName>EMPRESA</displayName><value><![CDATA[ESSBIO]]></value></Data>
	<Data name="ESTADO"><displayName>ESTADO</displayName><value><![CDATA[VIGENTE]]></value></Data>
	<Data name="DIRECCION"><displayName>DIRECCION</displayName><value><![CDATA[LA RIVERA 19]]></value></Data>
	<Data name="CAT_ZONA_RIESGO"><displayName>CAT_ZONA_RIESGO</displayName><value><![CDATA[SIN RIESGO]]></value></Data>
	<Data name="DIAMETRO_N"><displayName>DIAMETRO_N</displayName><value><![CDATA[100]]></value></Data>
	<Data name="DIAMETRO_C"><displayName>DIAMETRO_C</displayName><value><![CDATA[100]]></value></Data>
	<Data name="ANNO_INSTAL"><displayName>ANNO_INSTAL</displayName><value><![CDATA[2000]]></value></Data>
</ExtendedData>
<styleUrl>#style1</styleUrl>
	<Point>
		<coordinates>-72.68914465203719,-37.495966381519274,0.000</coordinates>
	</Point>
</Placemark>

<Placemark>
<name>5521</name>
<description><![CDATA[<p>
<br/>COD_GRIFO: 5521
<br/>EMPRESA: ESSBIO
<br/>ESTADO: VIGENTE
<br/>DIRECCION: SAN MARTIN 496
<br/>CAT_ZONA_RIESGO: HOSPITALES, COLEGIOS, CARCELES Y CENTROS COMERCIALES
<br/>DIAMETRO_N: 100
<br/>DIAMETRO_C: 100
<br/>AÑO_INSTALACION: 2000</p>]]></description>
<ExtendedData>
	<Data name="fid"><displayName>fid</displayName><value><![CDATA[47]]></value></Data>
	<Data name="COD_GRIFO"><displayName>COD_GRIFO</displayName><value><![CDATA[5521]]></value></Data>
	<Data name="EMPRESA"><displayName>EMPRESA</displayName><value><![CDATA[ESSBIO]]></value></Data>
	<Data name="ESTADO"><displayName>ESTADO</displayName><value><![CDATA[VIGENTE]]></value></Data>
	<Data name="DIRECCION"><displayName>DIRECCION</displayName><value><![CDATA[SAN MARTIN 496]]></value></Data>
	<Data name="CAT_ZONA_RIESGO"><displayName>CAT_ZONA_RIESGO</displayName><value><![CDATA[HOSPITALES, COLEGIOS, CARCELES Y CENTROS COMERCIALES]]></value></Data>
	<Data name="DIAMETRO_N"><displayName>DIAMETRO_N</displayName><value><![CDATA[100]]></value></Data>
	<Data name="DIAMETRO_C"><displayName>DIAMETRO_C</displayName><value><![CDATA[100]]></value></Data>
	<Data name="ANNO_INSTAL"><displayName>ANNO_INSTAL</displayName><value><![CDATA[2000]]></value></Data>
</ExtendedData>
<styleUrl>#style1</styleUrl>
	<Point>
		<coordinates>-72.67234612184816,-37.501335899541196,0.000</coordinates>
	</Point>
</Placemark>

<Placemark>
<name>5507</name>
<description><![CDATA[<p>
<br/>COD_GRIFO: 5507
<br/>EMPRESA: ESSBIO
<br/>ESTADO: VIGENTE
<br/>DIRECCION: PJE.MARIA ELENA CORREA 138
<br/>CAT_ZONA_RIESGO: SIN RIESGO
<br/>DIAMETRO_N: 100
<br/>DIAMETRO_C: 100
<br/>AÑO_INSTALACION: 2000</p>]]></description>
<ExtendedData>
	<Data name="fid"><displayName>fid</displayName><value><![CDATA[48]]></value></Data>
	<Data name="COD_GRIFO"><displayName>COD_GRIFO</displayName><value><![CDATA[5507]]></value></Data>
	<Data name="EMPRESA"><displayName>EMPRESA</displayName><value><![CDATA[ESSBIO]]></value></Data>
	<Data name="ESTADO"><displayName>ESTADO</displayName><value><![CDATA[VIGENTE]]></value></Data>
	<Data name="DIRECCION"><displayName>DIRECCION</displayName><value><![CDATA[PJE.MARIA ELENA CORREA 138]]></value></Data>
	<Data name="CAT_ZONA_RIESGO"><displayName>CAT_ZONA_RIESGO</displayName><value><![CDATA[SIN RIESGO]]></value></Data>
	<Data name="DIAMETRO_N"><displayName>DIAMETRO_N</displayName><value><![CDATA[100]]></value></Data>
	<Data name="DIAMETRO_C"><displayName>DIAMETRO_C</displayName><value><![CDATA[100]]></value></Data>
	<Data name="ANNO_INSTAL"><displayName>ANNO_INSTAL</displayName><value><![CDATA[2000]]></value></Data>
</ExtendedData>
<styleUrl>#style1</styleUrl>
	<Point>
		<coordinates>-72.66206824543985,-37.50783449061852,0.000</coordinates>
	</Point>
</Placemark>

<Placemark>
<name>5725</name>
<description><![CDATA[<p>
<br/>COD_GRIFO: 5725
<br/>EMPRESA: ESSBIO
<br/>ESTADO: VIGENTE
<br/>DIRECCION: ORLANDO LETELIER 111
<br/>CAT_ZONA_RIESGO: SIN RIESGO
<br/>DIAMETRO_N: 100
<br/>DIAMETRO_C: 100
<br/>AÑO_INSTALACION: 2000</p>]]></description>
<ExtendedData>
	<Data name="fid"><displayName>fid</displayName><value><![CDATA[49]]></value></Data>
	<Data name="COD_GRIFO"><displayName>COD_GRIFO</displayName><value><![CDATA[5725]]></value></Data>
	<Data name="EMPRESA"><displayName>EMPRESA</displayName><value><![CDATA[ESSBIO]]></value></Data>
	<Data name="ESTADO"><displayName>ESTADO</displayName><value><![CDATA[VIGENTE]]></value></Data>
	<Data name="DIRECCION"><displayName>DIRECCION</displayName><value><![CDATA[ORLANDO LETELIER 111]]></value></Data>
	<Data name="CAT_ZONA_RIESGO"><displayName>CAT_ZONA_RIESGO</displayName><value><![CDATA[SIN RIESGO]]></value></Data>
	<Data name="DIAMETRO_N"><displayName>DIAMETRO_N</displayName><value><![CDATA[100]]></value></Data>
	<Data name="DIAMETRO_C"><displayName>DIAMETRO_C</displayName><value><![CDATA[100]]></value></Data>
	<Data name="ANNO_INSTAL"><displayName>ANNO_INSTAL</displayName><value><![CDATA[2000]]></value></Data>
</ExtendedData>
<styleUrl>#style1</styleUrl>
	<Point>
		<coordinates>-72.68574978698942,-37.497606604188725,0.000</coordinates>
	</Point>
</Placemark>

<Placemark>
<name>320005</name>
<description><![CDATA[<p>
<br/>COD_GRIFO: 320005
<br/>EMPRESA: ESSBIO
<br/>ESTADO: VIGENTE
<br/>DIRECCION: SAN MARTIN 1087 POB. El Pinar, NACIMIENTO
<br/>CAT_ZONA_RIESGO: SIN RIESGO
<br/>DIAMETRO_N: 100
<br/>DIAMETRO_C: 100
<br/>AÑO_INSTALACION: 2000</p>]]></description>
<ExtendedData>
	<Data name="fid"><displayName>fid</displayName><value><![CDATA[50]]></value></Data>
	<Data name="COD_GRIFO"><displayName>COD_GRIFO</displayName><value><![CDATA[320005]]></value></Data>
	<Data name="EMPRESA"><displayName>EMPRESA</displayName><value><![CDATA[ESSBIO]]></value></Data>
	<Data name="ESTADO"><displayName>ESTADO</displayName><value><![CDATA[VIGENTE]]></value></Data>
	<Data name="DIRECCION"><displayName>DIRECCION</displayName><value><![CDATA[SAN MARTIN 1087 POB. El Pinar, NACIMIENTO]]></value></Data>
	<Data name="CAT_ZONA_RIESGO"><displayName>CAT_ZONA_RIESGO</displayName><value><![CDATA[SIN RIESGO]]></value></Data>
	<Data name="DIAMETRO_N"><displayName>DIAMETRO_N</displayName><value><![CDATA[100]]></value></Data>
	<Data name="DIAMETRO_C"><displayName>DIAMETRO_C</displayName><value><![CDATA[100]]></value></Data>
	<Data name="ANNO_INSTAL"><displayName>ANNO_INSTAL</displayName><value><![CDATA[2000]]></value></Data>
</ExtendedData>
<styleUrl>#style1</styleUrl>
	<Point>
		<coordinates>-72.68207252038765,-37.499446443255934,0.000</coordinates>
	</Point>
</Placemark>

<Placemark>
<name>4877</name>
<description><![CDATA[<p>
<br/>COD_GRIFO: 4877
<br/>EMPRESA: ESSBIO
<br/>ESTADO: VIGENTE
<br/>DIRECCION: BAQUEDANO 17
<br/>CAT_ZONA_RIESGO: SIN RIESGO
<br/>DIAMETRO_N: 100
<br/>DIAMETRO_C: 100
<br/>AÑO_INSTALACION: 2000</p>]]></description>
<ExtendedData>
	<Data name="fid"><displayName>fid</displayName><value><![CDATA[51]]></value></Data>
	<Data name="COD_GRIFO"><displayName>COD_GRIFO</displayName><value><![CDATA[4877]]></value></Data>
	<Data name="EMPRESA"><displayName>EMPRESA</displayName><value><![CDATA[ESSBIO]]></value></Data>
	<Data name="ESTADO"><displayName>ESTADO</displayName><value><![CDATA[VIGENTE]]></value></Data>
	<Data name="DIRECCION"><displayName>DIRECCION</displayName><value><![CDATA[BAQUEDANO 17]]></value></Data>
	<Data name="CAT_ZONA_RIESGO"><displayName>CAT_ZONA_RIESGO</displayName><value><![CDATA[SIN RIESGO]]></value></Data>
	<Data name="DIAMETRO_N"><displayName>DIAMETRO_N</displayName><value><![CDATA[100]]></value></Data>
	<Data name="DIAMETRO_C"><displayName>DIAMETRO_C</displayName><value><![CDATA[100]]></value></Data>
	<Data name="ANNO_INSTAL"><displayName>ANNO_INSTAL</displayName><value><![CDATA[2000]]></value></Data>
</ExtendedData>
<styleUrl>#style1</styleUrl>
	<Point>
		<coordinates>-72.6746815060292,-37.496469664271345,0.000</coordinates>
	</Point>
</Placemark>

<Placemark>
<name>5586</name>
<description><![CDATA[<p>
<br/>COD_GRIFO: 5586
<br/>EMPRESA: ESSBIO
<br/>ESTADO: VIGENTE
<br/>DIRECCION: PJE.ARTURO LABLEE MARCHAND 891
<br/>CAT_ZONA_RIESGO: SIN RIESGO
<br/>DIAMETRO_N: 100
<br/>DIAMETRO_C: 100
<br/>AÑO_INSTALACION: 2000</p>]]></description>
<ExtendedData>
	<Data name="fid"><displayName>fid</displayName><value><![CDATA[52]]></value></Data>
	<Data name="COD_GRIFO"><displayName>COD_GRIFO</displayName><value><![CDATA[5586]]></value></Data>
	<Data name="EMPRESA"><displayName>EMPRESA</displayName><value><![CDATA[ESSBIO]]></value></Data>
	<Data name="ESTADO"><displayName>ESTADO</displayName><value><![CDATA[VIGENTE]]></value></Data>
	<Data name="DIRECCION"><displayName>DIRECCION</displayName><value><![CDATA[PJE.ARTURO LABLEE MARCHAND 891]]></value></Data>
	<Data name="CAT_ZONA_RIESGO"><displayName>CAT_ZONA_RIESGO</displayName><value><![CDATA[SIN RIESGO]]></value></Data>
	<Data name="DIAMETRO_N"><displayName>DIAMETRO_N</displayName><value><![CDATA[100]]></value></Data>
	<Data name="DIAMETRO_C"><displayName>DIAMETRO_C</displayName><value><![CDATA[100]]></value></Data>
	<Data name="ANNO_INSTAL"><displayName>ANNO_INSTAL</displayName><value><![CDATA[2000]]></value></Data>
</ExtendedData>
<styleUrl>#style1</styleUrl>
	<Point>
		<coordinates>-72.6862300374827,-37.48959213527478,0.000</coordinates>
	</Point>
</Placemark>

<Placemark>
<name>5766</name>
<description><![CDATA[<p>
<br/>COD_GRIFO: 5766
<br/>EMPRESA: ESSBIO
<br/>ESTADO: VIGENTE
<br/>DIRECCION: ALESSANDRI 1140
<br/>CAT_ZONA_RIESGO: SIN RIESGO
<br/>DIAMETRO_N: 100
<br/>DIAMETRO_C: 100
<br/>AÑO_INSTALACION: 2000</p>]]></description>
<ExtendedData>
	<Data name="fid"><displayName>fid</displayName><value><![CDATA[53]]></value></Data>
	<Data name="COD_GRIFO"><displayName>COD_GRIFO</displayName><value><![CDATA[5766]]></value></Data>
	<Data name="EMPRESA"><displayName>EMPRESA</displayName><value><![CDATA[ESSBIO]]></value></Data>
	<Data name="ESTADO"><displayName>ESTADO</displayName><value><![CDATA[VIGENTE]]></value></Data>
	<Data name="DIRECCION"><displayName>DIRECCION</displayName><value><![CDATA[ALESSANDRI 1140]]></value></Data>
	<Data name="CAT_ZONA_RIESGO"><displayName>CAT_ZONA_RIESGO</displayName><value><![CDATA[SIN RIESGO]]></value></Data>
	<Data name="DIAMETRO_N"><displayName>DIAMETRO_N</displayName><value><![CDATA[100]]></value></Data>
	<Data name="DIAMETRO_C"><displayName>DIAMETRO_C</displayName><value><![CDATA[100]]></value></Data>
	<Data name="ANNO_INSTAL"><displayName>ANNO_INSTAL</displayName><value><![CDATA[2000]]></value></Data>
</ExtendedData>
<styleUrl>#style1</styleUrl>
	<Point>
		<coordinates>-72.67853992313457,-37.504165654200264,0.000</coordinates>
	</Point>
</Placemark>

<Placemark>
<name>5746</name>
<description><![CDATA[<p>
<br/>COD_GRIFO: 5746
<br/>EMPRESA: ESSBIO
<br/>ESTADO: VIGENTE
<br/>DIRECCION: GALVARINO 107
<br/>CAT_ZONA_RIESGO: SIN RIESGO
<br/>DIAMETRO_N: 100
<br/>DIAMETRO_C: 100
<br/>AÑO_INSTALACION: 2000</p>]]></description>
<ExtendedData>
	<Data name="fid"><displayName>fid</displayName><value><![CDATA[54]]></value></Data>
	<Data name="COD_GRIFO"><displayName>COD_GRIFO</displayName><value><![CDATA[5746]]></value></Data>
	<Data name="EMPRESA"><displayName>EMPRESA</displayName><value><![CDATA[ESSBIO]]></value></Data>
	<Data name="ESTADO"><displayName>ESTADO</displayName><value><![CDATA[VIGENTE]]></value></Data>
	<Data name="DIRECCION"><displayName>DIRECCION</displayName><value><![CDATA[GALVARINO 107]]></value></Data>
	<Data name="CAT_ZONA_RIESGO"><displayName>CAT_ZONA_RIESGO</displayName><value><![CDATA[SIN RIESGO]]></value></Data>
	<Data name="DIAMETRO_N"><displayName>DIAMETRO_N</displayName><value><![CDATA[100]]></value></Data>
	<Data name="DIAMETRO_C"><displayName>DIAMETRO_C</displayName><value><![CDATA[100]]></value></Data>
	<Data name="ANNO_INSTAL"><displayName>ANNO_INSTAL</displayName><value><![CDATA[2000]]></value></Data>
</ExtendedData>
<styleUrl>#style1</styleUrl>
	<Point>
		<coordinates>-72.6560014592178,-37.5085818553907,0.000</coordinates>
	</Point>
</Placemark>

<Placemark>
<name>4921</name>
<description><![CDATA[<p>
<br/>COD_GRIFO: 4921
<br/>EMPRESA: ESSBIO
<br/>ESTADO: VIGENTE
<br/>DIRECCION: ANIBAL PINTO 1000
<br/>CAT_ZONA_RIESGO: SIN RIESGO
<br/>DIAMETRO_N: 100
<br/>DIAMETRO_C: 100
<br/>AÑO_INSTALACION: 2015</p>]]></description>
<ExtendedData>
	<Data name="fid"><displayName>fid</displayName><value><![CDATA[55]]></value></Data>
	<Data name="COD_GRIFO"><displayName>COD_GRIFO</displayName><value><![CDATA[4921]]></value></Data>
	<Data name="EMPRESA"><displayName>EMPRESA</displayName><value><![CDATA[ESSBIO]]></value></Data>
	<Data name="ESTADO"><displayName>ESTADO</displayName><value><![CDATA[VIGENTE]]></value></Data>
	<Data name="DIRECCION"><displayName>DIRECCION</displayName><value><![CDATA[ANIBAL PINTO 1000]]></value></Data>
	<Data name="CAT_ZONA_RIESGO"><displayName>CAT_ZONA_RIESGO</displayName><value><![CDATA[SIN RIESGO]]></value></Data>
	<Data name="DIAMETRO_N"><displayName>DIAMETRO_N</displayName><value><![CDATA[100]]></value></Data>
	<Data name="DIAMETRO_C"><displayName>DIAMETRO_C</displayName><value><![CDATA[100]]></value></Data>
	<Data name="ANNO_INSTAL"><displayName>ANNO_INSTAL</displayName><value><![CDATA[2015]]></value></Data>
</ExtendedData>
<styleUrl>#style1</styleUrl>
	<Point>
		<coordinates>-72.67384221804483,-37.507486313030476,0.000</coordinates>
	</Point>
</Placemark>

<Placemark>
<name>5724</name>
<description><![CDATA[<p>
<br/>COD_GRIFO: 5724
<br/>EMPRESA: ESSBIO
<br/>ESTADO: VIGENTE
<br/>DIRECCION: I JUNGE 1026
<br/>CAT_ZONA_RIESGO: SIN RIESGO
<br/>DIAMETRO_N: 100
<br/>DIAMETRO_C: 100
<br/>AÑO_INSTALACION: 2000</p>]]></description>
<ExtendedData>
	<Data name="fid"><displayName>fid</displayName><value><![CDATA[56]]></value></Data>
	<Data name="COD_GRIFO"><displayName>COD_GRIFO</displayName><value><![CDATA[5724]]></value></Data>
	<Data name="EMPRESA"><displayName>EMPRESA</displayName><value><![CDATA[ESSBIO]]></value></Data>
	<Data name="ESTADO"><displayName>ESTADO</displayName><value><![CDATA[VIGENTE]]></value></Data>
	<Data name="DIRECCION"><displayName>DIRECCION</displayName><value><![CDATA[I JUNGE 1026]]></value></Data>
	<Data name="CAT_ZONA_RIESGO"><displayName>CAT_ZONA_RIESGO</displayName><value><![CDATA[SIN RIESGO]]></value></Data>
	<Data name="DIAMETRO_N"><displayName>DIAMETRO_N</displayName><value><![CDATA[100]]></value></Data>
	<Data name="DIAMETRO_C"><displayName>DIAMETRO_C</displayName><value><![CDATA[100]]></value></Data>
	<Data name="ANNO_INSTAL"><displayName>ANNO_INSTAL</displayName><value><![CDATA[2000]]></value></Data>
</ExtendedData>
<styleUrl>#style1</styleUrl>
	<Point>
		<coordinates>-72.68711470520142,-37.506597617449195,0.000</coordinates>
	</Point>
</Placemark>

<Placemark>
<name>320068</name>
<description><![CDATA[<p>
<br/>COD_GRIFO: 320068
<br/>EMPRESA: ESSBIO
<br/>ESTADO: VIGENTE
<br/>DIRECCION: LOS JAZMINES 175 POB. ALONSO DE RIVERA, NACIMIENTO
<br/>CAT_ZONA_RIESGO: SIN RIESGO
<br/>DIAMETRO_N: 100
<br/>DIAMETRO_C: 100
<br/>AÑO_INSTALACION: 2000</p>]]></description>
<ExtendedData>
	<Data name="fid"><displayName>fid</displayName><value><![CDATA[57]]></value></Data>
	<Data name="COD_GRIFO"><displayName>COD_GRIFO</displayName><value><![CDATA[320068]]></value></Data>
	<Data name="EMPRESA"><displayName>EMPRESA</displayName><value><![CDATA[ESSBIO]]></value></Data>
	<Data name="ESTADO"><displayName>ESTADO</displayName><value><![CDATA[VIGENTE]]></value></Data>
	<Data name="DIRECCION"><displayName>DIRECCION</displayName><value><![CDATA[LOS JAZMINES 175 POB. ALONSO DE RIVERA, NACIMIENTO]]></value></Data>
	<Data name="CAT_ZONA_RIESGO"><displayName>CAT_ZONA_RIESGO</displayName><value><![CDATA[SIN RIESGO]]></value></Data>
	<Data name="DIAMETRO_N"><displayName>DIAMETRO_N</displayName><value><![CDATA[100]]></value></Data>
	<Data name="DIAMETRO_C"><displayName>DIAMETRO_C</displayName><value><![CDATA[100]]></value></Data>
	<Data name="ANNO_INSTAL"><displayName>ANNO_INSTAL</displayName><value><![CDATA[2000]]></value></Data>
</ExtendedData>
<styleUrl>#style1</styleUrl>
	<Point>
		<coordinates>-72.69063567920759,-37.489989072865775,0.000</coordinates>
	</Point>
</Placemark>

<Placemark>
<name>5757</name>
<description><![CDATA[<p>
<br/>COD_GRIFO: 5757
<br/>EMPRESA: ESSBIO
<br/>ESTADO: VIGENTE
<br/>DIRECCION: COLON 6
<br/>CAT_ZONA_RIESGO: SIN RIESGO
<br/>DIAMETRO_N: 100
<br/>DIAMETRO_C: 100
<br/>AÑO_INSTALACION: 2000</p>]]></description>
<ExtendedData>
	<Data name="fid"><displayName>fid</displayName><value><![CDATA[58]]></value></Data>
	<Data name="COD_GRIFO"><displayName>COD_GRIFO</displayName><value><![CDATA[5757]]></value></Data>
	<Data name="EMPRESA"><displayName>EMPRESA</displayName><value><![CDATA[ESSBIO]]></value></Data>
	<Data name="ESTADO"><displayName>ESTADO</displayName><value><![CDATA[VIGENTE]]></value></Data>
	<Data name="DIRECCION"><displayName>DIRECCION</displayName><value><![CDATA[COLON 6]]></value></Data>
	<Data name="CAT_ZONA_RIESGO"><displayName>CAT_ZONA_RIESGO</displayName><value><![CDATA[SIN RIESGO]]></value></Data>
	<Data name="DIAMETRO_N"><displayName>DIAMETRO_N</displayName><value><![CDATA[100]]></value></Data>
	<Data name="DIAMETRO_C"><displayName>DIAMETRO_C</displayName><value><![CDATA[100]]></value></Data>
	<Data name="ANNO_INSTAL"><displayName>ANNO_INSTAL</displayName><value><![CDATA[2000]]></value></Data>
</ExtendedData>
<styleUrl>#style1</styleUrl>
	<Point>
		<coordinates>-72.66742904359495,-37.50284217511871,0.000</coordinates>
	</Point>
</Placemark>

<Placemark>
<name>4874</name>
<description><![CDATA[<p>
<br/>COD_GRIFO: 4874
<br/>EMPRESA: ESSBIO
<br/>ESTADO: VIGENTE
<br/>DIRECCION: SAN MARTIN ENTRE LOS LAURELES Y PJE LAS POZAS
<br/>CAT_ZONA_RIESGO: SIN RIESGO
<br/>DIAMETRO_N: 100
<br/>DIAMETRO_C: 100
<br/>AÑO_INSTALACION: 2000</p>]]></description>
<ExtendedData>
	<Data name="fid"><displayName>fid</displayName><value><![CDATA[59]]></value></Data>
	<Data name="COD_GRIFO"><displayName>COD_GRIFO</displayName><value><![CDATA[4874]]></value></Data>
	<Data name="EMPRESA"><displayName>EMPRESA</displayName><value><![CDATA[ESSBIO]]></value></Data>
	<Data name="ESTADO"><displayName>ESTADO</displayName><value><![CDATA[VIGENTE]]></value></Data>
	<Data name="DIRECCION"><displayName>DIRECCION</displayName><value><![CDATA[SAN MARTIN ENTRE LOS LAURELES Y PJE LAS POZAS]]></value></Data>
	<Data name="CAT_ZONA_RIESGO"><displayName>CAT_ZONA_RIESGO</displayName><value><![CDATA[SIN RIESGO]]></value></Data>
	<Data name="DIAMETRO_N"><displayName>DIAMETRO_N</displayName><value><![CDATA[100]]></value></Data>
	<Data name="DIAMETRO_C"><displayName>DIAMETRO_C</displayName><value><![CDATA[100]]></value></Data>
	<Data name="ANNO_INSTAL"><displayName>ANNO_INSTAL</displayName><value><![CDATA[2000]]></value></Data>
</ExtendedData>
<styleUrl>#style1</styleUrl>
	<Point>
		<coordinates>-72.685659097717,-37.49879193369028,0.000</coordinates>
	</Point>
</Placemark>

<Placemark>
<name>5754</name>
<description><![CDATA[<p>
<br/>COD_GRIFO: 5754
<br/>EMPRESA: ESSBIO
<br/>ESTADO: VIGENTE
<br/>DIRECCION: LOS LIRIOS 1000
<br/>CAT_ZONA_RIESGO: SIN RIESGO
<br/>DIAMETRO_N: 100
<br/>DIAMETRO_C: 100
<br/>AÑO_INSTALACION: 2000</p>]]></description>
<ExtendedData>
	<Data name="fid"><displayName>fid</displayName><value><![CDATA[60]]></value></Data>
	<Data name="COD_GRIFO"><displayName>COD_GRIFO</displayName><value><![CDATA[5754]]></value></Data>
	<Data name="EMPRESA"><displayName>EMPRESA</displayName><value><![CDATA[ESSBIO]]></value></Data>
	<Data name="ESTADO"><displayName>ESTADO</displayName><value><![CDATA[VIGENTE]]></value></Data>
	<Data name="DIRECCION"><displayName>DIRECCION</displayName><value><![CDATA[LOS LIRIOS 1000]]></value></Data>
	<Data name="CAT_ZONA_RIESGO"><displayName>CAT_ZONA_RIESGO</displayName><value><![CDATA[SIN RIESGO]]></value></Data>
	<Data name="DIAMETRO_N"><displayName>DIAMETRO_N</displayName><value><![CDATA[100]]></value></Data>
	<Data name="DIAMETRO_C"><displayName>DIAMETRO_C</displayName><value><![CDATA[100]]></value></Data>
	<Data name="ANNO_INSTAL"><displayName>ANNO_INSTAL</displayName><value><![CDATA[2000]]></value></Data>
</ExtendedData>
<styleUrl>#style1</styleUrl>
	<Point>
		<coordinates>-72.6791242716229,-37.50592730315388,0.000</coordinates>
	</Point>
</Placemark>

<Placemark>
<name>5519</name>
<description><![CDATA[<p>
<br/>COD_GRIFO: 5519
<br/>EMPRESA: ESSBIO
<br/>ESTADO: VIGENTE
<br/>DIRECCION: JORGE MONTT 377
<br/>CAT_ZONA_RIESGO: SIN RIESGO
<br/>DIAMETRO_N: 100
<br/>DIAMETRO_C: 100
<br/>AÑO_INSTALACION: 2000</p>]]></description>
<ExtendedData>
	<Data name="fid"><displayName>fid</displayName><value><![CDATA[61]]></value></Data>
	<Data name="COD_GRIFO"><displayName>COD_GRIFO</displayName><value><![CDATA[5519]]></value></Data>
	<Data name="EMPRESA"><displayName>EMPRESA</displayName><value><![CDATA[ESSBIO]]></value></Data>
	<Data name="ESTADO"><displayName>ESTADO</displayName><value><![CDATA[VIGENTE]]></value></Data>
	<Data name="DIRECCION"><displayName>DIRECCION</displayName><value><![CDATA[JORGE MONTT 377]]></value></Data>
	<Data name="CAT_ZONA_RIESGO"><displayName>CAT_ZONA_RIESGO</displayName><value><![CDATA[SIN RIESGO]]></value></Data>
	<Data name="DIAMETRO_N"><displayName>DIAMETRO_N</displayName><value><![CDATA[100]]></value></Data>
	<Data name="DIAMETRO_C"><displayName>DIAMETRO_C</displayName><value><![CDATA[100]]></value></Data>
	<Data name="ANNO_INSTAL"><displayName>ANNO_INSTAL</displayName><value><![CDATA[2000]]></value></Data>
</ExtendedData>
<styleUrl>#style1</styleUrl>
	<Point>
		<coordinates>-72.66925192346213,-37.501615601302944,0.000</coordinates>
	</Point>
</Placemark>

<Placemark>
<name>5517</name>
<description><![CDATA[<p>
<br/>COD_GRIFO: 5517
<br/>EMPRESA: ESSBIO
<br/>ESTADO: VIGENTE
<br/>DIRECCION: LOS AROMOS 5
<br/>CAT_ZONA_RIESGO: SIN RIESGO
<br/>DIAMETRO_N: 100
<br/>DIAMETRO_C: 110
<br/>AÑO_INSTALACION: 2007</p>]]></description>
<ExtendedData>
	<Data name="fid"><displayName>fid</displayName><value><![CDATA[62]]></value></Data>
	<Data name="COD_GRIFO"><displayName>COD_GRIFO</displayName><value><![CDATA[5517]]></value></Data>
	<Data name="EMPRESA"><displayName>EMPRESA</displayName><value><![CDATA[ESSBIO]]></value></Data>
	<Data name="ESTADO"><displayName>ESTADO</displayName><value><![CDATA[VIGENTE]]></value></Data>
	<Data name="DIRECCION"><displayName>DIRECCION</displayName><value><![CDATA[LOS AROMOS 5]]></value></Data>
	<Data name="CAT_ZONA_RIESGO"><displayName>CAT_ZONA_RIESGO</displayName><value><![CDATA[SIN RIESGO]]></value></Data>
	<Data name="DIAMETRO_N"><displayName>DIAMETRO_N</displayName><value><![CDATA[100]]></value></Data>
	<Data name="DIAMETRO_C"><displayName>DIAMETRO_C</displayName><value><![CDATA[110]]></value></Data>
	<Data name="ANNO_INSTAL"><displayName>ANNO_INSTAL</displayName><value><![CDATA[2007]]></value></Data>
</ExtendedData>
<styleUrl>#style1</styleUrl>
	<Point>
		<coordinates>-72.6506964636397,-37.509939922089195,0.000</coordinates>
	</Point>
</Placemark>

<Placemark>
<name>5581</name>
<description><![CDATA[<p>
<br/>COD_GRIFO: 5581
<br/>EMPRESA: ESSBIO
<br/>ESTADO: VIGENTE
<br/>DIRECCION: LAS ROSAS 1771
<br/>CAT_ZONA_RIESGO: SIN RIESGO
<br/>DIAMETRO_N: 100
<br/>DIAMETRO_C: 100
<br/>AÑO_INSTALACION: 2000</p>]]></description>
<ExtendedData>
	<Data name="fid"><displayName>fid</displayName><value><![CDATA[63]]></value></Data>
	<Data name="COD_GRIFO"><displayName>COD_GRIFO</displayName><value><![CDATA[5581]]></value></Data>
	<Data name="EMPRESA"><displayName>EMPRESA</displayName><value><![CDATA[ESSBIO]]></value></Data>
	<Data name="ESTADO"><displayName>ESTADO</displayName><value><![CDATA[VIGENTE]]></value></Data>
	<Data name="DIRECCION"><displayName>DIRECCION</displayName><value><![CDATA[LAS ROSAS 1771]]></value></Data>
	<Data name="CAT_ZONA_RIESGO"><displayName>CAT_ZONA_RIESGO</displayName><value><![CDATA[SIN RIESGO]]></value></Data>
	<Data name="DIAMETRO_N"><displayName>DIAMETRO_N</displayName><value><![CDATA[100]]></value></Data>
	<Data name="DIAMETRO_C"><displayName>DIAMETRO_C</displayName><value><![CDATA[100]]></value></Data>
	<Data name="ANNO_INSTAL"><displayName>ANNO_INSTAL</displayName><value><![CDATA[2000]]></value></Data>
</ExtendedData>
<styleUrl>#style1</styleUrl>
	<Point>
		<coordinates>-72.69101058815683,-37.49179036542265,0.000</coordinates>
	</Point>
</Placemark>

<Placemark>
<name>4883</name>
<description><![CDATA[<p>
<br/>COD_GRIFO: 4883
<br/>EMPRESA: ESSBIO
<br/>ESTADO: VIGENTE
<br/>DIRECCION: LIENTUR 1226
<br/>CAT_ZONA_RIESGO: SIN RIESGO
<br/>DIAMETRO_N: 100
<br/>DIAMETRO_C: 100
<br/>AÑO_INSTALACION: 2000</p>]]></description>
<ExtendedData>
	<Data name="fid"><displayName>fid</displayName><value><![CDATA[64]]></value></Data>
	<Data name="COD_GRIFO"><displayName>COD_GRIFO</displayName><value><![CDATA[4883]]></value></Data>
	<Data name="EMPRESA"><displayName>EMPRESA</displayName><value><![CDATA[ESSBIO]]></value></Data>
	<Data name="ESTADO"><displayName>ESTADO</displayName><value><![CDATA[VIGENTE]]></value></Data>
	<Data name="DIRECCION"><displayName>DIRECCION</displayName><value><![CDATA[LIENTUR 1226]]></value></Data>
	<Data name="CAT_ZONA_RIESGO"><displayName>CAT_ZONA_RIESGO</displayName><value><![CDATA[SIN RIESGO]]></value></Data>
	<Data name="DIAMETRO_N"><displayName>DIAMETRO_N</displayName><value><![CDATA[100]]></value></Data>
	<Data name="DIAMETRO_C"><displayName>DIAMETRO_C</displayName><value><![CDATA[100]]></value></Data>
	<Data name="ANNO_INSTAL"><displayName>ANNO_INSTAL</displayName><value><![CDATA[2000]]></value></Data>
</ExtendedData>
<styleUrl>#style1</styleUrl>
	<Point>
		<coordinates>-72.68410577202732,-37.4955086336214,0.000</coordinates>
	</Point>
</Placemark>

<Placemark>
<name>328713</name>
<description><![CDATA[<p>
<br/>COD_GRIFO: 328713
<br/>EMPRESA: ESSBIO
<br/>ESTADO: VIGENTE
<br/>DIRECCION: LA RIVERA 1 POB ALONSO DE RIVERA NACIMIENTO
<br/>CAT_ZONA_RIESGO: SIN RIESGO
<br/>DIAMETRO_N: 100
<br/>DIAMETRO_C: 100
<br/>AÑO_INSTALACION: 2000</p>]]></description>
<ExtendedData>
	<Data name="fid"><displayName>fid</displayName><value><![CDATA[65]]></value></Data>
	<Data name="COD_GRIFO"><displayName>COD_GRIFO</displayName><value><![CDATA[328713]]></value></Data>
	<Data name="EMPRESA"><displayName>EMPRESA</displayName><value><![CDATA[ESSBIO]]></value></Data>
	<Data name="ESTADO"><displayName>ESTADO</displayName><value><![CDATA[VIGENTE]]></value></Data>
	<Data name="DIRECCION"><displayName>DIRECCION</displayName><value><![CDATA[LA RIVERA 1 POB ALONSO DE RIVERA NACIMIENTO]]></value></Data>
	<Data name="CAT_ZONA_RIESGO"><displayName>CAT_ZONA_RIESGO</displayName><value><![CDATA[SIN RIESGO]]></value></Data>
	<Data name="DIAMETRO_N"><displayName>DIAMETRO_N</displayName><value><![CDATA[100]]></value></Data>
	<Data name="DIAMETRO_C"><displayName>DIAMETRO_C</displayName><value><![CDATA[100]]></value></Data>
	<Data name="ANNO_INSTAL"><displayName>ANNO_INSTAL</displayName><value><![CDATA[2000]]></value></Data>
</ExtendedData>
<styleUrl>#style1</styleUrl>
	<Point>
		<coordinates>-72.68799885656063,-37.49744109240037,0.000</coordinates>
	</Point>
</Placemark>

<Placemark>
<name>5582</name>
<description><![CDATA[<p>
<br/>COD_GRIFO: 5582
<br/>EMPRESA: ESSBIO
<br/>ESTADO: VIGENTE
<br/>DIRECCION: JOSE MIGUEL CARRERA 10
<br/>CAT_ZONA_RIESGO: SIN RIESGO
<br/>DIAMETRO_N: 100
<br/>DIAMETRO_C: 100
<br/>AÑO_INSTALACION: 2000</p>]]></description>
<ExtendedData>
	<Data name="fid"><displayName>fid</displayName><value><![CDATA[66]]></value></Data>
	<Data name="COD_GRIFO"><displayName>COD_GRIFO</displayName><value><![CDATA[5582]]></value></Data>
	<Data name="EMPRESA"><displayName>EMPRESA</displayName><value><![CDATA[ESSBIO]]></value></Data>
	<Data name="ESTADO"><displayName>ESTADO</displayName><value><![CDATA[VIGENTE]]></value></Data>
	<Data name="DIRECCION"><displayName>DIRECCION</displayName><value><![CDATA[JOSE MIGUEL CARRERA 10]]></value></Data>
	<Data name="CAT_ZONA_RIESGO"><displayName>CAT_ZONA_RIESGO</displayName><value><![CDATA[SIN RIESGO]]></value></Data>
	<Data name="DIAMETRO_N"><displayName>DIAMETRO_N</displayName><value><![CDATA[100]]></value></Data>
	<Data name="DIAMETRO_C"><displayName>DIAMETRO_C</displayName><value><![CDATA[100]]></value></Data>
	<Data name="ANNO_INSTAL"><displayName>ANNO_INSTAL</displayName><value><![CDATA[2000]]></value></Data>
</ExtendedData>
<styleUrl>#style1</styleUrl>
	<Point>
		<coordinates>-72.6914925883418,-37.49328651048047,0.000</coordinates>
	</Point>
</Placemark>

<Placemark>
<name>5690</name>
<description><![CDATA[<p>
<br/>COD_GRIFO: 5690
<br/>EMPRESA: ESSBIO
<br/>ESTADO: VIGENTE
<br/>DIRECCION: BALMACEDA 55
<br/>CAT_ZONA_RIESGO: SIN RIESGO
<br/>DIAMETRO_N: 100
<br/>DIAMETRO_C: 110
<br/>AÑO_INSTALACION: 2000</p>]]></description>
<ExtendedData>
	<Data name="fid"><displayName>fid</displayName><value><![CDATA[67]]></value></Data>
	<Data name="COD_GRIFO"><displayName>COD_GRIFO</displayName><value><![CDATA[5690]]></value></Data>
	<Data name="EMPRESA"><displayName>EMPRESA</displayName><value><![CDATA[ESSBIO]]></value></Data>
	<Data name="ESTADO"><displayName>ESTADO</displayName><value><![CDATA[VIGENTE]]></value></Data>
	<Data name="DIRECCION"><displayName>DIRECCION</displayName><value><![CDATA[BALMACEDA 55]]></value></Data>
	<Data name="CAT_ZONA_RIESGO"><displayName>CAT_ZONA_RIESGO</displayName><value><![CDATA[SIN RIESGO]]></value></Data>
	<Data name="DIAMETRO_N"><displayName>DIAMETRO_N</displayName><value><![CDATA[100]]></value></Data>
	<Data name="DIAMETRO_C"><displayName>DIAMETRO_C</displayName><value><![CDATA[110]]></value></Data>
	<Data name="ANNO_INSTAL"><displayName>ANNO_INSTAL</displayName><value><![CDATA[2000]]></value></Data>
</ExtendedData>
<styleUrl>#style1</styleUrl>
	<Point>
		<coordinates>-72.65304457955293,-37.5090019250337,0.000</coordinates>
	</Point>
</Placemark>

<Placemark>
<name>5722</name>
<description><![CDATA[<p>
<br/>COD_GRIFO: 5722
<br/>EMPRESA: ESSBIO
<br/>ESTADO: VIGENTE
<br/>DIRECCION: LUCANLEBO 1009
<br/>CAT_ZONA_RIESGO: HOSPITALES, COLEGIOS, CARCELES Y CENTROS COMERCIALES
<br/>DIAMETRO_N: 100
<br/>DIAMETRO_C: 110
<br/>AÑO_INSTALACION: 2000</p>]]></description>
<ExtendedData>
	<Data name="fid"><displayName>fid</displayName><value><![CDATA[68]]></value></Data>
	<Data name="COD_GRIFO"><displayName>COD_GRIFO</displayName><value><![CDATA[5722]]></value></Data>
	<Data name="EMPRESA"><displayName>EMPRESA</displayName><value><![CDATA[ESSBIO]]></value></Data>
	<Data name="ESTADO"><displayName>ESTADO</displayName><value><![CDATA[VIGENTE]]></value></Data>
	<Data name="DIRECCION"><displayName>DIRECCION</displayName><value><![CDATA[LUCANLEBO 1009]]></value></Data>
	<Data name="CAT_ZONA_RIESGO"><displayName>CAT_ZONA_RIESGO</displayName><value><![CDATA[HOSPITALES, COLEGIOS, CARCELES Y CENTROS COMERCIALES]]></value></Data>
	<Data name="DIAMETRO_N"><displayName>DIAMETRO_N</displayName><value><![CDATA[100]]></value></Data>
	<Data name="DIAMETRO_C"><displayName>DIAMETRO_C</displayName><value><![CDATA[110]]></value></Data>
	<Data name="ANNO_INSTAL"><displayName>ANNO_INSTAL</displayName><value><![CDATA[2000]]></value></Data>
</ExtendedData>
<styleUrl>#style1</styleUrl>
	<Point>
		<coordinates>-72.67953416881515,-37.502650172744055,0.000</coordinates>
	</Point>
</Placemark>

<Placemark>
<name>5675</name>
<description><![CDATA[<p>
<br/>COD_GRIFO: 5675
<br/>EMPRESA: ESSBIO
<br/>ESTADO: VIGENTE
<br/>DIRECCION: J ZAVALA 1047
<br/>CAT_ZONA_RIESGO: SIN RIESGO
<br/>DIAMETRO_N: 100
<br/>DIAMETRO_C: 100
<br/>AÑO_INSTALACION: 2000</p>]]></description>
<ExtendedData>
	<Data name="fid"><displayName>fid</displayName><value><![CDATA[69]]></value></Data>
	<Data name="COD_GRIFO"><displayName>COD_GRIFO</displayName><value><![CDATA[5675]]></value></Data>
	<Data name="EMPRESA"><displayName>EMPRESA</displayName><value><![CDATA[ESSBIO]]></value></Data>
	<Data name="ESTADO"><displayName>ESTADO</displayName><value><![CDATA[VIGENTE]]></value></Data>
	<Data name="DIRECCION"><displayName>DIRECCION</displayName><value><![CDATA[J ZAVALA 1047]]></value></Data>
	<Data name="CAT_ZONA_RIESGO"><displayName>CAT_ZONA_RIESGO</displayName><value><![CDATA[SIN RIESGO]]></value></Data>
	<Data name="DIAMETRO_N"><displayName>DIAMETRO_N</displayName><value><![CDATA[100]]></value></Data>
	<Data name="DIAMETRO_C"><displayName>DIAMETRO_C</displayName><value><![CDATA[100]]></value></Data>
	<Data name="ANNO_INSTAL"><displayName>ANNO_INSTAL</displayName><value><![CDATA[2000]]></value></Data>
</ExtendedData>
<styleUrl>#style1</styleUrl>
	<Point>
		<coordinates>-72.68408275140729,-37.50523823698699,0.000</coordinates>
	</Point>
</Placemark>

<Placemark>
<name>5761</name>
<description><![CDATA[<p>
<br/>COD_GRIFO: 5761
<br/>EMPRESA: ESSBIO
<br/>ESTADO: VIGENTE
<br/>DIRECCION: FREIRE 408
<br/>CAT_ZONA_RIESGO: SIN RIESGO
<br/>DIAMETRO_N: 100
<br/>DIAMETRO_C: 100
<br/>AÑO_INSTALACION: 2000</p>]]></description>
<ExtendedData>
	<Data name="fid"><displayName>fid</displayName><value><![CDATA[70]]></value></Data>
	<Data name="COD_GRIFO"><displayName>COD_GRIFO</displayName><value><![CDATA[5761]]></value></Data>
	<Data name="EMPRESA"><displayName>EMPRESA</displayName><value><![CDATA[ESSBIO]]></value></Data>
	<Data name="ESTADO"><displayName>ESTADO</displayName><value><![CDATA[VIGENTE]]></value></Data>
	<Data name="DIRECCION"><displayName>DIRECCION</displayName><value><![CDATA[FREIRE 408]]></value></Data>
	<Data name="CAT_ZONA_RIESGO"><displayName>CAT_ZONA_RIESGO</displayName><value><![CDATA[SIN RIESGO]]></value></Data>
	<Data name="DIAMETRO_N"><displayName>DIAMETRO_N</displayName><value><![CDATA[100]]></value></Data>
	<Data name="DIAMETRO_C"><displayName>DIAMETRO_C</displayName><value><![CDATA[100]]></value></Data>
	<Data name="ANNO_INSTAL"><displayName>ANNO_INSTAL</displayName><value><![CDATA[2000]]></value></Data>
</ExtendedData>
<styleUrl>#style1</styleUrl>
	<Point>
		<coordinates>-72.67101836384002,-37.50235963945528,0.000</coordinates>
	</Point>
</Placemark>

<Placemark>
<name>4864</name>
<description><![CDATA[<p>
<br/>COD_GRIFO: 4864
<br/>EMPRESA: ESSBIO
<br/>ESTADO: VIGENTE
<br/>DIRECCION: CALLEJON GUTIERREZ 155
<br/>CAT_ZONA_RIESGO: SIN RIESGO
<br/>DIAMETRO_N: 100
<br/>DIAMETRO_C: 100
<br/>AÑO_INSTALACION: 2000</p>]]></description>
<ExtendedData>
	<Data name="fid"><displayName>fid</displayName><value><![CDATA[71]]></value></Data>
	<Data name="COD_GRIFO"><displayName>COD_GRIFO</displayName><value><![CDATA[4864]]></value></Data>
	<Data name="EMPRESA"><displayName>EMPRESA</displayName><value><![CDATA[ESSBIO]]></value></Data>
	<Data name="ESTADO"><displayName>ESTADO</displayName><value><![CDATA[VIGENTE]]></value></Data>
	<Data name="DIRECCION"><displayName>DIRECCION</displayName><value><![CDATA[CALLEJON GUTIERREZ 155]]></value></Data>
	<Data name="CAT_ZONA_RIESGO"><displayName>CAT_ZONA_RIESGO</displayName><value><![CDATA[SIN RIESGO]]></value></Data>
	<Data name="DIAMETRO_N"><displayName>DIAMETRO_N</displayName><value><![CDATA[100]]></value></Data>
	<Data name="DIAMETRO_C"><displayName>DIAMETRO_C</displayName><value><![CDATA[100]]></value></Data>
	<Data name="ANNO_INSTAL"><displayName>ANNO_INSTAL</displayName><value><![CDATA[2000]]></value></Data>
</ExtendedData>
<styleUrl>#style1</styleUrl>
	<Point>
		<coordinates>-72.67650616185311,-37.49707901824449,0.000</coordinates>
	</Point>
</Placemark>

<Placemark>
<name>5508</name>
<description><![CDATA[<p>
<br/>COD_GRIFO: 5508
<br/>EMPRESA: ESSBIO
<br/>ESTADO: VIGENTE
<br/>DIRECCION: SANTA MARGARITA 146
<br/>CAT_ZONA_RIESGO: SIN RIESGO
<br/>DIAMETRO_N: 100
<br/>DIAMETRO_C: 100
<br/>AÑO_INSTALACION: 2000</p>]]></description>
<ExtendedData>
	<Data name="fid"><displayName>fid</displayName><value><![CDATA[72]]></value></Data>
	<Data name="COD_GRIFO"><displayName>COD_GRIFO</displayName><value><![CDATA[5508]]></value></Data>
	<Data name="EMPRESA"><displayName>EMPRESA</displayName><value><![CDATA[ESSBIO]]></value></Data>
	<Data name="ESTADO"><displayName>ESTADO</displayName><value><![CDATA[VIGENTE]]></value></Data>
	<Data name="DIRECCION"><displayName>DIRECCION</displayName><value><![CDATA[SANTA MARGARITA 146]]></value></Data>
	<Data name="CAT_ZONA_RIESGO"><displayName>CAT_ZONA_RIESGO</displayName><value><![CDATA[SIN RIESGO]]></value></Data>
	<Data name="DIAMETRO_N"><displayName>DIAMETRO_N</displayName><value><![CDATA[100]]></value></Data>
	<Data name="DIAMETRO_C"><displayName>DIAMETRO_C</displayName><value><![CDATA[100]]></value></Data>
	<Data name="ANNO_INSTAL"><displayName>ANNO_INSTAL</displayName><value><![CDATA[2000]]></value></Data>
</ExtendedData>
<styleUrl>#style1</styleUrl>
	<Point>
		<coordinates>-72.67017151558262,-37.5051323354524,0.000</coordinates>
	</Point>
</Placemark>

<Placemark>
<name>319982</name>
<description><![CDATA[<p>
<br/>COD_GRIFO: 319982
<br/>EMPRESA: ESSBIO
<br/>ESTADO: VIGENTE
<br/>DIRECCION: AV.J HEMMELMANN 1051 SECTOR Hospital, NACIMIENTO
<br/>CAT_ZONA_RIESGO: SIN RIESGO
<br/>DIAMETRO_N: 100
<br/>DIAMETRO_C: 100
<br/>AÑO_INSTALACION: 2000</p>]]></description>
<ExtendedData>
	<Data name="fid"><displayName>fid</displayName><value><![CDATA[73]]></value></Data>
	<Data name="COD_GRIFO"><displayName>COD_GRIFO</displayName><value><![CDATA[319982]]></value></Data>
	<Data name="EMPRESA"><displayName>EMPRESA</displayName><value><![CDATA[ESSBIO]]></value></Data>
	<Data name="ESTADO"><displayName>ESTADO</displayName><value><![CDATA[VIGENTE]]></value></Data>
	<Data name="DIRECCION"><displayName>DIRECCION</displayName><value><![CDATA[AV.J HEMMELMANN 1051 SECTOR Hospital, NACIMIENTO]]></value></Data>
	<Data name="CAT_ZONA_RIESGO"><displayName>CAT_ZONA_RIESGO</displayName><value><![CDATA[SIN RIESGO]]></value></Data>
	<Data name="DIAMETRO_N"><displayName>DIAMETRO_N</displayName><value><![CDATA[100]]></value></Data>
	<Data name="DIAMETRO_C"><displayName>DIAMETRO_C</displayName><value><![CDATA[100]]></value></Data>
	<Data name="ANNO_INSTAL"><displayName>ANNO_INSTAL</displayName><value><![CDATA[2000]]></value></Data>
</ExtendedData>
<styleUrl>#style1</styleUrl>
	<Point>
		<coordinates>-72.68201765089638,-37.50573261418562,0.000</coordinates>
	</Point>
</Placemark>

<Placemark>
<name>5585</name>
<description><![CDATA[<p>
<br/>COD_GRIFO: 5585
<br/>EMPRESA: ESSBIO
<br/>ESTADO: VIGENTE
<br/>DIRECCION: EUGENIO TOLEDO 1590
<br/>CAT_ZONA_RIESGO: SIN RIESGO
<br/>DIAMETRO_N: 100
<br/>DIAMETRO_C: 100
<br/>AÑO_INSTALACION: 2000</p>]]></description>
<ExtendedData>
	<Data name="fid"><displayName>fid</displayName><value><![CDATA[74]]></value></Data>
	<Data name="COD_GRIFO"><displayName>COD_GRIFO</displayName><value><![CDATA[5585]]></value></Data>
	<Data name="EMPRESA"><displayName>EMPRESA</displayName><value><![CDATA[ESSBIO]]></value></Data>
	<Data name="ESTADO"><displayName>ESTADO</displayName><value><![CDATA[VIGENTE]]></value></Data>
	<Data name="DIRECCION"><displayName>DIRECCION</displayName><value><![CDATA[EUGENIO TOLEDO 1590]]></value></Data>
	<Data name="CAT_ZONA_RIESGO"><displayName>CAT_ZONA_RIESGO</displayName><value><![CDATA[SIN RIESGO]]></value></Data>
	<Data name="DIAMETRO_N"><displayName>DIAMETRO_N</displayName><value><![CDATA[100]]></value></Data>
	<Data name="DIAMETRO_C"><displayName>DIAMETRO_C</displayName><value><![CDATA[100]]></value></Data>
	<Data name="ANNO_INSTAL"><displayName>ANNO_INSTAL</displayName><value><![CDATA[2000]]></value></Data>
</ExtendedData>
<styleUrl>#style1</styleUrl>
	<Point>
		<coordinates>-72.68753645308057,-37.48811593567592,0.000</coordinates>
	</Point>
</Placemark>

<Placemark>
<name>5674</name>
<description><![CDATA[<p>
<br/>COD_GRIFO: 5674
<br/>EMPRESA: ESSBIO
<br/>ESTADO: VIGENTE
<br/>DIRECCION: A SHEFIELD 1086
<br/>CAT_ZONA_RIESGO: SIN RIESGO
<br/>DIAMETRO_N: 100
<br/>DIAMETRO_C: 100
<br/>AÑO_INSTALACION: 2000</p>]]></description>
<ExtendedData>
	<Data name="fid"><displayName>fid</displayName><value><![CDATA[75]]></value></Data>
	<Data name="COD_GRIFO"><displayName>COD_GRIFO</displayName><value><![CDATA[5674]]></value></Data>
	<Data name="EMPRESA"><displayName>EMPRESA</displayName><value><![CDATA[ESSBIO]]></value></Data>
	<Data name="ESTADO"><displayName>ESTADO</displayName><value><![CDATA[VIGENTE]]></value></Data>
	<Data name="DIRECCION"><displayName>DIRECCION</displayName><value><![CDATA[A SHEFIELD 1086]]></value></Data>
	<Data name="CAT_ZONA_RIESGO"><displayName>CAT_ZONA_RIESGO</displayName><value><![CDATA[SIN RIESGO]]></value></Data>
	<Data name="DIAMETRO_N"><displayName>DIAMETRO_N</displayName><value><![CDATA[100]]></value></Data>
	<Data name="DIAMETRO_C"><displayName>DIAMETRO_C</displayName><value><![CDATA[100]]></value></Data>
	<Data name="ANNO_INSTAL"><displayName>ANNO_INSTAL</displayName><value><![CDATA[2000]]></value></Data>
</ExtendedData>
<styleUrl>#style1</styleUrl>
	<Point>
		<coordinates>-72.68641751774533,-37.50697372342427,0.000</coordinates>
	</Point>
</Placemark>

<Placemark>
<name>320008</name>
<description><![CDATA[<p>
<br/>COD_GRIFO: 320008
<br/>EMPRESA: ESSBIO
<br/>ESTADO: VIGENTE
<br/>DIRECCION: SAN MARTIN 1198 POB. COINAC, NACIMIENTO
<br/>CAT_ZONA_RIESGO: SIN RIESGO
<br/>DIAMETRO_N: 100
<br/>DIAMETRO_C: 100
<br/>AÑO_INSTALACION: 2000</p>]]></description>
<ExtendedData>
	<Data name="fid"><displayName>fid</displayName><value><![CDATA[76]]></value></Data>
	<Data name="COD_GRIFO"><displayName>COD_GRIFO</displayName><value><![CDATA[320008]]></value></Data>
	<Data name="EMPRESA"><displayName>EMPRESA</displayName><value><![CDATA[ESSBIO]]></value></Data>
	<Data name="ESTADO"><displayName>ESTADO</displayName><value><![CDATA[VIGENTE]]></value></Data>
	<Data name="DIRECCION"><displayName>DIRECCION</displayName><value><![CDATA[SAN MARTIN 1198 POB. COINAC, NACIMIENTO]]></value></Data>
	<Data name="CAT_ZONA_RIESGO"><displayName>CAT_ZONA_RIESGO</displayName><value><![CDATA[SIN RIESGO]]></value></Data>
	<Data name="DIAMETRO_N"><displayName>DIAMETRO_N</displayName><value><![CDATA[100]]></value></Data>
	<Data name="DIAMETRO_C"><displayName>DIAMETRO_C</displayName><value><![CDATA[100]]></value></Data>
	<Data name="ANNO_INSTAL"><displayName>ANNO_INSTAL</displayName><value><![CDATA[2000]]></value></Data>
</ExtendedData>
<styleUrl>#style1</styleUrl>
	<Point>
		<coordinates>-72.68347387965184,-37.499302517568196,0.000</coordinates>
	</Point>
</Placemark>

<Placemark>
<name>5584</name>
<description><![CDATA[<p>
<br/>COD_GRIFO: 5584
<br/>EMPRESA: ESSBIO
<br/>ESTADO: VIGENTE
<br/>DIRECCION: CAMINO PUBLICO A DIUQUIN 1092
<br/>CAT_ZONA_RIESGO: SIN RIESGO
<br/>DIAMETRO_N: 100
<br/>DIAMETRO_C: 100
<br/>AÑO_INSTALACION: 2000</p>]]></description>
<ExtendedData>
	<Data name="fid"><displayName>fid</displayName><value><![CDATA[77]]></value></Data>
	<Data name="COD_GRIFO"><displayName>COD_GRIFO</displayName><value><![CDATA[5584]]></value></Data>
	<Data name="EMPRESA"><displayName>EMPRESA</displayName><value><![CDATA[ESSBIO]]></value></Data>
	<Data name="ESTADO"><displayName>ESTADO</displayName><value><![CDATA[VIGENTE]]></value></Data>
	<Data name="DIRECCION"><displayName>DIRECCION</displayName><value><![CDATA[CAMINO PUBLICO A DIUQUIN 1092]]></value></Data>
	<Data name="CAT_ZONA_RIESGO"><displayName>CAT_ZONA_RIESGO</displayName><value><![CDATA[SIN RIESGO]]></value></Data>
	<Data name="DIAMETRO_N"><displayName>DIAMETRO_N</displayName><value><![CDATA[100]]></value></Data>
	<Data name="DIAMETRO_C"><displayName>DIAMETRO_C</displayName><value><![CDATA[100]]></value></Data>
	<Data name="ANNO_INSTAL"><displayName>ANNO_INSTAL</displayName><value><![CDATA[2000]]></value></Data>
</ExtendedData>
<styleUrl>#style1</styleUrl>
	<Point>
		<coordinates>-72.68818275849262,-37.48868932396432,0.000</coordinates>
	</Point>
</Placemark>

<Placemark>
<name>5645</name>
<description><![CDATA[<p>
<br/>COD_GRIFO: 5645
<br/>EMPRESA: ESSBIO
<br/>ESTADO: VIGENTE
<br/>DIRECCION: AV.ESTACION 250
<br/>CAT_ZONA_RIESGO: SIN RIESGO
<br/>DIAMETRO_N: 100
<br/>DIAMETRO_C: 100
<br/>AÑO_INSTALACION: 2000</p>]]></description>
<ExtendedData>
	<Data name="fid"><displayName>fid</displayName><value><![CDATA[78]]></value></Data>
	<Data name="COD_GRIFO"><displayName>COD_GRIFO</displayName><value><![CDATA[5645]]></value></Data>
	<Data name="EMPRESA"><displayName>EMPRESA</displayName><value><![CDATA[ESSBIO]]></value></Data>
	<Data name="ESTADO"><displayName>ESTADO</displayName><value><![CDATA[VIGENTE]]></value></Data>
	<Data name="DIRECCION"><displayName>DIRECCION</displayName><value><![CDATA[AV.ESTACION 250]]></value></Data>
	<Data name="CAT_ZONA_RIESGO"><displayName>CAT_ZONA_RIESGO</displayName><value><![CDATA[SIN RIESGO]]></value></Data>
	<Data name="DIAMETRO_N"><displayName>DIAMETRO_N</displayName><value><![CDATA[100]]></value></Data>
	<Data name="DIAMETRO_C"><displayName>DIAMETRO_C</displayName><value><![CDATA[100]]></value></Data>
	<Data name="ANNO_INSTAL"><displayName>ANNO_INSTAL</displayName><value><![CDATA[2000]]></value></Data>
</ExtendedData>
<styleUrl>#style1</styleUrl>
	<Point>
		<coordinates>-72.66011351545819,-37.50555321278242,0.000</coordinates>
	</Point>
</Placemark>

<Placemark>
<name>5515</name>
<description><![CDATA[<p>
<br/>COD_GRIFO: 5515
<br/>EMPRESA: ESSBIO
<br/>ESTADO: VIGENTE
<br/>DIRECCION: VILLA ALEGRE 603
<br/>CAT_ZONA_RIESGO: SIN RIESGO
<br/>DIAMETRO_N: 100
<br/>DIAMETRO_C: 100
<br/>AÑO_INSTALACION: 2000</p>]]></description>
<ExtendedData>
	<Data name="fid"><displayName>fid</displayName><value><![CDATA[79]]></value></Data>
	<Data name="COD_GRIFO"><displayName>COD_GRIFO</displayName><value><![CDATA[5515]]></value></Data>
	<Data name="EMPRESA"><displayName>EMPRESA</displayName><value><![CDATA[ESSBIO]]></value></Data>
	<Data name="ESTADO"><displayName>ESTADO</displayName><value><![CDATA[VIGENTE]]></value></Data>
	<Data name="DIRECCION"><displayName>DIRECCION</displayName><value><![CDATA[VILLA ALEGRE 603]]></value></Data>
	<Data name="CAT_ZONA_RIESGO"><displayName>CAT_ZONA_RIESGO</displayName><value><![CDATA[SIN RIESGO]]></value></Data>
	<Data name="DIAMETRO_N"><displayName>DIAMETRO_N</displayName><value><![CDATA[100]]></value></Data>
	<Data name="DIAMETRO_C"><displayName>DIAMETRO_C</displayName><value><![CDATA[100]]></value></Data>
	<Data name="ANNO_INSTAL"><displayName>ANNO_INSTAL</displayName><value><![CDATA[2000]]></value></Data>
</ExtendedData>
<styleUrl>#style1</styleUrl>
	<Point>
		<coordinates>-72.67338911346779,-37.5002497529504,0.000</coordinates>
	</Point>
</Placemark>

<Placemark>
<name>5752</name>
<description><![CDATA[<p>
<br/>COD_GRIFO: 5752
<br/>EMPRESA: ESSBIO
<br/>ESTADO: VIGENTE
<br/>DIRECCION: EL PALQUI 904
<br/>CAT_ZONA_RIESGO: SIN RIESGO
<br/>DIAMETRO_N: 100
<br/>DIAMETRO_C: 100
<br/>AÑO_INSTALACION: 2000</p>]]></description>
<ExtendedData>
	<Data name="fid"><displayName>fid</displayName><value><![CDATA[80]]></value></Data>
	<Data name="COD_GRIFO"><displayName>COD_GRIFO</displayName><value><![CDATA[5752]]></value></Data>
	<Data name="EMPRESA"><displayName>EMPRESA</displayName><value><![CDATA[ESSBIO]]></value></Data>
	<Data name="ESTADO"><displayName>ESTADO</displayName><value><![CDATA[VIGENTE]]></value></Data>
	<Data name="DIRECCION"><displayName>DIRECCION</displayName><value><![CDATA[EL PALQUI 904]]></value></Data>
	<Data name="CAT_ZONA_RIESGO"><displayName>CAT_ZONA_RIESGO</displayName><value><![CDATA[SIN RIESGO]]></value></Data>
	<Data name="DIAMETRO_N"><displayName>DIAMETRO_N</displayName><value><![CDATA[100]]></value></Data>
	<Data name="DIAMETRO_C"><displayName>DIAMETRO_C</displayName><value><![CDATA[100]]></value></Data>
	<Data name="ANNO_INSTAL"><displayName>ANNO_INSTAL</displayName><value><![CDATA[2000]]></value></Data>
</ExtendedData>
<styleUrl>#style1</styleUrl>
	<Point>
		<coordinates>-72.67546033858842,-37.507511220240055,0.000</coordinates>
	</Point>
</Placemark>

<Placemark>
<name>5485</name>
<description><![CDATA[<p>
<br/>COD_GRIFO: 5485
<br/>EMPRESA: ESSBIO
<br/>ESTADO: VIGENTE
<br/>DIRECCION: J GAJARDO 307
<br/>CAT_ZONA_RIESGO: SIN RIESGO
<br/>DIAMETRO_N: 100
<br/>DIAMETRO_C: 100
<br/>AÑO_INSTALACION: 2000</p>]]></description>
<ExtendedData>
	<Data name="fid"><displayName>fid</displayName><value><![CDATA[81]]></value></Data>
	<Data name="COD_GRIFO"><displayName>COD_GRIFO</displayName><value><![CDATA[5485]]></value></Data>
	<Data name="EMPRESA"><displayName>EMPRESA</displayName><value><![CDATA[ESSBIO]]></value></Data>
	<Data name="ESTADO"><displayName>ESTADO</displayName><value><![CDATA[VIGENTE]]></value></Data>
	<Data name="DIRECCION"><displayName>DIRECCION</displayName><value><![CDATA[J GAJARDO 307]]></value></Data>
	<Data name="CAT_ZONA_RIESGO"><displayName>CAT_ZONA_RIESGO</displayName><value><![CDATA[SIN RIESGO]]></value></Data>
	<Data name="DIAMETRO_N"><displayName>DIAMETRO_N</displayName><value><![CDATA[100]]></value></Data>
	<Data name="DIAMETRO_C"><displayName>DIAMETRO_C</displayName><value><![CDATA[100]]></value></Data>
	<Data name="ANNO_INSTAL"><displayName>ANNO_INSTAL</displayName><value><![CDATA[2000]]></value></Data>
</ExtendedData>
<styleUrl>#style1</styleUrl>
	<Point>
		<coordinates>-72.65649661799938,-37.50393378285941,0.000</coordinates>
	</Point>
</Placemark>

<Placemark>
<name>5672</name>
<description><![CDATA[<p>
<br/>COD_GRIFO: 5672
<br/>EMPRESA: ESSBIO
<br/>ESTADO: VIGENTE
<br/>DIRECCION: SANTIAGO ROMERO 1028
<br/>CAT_ZONA_RIESGO: SIN RIESGO
<br/>DIAMETRO_N: 100
<br/>DIAMETRO_C: 100
<br/>AÑO_INSTALACION: 2000</p>]]></description>
<ExtendedData>
	<Data name="fid"><displayName>fid</displayName><value><![CDATA[82]]></value></Data>
	<Data name="COD_GRIFO"><displayName>COD_GRIFO</displayName><value><![CDATA[5672]]></value></Data>
	<Data name="EMPRESA"><displayName>EMPRESA</displayName><value><![CDATA[ESSBIO]]></value></Data>
	<Data name="ESTADO"><displayName>ESTADO</displayName><value><![CDATA[VIGENTE]]></value></Data>
	<Data name="DIRECCION"><displayName>DIRECCION</displayName><value><![CDATA[SANTIAGO ROMERO 1028]]></value></Data>
	<Data name="CAT_ZONA_RIESGO"><displayName>CAT_ZONA_RIESGO</displayName><value><![CDATA[SIN RIESGO]]></value></Data>
	<Data name="DIAMETRO_N"><displayName>DIAMETRO_N</displayName><value><![CDATA[100]]></value></Data>
	<Data name="DIAMETRO_C"><displayName>DIAMETRO_C</displayName><value><![CDATA[100]]></value></Data>
	<Data name="ANNO_INSTAL"><displayName>ANNO_INSTAL</displayName><value><![CDATA[2000]]></value></Data>
</ExtendedData>
<styleUrl>#style1</styleUrl>
	<Point>
		<coordinates>-72.68724998875443,-37.504782170138164,0.000</coordinates>
	</Point>
</Placemark>

<Placemark>
<name>5759</name>
<description><![CDATA[<p>
<br/>COD_GRIFO: 5759
<br/>EMPRESA: ESSBIO
<br/>ESTADO: VIGENTE
<br/>DIRECCION: ALONSO DE OVALLE ENTRE JORGE MONTT Y JOAQUIN PRIETO
<br/>CAT_ZONA_RIESGO: SIN RIESGO
<br/>DIAMETRO_N: 100
<br/>DIAMETRO_C: 100
<br/>AÑO_INSTALACION: 2000</p>]]></description>
<ExtendedData>
	<Data name="fid"><displayName>fid</displayName><value><![CDATA[83]]></value></Data>
	<Data name="COD_GRIFO"><displayName>COD_GRIFO</displayName><value><![CDATA[5759]]></value></Data>
	<Data name="EMPRESA"><displayName>EMPRESA</displayName><value><![CDATA[ESSBIO]]></value></Data>
	<Data name="ESTADO"><displayName>ESTADO</displayName><value><![CDATA[VIGENTE]]></value></Data>
	<Data name="DIRECCION"><displayName>DIRECCION</displayName><value><![CDATA[ALONSO DE OVALLE ENTRE JORGE MONTT Y JOAQUIN PRIETO]]></value></Data>
	<Data name="CAT_ZONA_RIESGO"><displayName>CAT_ZONA_RIESGO</displayName><value><![CDATA[SIN RIESGO]]></value></Data>
	<Data name="DIAMETRO_N"><displayName>DIAMETRO_N</displayName><value><![CDATA[100]]></value></Data>
	<Data name="DIAMETRO_C"><displayName>DIAMETRO_C</displayName><value><![CDATA[100]]></value></Data>
	<Data name="ANNO_INSTAL"><displayName>ANNO_INSTAL</displayName><value><![CDATA[2000]]></value></Data>
</ExtendedData>
<styleUrl>#style1</styleUrl>
	<Point>
		<coordinates>-72.66999349098326,-37.503779790957125,0.000</coordinates>
	</Point>
</Placemark>

<Placemark>
<name>5489</name>
<description><![CDATA[<p>
<br/>COD_GRIFO: 5489
<br/>EMPRESA: ESSBIO
<br/>ESTADO: VIGENTE
<br/>DIRECCION: SAN GREGORIO 345
<br/>CAT_ZONA_RIESGO: SIN RIESGO
<br/>DIAMETRO_N: 100
<br/>DIAMETRO_C: 100
<br/>AÑO_INSTALACION: 2000</p>]]></description>
<ExtendedData>
	<Data name="fid"><displayName>fid</displayName><value><![CDATA[84]]></value></Data>
	<Data name="COD_GRIFO"><displayName>COD_GRIFO</displayName><value><![CDATA[5489]]></value></Data>
	<Data name="EMPRESA"><displayName>EMPRESA</displayName><value><![CDATA[ESSBIO]]></value></Data>
	<Data name="ESTADO"><displayName>ESTADO</displayName><value><![CDATA[VIGENTE]]></value></Data>
	<Data name="DIRECCION"><displayName>DIRECCION</displayName><value><![CDATA[SAN GREGORIO 345]]></value></Data>
	<Data name="CAT_ZONA_RIESGO"><displayName>CAT_ZONA_RIESGO</displayName><value><![CDATA[SIN RIESGO]]></value></Data>
	<Data name="DIAMETRO_N"><displayName>DIAMETRO_N</displayName><value><![CDATA[100]]></value></Data>
	<Data name="DIAMETRO_C"><displayName>DIAMETRO_C</displayName><value><![CDATA[100]]></value></Data>
	<Data name="ANNO_INSTAL"><displayName>ANNO_INSTAL</displayName><value><![CDATA[2000]]></value></Data>
</ExtendedData>
<styleUrl>#style1</styleUrl>
	<Point>
		<coordinates>-72.65815635702317,-37.503636293552,0.000</coordinates>
	</Point>
</Placemark>

<Placemark>
<name>5764</name>
<description><![CDATA[<p>
<br/>COD_GRIFO: 5764
<br/>EMPRESA: ESSBIO
<br/>ESTADO: VIGENTE
<br/>DIRECCION: LOS ALAMOS 18
<br/>CAT_ZONA_RIESGO: SIN RIESGO
<br/>DIAMETRO_N: 100
<br/>DIAMETRO_C: 100
<br/>AÑO_INSTALACION: 2000</p>]]></description>
<ExtendedData>
	<Data name="fid"><displayName>fid</displayName><value><![CDATA[85]]></value></Data>
	<Data name="COD_GRIFO"><displayName>COD_GRIFO</displayName><value><![CDATA[5764]]></value></Data>
	<Data name="EMPRESA"><displayName>EMPRESA</displayName><value><![CDATA[ESSBIO]]></value></Data>
	<Data name="ESTADO"><displayName>ESTADO</displayName><value><![CDATA[VIGENTE]]></value></Data>
	<Data name="DIRECCION"><displayName>DIRECCION</displayName><value><![CDATA[LOS ALAMOS 18]]></value></Data>
	<Data name="CAT_ZONA_RIESGO"><displayName>CAT_ZONA_RIESGO</displayName><value><![CDATA[SIN RIESGO]]></value></Data>
	<Data name="DIAMETRO_N"><displayName>DIAMETRO_N</displayName><value><![CDATA[100]]></value></Data>
	<Data name="DIAMETRO_C"><displayName>DIAMETRO_C</displayName><value><![CDATA[100]]></value></Data>
	<Data name="ANNO_INSTAL"><displayName>ANNO_INSTAL</displayName><value><![CDATA[2000]]></value></Data>
</ExtendedData>
<styleUrl>#style1</styleUrl>
	<Point>
		<coordinates>-72.6759297679182,-37.50496421162962,0.000</coordinates>
	</Point>
</Placemark>

<Placemark>
<name>5678</name>
<description><![CDATA[<p>
<br/>COD_GRIFO: 5678
<br/>EMPRESA: ESSBIO
<br/>ESTADO: VIGENTE
<br/>DIRECCION: T VALDEVENITO 1145
<br/>CAT_ZONA_RIESGO: SIN RIESGO
<br/>DIAMETRO_N: 100
<br/>DIAMETRO_C: 100
<br/>AÑO_INSTALACION: 2000</p>]]></description>
<ExtendedData>
	<Data name="fid"><displayName>fid</displayName><value><![CDATA[86]]></value></Data>
	<Data name="COD_GRIFO"><displayName>COD_GRIFO</displayName><value><![CDATA[5678]]></value></Data>
	<Data name="EMPRESA"><displayName>EMPRESA</displayName><value><![CDATA[ESSBIO]]></value></Data>
	<Data name="ESTADO"><displayName>ESTADO</displayName><value><![CDATA[VIGENTE]]></value></Data>
	<Data name="DIRECCION"><displayName>DIRECCION</displayName><value><![CDATA[T VALDEVENITO 1145]]></value></Data>
	<Data name="CAT_ZONA_RIESGO"><displayName>CAT_ZONA_RIESGO</displayName><value><![CDATA[SIN RIESGO]]></value></Data>
	<Data name="DIAMETRO_N"><displayName>DIAMETRO_N</displayName><value><![CDATA[100]]></value></Data>
	<Data name="DIAMETRO_C"><displayName>DIAMETRO_C</displayName><value><![CDATA[100]]></value></Data>
	<Data name="ANNO_INSTAL"><displayName>ANNO_INSTAL</displayName><value><![CDATA[2000]]></value></Data>
</ExtendedData>
<styleUrl>#style1</styleUrl>
	<Point>
		<coordinates>-72.68530577172183,-37.5047152709873,0.000</coordinates>
	</Point>
</Placemark>

<Placemark>
<name>5753</name>
<description><![CDATA[<p>
<br/>COD_GRIFO: 5753
<br/>EMPRESA: ESSBIO
<br/>ESTADO: VIGENTE
<br/>DIRECCION: LOS LIRIOS 922
<br/>CAT_ZONA_RIESGO: SIN RIESGO
<br/>DIAMETRO_N: 100
<br/>DIAMETRO_C: 100
<br/>AÑO_INSTALACION: 2000</p>]]></description>
<ExtendedData>
	<Data name="fid"><displayName>fid</displayName><value><![CDATA[87]]></value></Data>
	<Data name="COD_GRIFO"><displayName>COD_GRIFO</displayName><value><![CDATA[5753]]></value></Data>
	<Data name="EMPRESA"><displayName>EMPRESA</displayName><value><![CDATA[ESSBIO]]></value></Data>
	<Data name="ESTADO"><displayName>ESTADO</displayName><value><![CDATA[VIGENTE]]></value></Data>
	<Data name="DIRECCION"><displayName>DIRECCION</displayName><value><![CDATA[LOS LIRIOS 922]]></value></Data>
	<Data name="CAT_ZONA_RIESGO"><displayName>CAT_ZONA_RIESGO</displayName><value><![CDATA[SIN RIESGO]]></value></Data>
	<Data name="DIAMETRO_N"><displayName>DIAMETRO_N</displayName><value><![CDATA[100]]></value></Data>
	<Data name="DIAMETRO_C"><displayName>DIAMETRO_C</displayName><value><![CDATA[100]]></value></Data>
	<Data name="ANNO_INSTAL"><displayName>ANNO_INSTAL</displayName><value><![CDATA[2000]]></value></Data>
</ExtendedData>
<styleUrl>#style1</styleUrl>
	<Point>
		<coordinates>-72.67715268001182,-37.506298231494384,0.000</coordinates>
	</Point>
</Placemark>

<Placemark>
<name>4871</name>
<description><![CDATA[<p>
<br/>COD_GRIFO: 4871
<br/>EMPRESA: ESSBIO
<br/>ESTADO: VIGENTE
<br/>DIRECCION: TUCAPEL 1181
<br/>CAT_ZONA_RIESGO: SIN RIESGO
<br/>DIAMETRO_N: 100
<br/>DIAMETRO_C: 100
<br/>AÑO_INSTALACION: 2000</p>]]></description>
<ExtendedData>
	<Data name="fid"><displayName>fid</displayName><value><![CDATA[88]]></value></Data>
	<Data name="COD_GRIFO"><displayName>COD_GRIFO</displayName><value><![CDATA[4871]]></value></Data>
	<Data name="EMPRESA"><displayName>EMPRESA</displayName><value><![CDATA[ESSBIO]]></value></Data>
	<Data name="ESTADO"><displayName>ESTADO</displayName><value><![CDATA[VIGENTE]]></value></Data>
	<Data name="DIRECCION"><displayName>DIRECCION</displayName><value><![CDATA[TUCAPEL 1181]]></value></Data>
	<Data name="CAT_ZONA_RIESGO"><displayName>CAT_ZONA_RIESGO</displayName><value><![CDATA[SIN RIESGO]]></value></Data>
	<Data name="DIAMETRO_N"><displayName>DIAMETRO_N</displayName><value><![CDATA[100]]></value></Data>
	<Data name="DIAMETRO_C"><displayName>DIAMETRO_C</displayName><value><![CDATA[100]]></value></Data>
	<Data name="ANNO_INSTAL"><displayName>ANNO_INSTAL</displayName><value><![CDATA[2000]]></value></Data>
</ExtendedData>
<styleUrl>#style1</styleUrl>
	<Point>
		<coordinates>-72.68411629877724,-37.49705115435002,0.000</coordinates>
	</Point>
</Placemark>

<Placemark>
<name>5685</name>
<description><![CDATA[<p>
<br/>COD_GRIFO: 5685
<br/>EMPRESA: ESSBIO
<br/>ESTADO: VIGENTE
<br/>DIRECCION: LA SUERTE 979
<br/>CAT_ZONA_RIESGO: SIN RIESGO
<br/>DIAMETRO_N: 100
<br/>DIAMETRO_C: 100
<br/>AÑO_INSTALACION: 2000</p>]]></description>
<ExtendedData>
	<Data name="fid"><displayName>fid</displayName><value><![CDATA[89]]></value></Data>
	<Data name="COD_GRIFO"><displayName>COD_GRIFO</displayName><value><![CDATA[5685]]></value></Data>
	<Data name="EMPRESA"><displayName>EMPRESA</displayName><value><![CDATA[ESSBIO]]></value></Data>
	<Data name="ESTADO"><displayName>ESTADO</displayName><value><![CDATA[VIGENTE]]></value></Data>
	<Data name="DIRECCION"><displayName>DIRECCION</displayName><value><![CDATA[LA SUERTE 979]]></value></Data>
	<Data name="CAT_ZONA_RIESGO"><displayName>CAT_ZONA_RIESGO</displayName><value><![CDATA[SIN RIESGO]]></value></Data>
	<Data name="DIAMETRO_N"><displayName>DIAMETRO_N</displayName><value><![CDATA[100]]></value></Data>
	<Data name="DIAMETRO_C"><displayName>DIAMETRO_C</displayName><value><![CDATA[100]]></value></Data>
	<Data name="ANNO_INSTAL"><displayName>ANNO_INSTAL</displayName><value><![CDATA[2000]]></value></Data>
</ExtendedData>
<styleUrl>#style1</styleUrl>
	<Point>
		<coordinates>-72.68201873006548,-37.511392094073614,0.000</coordinates>
	</Point>
</Placemark>

<Placemark>
<name>4875</name>
<description><![CDATA[<p>
<br/>COD_GRIFO: 4875
<br/>EMPRESA: ESSBIO
<br/>ESTADO: VIGENTE
<br/>DIRECCION: CARLOS IBAÑEZ DEL CAMPO 1591
<br/>CAT_ZONA_RIESGO: SIN RIESGO
<br/>DIAMETRO_N: 100
<br/>DIAMETRO_C: 100
<br/>AÑO_INSTALACION: 2000</p>]]></description>
<ExtendedData>
	<Data name="fid"><displayName>fid</displayName><value><![CDATA[90]]></value></Data>
	<Data name="COD_GRIFO"><displayName>COD_GRIFO</displayName><value><![CDATA[4875]]></value></Data>
	<Data name="EMPRESA"><displayName>EMPRESA</displayName><value><![CDATA[ESSBIO]]></value></Data>
	<Data name="ESTADO"><displayName>ESTADO</displayName><value><![CDATA[VIGENTE]]></value></Data>
	<Data name="DIRECCION"><displayName>DIRECCION</displayName><value><![CDATA[CARLOS IBAÑEZ DEL CAMPO 1591]]></value></Data>
	<Data name="CAT_ZONA_RIESGO"><displayName>CAT_ZONA_RIESGO</displayName><value><![CDATA[SIN RIESGO]]></value></Data>
	<Data name="DIAMETRO_N"><displayName>DIAMETRO_N</displayName><value><![CDATA[100]]></value></Data>
	<Data name="DIAMETRO_C"><displayName>DIAMETRO_C</displayName><value><![CDATA[100]]></value></Data>
	<Data name="ANNO_INSTAL"><displayName>ANNO_INSTAL</displayName><value><![CDATA[2000]]></value></Data>
</ExtendedData>
<styleUrl>#style1</styleUrl>
	<Point>
		<coordinates>-72.69075065860737,-37.49722584759813,0.000</coordinates>
	</Point>
</Placemark>

<Placemark>
<name>5642</name>
<description><![CDATA[<p>
<br/>COD_GRIFO: 5642
<br/>EMPRESA: ESSBIO
<br/>ESTADO: VIGENTE
<br/>DIRECCION: AV.ESTACION 613
<br/>CAT_ZONA_RIESGO: SIN RIESGO
<br/>DIAMETRO_N: 100
<br/>DIAMETRO_C: 100
<br/>AÑO_INSTALACION: 2000</p>]]></description>
<ExtendedData>
	<Data name="fid"><displayName>fid</displayName><value><![CDATA[91]]></value></Data>
	<Data name="COD_GRIFO"><displayName>COD_GRIFO</displayName><value><![CDATA[5642]]></value></Data>
	<Data name="EMPRESA"><displayName>EMPRESA</displayName><value><![CDATA[ESSBIO]]></value></Data>
	<Data name="ESTADO"><displayName>ESTADO</displayName><value><![CDATA[VIGENTE]]></value></Data>
	<Data name="DIRECCION"><displayName>DIRECCION</displayName><value><![CDATA[AV.ESTACION 613]]></value></Data>
	<Data name="CAT_ZONA_RIESGO"><displayName>CAT_ZONA_RIESGO</displayName><value><![CDATA[SIN RIESGO]]></value></Data>
	<Data name="DIAMETRO_N"><displayName>DIAMETRO_N</displayName><value><![CDATA[100]]></value></Data>
	<Data name="DIAMETRO_C"><displayName>DIAMETRO_C</displayName><value><![CDATA[100]]></value></Data>
	<Data name="ANNO_INSTAL"><displayName>ANNO_INSTAL</displayName><value><![CDATA[2000]]></value></Data>
</ExtendedData>
<styleUrl>#style1</styleUrl>
	<Point>
		<coordinates>-72.6585850443694,-37.50638547994319,0.000</coordinates>
	</Point>
</Placemark>

<Placemark>
<name>5748</name>
<description><![CDATA[<p>
<br/>COD_GRIFO: 5748
<br/>EMPRESA: ESSBIO
<br/>ESTADO: VIGENTE
<br/>DIRECCION: CAUPOLICAN 508
<br/>CAT_ZONA_RIESGO: SIN RIESGO
<br/>DIAMETRO_N: 100
<br/>DIAMETRO_C: 100
<br/>AÑO_INSTALACION: 2000</p>]]></description>
<ExtendedData>
	<Data name="fid"><displayName>fid</displayName><value><![CDATA[92]]></value></Data>
	<Data name="COD_GRIFO"><displayName>COD_GRIFO</displayName><value><![CDATA[5748]]></value></Data>
	<Data name="EMPRESA"><displayName>EMPRESA</displayName><value><![CDATA[ESSBIO]]></value></Data>
	<Data name="ESTADO"><displayName>ESTADO</displayName><value><![CDATA[VIGENTE]]></value></Data>
	<Data name="DIRECCION"><displayName>DIRECCION</displayName><value><![CDATA[CAUPOLICAN 508]]></value></Data>
	<Data name="CAT_ZONA_RIESGO"><displayName>CAT_ZONA_RIESGO</displayName><value><![CDATA[SIN RIESGO]]></value></Data>
	<Data name="DIAMETRO_N"><displayName>DIAMETRO_N</displayName><value><![CDATA[100]]></value></Data>
	<Data name="DIAMETRO_C"><displayName>DIAMETRO_C</displayName><value><![CDATA[100]]></value></Data>
	<Data name="ANNO_INSTAL"><displayName>ANNO_INSTAL</displayName><value><![CDATA[2000]]></value></Data>
</ExtendedData>
<styleUrl>#style1</styleUrl>
	<Point>
		<coordinates>-72.65794537034667,-37.50918680655355,0.000</coordinates>
	</Point>
</Placemark>

<Placemark>
<name>4862</name>
<description><![CDATA[<p>
<br/>COD_GRIFO: 4862
<br/>EMPRESA: ESSBIO
<br/>ESTADO: VIGENTE
<br/>DIRECCION: LAS MINAS 256
<br/>CAT_ZONA_RIESGO: SIN RIESGO
<br/>DIAMETRO_N: 100
<br/>DIAMETRO_C: 100
<br/>AÑO_INSTALACION: 2000</p>]]></description>
<ExtendedData>
	<Data name="fid"><displayName>fid</displayName><value><![CDATA[93]]></value></Data>
	<Data name="COD_GRIFO"><displayName>COD_GRIFO</displayName><value><![CDATA[4862]]></value></Data>
	<Data name="EMPRESA"><displayName>EMPRESA</displayName><value><![CDATA[ESSBIO]]></value></Data>
	<Data name="ESTADO"><displayName>ESTADO</displayName><value><![CDATA[VIGENTE]]></value></Data>
	<Data name="DIRECCION"><displayName>DIRECCION</displayName><value><![CDATA[LAS MINAS 256]]></value></Data>
	<Data name="CAT_ZONA_RIESGO"><displayName>CAT_ZONA_RIESGO</displayName><value><![CDATA[SIN RIESGO]]></value></Data>
	<Data name="DIAMETRO_N"><displayName>DIAMETRO_N</displayName><value><![CDATA[100]]></value></Data>
	<Data name="DIAMETRO_C"><displayName>DIAMETRO_C</displayName><value><![CDATA[100]]></value></Data>
	<Data name="ANNO_INSTAL"><displayName>ANNO_INSTAL</displayName><value><![CDATA[2000]]></value></Data>
</ExtendedData>
<styleUrl>#style1</styleUrl>
	<Point>
		<coordinates>-72.67554251908993,-37.49883784076097,0.000</coordinates>
	</Point>
</Placemark>

<Placemark>
<name>5514</name>
<description><![CDATA[<p>
<br/>COD_GRIFO: 5514
<br/>EMPRESA: ESSBIO
<br/>ESTADO: VIGENTE
<br/>DIRECCION: JOAQUIN PRIETO 171
<br/>CAT_ZONA_RIESGO: SIN RIESGO
<br/>DIAMETRO_N: 100
<br/>DIAMETRO_C: 100
<br/>AÑO_INSTALACION: 2000</p>]]></description>
<ExtendedData>
	<Data name="fid"><displayName>fid</displayName><value><![CDATA[94]]></value></Data>
	<Data name="COD_GRIFO"><displayName>COD_GRIFO</displayName><value><![CDATA[5514]]></value></Data>
	<Data name="EMPRESA"><displayName>EMPRESA</displayName><value><![CDATA[ESSBIO]]></value></Data>
	<Data name="ESTADO"><displayName>ESTADO</displayName><value><![CDATA[VIGENTE]]></value></Data>
	<Data name="DIRECCION"><displayName>DIRECCION</displayName><value><![CDATA[JOAQUIN PRIETO 171]]></value></Data>
	<Data name="CAT_ZONA_RIESGO"><displayName>CAT_ZONA_RIESGO</displayName><value><![CDATA[SIN RIESGO]]></value></Data>
	<Data name="DIAMETRO_N"><displayName>DIAMETRO_N</displayName><value><![CDATA[100]]></value></Data>
	<Data name="DIAMETRO_C"><displayName>DIAMETRO_C</displayName><value><![CDATA[100]]></value></Data>
	<Data name="ANNO_INSTAL"><displayName>ANNO_INSTAL</displayName><value><![CDATA[2000]]></value></Data>
</ExtendedData>
<styleUrl>#style1</styleUrl>
	<Point>
		<coordinates>-72.66851792696045,-37.49891253086266,0.000</coordinates>
	</Point>
</Placemark>

<Placemark>
<name>5765</name>
<description><![CDATA[<p>
<br/>COD_GRIFO: 5765
<br/>EMPRESA: ESSBIO
<br/>ESTADO: VIGENTE
<br/>DIRECCION: BARTOLOME SERRA 889
<br/>CAT_ZONA_RIESGO: SIN RIESGO
<br/>DIAMETRO_N: 100
<br/>DIAMETRO_C: 100
<br/>AÑO_INSTALACION: 2000</p>]]></description>
<ExtendedData>
	<Data name="fid"><displayName>fid</displayName><value><![CDATA[95]]></value></Data>
	<Data name="COD_GRIFO"><displayName>COD_GRIFO</displayName><value><![CDATA[5765]]></value></Data>
	<Data name="EMPRESA"><displayName>EMPRESA</displayName><value><![CDATA[ESSBIO]]></value></Data>
	<Data name="ESTADO"><displayName>ESTADO</displayName><value><![CDATA[VIGENTE]]></value></Data>
	<Data name="DIRECCION"><displayName>DIRECCION</displayName><value><![CDATA[BARTOLOME SERRA 889]]></value></Data>
	<Data name="CAT_ZONA_RIESGO"><displayName>CAT_ZONA_RIESGO</displayName><value><![CDATA[SIN RIESGO]]></value></Data>
	<Data name="DIAMETRO_N"><displayName>DIAMETRO_N</displayName><value><![CDATA[100]]></value></Data>
	<Data name="DIAMETRO_C"><displayName>DIAMETRO_C</displayName><value><![CDATA[100]]></value></Data>
	<Data name="ANNO_INSTAL"><displayName>ANNO_INSTAL</displayName><value><![CDATA[2000]]></value></Data>
</ExtendedData>
<styleUrl>#style1</styleUrl>
	<Point>
		<coordinates>-72.67562555365294,-37.50446388139058,0.000</coordinates>
	</Point>
</Placemark>

<Placemark>
<name>5524</name>
<description><![CDATA[<p>
<br/>COD_GRIFO: 5524
<br/>EMPRESA: ESSBIO
<br/>ESTADO: VIGENTE
<br/>DIRECCION: SAN MARTIN ENTRE AV LA CRUZ Y RUBEN DARIO
<br/>CAT_ZONA_RIESGO: SIN RIESGO
<br/>DIAMETRO_N: 100
<br/>DIAMETRO_C: 100
<br/>AÑO_INSTALACION: 2000</p>]]></description>
<ExtendedData>
	<Data name="fid"><displayName>fid</displayName><value><![CDATA[96]]></value></Data>
	<Data name="COD_GRIFO"><displayName>COD_GRIFO</displayName><value><![CDATA[5524]]></value></Data>
	<Data name="EMPRESA"><displayName>EMPRESA</displayName><value><![CDATA[ESSBIO]]></value></Data>
	<Data name="ESTADO"><displayName>ESTADO</displayName><value><![CDATA[VIGENTE]]></value></Data>
	<Data name="DIRECCION"><displayName>DIRECCION</displayName><value><![CDATA[SAN MARTIN ENTRE AV LA CRUZ Y RUBEN DARIO]]></value></Data>
	<Data name="CAT_ZONA_RIESGO"><displayName>CAT_ZONA_RIESGO</displayName><value><![CDATA[SIN RIESGO]]></value></Data>
	<Data name="DIAMETRO_N"><displayName>DIAMETRO_N</displayName><value><![CDATA[100]]></value></Data>
	<Data name="DIAMETRO_C"><displayName>DIAMETRO_C</displayName><value><![CDATA[100]]></value></Data>
	<Data name="ANNO_INSTAL"><displayName>ANNO_INSTAL</displayName><value><![CDATA[2000]]></value></Data>
</ExtendedData>
<styleUrl>#style1</styleUrl>
	<Point>
		<coordinates>-72.67605428662618,-37.500503213123274,0.000</coordinates>
	</Point>
</Placemark>

<Placemark>
<name>5683</name>
<description><![CDATA[<p>
<br/>COD_GRIFO: 5683
<br/>EMPRESA: ESSBIO
<br/>ESTADO: VIGENTE
<br/>DIRECCION: GENERAL BAQUEDANO 160
<br/>CAT_ZONA_RIESGO: SIN RIESGO
<br/>DIAMETRO_N: 100
<br/>DIAMETRO_C: 100
<br/>AÑO_INSTALACION: 2000</p>]]></description>
<ExtendedData>
	<Data name="fid"><displayName>fid</displayName><value><![CDATA[97]]></value></Data>
	<Data name="COD_GRIFO"><displayName>COD_GRIFO</displayName><value><![CDATA[5683]]></value></Data>
	<Data name="EMPRESA"><displayName>EMPRESA</displayName><value><![CDATA[ESSBIO]]></value></Data>
	<Data name="ESTADO"><displayName>ESTADO</displayName><value><![CDATA[VIGENTE]]></value></Data>
	<Data name="DIRECCION"><displayName>DIRECCION</displayName><value><![CDATA[GENERAL BAQUEDANO 160]]></value></Data>
	<Data name="CAT_ZONA_RIESGO"><displayName>CAT_ZONA_RIESGO</displayName><value><![CDATA[SIN RIESGO]]></value></Data>
	<Data name="DIAMETRO_N"><displayName>DIAMETRO_N</displayName><value><![CDATA[100]]></value></Data>
	<Data name="DIAMETRO_C"><displayName>DIAMETRO_C</displayName><value><![CDATA[100]]></value></Data>
	<Data name="ANNO_INSTAL"><displayName>ANNO_INSTAL</displayName><value><![CDATA[2000]]></value></Data>
</ExtendedData>
<styleUrl>#style1</styleUrl>
	<Point>
		<coordinates>-72.67321636079669,-37.49862282043374,0.000</coordinates>
	</Point>
</Placemark>

<Placemark>
<name>5512</name>
<description><![CDATA[<p>
<br/>COD_GRIFO: 5512
<br/>EMPRESA: ESSBIO
<br/>ESTADO: VIGENTE
<br/>DIRECCION: LOS ANDES 851
<br/>CAT_ZONA_RIESGO: SIN RIESGO
<br/>DIAMETRO_N: 100
<br/>DIAMETRO_C: 110
<br/>AÑO_INSTALACION: 2000</p>]]></description>
<ExtendedData>
	<Data name="fid"><displayName>fid</displayName><value><![CDATA[98]]></value></Data>
	<Data name="COD_GRIFO"><displayName>COD_GRIFO</displayName><value><![CDATA[5512]]></value></Data>
	<Data name="EMPRESA"><displayName>EMPRESA</displayName><value><![CDATA[ESSBIO]]></value></Data>
	<Data name="ESTADO"><displayName>ESTADO</displayName><value><![CDATA[VIGENTE]]></value></Data>
	<Data name="DIRECCION"><displayName>DIRECCION</displayName><value><![CDATA[LOS ANDES 851]]></value></Data>
	<Data name="CAT_ZONA_RIESGO"><displayName>CAT_ZONA_RIESGO</displayName><value><![CDATA[SIN RIESGO]]></value></Data>
	<Data name="DIAMETRO_N"><displayName>DIAMETRO_N</displayName><value><![CDATA[100]]></value></Data>
	<Data name="DIAMETRO_C"><displayName>DIAMETRO_C</displayName><value><![CDATA[110]]></value></Data>
	<Data name="ANNO_INSTAL"><displayName>ANNO_INSTAL</displayName><value><![CDATA[2000]]></value></Data>
</ExtendedData>
<styleUrl>#style1</styleUrl>
	<Point>
		<coordinates>-72.69296267693451,-37.49329185179161,0.000</coordinates>
	</Point>
</Placemark>

<Placemark>
<name>5516</name>
<description><![CDATA[<p>
<br/>COD_GRIFO: 5516
<br/>EMPRESA: ESSBIO
<br/>ESTADO: VIGENTE
<br/>DIRECCION: PJE.MONSEÑOR A.GOIC K. 394
<br/>CAT_ZONA_RIESGO: SIN RIESGO
<br/>DIAMETRO_N: 100
<br/>DIAMETRO_C: 100
<br/>AÑO_INSTALACION: 2000</p>]]></description>
<ExtendedData>
	<Data name="fid"><displayName>fid</displayName><value><![CDATA[99]]></value></Data>
	<Data name="COD_GRIFO"><displayName>COD_GRIFO</displayName><value><![CDATA[5516]]></value></Data>
	<Data name="EMPRESA"><displayName>EMPRESA</displayName><value><![CDATA[ESSBIO]]></value></Data>
	<Data name="ESTADO"><displayName>ESTADO</displayName><value><![CDATA[VIGENTE]]></value></Data>
	<Data name="DIRECCION"><displayName>DIRECCION</displayName><value><![CDATA[PJE.MONSEÑOR A.GOIC K. 394]]></value></Data>
	<Data name="CAT_ZONA_RIESGO"><displayName>CAT_ZONA_RIESGO</displayName><value><![CDATA[SIN RIESGO]]></value></Data>
	<Data name="DIAMETRO_N"><displayName>DIAMETRO_N</displayName><value><![CDATA[100]]></value></Data>
	<Data name="DIAMETRO_C"><displayName>DIAMETRO_C</displayName><value><![CDATA[100]]></value></Data>
	<Data name="ANNO_INSTAL"><displayName>ANNO_INSTAL</displayName><value><![CDATA[2000]]></value></Data>
</ExtendedData>
<styleUrl>#style1</styleUrl>
	<Point>
		<coordinates>-72.65550893767632,-37.508037127282265,0.000</coordinates>
	</Point>
</Placemark>

<Placemark>
<name>4885</name>
<description><![CDATA[<p>
<br/>COD_GRIFO: 4885
<br/>EMPRESA: ESSBIO
<br/>ESTADO: VIGENTE
<br/>DIRECCION: POB 11 DE SEPTIEMBRE 706
<br/>CAT_ZONA_RIESGO: SIN RIESGO
<br/>DIAMETRO_N: 100
<br/>DIAMETRO_C: 100
<br/>AÑO_INSTALACION: 2000</p>]]></description>
<ExtendedData>
	<Data name="fid"><displayName>fid</displayName><value><![CDATA[100]]></value></Data>
	<Data name="COD_GRIFO"><displayName>COD_GRIFO</displayName><value><![CDATA[4885]]></value></Data>
	<Data name="EMPRESA"><displayName>EMPRESA</displayName><value><![CDATA[ESSBIO]]></value></Data>
	<Data name="ESTADO"><displayName>ESTADO</displayName><value><![CDATA[VIGENTE]]></value></Data>
	<Data name="DIRECCION"><displayName>DIRECCION</displayName><value><![CDATA[POB 11 DE SEPTIEMBRE 706]]></value></Data>
	<Data name="CAT_ZONA_RIESGO"><displayName>CAT_ZONA_RIESGO</displayName><value><![CDATA[SIN RIESGO]]></value></Data>
	<Data name="DIAMETRO_N"><displayName>DIAMETRO_N</displayName><value><![CDATA[100]]></value></Data>
	<Data name="DIAMETRO_C"><displayName>DIAMETRO_C</displayName><value><![CDATA[100]]></value></Data>
	<Data name="ANNO_INSTAL"><displayName>ANNO_INSTAL</displayName><value><![CDATA[2000]]></value></Data>
</ExtendedData>
<styleUrl>#style1</styleUrl>
	<Point>
		<coordinates>-72.68643566473366,-37.49630637326212,0.000</coordinates>
	</Point>
</Placemark>

<Placemark>
<name>5684</name>
<description><![CDATA[<p>
<br/>COD_GRIFO: 5684
<br/>EMPRESA: ESSBIO
<br/>ESTADO: VIGENTE
<br/>DIRECCION: LA SUERTE 907
<br/>CAT_ZONA_RIESGO: SIN RIESGO
<br/>DIAMETRO_N: 100
<br/>DIAMETRO_C: 100
<br/>AÑO_INSTALACION: 2000</p>]]></description>
<ExtendedData>
	<Data name="fid"><displayName>fid</displayName><value><![CDATA[101]]></value></Data>
	<Data name="COD_GRIFO"><displayName>COD_GRIFO</displayName><value><![CDATA[5684]]></value></Data>
	<Data name="EMPRESA"><displayName>EMPRESA</displayName><value><![CDATA[ESSBIO]]></value></Data>
	<Data name="ESTADO"><displayName>ESTADO</displayName><value><![CDATA[VIGENTE]]></value></Data>
	<Data name="DIRECCION"><displayName>DIRECCION</displayName><value><![CDATA[LA SUERTE 907]]></value></Data>
	<Data name="CAT_ZONA_RIESGO"><displayName>CAT_ZONA_RIESGO</displayName><value><![CDATA[SIN RIESGO]]></value></Data>
	<Data name="DIAMETRO_N"><displayName>DIAMETRO_N</displayName><value><![CDATA[100]]></value></Data>
	<Data name="DIAMETRO_C"><displayName>DIAMETRO_C</displayName><value><![CDATA[100]]></value></Data>
	<Data name="ANNO_INSTAL"><displayName>ANNO_INSTAL</displayName><value><![CDATA[2000]]></value></Data>
</ExtendedData>
<styleUrl>#style1</styleUrl>
	<Point>
		<coordinates>-72.68007674390911,-37.510614967950445,0.000</coordinates>
	</Point>
</Placemark>

<Placemark>
<name>5760</name>
<description><![CDATA[<p>
<br/>COD_GRIFO: 5760
<br/>EMPRESA: ESSBIO
<br/>ESTADO: VIGENTE
<br/>DIRECCION: ERRAZURIZ 482
<br/>CAT_ZONA_RIESGO: SIN RIESGO
<br/>DIAMETRO_N: 100
<br/>DIAMETRO_C: 100
<br/>AÑO_INSTALACION: 2000</p>]]></description>
<ExtendedData>
	<Data name="fid"><displayName>fid</displayName><value><![CDATA[102]]></value></Data>
	<Data name="COD_GRIFO"><displayName>COD_GRIFO</displayName><value><![CDATA[5760]]></value></Data>
	<Data name="EMPRESA"><displayName>EMPRESA</displayName><value><![CDATA[ESSBIO]]></value></Data>
	<Data name="ESTADO"><displayName>ESTADO</displayName><value><![CDATA[VIGENTE]]></value></Data>
	<Data name="DIRECCION"><displayName>DIRECCION</displayName><value><![CDATA[ERRAZURIZ 482]]></value></Data>
	<Data name="CAT_ZONA_RIESGO"><displayName>CAT_ZONA_RIESGO</displayName><value><![CDATA[SIN RIESGO]]></value></Data>
	<Data name="DIAMETRO_N"><displayName>DIAMETRO_N</displayName><value><![CDATA[100]]></value></Data>
	<Data name="DIAMETRO_C"><displayName>DIAMETRO_C</displayName><value><![CDATA[100]]></value></Data>
	<Data name="ANNO_INSTAL"><displayName>ANNO_INSTAL</displayName><value><![CDATA[2000]]></value></Data>
</ExtendedData>
<styleUrl>#style1</styleUrl>
	<Point>
		<coordinates>-72.67124846684607,-37.50375929935371,0.000</coordinates>
	</Point>
</Placemark>

<Placemark>
<name>5583</name>
<description><![CDATA[<p>
<br/>COD_GRIFO: 5583
<br/>EMPRESA: ESSBIO
<br/>ESTADO: VIGENTE
<br/>DIRECCION: LOS JAZMINES 165
<br/>CAT_ZONA_RIESGO: SIN RIESGO
<br/>DIAMETRO_N: 100
<br/>DIAMETRO_C: 100
<br/>AÑO_INSTALACION: 2000</p>]]></description>
<ExtendedData>
	<Data name="fid"><displayName>fid</displayName><value><![CDATA[103]]></value></Data>
	<Data name="COD_GRIFO"><displayName>COD_GRIFO</displayName><value><![CDATA[5583]]></value></Data>
	<Data name="EMPRESA"><displayName>EMPRESA</displayName><value><![CDATA[ESSBIO]]></value></Data>
	<Data name="ESTADO"><displayName>ESTADO</displayName><value><![CDATA[VIGENTE]]></value></Data>
	<Data name="DIRECCION"><displayName>DIRECCION</displayName><value><![CDATA[LOS JAZMINES 165]]></value></Data>
	<Data name="CAT_ZONA_RIESGO"><displayName>CAT_ZONA_RIESGO</displayName><value><![CDATA[SIN RIESGO]]></value></Data>
	<Data name="DIAMETRO_N"><displayName>DIAMETRO_N</displayName><value><![CDATA[100]]></value></Data>
	<Data name="DIAMETRO_C"><displayName>DIAMETRO_C</displayName><value><![CDATA[100]]></value></Data>
	<Data name="ANNO_INSTAL"><displayName>ANNO_INSTAL</displayName><value><![CDATA[2000]]></value></Data>
</ExtendedData>
<styleUrl>#style1</styleUrl>
	<Point>
		<coordinates>-72.68951222148632,-37.49168318302746,0.000</coordinates>
	</Point>
</Placemark>

<Placemark>
<name>337685</name>
<description><![CDATA[<p>
<br/>COD_GRIFO: 337685
<br/>EMPRESA: ESSBIO
<br/>ESTADO: VIGENTE
<br/>DIRECCION: LOS COPIHUES 1057
<br/>CAT_ZONA_RIESGO: SIN RIESGO
<br/>DIAMETRO_N: 100
<br/>DIAMETRO_C: 100
<br/>AÑO_INSTALACION: 2014</p>]]></description>
<ExtendedData>
	<Data name="fid"><displayName>fid</displayName><value><![CDATA[104]]></value></Data>
	<Data name="COD_GRIFO"><displayName>COD_GRIFO</displayName><value><![CDATA[337685]]></value></Data>
	<Data name="EMPRESA"><displayName>EMPRESA</displayName><value><![CDATA[ESSBIO]]></value></Data>
	<Data name="ESTADO"><displayName>ESTADO</displayName><value><![CDATA[VIGENTE]]></value></Data>
	<Data name="DIRECCION"><displayName>DIRECCION</displayName><value><![CDATA[LOS COPIHUES 1057]]></value></Data>
	<Data name="CAT_ZONA_RIESGO"><displayName>CAT_ZONA_RIESGO</displayName><value><![CDATA[SIN RIESGO]]></value></Data>
	<Data name="DIAMETRO_N"><displayName>DIAMETRO_N</displayName><value><![CDATA[100]]></value></Data>
	<Data name="DIAMETRO_C"><displayName>DIAMETRO_C</displayName><value><![CDATA[100]]></value></Data>
	<Data name="ANNO_INSTAL"><displayName>ANNO_INSTAL</displayName><value><![CDATA[2014]]></value></Data>
</ExtendedData>
<styleUrl>#style1</styleUrl>
	<Point>
		<coordinates>-72.68087928248822,-37.498887927409854,0.000</coordinates>
	</Point>
</Placemark>

<Placemark>
<name>5505</name>
<description><![CDATA[<p>
<br/>COD_GRIFO: 5505
<br/>EMPRESA: ESSBIO
<br/>ESTADO: VIGENTE
<br/>DIRECCION: PEDRO AGUIRRE CERDA ENTRE ALESSANDRI Y GLEISNER
<br/>CAT_ZONA_RIESGO: SIN RIESGO
<br/>DIAMETRO_N: 100
<br/>DIAMETRO_C: 100
<br/>AÑO_INSTALACION: 2000</p>]]></description>
<ExtendedData>
	<Data name="fid"><displayName>fid</displayName><value><![CDATA[105]]></value></Data>
	<Data name="COD_GRIFO"><displayName>COD_GRIFO</displayName><value><![CDATA[5505]]></value></Data>
	<Data name="EMPRESA"><displayName>EMPRESA</displayName><value><![CDATA[ESSBIO]]></value></Data>
	<Data name="ESTADO"><displayName>ESTADO</displayName><value><![CDATA[VIGENTE]]></value></Data>
	<Data name="DIRECCION"><displayName>DIRECCION</displayName><value><![CDATA[PEDRO AGUIRRE CERDA ENTRE ALESSANDRI Y GLEISNER]]></value></Data>
	<Data name="CAT_ZONA_RIESGO"><displayName>CAT_ZONA_RIESGO</displayName><value><![CDATA[SIN RIESGO]]></value></Data>
	<Data name="DIAMETRO_N"><displayName>DIAMETRO_N</displayName><value><![CDATA[100]]></value></Data>
	<Data name="DIAMETRO_C"><displayName>DIAMETRO_C</displayName><value><![CDATA[100]]></value></Data>
	<Data name="ANNO_INSTAL"><displayName>ANNO_INSTAL</displayName><value><![CDATA[2000]]></value></Data>
</ExtendedData>
<styleUrl>#style1</styleUrl>
	<Point>
		<coordinates>-72.68321348538264,-37.503456683116745,0.000</coordinates>
	</Point>
</Placemark>

<Placemark>
<name>5482</name>
<description><![CDATA[<p>
<br/>COD_GRIFO: 5482
<br/>EMPRESA: ESSBIO
<br/>ESTADO: VIGENTE
<br/>DIRECCION: AV.COSTANERA 931
<br/>CAT_ZONA_RIESGO: SIN RIESGO
<br/>DIAMETRO_N: 100
<br/>DIAMETRO_C: 100
<br/>AÑO_INSTALACION: 2000</p>]]></description>
<ExtendedData>
	<Data name="fid"><displayName>fid</displayName><value><![CDATA[106]]></value></Data>
	<Data name="COD_GRIFO"><displayName>COD_GRIFO</displayName><value><![CDATA[5482]]></value></Data>
	<Data name="EMPRESA"><displayName>EMPRESA</displayName><value><![CDATA[ESSBIO]]></value></Data>
	<Data name="ESTADO"><displayName>ESTADO</displayName><value><![CDATA[VIGENTE]]></value></Data>
	<Data name="DIRECCION"><displayName>DIRECCION</displayName><value><![CDATA[AV.COSTANERA 931]]></value></Data>
	<Data name="CAT_ZONA_RIESGO"><displayName>CAT_ZONA_RIESGO</displayName><value><![CDATA[SIN RIESGO]]></value></Data>
	<Data name="DIAMETRO_N"><displayName>DIAMETRO_N</displayName><value><![CDATA[100]]></value></Data>
	<Data name="DIAMETRO_C"><displayName>DIAMETRO_C</displayName><value><![CDATA[100]]></value></Data>
	<Data name="ANNO_INSTAL"><displayName>ANNO_INSTAL</displayName><value><![CDATA[2000]]></value></Data>
</ExtendedData>
<styleUrl>#style1</styleUrl>
	<Point>
		<coordinates>-72.6556768034901,-37.505328450742056,0.000</coordinates>
	</Point>
</Placemark>

<Placemark>
<name>5691</name>
<description><![CDATA[<p>
<br/>COD_GRIFO: 5691
<br/>EMPRESA: ESSBIO
<br/>ESTADO: VIGENTE
<br/>DIRECCION: LAUTARO ENTRE BALMACEDA Y LOS LAGOS
<br/>CAT_ZONA_RIESGO: SIN RIESGO
<br/>DIAMETRO_N: 100
<br/>DIAMETRO_C: 110
<br/>AÑO_INSTALACION: 2000</p>]]></description>
<ExtendedData>
	<Data name="fid"><displayName>fid</displayName><value><![CDATA[107]]></value></Data>
	<Data name="COD_GRIFO"><displayName>COD_GRIFO</displayName><value><![CDATA[5691]]></value></Data>
	<Data name="EMPRESA"><displayName>EMPRESA</displayName><value><![CDATA[ESSBIO]]></value></Data>
	<Data name="ESTADO"><displayName>ESTADO</displayName><value><![CDATA[VIGENTE]]></value></Data>
	<Data name="DIRECCION"><displayName>DIRECCION</displayName><value><![CDATA[LAUTARO ENTRE BALMACEDA Y LOS LAGOS]]></value></Data>
	<Data name="CAT_ZONA_RIESGO"><displayName>CAT_ZONA_RIESGO</displayName><value><![CDATA[SIN RIESGO]]></value></Data>
	<Data name="DIAMETRO_N"><displayName>DIAMETRO_N</displayName><value><![CDATA[100]]></value></Data>
	<Data name="DIAMETRO_C"><displayName>DIAMETRO_C</displayName><value><![CDATA[110]]></value></Data>
	<Data name="ANNO_INSTAL"><displayName>ANNO_INSTAL</displayName><value><![CDATA[2000]]></value></Data>
</ExtendedData>
<styleUrl>#style1</styleUrl>
	<Point>
		<coordinates>-72.65350627780266,-37.51083156410805,0.000</coordinates>
	</Point>
</Placemark>

<Placemark>
<name>5665</name>
<description><![CDATA[<p>
<br/>COD_GRIFO: 5665
<br/>EMPRESA: ESSBIO
<br/>ESTADO: VIGENTE
<br/>DIRECCION: SANTA MARIA 1436
<br/>CAT_ZONA_RIESGO: SIN RIESGO
<br/>DIAMETRO_N: 100
<br/>DIAMETRO_C: 100
<br/>AÑO_INSTALACION: 2000</p>]]></description>
<ExtendedData>
	<Data name="fid"><displayName>fid</displayName><value><![CDATA[108]]></value></Data>
	<Data name="COD_GRIFO"><displayName>COD_GRIFO</displayName><value><![CDATA[5665]]></value></Data>
	<Data name="EMPRESA"><displayName>EMPRESA</displayName><value><![CDATA[ESSBIO]]></value></Data>
	<Data name="ESTADO"><displayName>ESTADO</displayName><value><![CDATA[VIGENTE]]></value></Data>
	<Data name="DIRECCION"><displayName>DIRECCION</displayName><value><![CDATA[SANTA MARIA 1436]]></value></Data>
	<Data name="CAT_ZONA_RIESGO"><displayName>CAT_ZONA_RIESGO</displayName><value><![CDATA[SIN RIESGO]]></value></Data>
	<Data name="DIAMETRO_N"><displayName>DIAMETRO_N</displayName><value><![CDATA[100]]></value></Data>
	<Data name="DIAMETRO_C"><displayName>DIAMETRO_C</displayName><value><![CDATA[100]]></value></Data>
	<Data name="ANNO_INSTAL"><displayName>ANNO_INSTAL</displayName><value><![CDATA[2000]]></value></Data>
</ExtendedData>
<styleUrl>#style1</styleUrl>
	<Point>
		<coordinates>-72.68783184706808,-37.491787612268716,0.000</coordinates>
	</Point>
</Placemark>

<Placemark>
<name>320063</name>
<description><![CDATA[<p>
<br/>COD_GRIFO: 320063
<br/>EMPRESA: ESSBIO
<br/>ESTADO: VIGENTE
<br/>DIRECCION: LOS JAZMINES 1717 POB. ALONSO DE RIVERA, NACIMIENTO
<br/>CAT_ZONA_RIESGO: SIN RIESGO
<br/>DIAMETRO_N: 100
<br/>DIAMETRO_C: 100
<br/>AÑO_INSTALACION: 2000</p>]]></description>
<ExtendedData>
	<Data name="fid"><displayName>fid</displayName><value><![CDATA[109]]></value></Data>
	<Data name="COD_GRIFO"><displayName>COD_GRIFO</displayName><value><![CDATA[320063]]></value></Data>
	<Data name="EMPRESA"><displayName>EMPRESA</displayName><value><![CDATA[ESSBIO]]></value></Data>
	<Data name="ESTADO"><displayName>ESTADO</displayName><value><![CDATA[VIGENTE]]></value></Data>
	<Data name="DIRECCION"><displayName>DIRECCION</displayName><value><![CDATA[LOS JAZMINES 1717 POB. ALONSO DE RIVERA, NACIMIENTO]]></value></Data>
	<Data name="CAT_ZONA_RIESGO"><displayName>CAT_ZONA_RIESGO</displayName><value><![CDATA[SIN RIESGO]]></value></Data>
	<Data name="DIAMETRO_N"><displayName>DIAMETRO_N</displayName><value><![CDATA[100]]></value></Data>
	<Data name="DIAMETRO_C"><displayName>DIAMETRO_C</displayName><value><![CDATA[100]]></value></Data>
	<Data name="ANNO_INSTAL"><displayName>ANNO_INSTAL</displayName><value><![CDATA[2000]]></value></Data>
</ExtendedData>
<styleUrl>#style1</styleUrl>
	<Point>
		<coordinates>-72.688971411636,-37.493130963004916,0.000</coordinates>
	</Point>
</Placemark>

<Placemark>
<name>5768</name>
<description><![CDATA[<p>
<br/>COD_GRIFO: 5768
<br/>EMPRESA: ESSBIO
<br/>ESTADO: VIGENTE
<br/>DIRECCION: ALESSANDRI 1111
<br/>CAT_ZONA_RIESGO: SIN RIESGO
<br/>DIAMETRO_N: 100
<br/>DIAMETRO_C: 100
<br/>AÑO_INSTALACION: 2000</p>]]></description>
<ExtendedData>
	<Data name="fid"><displayName>fid</displayName><value><![CDATA[110]]></value></Data>
	<Data name="COD_GRIFO"><displayName>COD_GRIFO</displayName><value><![CDATA[5768]]></value></Data>
	<Data name="EMPRESA"><displayName>EMPRESA</displayName><value><![CDATA[ESSBIO]]></value></Data>
	<Data name="ESTADO"><displayName>ESTADO</displayName><value><![CDATA[VIGENTE]]></value></Data>
	<Data name="DIRECCION"><displayName>DIRECCION</displayName><value><![CDATA[ALESSANDRI 1111]]></value></Data>
	<Data name="CAT_ZONA_RIESGO"><displayName>CAT_ZONA_RIESGO</displayName><value><![CDATA[SIN RIESGO]]></value></Data>
	<Data name="DIAMETRO_N"><displayName>DIAMETRO_N</displayName><value><![CDATA[100]]></value></Data>
	<Data name="DIAMETRO_C"><displayName>DIAMETRO_C</displayName><value><![CDATA[100]]></value></Data>
	<Data name="ANNO_INSTAL"><displayName>ANNO_INSTAL</displayName><value><![CDATA[2000]]></value></Data>
</ExtendedData>
<styleUrl>#style1</styleUrl>
	<Point>
		<coordinates>-72.68010759129423,-37.504348104935595,0.000</coordinates>
	</Point>
</Placemark>

<Placemark>
<name>320002</name>
<description><![CDATA[<p>
<br/>COD_GRIFO: 320002
<br/>EMPRESA: ESSBIO
<br/>ESTADO: VIGENTE
<br/>DIRECCION: LOS CASTAÑOS 377 POB. El Pinar, NACIMIENTO
<br/>CAT_ZONA_RIESGO: SIN RIESGO
<br/>DIAMETRO_N: 100
<br/>DIAMETRO_C: 100
<br/>AÑO_INSTALACION: 2000</p>]]></description>
<ExtendedData>
	<Data name="fid"><displayName>fid</displayName><value><![CDATA[111]]></value></Data>
	<Data name="COD_GRIFO"><displayName>COD_GRIFO</displayName><value><![CDATA[320002]]></value></Data>
	<Data name="EMPRESA"><displayName>EMPRESA</displayName><value><![CDATA[ESSBIO]]></value></Data>
	<Data name="ESTADO"><displayName>ESTADO</displayName><value><![CDATA[VIGENTE]]></value></Data>
	<Data name="DIRECCION"><displayName>DIRECCION</displayName><value><![CDATA[LOS CASTAÑOS 377 POB. El Pinar, NACIMIENTO]]></value></Data>
	<Data name="CAT_ZONA_RIESGO"><displayName>CAT_ZONA_RIESGO</displayName><value><![CDATA[SIN RIESGO]]></value></Data>
	<Data name="DIAMETRO_N"><displayName>DIAMETRO_N</displayName><value><![CDATA[100]]></value></Data>
	<Data name="DIAMETRO_C"><displayName>DIAMETRO_C</displayName><value><![CDATA[100]]></value></Data>
	<Data name="ANNO_INSTAL"><displayName>ANNO_INSTAL</displayName><value><![CDATA[2000]]></value></Data>
</ExtendedData>
<styleUrl>#style1</styleUrl>
	<Point>
		<coordinates>-72.68262375132593,-37.49894978775292,0.000</coordinates>
	</Point>
</Placemark>

<Placemark>
<name>5534</name>
<description><![CDATA[<p>
<br/>COD_GRIFO: 5534
<br/>EMPRESA: ESSBIO
<br/>ESTADO: VIGENTE
<br/>DIRECCION: LEONCIO GALLEGOS 1472
<br/>CAT_ZONA_RIESGO: SIN RIESGO
<br/>DIAMETRO_N: 100
<br/>DIAMETRO_C: 100
<br/>AÑO_INSTALACION: 2000</p>]]></description>
<ExtendedData>
	<Data name="fid"><displayName>fid</displayName><value><![CDATA[112]]></value></Data>
	<Data name="COD_GRIFO"><displayName>COD_GRIFO</displayName><value><![CDATA[5534]]></value></Data>
	<Data name="EMPRESA"><displayName>EMPRESA</displayName><value><![CDATA[ESSBIO]]></value></Data>
	<Data name="ESTADO"><displayName>ESTADO</displayName><value><![CDATA[VIGENTE]]></value></Data>
	<Data name="DIRECCION"><displayName>DIRECCION</displayName><value><![CDATA[LEONCIO GALLEGOS 1472]]></value></Data>
	<Data name="CAT_ZONA_RIESGO"><displayName>CAT_ZONA_RIESGO</displayName><value><![CDATA[SIN RIESGO]]></value></Data>
	<Data name="DIAMETRO_N"><displayName>DIAMETRO_N</displayName><value><![CDATA[100]]></value></Data>
	<Data name="DIAMETRO_C"><displayName>DIAMETRO_C</displayName><value><![CDATA[100]]></value></Data>
	<Data name="ANNO_INSTAL"><displayName>ANNO_INSTAL</displayName><value><![CDATA[2000]]></value></Data>
</ExtendedData>
<styleUrl>#style1</styleUrl>
	<Point>
		<coordinates>-72.68401837419056,-37.50066413334956,0.000</coordinates>
	</Point>
</Placemark>

<Placemark>
<name>5493</name>
<description><![CDATA[<p>
<br/>COD_GRIFO: 5493
<br/>EMPRESA: ESSBIO
<br/>ESTADO: VIGENTE
<br/>DIRECCION: AV.J HEMMELMANN 440
<br/>CAT_ZONA_RIESGO: SIN RIESGO
<br/>DIAMETRO_N: 100
<br/>DIAMETRO_C: 100
<br/>AÑO_INSTALACION: 2000</p>]]></description>
<ExtendedData>
	<Data name="fid"><displayName>fid</displayName><value><![CDATA[113]]></value></Data>
	<Data name="COD_GRIFO"><displayName>COD_GRIFO</displayName><value><![CDATA[5493]]></value></Data>
	<Data name="EMPRESA"><displayName>EMPRESA</displayName><value><![CDATA[ESSBIO]]></value></Data>
	<Data name="ESTADO"><displayName>ESTADO</displayName><value><![CDATA[VIGENTE]]></value></Data>
	<Data name="DIRECCION"><displayName>DIRECCION</displayName><value><![CDATA[AV.J HEMMELMANN 440]]></value></Data>
	<Data name="CAT_ZONA_RIESGO"><displayName>CAT_ZONA_RIESGO</displayName><value><![CDATA[SIN RIESGO]]></value></Data>
	<Data name="DIAMETRO_N"><displayName>DIAMETRO_N</displayName><value><![CDATA[100]]></value></Data>
	<Data name="DIAMETRO_C"><displayName>DIAMETRO_C</displayName><value><![CDATA[100]]></value></Data>
	<Data name="ANNO_INSTAL"><displayName>ANNO_INSTAL</displayName><value><![CDATA[2000]]></value></Data>
</ExtendedData>
<styleUrl>#style1</styleUrl>
	<Point>
		<coordinates>-72.67371816942149,-37.50853033596937,0.000</coordinates>
	</Point>
</Placemark>

<Placemark>
<name>5494</name>
<description><![CDATA[<p>
<br/>COD_GRIFO: 5494
<br/>EMPRESA: ESSBIO
<br/>ESTADO: VIGENTE
<br/>DIRECCION: EL PALQUI 1191
<br/>CAT_ZONA_RIESGO: SIN RIESGO
<br/>DIAMETRO_N: 100
<br/>DIAMETRO_C: 100
<br/>AÑO_INSTALACION: 2000</p>]]></description>
<ExtendedData>
	<Data name="fid"><displayName>fid</displayName><value><![CDATA[114]]></value></Data>
	<Data name="COD_GRIFO"><displayName>COD_GRIFO</displayName><value><![CDATA[5494]]></value></Data>
	<Data name="EMPRESA"><displayName>EMPRESA</displayName><value><![CDATA[ESSBIO]]></value></Data>
	<Data name="ESTADO"><displayName>ESTADO</displayName><value><![CDATA[VIGENTE]]></value></Data>
	<Data name="DIRECCION"><displayName>DIRECCION</displayName><value><![CDATA[EL PALQUI 1191]]></value></Data>
	<Data name="CAT_ZONA_RIESGO"><displayName>CAT_ZONA_RIESGO</displayName><value><![CDATA[SIN RIESGO]]></value></Data>
	<Data name="DIAMETRO_N"><displayName>DIAMETRO_N</displayName><value><![CDATA[100]]></value></Data>
	<Data name="DIAMETRO_C"><displayName>DIAMETRO_C</displayName><value><![CDATA[100]]></value></Data>
	<Data name="ANNO_INSTAL"><displayName>ANNO_INSTAL</displayName><value><![CDATA[2000]]></value></Data>
</ExtendedData>
<styleUrl>#style1</styleUrl>
	<Point>
		<coordinates>-72.67587872447582,-37.509353010230235,0.000</coordinates>
	</Point>
</Placemark>

<Placemark>
<name>309752</name>
<description><![CDATA[<p>
<br/>COD_GRIFO: 309752
<br/>EMPRESA: ESSBIO
<br/>ESTADO: VIGENTE
<br/>DIRECCION: JOAQUIN PRIETO 920
<br/>CAT_ZONA_RIESGO: HOSPITALES, COLEGIOS, CARCELES Y CENTROS COMERCIALES
<br/>DIAMETRO_N: 100
<br/>DIAMETRO_C: 110
<br/>AÑO_INSTALACION: 1999</p>]]></description>
<ExtendedData>
	<Data name="fid"><displayName>fid</displayName><value><![CDATA[115]]></value></Data>
	<Data name="COD_GRIFO"><displayName>COD_GRIFO</displayName><value><![CDATA[309752]]></value></Data>
	<Data name="EMPRESA"><displayName>EMPRESA</displayName><value><![CDATA[ESSBIO]]></value></Data>
	<Data name="ESTADO"><displayName>ESTADO</displayName><value><![CDATA[VIGENTE]]></value></Data>
	<Data name="DIRECCION"><displayName>DIRECCION</displayName><value><![CDATA[JOAQUIN PRIETO 920]]></value></Data>
	<Data name="CAT_ZONA_RIESGO"><displayName>CAT_ZONA_RIESGO</displayName><value><![CDATA[HOSPITALES, COLEGIOS, CARCELES Y CENTROS COMERCIALES]]></value></Data>
	<Data name="DIAMETRO_N"><displayName>DIAMETRO_N</displayName><value><![CDATA[100]]></value></Data>
	<Data name="DIAMETRO_C"><displayName>DIAMETRO_C</displayName><value><![CDATA[110]]></value></Data>
	<Data name="ANNO_INSTAL"><displayName>ANNO_INSTAL</displayName><value><![CDATA[1999]]></value></Data>
</ExtendedData>
<styleUrl>#style1</styleUrl>
	<Point>
		<coordinates>-72.67216628554574,-37.50678770074588,0.000</coordinates>
	</Point>
</Placemark>

<Placemark>
<name>5676</name>
<description><![CDATA[<p>
<br/>COD_GRIFO: 5676
<br/>EMPRESA: ESSBIO
<br/>ESTADO: VIGENTE
<br/>DIRECCION: T VALDEVENITO 1058
<br/>CAT_ZONA_RIESGO: SIN RIESGO
<br/>DIAMETRO_N: 100
<br/>DIAMETRO_C: 100
<br/>AÑO_INSTALACION: 2000</p>]]></description>
<ExtendedData>
	<Data name="fid"><displayName>fid</displayName><value><![CDATA[116]]></value></Data>
	<Data name="COD_GRIFO"><displayName>COD_GRIFO</displayName><value><![CDATA[5676]]></value></Data>
	<Data name="EMPRESA"><displayName>EMPRESA</displayName><value><![CDATA[ESSBIO]]></value></Data>
	<Data name="ESTADO"><displayName>ESTADO</displayName><value><![CDATA[VIGENTE]]></value></Data>
	<Data name="DIRECCION"><displayName>DIRECCION</displayName><value><![CDATA[T VALDEVENITO 1058]]></value></Data>
	<Data name="CAT_ZONA_RIESGO"><displayName>CAT_ZONA_RIESGO</displayName><value><![CDATA[SIN RIESGO]]></value></Data>
	<Data name="DIAMETRO_N"><displayName>DIAMETRO_N</displayName><value><![CDATA[100]]></value></Data>
	<Data name="DIAMETRO_C"><displayName>DIAMETRO_C</displayName><value><![CDATA[100]]></value></Data>
	<Data name="ANNO_INSTAL"><displayName>ANNO_INSTAL</displayName><value><![CDATA[2000]]></value></Data>
</ExtendedData>
<styleUrl>#style1</styleUrl>
	<Point>
		<coordinates>-72.6850556168805,-37.50691348615235,0.000</coordinates>
	</Point>
</Placemark>

<Placemark>
<name>307199</name>
<description><![CDATA[<p>
<br/>COD_GRIFO: 307199
<br/>EMPRESA: ESSBIO
<br/>ESTADO: VIGENTE
<br/>DIRECCION: PJE.NUEVO 2 5
<br/>CAT_ZONA_RIESGO: SIN RIESGO
<br/>DIAMETRO_N: 100
<br/>DIAMETRO_C: 100
<br/>AÑO_INSTALACION: 2009</p>]]></description>
<ExtendedData>
	<Data name="fid"><displayName>fid</displayName><value><![CDATA[117]]></value></Data>
	<Data name="COD_GRIFO"><displayName>COD_GRIFO</displayName><value><![CDATA[307199]]></value></Data>
	<Data name="EMPRESA"><displayName>EMPRESA</displayName><value><![CDATA[ESSBIO]]></value></Data>
	<Data name="ESTADO"><displayName>ESTADO</displayName><value><![CDATA[VIGENTE]]></value></Data>
	<Data name="DIRECCION"><displayName>DIRECCION</displayName><value><![CDATA[PJE.NUEVO 2 5]]></value></Data>
	<Data name="CAT_ZONA_RIESGO"><displayName>CAT_ZONA_RIESGO</displayName><value><![CDATA[SIN RIESGO]]></value></Data>
	<Data name="DIAMETRO_N"><displayName>DIAMETRO_N</displayName><value><![CDATA[100]]></value></Data>
	<Data name="DIAMETRO_C"><displayName>DIAMETRO_C</displayName><value><![CDATA[100]]></value></Data>
	<Data name="ANNO_INSTAL"><displayName>ANNO_INSTAL</displayName><value><![CDATA[2009]]></value></Data>
</ExtendedData>
<styleUrl>#style1</styleUrl>
	<Point>
		<coordinates>-72.68756055650309,-37.49977780353678,0.000</coordinates>
	</Point>
</Placemark>

<Placemark>
<name>4867</name>
<description><![CDATA[<p>
<br/>COD_GRIFO: 4867
<br/>EMPRESA: ESSBIO
<br/>ESTADO: VIGENTE
<br/>DIRECCION: CALLEJON GUTIERREZ 168
<br/>CAT_ZONA_RIESGO: SIN RIESGO
<br/>DIAMETRO_N: 100
<br/>DIAMETRO_C: 100
<br/>AÑO_INSTALACION: 2000</p>]]></description>
<ExtendedData>
	<Data name="fid"><displayName>fid</displayName><value><![CDATA[118]]></value></Data>
	<Data name="COD_GRIFO"><displayName>COD_GRIFO</displayName><value><![CDATA[4867]]></value></Data>
	<Data name="EMPRESA"><displayName>EMPRESA</displayName><value><![CDATA[ESSBIO]]></value></Data>
	<Data name="ESTADO"><displayName>ESTADO</displayName><value><![CDATA[VIGENTE]]></value></Data>
	<Data name="DIRECCION"><displayName>DIRECCION</displayName><value><![CDATA[CALLEJON GUTIERREZ 168]]></value></Data>
	<Data name="CAT_ZONA_RIESGO"><displayName>CAT_ZONA_RIESGO</displayName><value><![CDATA[SIN RIESGO]]></value></Data>
	<Data name="DIAMETRO_N"><displayName>DIAMETRO_N</displayName><value><![CDATA[100]]></value></Data>
	<Data name="DIAMETRO_C"><displayName>DIAMETRO_C</displayName><value><![CDATA[100]]></value></Data>
	<Data name="ANNO_INSTAL"><displayName>ANNO_INSTAL</displayName><value><![CDATA[2000]]></value></Data>
</ExtendedData>
<styleUrl>#style1</styleUrl>
	<Point>
		<coordinates>-72.67826882685155,-37.49611715438733,0.000</coordinates>
	</Point>
</Placemark>

<Placemark>
<name>5671</name>
<description><![CDATA[<p>
<br/>COD_GRIFO: 5671
<br/>EMPRESA: ESSBIO
<br/>ESTADO: VIGENTE
<br/>DIRECCION: V TOLEDO 1196
<br/>CAT_ZONA_RIESGO: SIN RIESGO
<br/>DIAMETRO_N: 100
<br/>DIAMETRO_C: 100
<br/>AÑO_INSTALACION: 2000</p>]]></description>
<ExtendedData>
	<Data name="fid"><displayName>fid</displayName><value><![CDATA[119]]></value></Data>
	<Data name="COD_GRIFO"><displayName>COD_GRIFO</displayName><value><![CDATA[5671]]></value></Data>
	<Data name="EMPRESA"><displayName>EMPRESA</displayName><value><![CDATA[ESSBIO]]></value></Data>
	<Data name="ESTADO"><displayName>ESTADO</displayName><value><![CDATA[VIGENTE]]></value></Data>
	<Data name="DIRECCION"><displayName>DIRECCION</displayName><value><![CDATA[V TOLEDO 1196]]></value></Data>
	<Data name="CAT_ZONA_RIESGO"><displayName>CAT_ZONA_RIESGO</displayName><value><![CDATA[SIN RIESGO]]></value></Data>
	<Data name="DIAMETRO_N"><displayName>DIAMETRO_N</displayName><value><![CDATA[100]]></value></Data>
	<Data name="DIAMETRO_C"><displayName>DIAMETRO_C</displayName><value><![CDATA[100]]></value></Data>
	<Data name="ANNO_INSTAL"><displayName>ANNO_INSTAL</displayName><value><![CDATA[2000]]></value></Data>
</ExtendedData>
<styleUrl>#style1</styleUrl>
	<Point>
		<coordinates>-72.6890286075306,-37.50454052969379,0.000</coordinates>
	</Point>
</Placemark>

<Placemark>
<name>5751</name>
<description><![CDATA[<p>
<br/>COD_GRIFO: 5751
<br/>EMPRESA: ESSBIO
<br/>ESTADO: VIGENTE
<br/>DIRECCION: EL PALQUI 820
<br/>CAT_ZONA_RIESGO: SIN RIESGO
<br/>DIAMETRO_N: 100
<br/>DIAMETRO_C: 100
<br/>AÑO_INSTALACION: 2000</p>]]></description>
<ExtendedData>
	<Data name="fid"><displayName>fid</displayName><value><![CDATA[120]]></value></Data>
	<Data name="COD_GRIFO"><displayName>COD_GRIFO</displayName><value><![CDATA[5751]]></value></Data>
	<Data name="EMPRESA"><displayName>EMPRESA</displayName><value><![CDATA[ESSBIO]]></value></Data>
	<Data name="ESTADO"><displayName>ESTADO</displayName><value><![CDATA[VIGENTE]]></value></Data>
	<Data name="DIRECCION"><displayName>DIRECCION</displayName><value><![CDATA[EL PALQUI 820]]></value></Data>
	<Data name="CAT_ZONA_RIESGO"><displayName>CAT_ZONA_RIESGO</displayName><value><![CDATA[SIN RIESGO]]></value></Data>
	<Data name="DIAMETRO_N"><displayName>DIAMETRO_N</displayName><value><![CDATA[100]]></value></Data>
	<Data name="DIAMETRO_C"><displayName>DIAMETRO_C</displayName><value><![CDATA[100]]></value></Data>
	<Data name="ANNO_INSTAL"><displayName>ANNO_INSTAL</displayName><value><![CDATA[2000]]></value></Data>
</ExtendedData>
<styleUrl>#style1</styleUrl>
	<Point>
		<coordinates>-72.67467409558829,-37.50577493984952,0.000</coordinates>
	</Point>
</Placemark>

<Placemark>
<name>5669</name>
<description><![CDATA[<p>
<br/>COD_GRIFO: 5669
<br/>EMPRESA: ESSBIO
<br/>ESTADO: VIGENTE
<br/>DIRECCION: SILVIA MUÑOZ 1890
<br/>CAT_ZONA_RIESGO: SIN RIESGO
<br/>DIAMETRO_N: 100
<br/>DIAMETRO_C: 110
<br/>AÑO_INSTALACION: 2000</p>]]></description>
<ExtendedData>
	<Data name="fid"><displayName>fid</displayName><value><![CDATA[121]]></value></Data>
	<Data name="COD_GRIFO"><displayName>COD_GRIFO</displayName><value><![CDATA[5669]]></value></Data>
	<Data name="EMPRESA"><displayName>EMPRESA</displayName><value><![CDATA[ESSBIO]]></value></Data>
	<Data name="ESTADO"><displayName>ESTADO</displayName><value><![CDATA[VIGENTE]]></value></Data>
	<Data name="DIRECCION"><displayName>DIRECCION</displayName><value><![CDATA[SILVIA MUÑOZ 1890]]></value></Data>
	<Data name="CAT_ZONA_RIESGO"><displayName>CAT_ZONA_RIESGO</displayName><value><![CDATA[SIN RIESGO]]></value></Data>
	<Data name="DIAMETRO_N"><displayName>DIAMETRO_N</displayName><value><![CDATA[100]]></value></Data>
	<Data name="DIAMETRO_C"><displayName>DIAMETRO_C</displayName><value><![CDATA[110]]></value></Data>
	<Data name="ANNO_INSTAL"><displayName>ANNO_INSTAL</displayName><value><![CDATA[2000]]></value></Data>
</ExtendedData>
<styleUrl>#style1</styleUrl>
	<Point>
		<coordinates>-72.69314237206703,-37.49432674219129,0.000</coordinates>
	</Point>
</Placemark>

<Placemark>
<name>317404</name>
<description><![CDATA[<p>
<br/>COD_GRIFO: 317404
<br/>EMPRESA: ESSBIO
<br/>ESTADO: VIGENTE
<br/>DIRECCION: PASTOR LEPE 1711
<br/>CAT_ZONA_RIESGO: SIN RIESGO
<br/>DIAMETRO_N: 100
<br/>DIAMETRO_C: 100
<br/>AÑO_INSTALACION: 2000</p>]]></description>
<ExtendedData>
	<Data name="fid"><displayName>fid</displayName><value><![CDATA[122]]></value></Data>
	<Data name="COD_GRIFO"><displayName>COD_GRIFO</displayName><value><![CDATA[317404]]></value></Data>
	<Data name="EMPRESA"><displayName>EMPRESA</displayName><value><![CDATA[ESSBIO]]></value></Data>
	<Data name="ESTADO"><displayName>ESTADO</displayName><value><![CDATA[VIGENTE]]></value></Data>
	<Data name="DIRECCION"><displayName>DIRECCION</displayName><value><![CDATA[PASTOR LEPE 1711]]></value></Data>
	<Data name="CAT_ZONA_RIESGO"><displayName>CAT_ZONA_RIESGO</displayName><value><![CDATA[SIN RIESGO]]></value></Data>
	<Data name="DIAMETRO_N"><displayName>DIAMETRO_N</displayName><value><![CDATA[100]]></value></Data>
	<Data name="DIAMETRO_C"><displayName>DIAMETRO_C</displayName><value><![CDATA[100]]></value></Data>
	<Data name="ANNO_INSTAL"><displayName>ANNO_INSTAL</displayName><value><![CDATA[2000]]></value></Data>
</ExtendedData>
<styleUrl>#style1</styleUrl>
	<Point>
		<coordinates>-72.68839433684629,-37.48849974071951,0.000</coordinates>
	</Point>
</Placemark>

<Placemark>
<name>5587</name>
<description><![CDATA[<p>
<br/>COD_GRIFO: 5587
<br/>EMPRESA: ESSBIO
<br/>ESTADO: VIGENTE
<br/>DIRECCION: PJE.ROBERTO GALLEGOS DELGADO 1670
<br/>CAT_ZONA_RIESGO: SIN RIESGO
<br/>DIAMETRO_N: 100
<br/>DIAMETRO_C: 100
<br/>AÑO_INSTALACION: 2000</p>]]></description>
<ExtendedData>
	<Data name="fid"><displayName>fid</displayName><value><![CDATA[123]]></value></Data>
	<Data name="COD_GRIFO"><displayName>COD_GRIFO</displayName><value><![CDATA[5587]]></value></Data>
	<Data name="EMPRESA"><displayName>EMPRESA</displayName><value><![CDATA[ESSBIO]]></value></Data>
	<Data name="ESTADO"><displayName>ESTADO</displayName><value><![CDATA[VIGENTE]]></value></Data>
	<Data name="DIRECCION"><displayName>DIRECCION</displayName><value><![CDATA[PJE.ROBERTO GALLEGOS DELGADO 1670]]></value></Data>
	<Data name="CAT_ZONA_RIESGO"><displayName>CAT_ZONA_RIESGO</displayName><value><![CDATA[SIN RIESGO]]></value></Data>
	<Data name="DIAMETRO_N"><displayName>DIAMETRO_N</displayName><value><![CDATA[100]]></value></Data>
	<Data name="DIAMETRO_C"><displayName>DIAMETRO_C</displayName><value><![CDATA[100]]></value></Data>
	<Data name="ANNO_INSTAL"><displayName>ANNO_INSTAL</displayName><value><![CDATA[2000]]></value></Data>
</ExtendedData>
<styleUrl>#style1</styleUrl>
	<Point>
		<coordinates>-72.68777199846838,-37.489701601430525,0.000</coordinates>
	</Point>
</Placemark>

<Placemark>
<name>5636</name>
<description><![CDATA[<p>
<br/>COD_GRIFO: 5636
<br/>EMPRESA: ESSBIO
<br/>ESTADO: VIGENTE
<br/>DIRECCION: EL PINO 154
<br/>CAT_ZONA_RIESGO: SIN RIESGO
<br/>DIAMETRO_N: 100
<br/>DIAMETRO_C: 100
<br/>AÑO_INSTALACION: 2000</p>]]></description>
<ExtendedData>
	<Data name="fid"><displayName>fid</displayName><value><![CDATA[124]]></value></Data>
	<Data name="COD_GRIFO"><displayName>COD_GRIFO</displayName><value><![CDATA[5636]]></value></Data>
	<Data name="EMPRESA"><displayName>EMPRESA</displayName><value><![CDATA[ESSBIO]]></value></Data>
	<Data name="ESTADO"><displayName>ESTADO</displayName><value><![CDATA[VIGENTE]]></value></Data>
	<Data name="DIRECCION"><displayName>DIRECCION</displayName><value><![CDATA[EL PINO 154]]></value></Data>
	<Data name="CAT_ZONA_RIESGO"><displayName>CAT_ZONA_RIESGO</displayName><value><![CDATA[SIN RIESGO]]></value></Data>
	<Data name="DIAMETRO_N"><displayName>DIAMETRO_N</displayName><value><![CDATA[100]]></value></Data>
	<Data name="DIAMETRO_C"><displayName>DIAMETRO_C</displayName><value><![CDATA[100]]></value></Data>
	<Data name="ANNO_INSTAL"><displayName>ANNO_INSTAL</displayName><value><![CDATA[2000]]></value></Data>
</ExtendedData>
<styleUrl>#style1</styleUrl>
	<Point>
		<coordinates>-72.66053452255956,-37.50886739375473,0.000</coordinates>
	</Point>
</Placemark>

<Placemark>
<name>320055</name>
<description><![CDATA[<p>
<br/>COD_GRIFO: 320055
<br/>EMPRESA: ESSBIO
<br/>ESTADO: VIGENTE
<br/>DIRECCION: AV.J HEMMELMANN 1506 SECTOR Camino Santa Juana, NACIMIENTO, FRENTE POB ALONSO DE RIVERA
<br/>CAT_ZONA_RIESGO: HOSPITALES, COLEGIOS, CARCELES Y CENTROS COMERCIALES
<br/>DIAMETRO_N: 100
<br/>DIAMETRO_C: 110
<br/>AÑO_INSTALACION: 2000</p>]]></description>
<ExtendedData>
	<Data name="fid"><displayName>fid</displayName><value><![CDATA[125]]></value></Data>
	<Data name="COD_GRIFO"><displayName>COD_GRIFO</displayName><value><![CDATA[320055]]></value></Data>
	<Data name="EMPRESA"><displayName>EMPRESA</displayName><value><![CDATA[ESSBIO]]></value></Data>
	<Data name="ESTADO"><displayName>ESTADO</displayName><value><![CDATA[VIGENTE]]></value></Data>
	<Data name="DIRECCION"><displayName>DIRECCION</displayName><value><![CDATA[AV.J HEMMELMANN 1506 SECTOR Camino Santa Juana, NACIMIENTO, FRENTE POB ALONSO DE RIVERA]]></value></Data>
	<Data name="CAT_ZONA_RIESGO"><displayName>CAT_ZONA_RIESGO</displayName><value><![CDATA[HOSPITALES, COLEGIOS, CARCELES Y CENTROS COMERCIALES]]></value></Data>
	<Data name="DIAMETRO_N"><displayName>DIAMETRO_N</displayName><value><![CDATA[100]]></value></Data>
	<Data name="DIAMETRO_C"><displayName>DIAMETRO_C</displayName><value><![CDATA[110]]></value></Data>
	<Data name="ANNO_INSTAL"><displayName>ANNO_INSTAL</displayName><value><![CDATA[2000]]></value></Data>
</ExtendedData>
<styleUrl>#style1</styleUrl>
	<Point>
		<coordinates>-72.68998004355251,-37.49556116460296,0.000</coordinates>
	</Point>
</Placemark>

<Placemark>
<name>5643</name>
<description><![CDATA[<p>
<br/>COD_GRIFO: 5643
<br/>EMPRESA: ESSBIO
<br/>ESTADO: VIGENTE
<br/>DIRECCION: OCTAVIO JARA WOLF 161
<br/>CAT_ZONA_RIESGO: SIN RIESGO
<br/>DIAMETRO_N: 100
<br/>DIAMETRO_C: 100
<br/>AÑO_INSTALACION: 2000</p>]]></description>
<ExtendedData>
	<Data name="fid"><displayName>fid</displayName><value><![CDATA[126]]></value></Data>
	<Data name="COD_GRIFO"><displayName>COD_GRIFO</displayName><value><![CDATA[5643]]></value></Data>
	<Data name="EMPRESA"><displayName>EMPRESA</displayName><value><![CDATA[ESSBIO]]></value></Data>
	<Data name="ESTADO"><displayName>ESTADO</displayName><value><![CDATA[VIGENTE]]></value></Data>
	<Data name="DIRECCION"><displayName>DIRECCION</displayName><value><![CDATA[OCTAVIO JARA WOLF 161]]></value></Data>
	<Data name="CAT_ZONA_RIESGO"><displayName>CAT_ZONA_RIESGO</displayName><value><![CDATA[SIN RIESGO]]></value></Data>
	<Data name="DIAMETRO_N"><displayName>DIAMETRO_N</displayName><value><![CDATA[100]]></value></Data>
	<Data name="DIAMETRO_C"><displayName>DIAMETRO_C</displayName><value><![CDATA[100]]></value></Data>
	<Data name="ANNO_INSTAL"><displayName>ANNO_INSTAL</displayName><value><![CDATA[2000]]></value></Data>
</ExtendedData>
<styleUrl>#style1</styleUrl>
	<Point>
		<coordinates>-72.66093782913003,-37.50685391896106,0.000</coordinates>
	</Point>
</Placemark>

<Placemark>
<name>5679</name>
<description><![CDATA[<p>
<br/>COD_GRIFO: 5679
<br/>EMPRESA: ESSBIO
<br/>ESTADO: VIGENTE
<br/>DIRECCION: B. SEPULVEDA 1166
<br/>CAT_ZONA_RIESGO: SIN RIESGO
<br/>DIAMETRO_N: 100
<br/>DIAMETRO_C: 100
<br/>AÑO_INSTALACION: 2000</p>]]></description>
<ExtendedData>
	<Data name="fid"><displayName>fid</displayName><value><![CDATA[127]]></value></Data>
	<Data name="COD_GRIFO"><displayName>COD_GRIFO</displayName><value><![CDATA[5679]]></value></Data>
	<Data name="EMPRESA"><displayName>EMPRESA</displayName><value><![CDATA[ESSBIO]]></value></Data>
	<Data name="ESTADO"><displayName>ESTADO</displayName><value><![CDATA[VIGENTE]]></value></Data>
	<Data name="DIRECCION"><displayName>DIRECCION</displayName><value><![CDATA[B. SEPULVEDA 1166]]></value></Data>
	<Data name="CAT_ZONA_RIESGO"><displayName>CAT_ZONA_RIESGO</displayName><value><![CDATA[SIN RIESGO]]></value></Data>
	<Data name="DIAMETRO_N"><displayName>DIAMETRO_N</displayName><value><![CDATA[100]]></value></Data>
	<Data name="DIAMETRO_C"><displayName>DIAMETRO_C</displayName><value><![CDATA[100]]></value></Data>
	<Data name="ANNO_INSTAL"><displayName>ANNO_INSTAL</displayName><value><![CDATA[2000]]></value></Data>
</ExtendedData>
<styleUrl>#style1</styleUrl>
	<Point>
		<coordinates>-72.68629273819062,-37.504439573735446,0.000</coordinates>
	</Point>
</Placemark>

<Placemark>
<name>5579</name>
<description><![CDATA[<p>
<br/>COD_GRIFO: 5579
<br/>EMPRESA: ESSBIO
<br/>ESTADO: VIGENTE
<br/>DIRECCION: DR. ALBERTO MILLAR S. 1380
<br/>CAT_ZONA_RIESGO: SIN RIESGO
<br/>DIAMETRO_N: 100
<br/>DIAMETRO_C: 100
<br/>AÑO_INSTALACION: 2000</p>]]></description>
<ExtendedData>
	<Data name="fid"><displayName>fid</displayName><value><![CDATA[128]]></value></Data>
	<Data name="COD_GRIFO"><displayName>COD_GRIFO</displayName><value><![CDATA[5579]]></value></Data>
	<Data name="EMPRESA"><displayName>EMPRESA</displayName><value><![CDATA[ESSBIO]]></value></Data>
	<Data name="ESTADO"><displayName>ESTADO</displayName><value><![CDATA[VIGENTE]]></value></Data>
	<Data name="DIRECCION"><displayName>DIRECCION</displayName><value><![CDATA[DR. ALBERTO MILLAR S. 1380]]></value></Data>
	<Data name="CAT_ZONA_RIESGO"><displayName>CAT_ZONA_RIESGO</displayName><value><![CDATA[SIN RIESGO]]></value></Data>
	<Data name="DIAMETRO_N"><displayName>DIAMETRO_N</displayName><value><![CDATA[100]]></value></Data>
	<Data name="DIAMETRO_C"><displayName>DIAMETRO_C</displayName><value><![CDATA[100]]></value></Data>
	<Data name="ANNO_INSTAL"><displayName>ANNO_INSTAL</displayName><value><![CDATA[2000]]></value></Data>
</ExtendedData>
<styleUrl>#style1</styleUrl>
	<Point>
		<coordinates>-72.68509456423563,-37.492875555548665,0.000</coordinates>
	</Point>
</Placemark>

<Placemark>
<name>5745</name>
<description><![CDATA[<p>
<br/>COD_GRIFO: 5745
<br/>EMPRESA: ESSBIO
<br/>ESTADO: VIGENTE
<br/>DIRECCION: CAUPOLICAN 310
<br/>CAT_ZONA_RIESGO: SIN RIESGO
<br/>DIAMETRO_N: 100
<br/>DIAMETRO_C: 100
<br/>AÑO_INSTALACION: 2000</p>]]></description>
<ExtendedData>
	<Data name="fid"><displayName>fid</displayName><value><![CDATA[129]]></value></Data>
	<Data name="COD_GRIFO"><displayName>COD_GRIFO</displayName><value><![CDATA[5745]]></value></Data>
	<Data name="EMPRESA"><displayName>EMPRESA</displayName><value><![CDATA[ESSBIO]]></value></Data>
	<Data name="ESTADO"><displayName>ESTADO</displayName><value><![CDATA[VIGENTE]]></value></Data>
	<Data name="DIRECCION"><displayName>DIRECCION</displayName><value><![CDATA[CAUPOLICAN 310]]></value></Data>
	<Data name="CAT_ZONA_RIESGO"><displayName>CAT_ZONA_RIESGO</displayName><value><![CDATA[SIN RIESGO]]></value></Data>
	<Data name="DIAMETRO_N"><displayName>DIAMETRO_N</displayName><value><![CDATA[100]]></value></Data>
	<Data name="DIAMETRO_C"><displayName>DIAMETRO_C</displayName><value><![CDATA[100]]></value></Data>
	<Data name="ANNO_INSTAL"><displayName>ANNO_INSTAL</displayName><value><![CDATA[2000]]></value></Data>
</ExtendedData>
<styleUrl>#style1</styleUrl>
	<Point>
		<coordinates>-72.65490734528971,-37.50956880956737,0.000</coordinates>
	</Point>
</Placemark>

<Placemark>
<name>4866</name>
<description><![CDATA[<p>
<br/>COD_GRIFO: 4866
<br/>EMPRESA: ESSBIO
<br/>ESTADO: VIGENTE
<br/>DIRECCION: VILLA ALEGRE 1011
<br/>CAT_ZONA_RIESGO: SIN RIESGO
<br/>DIAMETRO_N: 100
<br/>DIAMETRO_C: 100
<br/>AÑO_INSTALACION: 2000</p>]]></description>
<ExtendedData>
	<Data name="fid"><displayName>fid</displayName><value><![CDATA[130]]></value></Data>
	<Data name="COD_GRIFO"><displayName>COD_GRIFO</displayName><value><![CDATA[4866]]></value></Data>
	<Data name="EMPRESA"><displayName>EMPRESA</displayName><value><![CDATA[ESSBIO]]></value></Data>
	<Data name="ESTADO"><displayName>ESTADO</displayName><value><![CDATA[VIGENTE]]></value></Data>
	<Data name="DIRECCION"><displayName>DIRECCION</displayName><value><![CDATA[VILLA ALEGRE 1011]]></value></Data>
	<Data name="CAT_ZONA_RIESGO"><displayName>CAT_ZONA_RIESGO</displayName><value><![CDATA[SIN RIESGO]]></value></Data>
	<Data name="DIAMETRO_N"><displayName>DIAMETRO_N</displayName><value><![CDATA[100]]></value></Data>
	<Data name="DIAMETRO_C"><displayName>DIAMETRO_C</displayName><value><![CDATA[100]]></value></Data>
	<Data name="ANNO_INSTAL"><displayName>ANNO_INSTAL</displayName><value><![CDATA[2000]]></value></Data>
</ExtendedData>
<styleUrl>#style1</styleUrl>
	<Point>
		<coordinates>-72.6788067874562,-37.4970444152314,0.000</coordinates>
	</Point>
</Placemark>

<Placemark>
<name>5772</name>
<description><![CDATA[<p>
<br/>COD_GRIFO: 5772
<br/>EMPRESA: ESSBIO
<br/>ESTADO: VIGENTE
<br/>DIRECCION: ESTADIO 1251
<br/>CAT_ZONA_RIESGO: SIN RIESGO
<br/>DIAMETRO_N: 100
<br/>DIAMETRO_C: 100
<br/>AÑO_INSTALACION: 2000</p>]]></description>
<ExtendedData>
	<Data name="fid"><displayName>fid</displayName><value><![CDATA[131]]></value></Data>
	<Data name="COD_GRIFO"><displayName>COD_GRIFO</displayName><value><![CDATA[5772]]></value></Data>
	<Data name="EMPRESA"><displayName>EMPRESA</displayName><value><![CDATA[ESSBIO]]></value></Data>
	<Data name="ESTADO"><displayName>ESTADO</displayName><value><![CDATA[VIGENTE]]></value></Data>
	<Data name="DIRECCION"><displayName>DIRECCION</displayName><value><![CDATA[ESTADIO 1251]]></value></Data>
	<Data name="CAT_ZONA_RIESGO"><displayName>CAT_ZONA_RIESGO</displayName><value><![CDATA[SIN RIESGO]]></value></Data>
	<Data name="DIAMETRO_N"><displayName>DIAMETRO_N</displayName><value><![CDATA[100]]></value></Data>
	<Data name="DIAMETRO_C"><displayName>DIAMETRO_C</displayName><value><![CDATA[100]]></value></Data>
	<Data name="ANNO_INSTAL"><displayName>ANNO_INSTAL</displayName><value><![CDATA[2000]]></value></Data>
</ExtendedData>
<styleUrl>#style1</styleUrl>
	<Point>
		<coordinates>-72.67992201995894,-37.509811794600154,0.000</coordinates>
	</Point>
</Placemark>

<Placemark>
<name>5668</name>
<description><![CDATA[<p>
<br/>COD_GRIFO: 5668
<br/>EMPRESA: ESSBIO
<br/>ESTADO: VIGENTE
<br/>DIRECCION: CARLOS IBAÑEZ DEL CAMPO 1141
<br/>CAT_ZONA_RIESGO: SIN RIESGO
<br/>DIAMETRO_N: 100
<br/>DIAMETRO_C: 100
<br/>AÑO_INSTALACION: 2000</p>]]></description>
<ExtendedData>
	<Data name="fid"><displayName>fid</displayName><value><![CDATA[132]]></value></Data>
	<Data name="COD_GRIFO"><displayName>COD_GRIFO</displayName><value><![CDATA[5668]]></value></Data>
	<Data name="EMPRESA"><displayName>EMPRESA</displayName><value><![CDATA[ESSBIO]]></value></Data>
	<Data name="ESTADO"><displayName>ESTADO</displayName><value><![CDATA[VIGENTE]]></value></Data>
	<Data name="DIRECCION"><displayName>DIRECCION</displayName><value><![CDATA[CARLOS IBAÑEZ DEL CAMPO 1141]]></value></Data>
	<Data name="CAT_ZONA_RIESGO"><displayName>CAT_ZONA_RIESGO</displayName><value><![CDATA[SIN RIESGO]]></value></Data>
	<Data name="DIAMETRO_N"><displayName>DIAMETRO_N</displayName><value><![CDATA[100]]></value></Data>
	<Data name="DIAMETRO_C"><displayName>DIAMETRO_C</displayName><value><![CDATA[100]]></value></Data>
	<Data name="ANNO_INSTAL"><displayName>ANNO_INSTAL</displayName><value><![CDATA[2000]]></value></Data>
</ExtendedData>
<styleUrl>#style1</styleUrl>
	<Point>
		<coordinates>-72.68859753421656,-37.49966953016692,0.000</coordinates>
	</Point>
</Placemark>

<Placemark>
<name>5664</name>
<description><![CDATA[<p>
<br/>COD_GRIFO: 5664
<br/>EMPRESA: ESSBIO
<br/>ESTADO: VIGENTE
<br/>DIRECCION: LOS ALAMOS 660
<br/>CAT_ZONA_RIESGO: SIN RIESGO
<br/>DIAMETRO_N: 100
<br/>DIAMETRO_C: 100
<br/>AÑO_INSTALACION: 2007</p>]]></description>
<ExtendedData>
	<Data name="fid"><displayName>fid</displayName><value><![CDATA[133]]></value></Data>
	<Data name="COD_GRIFO"><displayName>COD_GRIFO</displayName><value><![CDATA[5664]]></value></Data>
	<Data name="EMPRESA"><displayName>EMPRESA</displayName><value><![CDATA[ESSBIO]]></value></Data>
	<Data name="ESTADO"><displayName>ESTADO</displayName><value><![CDATA[VIGENTE]]></value></Data>
	<Data name="DIRECCION"><displayName>DIRECCION</displayName><value><![CDATA[LOS ALAMOS 660]]></value></Data>
	<Data name="CAT_ZONA_RIESGO"><displayName>CAT_ZONA_RIESGO</displayName><value><![CDATA[SIN RIESGO]]></value></Data>
	<Data name="DIAMETRO_N"><displayName>DIAMETRO_N</displayName><value><![CDATA[100]]></value></Data>
	<Data name="DIAMETRO_C"><displayName>DIAMETRO_C</displayName><value><![CDATA[100]]></value></Data>
	<Data name="ANNO_INSTAL"><displayName>ANNO_INSTAL</displayName><value><![CDATA[2007]]></value></Data>
</ExtendedData>
<styleUrl>#style1</styleUrl>
	<Point>
		<coordinates>-72.64551976943692,-37.5088765195796,0.000</coordinates>
	</Point>
</Placemark>

<Placemark>
<name>359231</name>
<description><![CDATA[<p>
<br/>COD_GRIFO: 359231
<br/>EMPRESA: ESSBIO
<br/>ESTADO: VIGENTE
<br/>DIRECCION: CARLOS NOVOA LILLO 1200
<br/>CAT_ZONA_RIESGO: SIN RIESGO
<br/>DIAMETRO_N: 100
<br/>DIAMETRO_C: 100
<br/>AÑO_INSTALACION: 2017</p>]]></description>
<ExtendedData>
	<Data name="fid"><displayName>fid</displayName><value><![CDATA[134]]></value></Data>
	<Data name="COD_GRIFO"><displayName>COD_GRIFO</displayName><value><![CDATA[359231]]></value></Data>
	<Data name="EMPRESA"><displayName>EMPRESA</displayName><value><![CDATA[ESSBIO]]></value></Data>
	<Data name="ESTADO"><displayName>ESTADO</displayName><value><![CDATA[VIGENTE]]></value></Data>
	<Data name="DIRECCION"><displayName>DIRECCION</displayName><value><![CDATA[CARLOS NOVOA LILLO 1200]]></value></Data>
	<Data name="CAT_ZONA_RIESGO"><displayName>CAT_ZONA_RIESGO</displayName><value><![CDATA[SIN RIESGO]]></value></Data>
	<Data name="DIAMETRO_N"><displayName>DIAMETRO_N</displayName><value><![CDATA[100]]></value></Data>
	<Data name="DIAMETRO_C"><displayName>DIAMETRO_C</displayName><value><![CDATA[100]]></value></Data>
	<Data name="ANNO_INSTAL"><displayName>ANNO_INSTAL</displayName><value><![CDATA[2017]]></value></Data>
</ExtendedData>
<styleUrl>#style1</styleUrl>
	<Point>
		<coordinates>-72.6904549466455,-37.500549704524936,0.000</coordinates>
	</Point>
</Placemark>

<Placemark>
<name>4869</name>
<description><![CDATA[<p>
<br/>COD_GRIFO: 4869
<br/>EMPRESA: ESSBIO
<br/>ESTADO: VIGENTE
<br/>DIRECCION: AV.ESPAÑA 1083
<br/>CAT_ZONA_RIESGO: SIN RIESGO
<br/>DIAMETRO_N: 100
<br/>DIAMETRO_C: 100
<br/>AÑO_INSTALACION: 2000</p>]]></description>
<ExtendedData>
	<Data name="fid"><displayName>fid</displayName><value><![CDATA[135]]></value></Data>
	<Data name="COD_GRIFO"><displayName>COD_GRIFO</displayName><value><![CDATA[4869]]></value></Data>
	<Data name="EMPRESA"><displayName>EMPRESA</displayName><value><![CDATA[ESSBIO]]></value></Data>
	<Data name="ESTADO"><displayName>ESTADO</displayName><value><![CDATA[VIGENTE]]></value></Data>
	<Data name="DIRECCION"><displayName>DIRECCION</displayName><value><![CDATA[AV.ESPAÑA 1083]]></value></Data>
	<Data name="CAT_ZONA_RIESGO"><displayName>CAT_ZONA_RIESGO</displayName><value><![CDATA[SIN RIESGO]]></value></Data>
	<Data name="DIAMETRO_N"><displayName>DIAMETRO_N</displayName><value><![CDATA[100]]></value></Data>
	<Data name="DIAMETRO_C"><displayName>DIAMETRO_C</displayName><value><![CDATA[100]]></value></Data>
	<Data name="ANNO_INSTAL"><displayName>ANNO_INSTAL</displayName><value><![CDATA[2000]]></value></Data>
</ExtendedData>
<styleUrl>#style1</styleUrl>
	<Point>
		<coordinates>-72.68131972951576,-37.498354915518874,0.000</coordinates>
	</Point>
</Placemark>

<Placemark>
<name>5523</name>
<description><![CDATA[<p>
<br/>COD_GRIFO: 5523
<br/>EMPRESA: ESSBIO
<br/>ESTADO: VIGENTE
<br/>DIRECCION: FERNANDO VALENZUELA ENTRE AV LA CRUZ Y PJE CANADA
<br/>CAT_ZONA_RIESGO: SIN RIESGO
<br/>DIAMETRO_N: 100
<br/>DIAMETRO_C: 100
<br/>AÑO_INSTALACION: 2000</p>]]></description>
<ExtendedData>
	<Data name="fid"><displayName>fid</displayName><value><![CDATA[136]]></value></Data>
	<Data name="COD_GRIFO"><displayName>COD_GRIFO</displayName><value><![CDATA[5523]]></value></Data>
	<Data name="EMPRESA"><displayName>EMPRESA</displayName><value><![CDATA[ESSBIO]]></value></Data>
	<Data name="ESTADO"><displayName>ESTADO</displayName><value><![CDATA[VIGENTE]]></value></Data>
	<Data name="DIRECCION"><displayName>DIRECCION</displayName><value><![CDATA[FERNANDO VALENZUELA ENTRE AV LA CRUZ Y PJE CANADA]]></value></Data>
	<Data name="CAT_ZONA_RIESGO"><displayName>CAT_ZONA_RIESGO</displayName><value><![CDATA[SIN RIESGO]]></value></Data>
	<Data name="DIAMETRO_N"><displayName>DIAMETRO_N</displayName><value><![CDATA[100]]></value></Data>
	<Data name="DIAMETRO_C"><displayName>DIAMETRO_C</displayName><value><![CDATA[100]]></value></Data>
	<Data name="ANNO_INSTAL"><displayName>ANNO_INSTAL</displayName><value><![CDATA[2000]]></value></Data>
</ExtendedData>
<styleUrl>#style1</styleUrl>
	<Point>
		<coordinates>-72.67580304697637,-37.50189245597819,0.000</coordinates>
	</Point>
</Placemark>

<Placemark>
<name>5663</name>
<description><![CDATA[<p>
<br/>COD_GRIFO: 5663
<br/>EMPRESA: ESSBIO
<br/>ESTADO: VIGENTE
<br/>DIRECCION: PJE SIN NOMBRE ENTRE PJE LAS ARAUCARIAS Y PJE SIN NOMBRE
<br/>CAT_ZONA_RIESGO: SIN RIESGO
<br/>DIAMETRO_N: 100
<br/>DIAMETRO_C: 110
<br/>AÑO_INSTALACION: 2007</p>]]></description>
<ExtendedData>
	<Data name="fid"><displayName>fid</displayName><value><![CDATA[137]]></value></Data>
	<Data name="COD_GRIFO"><displayName>COD_GRIFO</displayName><value><![CDATA[5663]]></value></Data>
	<Data name="EMPRESA"><displayName>EMPRESA</displayName><value><![CDATA[ESSBIO]]></value></Data>
	<Data name="ESTADO"><displayName>ESTADO</displayName><value><![CDATA[VIGENTE]]></value></Data>
	<Data name="DIRECCION"><displayName>DIRECCION</displayName><value><![CDATA[PJE SIN NOMBRE ENTRE PJE LAS ARAUCARIAS Y PJE SIN NOMBRE]]></value></Data>
	<Data name="CAT_ZONA_RIESGO"><displayName>CAT_ZONA_RIESGO</displayName><value><![CDATA[SIN RIESGO]]></value></Data>
	<Data name="DIAMETRO_N"><displayName>DIAMETRO_N</displayName><value><![CDATA[100]]></value></Data>
	<Data name="DIAMETRO_C"><displayName>DIAMETRO_C</displayName><value><![CDATA[110]]></value></Data>
	<Data name="ANNO_INSTAL"><displayName>ANNO_INSTAL</displayName><value><![CDATA[2007]]></value></Data>
</ExtendedData>
<styleUrl>#style1</styleUrl>
	<Point>
		<coordinates>-72.6440500362872,-37.5087713022358,0.000</coordinates>
	</Point>
</Placemark>

<Placemark>
<name>4870</name>
<description><![CDATA[<p>
<br/>COD_GRIFO: 4870
<br/>EMPRESA: ESSBIO
<br/>ESTADO: VIGENTE
<br/>DIRECCION: AV.ESPAÑA 1157
<br/>CAT_ZONA_RIESGO: HOSPITALES, COLEGIOS, CARCELES Y CENTROS COMERCIALES
<br/>DIAMETRO_N: 100
<br/>DIAMETRO_C: 110
<br/>AÑO_INSTALACION: 2000</p>]]></description>
<ExtendedData>
	<Data name="fid"><displayName>fid</displayName><value><![CDATA[138]]></value></Data>
	<Data name="COD_GRIFO"><displayName>COD_GRIFO</displayName><value><![CDATA[4870]]></value></Data>
	<Data name="EMPRESA"><displayName>EMPRESA</displayName><value><![CDATA[ESSBIO]]></value></Data>
	<Data name="ESTADO"><displayName>ESTADO</displayName><value><![CDATA[VIGENTE]]></value></Data>
	<Data name="DIRECCION"><displayName>DIRECCION</displayName><value><![CDATA[AV.ESPAÑA 1157]]></value></Data>
	<Data name="CAT_ZONA_RIESGO"><displayName>CAT_ZONA_RIESGO</displayName><value><![CDATA[HOSPITALES, COLEGIOS, CARCELES Y CENTROS COMERCIALES]]></value></Data>
	<Data name="DIAMETRO_N"><displayName>DIAMETRO_N</displayName><value><![CDATA[100]]></value></Data>
	<Data name="DIAMETRO_C"><displayName>DIAMETRO_C</displayName><value><![CDATA[110]]></value></Data>
	<Data name="ANNO_INSTAL"><displayName>ANNO_INSTAL</displayName><value><![CDATA[2000]]></value></Data>
</ExtendedData>
<styleUrl>#style1</styleUrl>
	<Point>
		<coordinates>-72.6824561748846,-37.498115036784014,0.000</coordinates>
	</Point>
</Placemark>

<Placemark>
<name>5487</name>
<description><![CDATA[<p>
<br/>COD_GRIFO: 5487
<br/>EMPRESA: ESSBIO
<br/>ESTADO: VIGENTE
<br/>DIRECCION: LIBERTADOR BERNARDO O'HIGGINS 700
<br/>CAT_ZONA_RIESGO: SIN RIESGO
<br/>DIAMETRO_N: 100
<br/>DIAMETRO_C: 100
<br/>AÑO_INSTALACION: 2000</p>]]></description>
<ExtendedData>
	<Data name="fid"><displayName>fid</displayName><value><![CDATA[139]]></value></Data>
	<Data name="COD_GRIFO"><displayName>COD_GRIFO</displayName><value><![CDATA[5487]]></value></Data>
	<Data name="EMPRESA"><displayName>EMPRESA</displayName><value><![CDATA[ESSBIO]]></value></Data>
	<Data name="ESTADO"><displayName>ESTADO</displayName><value><![CDATA[VIGENTE]]></value></Data>
	<Data name="DIRECCION"><displayName>DIRECCION</displayName><value><![CDATA[LIBERTADOR BERNARDO O'HIGGINS 700]]></value></Data>
	<Data name="CAT_ZONA_RIESGO"><displayName>CAT_ZONA_RIESGO</displayName><value><![CDATA[SIN RIESGO]]></value></Data>
	<Data name="DIAMETRO_N"><displayName>DIAMETRO_N</displayName><value><![CDATA[100]]></value></Data>
	<Data name="DIAMETRO_C"><displayName>DIAMETRO_C</displayName><value><![CDATA[100]]></value></Data>
	<Data name="ANNO_INSTAL"><displayName>ANNO_INSTAL</displayName><value><![CDATA[2000]]></value></Data>
</ExtendedData>
<styleUrl>#style1</styleUrl>
	<Point>
		<coordinates>-72.65753116625892,-37.50247020088874,0.000</coordinates>
	</Point>
</Placemark>

<Placemark>
<name>4868</name>
<description><![CDATA[<p>
<br/>COD_GRIFO: 4868
<br/>EMPRESA: ESSBIO
<br/>ESTADO: VIGENTE
<br/>DIRECCION: LOS NOTROS 1097
<br/>CAT_ZONA_RIESGO: SIN RIESGO
<br/>DIAMETRO_N: 100
<br/>DIAMETRO_C: 100
<br/>AÑO_INSTALACION: 2000</p>]]></description>
<ExtendedData>
	<Data name="fid"><displayName>fid</displayName><value><![CDATA[140]]></value></Data>
	<Data name="COD_GRIFO"><displayName>COD_GRIFO</displayName><value><![CDATA[4868]]></value></Data>
	<Data name="EMPRESA"><displayName>EMPRESA</displayName><value><![CDATA[ESSBIO]]></value></Data>
	<Data name="ESTADO"><displayName>ESTADO</displayName><value><![CDATA[VIGENTE]]></value></Data>
	<Data name="DIRECCION"><displayName>DIRECCION</displayName><value><![CDATA[LOS NOTROS 1097]]></value></Data>
	<Data name="CAT_ZONA_RIESGO"><displayName>CAT_ZONA_RIESGO</displayName><value><![CDATA[SIN RIESGO]]></value></Data>
	<Data name="DIAMETRO_N"><displayName>DIAMETRO_N</displayName><value><![CDATA[100]]></value></Data>
	<Data name="DIAMETRO_C"><displayName>DIAMETRO_C</displayName><value><![CDATA[100]]></value></Data>
	<Data name="ANNO_INSTAL"><displayName>ANNO_INSTAL</displayName><value><![CDATA[2000]]></value></Data>
</ExtendedData>
<styleUrl>#style1</styleUrl>
	<Point>
		<coordinates>-72.68069441086891,-37.49716715499241,0.000</coordinates>
	</Point>
</Placemark>

<Placemark>
<name>5689</name>
<description><![CDATA[<p>
<br/>COD_GRIFO: 5689
<br/>EMPRESA: ESSBIO
<br/>ESTADO: VIGENTE
<br/>DIRECCION: CAUPOLICAN ENTRE LA PUNTILLA Y BALMACEDA
<br/>CAT_ZONA_RIESGO: SIN RIESGO
<br/>DIAMETRO_N: 100
<br/>DIAMETRO_C: 110
<br/>AÑO_INSTALACION: 2000</p>]]></description>
<ExtendedData>
	<Data name="fid"><displayName>fid</displayName><value><![CDATA[141]]></value></Data>
	<Data name="COD_GRIFO"><displayName>COD_GRIFO</displayName><value><![CDATA[5689]]></value></Data>
	<Data name="EMPRESA"><displayName>EMPRESA</displayName><value><![CDATA[ESSBIO]]></value></Data>
	<Data name="ESTADO"><displayName>ESTADO</displayName><value><![CDATA[VIGENTE]]></value></Data>
	<Data name="DIRECCION"><displayName>DIRECCION</displayName><value><![CDATA[CAUPOLICAN ENTRE LA PUNTILLA Y BALMACEDA]]></value></Data>
	<Data name="CAT_ZONA_RIESGO"><displayName>CAT_ZONA_RIESGO</displayName><value><![CDATA[SIN RIESGO]]></value></Data>
	<Data name="DIAMETRO_N"><displayName>DIAMETRO_N</displayName><value><![CDATA[100]]></value></Data>
	<Data name="DIAMETRO_C"><displayName>DIAMETRO_C</displayName><value><![CDATA[110]]></value></Data>
	<Data name="ANNO_INSTAL"><displayName>ANNO_INSTAL</displayName><value><![CDATA[2000]]></value></Data>
</ExtendedData>
<styleUrl>#style1</styleUrl>
	<Point>
		<coordinates>-72.65222230641952,-37.509910437328564,0.000</coordinates>
	</Point>
</Placemark>

<Placemark>
<name>5762</name>
<description><![CDATA[<p>
<br/>COD_GRIFO: 5762
<br/>EMPRESA: ESSBIO
<br/>ESTADO: VIGENTE
<br/>DIRECCION: ANIBAL PINTO 617
<br/>CAT_ZONA_RIESGO: SIN RIESGO
<br/>DIAMETRO_N: 100
<br/>DIAMETRO_C: 100
<br/>AÑO_INSTALACION: 2000</p>]]></description>
<ExtendedData>
	<Data name="fid"><displayName>fid</displayName><value><![CDATA[142]]></value></Data>
	<Data name="COD_GRIFO"><displayName>COD_GRIFO</displayName><value><![CDATA[5762]]></value></Data>
	<Data name="EMPRESA"><displayName>EMPRESA</displayName><value><![CDATA[ESSBIO]]></value></Data>
	<Data name="ESTADO"><displayName>ESTADO</displayName><value><![CDATA[VIGENTE]]></value></Data>
	<Data name="DIRECCION"><displayName>DIRECCION</displayName><value><![CDATA[ANIBAL PINTO 617]]></value></Data>
	<Data name="CAT_ZONA_RIESGO"><displayName>CAT_ZONA_RIESGO</displayName><value><![CDATA[SIN RIESGO]]></value></Data>
	<Data name="DIAMETRO_N"><displayName>DIAMETRO_N</displayName><value><![CDATA[100]]></value></Data>
	<Data name="DIAMETRO_C"><displayName>DIAMETRO_C</displayName><value><![CDATA[100]]></value></Data>
	<Data name="ANNO_INSTAL"><displayName>ANNO_INSTAL</displayName><value><![CDATA[2000]]></value></Data>
</ExtendedData>
<styleUrl>#style1</styleUrl>
	<Point>
		<coordinates>-72.67305306282768,-37.50332727545901,0.000</coordinates>
	</Point>
</Placemark>

<Placemark>
<name>5513</name>
<description><![CDATA[<p>
<br/>COD_GRIFO: 5513
<br/>EMPRESA: ESSBIO
<br/>ESTADO: VIGENTE
<br/>DIRECCION: PJE.SIN NOMBRE 105
<br/>CAT_ZONA_RIESGO: SIN RIESGO
<br/>DIAMETRO_N: 100
<br/>DIAMETRO_C: 100
<br/>AÑO_INSTALACION: 2000</p>]]></description>
<ExtendedData>
	<Data name="fid"><displayName>fid</displayName><value><![CDATA[143]]></value></Data>
	<Data name="COD_GRIFO"><displayName>COD_GRIFO</displayName><value><![CDATA[5513]]></value></Data>
	<Data name="EMPRESA"><displayName>EMPRESA</displayName><value><![CDATA[ESSBIO]]></value></Data>
	<Data name="ESTADO"><displayName>ESTADO</displayName><value><![CDATA[VIGENTE]]></value></Data>
	<Data name="DIRECCION"><displayName>DIRECCION</displayName><value><![CDATA[PJE.SIN NOMBRE 105]]></value></Data>
	<Data name="CAT_ZONA_RIESGO"><displayName>CAT_ZONA_RIESGO</displayName><value><![CDATA[SIN RIESGO]]></value></Data>
	<Data name="DIAMETRO_N"><displayName>DIAMETRO_N</displayName><value><![CDATA[100]]></value></Data>
	<Data name="DIAMETRO_C"><displayName>DIAMETRO_C</displayName><value><![CDATA[100]]></value></Data>
	<Data name="ANNO_INSTAL"><displayName>ANNO_INSTAL</displayName><value><![CDATA[2000]]></value></Data>
</ExtendedData>
<styleUrl>#style1</styleUrl>
	<Point>
		<coordinates>-72.6758433080471,-37.49376316098856,0.000</coordinates>
	</Point>
</Placemark>

<Placemark>
<name>5530</name>
<description><![CDATA[<p>
<br/>COD_GRIFO: 5530
<br/>EMPRESA: ESSBIO
<br/>ESTADO: VIGENTE
<br/>DIRECCION: C MEDINA 1029
<br/>CAT_ZONA_RIESGO: SIN RIESGO
<br/>DIAMETRO_N: 100
<br/>DIAMETRO_C: 110
<br/>AÑO_INSTALACION: 2000</p>]]></description>
<ExtendedData>
	<Data name="fid"><displayName>fid</displayName><value><![CDATA[144]]></value></Data>
	<Data name="COD_GRIFO"><displayName>COD_GRIFO</displayName><value><![CDATA[5530]]></value></Data>
	<Data name="EMPRESA"><displayName>EMPRESA</displayName><value><![CDATA[ESSBIO]]></value></Data>
	<Data name="ESTADO"><displayName>ESTADO</displayName><value><![CDATA[VIGENTE]]></value></Data>
	<Data name="DIRECCION"><displayName>DIRECCION</displayName><value><![CDATA[C MEDINA 1029]]></value></Data>
	<Data name="CAT_ZONA_RIESGO"><displayName>CAT_ZONA_RIESGO</displayName><value><![CDATA[SIN RIESGO]]></value></Data>
	<Data name="DIAMETRO_N"><displayName>DIAMETRO_N</displayName><value><![CDATA[100]]></value></Data>
	<Data name="DIAMETRO_C"><displayName>DIAMETRO_C</displayName><value><![CDATA[110]]></value></Data>
	<Data name="ANNO_INSTAL"><displayName>ANNO_INSTAL</displayName><value><![CDATA[2000]]></value></Data>
</ExtendedData>
<styleUrl>#style1</styleUrl>
	<Point>
		<coordinates>-72.6807193329298,-37.500322077184855,0.000</coordinates>
	</Point>
</Placemark>

<Placemark>
<name>5635</name>
<description><![CDATA[<p>
<br/>COD_GRIFO: 5635
<br/>EMPRESA: ESSBIO
<br/>ESTADO: VIGENTE
<br/>DIRECCION: JULIO HERMELMANN ENTRE OCTAVIO JARA WOLF Y JOAQUIN PRIETO
<br/>CAT_ZONA_RIESGO: SIN RIESGO
<br/>DIAMETRO_N: 100
<br/>DIAMETRO_C: 100
<br/>AÑO_INSTALACION: 2000</p>]]></description>
<ExtendedData>
	<Data name="fid"><displayName>fid</displayName><value><![CDATA[145]]></value></Data>
	<Data name="COD_GRIFO"><displayName>COD_GRIFO</displayName><value><![CDATA[5635]]></value></Data>
	<Data name="EMPRESA"><displayName>EMPRESA</displayName><value><![CDATA[ESSBIO]]></value></Data>
	<Data name="ESTADO"><displayName>ESTADO</displayName><value><![CDATA[VIGENTE]]></value></Data>
	<Data name="DIRECCION"><displayName>DIRECCION</displayName><value><![CDATA[JULIO HERMELMANN ENTRE OCTAVIO JARA WOLF Y JOAQUIN PRIETO]]></value></Data>
	<Data name="CAT_ZONA_RIESGO"><displayName>CAT_ZONA_RIESGO</displayName><value><![CDATA[SIN RIESGO]]></value></Data>
	<Data name="DIAMETRO_N"><displayName>DIAMETRO_N</displayName><value><![CDATA[100]]></value></Data>
	<Data name="DIAMETRO_C"><displayName>DIAMETRO_C</displayName><value><![CDATA[100]]></value></Data>
	<Data name="ANNO_INSTAL"><displayName>ANNO_INSTAL</displayName><value><![CDATA[2000]]></value></Data>
</ExtendedData>
<styleUrl>#style1</styleUrl>
	<Point>
		<coordinates>-72.66248446736836,-37.509832886405064,0.000</coordinates>
	</Point>
</Placemark>

<Placemark>
<name>5755</name>
<description><![CDATA[<p>
<br/>COD_GRIFO: 5755
<br/>EMPRESA: ESSBIO
<br/>ESTADO: VIGENTE
<br/>DIRECCION: ALONSO DE OVALLE 86
<br/>CAT_ZONA_RIESGO: SIN RIESGO
<br/>DIAMETRO_N: 100
<br/>DIAMETRO_C: 100
<br/>AÑO_INSTALACION: 2000</p>]]></description>
<ExtendedData>
	<Data name="fid"><displayName>fid</displayName><value><![CDATA[146]]></value></Data>
	<Data name="COD_GRIFO"><displayName>COD_GRIFO</displayName><value><![CDATA[5755]]></value></Data>
	<Data name="EMPRESA"><displayName>EMPRESA</displayName><value><![CDATA[ESSBIO]]></value></Data>
	<Data name="ESTADO"><displayName>ESTADO</displayName><value><![CDATA[VIGENTE]]></value></Data>
	<Data name="DIRECCION"><displayName>DIRECCION</displayName><value><![CDATA[ALONSO DE OVALLE 86]]></value></Data>
	<Data name="CAT_ZONA_RIESGO"><displayName>CAT_ZONA_RIESGO</displayName><value><![CDATA[SIN RIESGO]]></value></Data>
	<Data name="DIAMETRO_N"><displayName>DIAMETRO_N</displayName><value><![CDATA[100]]></value></Data>
	<Data name="DIAMETRO_C"><displayName>DIAMETRO_C</displayName><value><![CDATA[100]]></value></Data>
	<Data name="ANNO_INSTAL"><displayName>ANNO_INSTAL</displayName><value><![CDATA[2000]]></value></Data>
</ExtendedData>
<styleUrl>#style1</styleUrl>
	<Point>
		<coordinates>-72.66692952373263,-37.50365850033905,0.000</coordinates>
	</Point>
</Placemark>

<Placemark>
<name>5661</name>
<description><![CDATA[<p>
<br/>COD_GRIFO: 5661
<br/>EMPRESA: ESSBIO
<br/>ESTADO: VIGENTE
<br/>DIRECCION: LOS ROBLES 165
<br/>CAT_ZONA_RIESGO: SIN RIESGO
<br/>DIAMETRO_N: 100
<br/>DIAMETRO_C: 110
<br/>AÑO_INSTALACION: 2007</p>]]></description>
<ExtendedData>
	<Data name="fid"><displayName>fid</displayName><value><![CDATA[147]]></value></Data>
	<Data name="COD_GRIFO"><displayName>COD_GRIFO</displayName><value><![CDATA[5661]]></value></Data>
	<Data name="EMPRESA"><displayName>EMPRESA</displayName><value><![CDATA[ESSBIO]]></value></Data>
	<Data name="ESTADO"><displayName>ESTADO</displayName><value><![CDATA[VIGENTE]]></value></Data>
	<Data name="DIRECCION"><displayName>DIRECCION</displayName><value><![CDATA[LOS ROBLES 165]]></value></Data>
	<Data name="CAT_ZONA_RIESGO"><displayName>CAT_ZONA_RIESGO</displayName><value><![CDATA[SIN RIESGO]]></value></Data>
	<Data name="DIAMETRO_N"><displayName>DIAMETRO_N</displayName><value><![CDATA[100]]></value></Data>
	<Data name="DIAMETRO_C"><displayName>DIAMETRO_C</displayName><value><![CDATA[110]]></value></Data>
	<Data name="ANNO_INSTAL"><displayName>ANNO_INSTAL</displayName><value><![CDATA[2007]]></value></Data>
</ExtendedData>
<styleUrl>#style1</styleUrl>
	<Point>
		<coordinates>-72.64833212553668,-37.51055558645501,0.000</coordinates>
	</Point>
</Placemark>

<Placemark>
<name>5518</name>
<description><![CDATA[<p>
<br/>COD_GRIFO: 5518
<br/>EMPRESA: ESSBIO
<br/>ESTADO: VIGENTE
<br/>DIRECCION: BULNES 340
<br/>CAT_ZONA_RIESGO: SIN RIESGO
<br/>DIAMETRO_N: 100
<br/>DIAMETRO_C: 100
<br/>AÑO_INSTALACION: 2000</p>]]></description>
<ExtendedData>
	<Data name="fid"><displayName>fid</displayName><value><![CDATA[148]]></value></Data>
	<Data name="COD_GRIFO"><displayName>COD_GRIFO</displayName><value><![CDATA[5518]]></value></Data>
	<Data name="EMPRESA"><displayName>EMPRESA</displayName><value><![CDATA[ESSBIO]]></value></Data>
	<Data name="ESTADO"><displayName>ESTADO</displayName><value><![CDATA[VIGENTE]]></value></Data>
	<Data name="DIRECCION"><displayName>DIRECCION</displayName><value><![CDATA[BULNES 340]]></value></Data>
	<Data name="CAT_ZONA_RIESGO"><displayName>CAT_ZONA_RIESGO</displayName><value><![CDATA[SIN RIESGO]]></value></Data>
	<Data name="DIAMETRO_N"><displayName>DIAMETRO_N</displayName><value><![CDATA[100]]></value></Data>
	<Data name="DIAMETRO_C"><displayName>DIAMETRO_C</displayName><value><![CDATA[100]]></value></Data>
	<Data name="ANNO_INSTAL"><displayName>ANNO_INSTAL</displayName><value><![CDATA[2000]]></value></Data>
</ExtendedData>
<styleUrl>#style1</styleUrl>
	<Point>
		<coordinates>-72.66767994755443,-37.501318184853695,0.000</coordinates>
	</Point>
</Placemark>

<Placemark>
<name>5682</name>
<description><![CDATA[<p>
<br/>COD_GRIFO: 5682
<br/>EMPRESA: ESSBIO
<br/>ESTADO: VIGENTE
<br/>DIRECCION: JOAQUIN PRIETO 210
<br/>CAT_ZONA_RIESGO: SIN RIESGO
<br/>DIAMETRO_N: 100
<br/>DIAMETRO_C: 100
<br/>AÑO_INSTALACION: 2000</p>]]></description>
<ExtendedData>
	<Data name="fid"><displayName>fid</displayName><value><![CDATA[149]]></value></Data>
	<Data name="COD_GRIFO"><displayName>COD_GRIFO</displayName><value><![CDATA[5682]]></value></Data>
	<Data name="EMPRESA"><displayName>EMPRESA</displayName><value><![CDATA[ESSBIO]]></value></Data>
	<Data name="ESTADO"><displayName>ESTADO</displayName><value><![CDATA[VIGENTE]]></value></Data>
	<Data name="DIRECCION"><displayName>DIRECCION</displayName><value><![CDATA[JOAQUIN PRIETO 210]]></value></Data>
	<Data name="CAT_ZONA_RIESGO"><displayName>CAT_ZONA_RIESGO</displayName><value><![CDATA[SIN RIESGO]]></value></Data>
	<Data name="DIAMETRO_N"><displayName>DIAMETRO_N</displayName><value><![CDATA[100]]></value></Data>
	<Data name="DIAMETRO_C"><displayName>DIAMETRO_C</displayName><value><![CDATA[100]]></value></Data>
	<Data name="ANNO_INSTAL"><displayName>ANNO_INSTAL</displayName><value><![CDATA[2000]]></value></Data>
</ExtendedData>
<styleUrl>#style1</styleUrl>
	<Point>
		<coordinates>-72.67077315152103,-37.499689661165846,0.000</coordinates>
	</Point>
</Placemark>

<Placemark>
<name>5670</name>
<description><![CDATA[<p>
<br/>COD_GRIFO: 5670
<br/>EMPRESA: ESSBIO
<br/>ESTADO: VIGENTE
<br/>DIRECCION: DR. CARLOS GONZALEZ R 1399
<br/>CAT_ZONA_RIESGO: SIN RIESGO
<br/>DIAMETRO_N: 100
<br/>DIAMETRO_C: 100
<br/>AÑO_INSTALACION: 2000</p>]]></description>
<ExtendedData>
	<Data name="fid"><displayName>fid</displayName><value><![CDATA[150]]></value></Data>
	<Data name="COD_GRIFO"><displayName>COD_GRIFO</displayName><value><![CDATA[5670]]></value></Data>
	<Data name="EMPRESA"><displayName>EMPRESA</displayName><value><![CDATA[ESSBIO]]></value></Data>
	<Data name="ESTADO"><displayName>ESTADO</displayName><value><![CDATA[VIGENTE]]></value></Data>
	<Data name="DIRECCION"><displayName>DIRECCION</displayName><value><![CDATA[DR. CARLOS GONZALEZ R 1399]]></value></Data>
	<Data name="CAT_ZONA_RIESGO"><displayName>CAT_ZONA_RIESGO</displayName><value><![CDATA[SIN RIESGO]]></value></Data>
	<Data name="DIAMETRO_N"><displayName>DIAMETRO_N</displayName><value><![CDATA[100]]></value></Data>
	<Data name="DIAMETRO_C"><displayName>DIAMETRO_C</displayName><value><![CDATA[100]]></value></Data>
	<Data name="ANNO_INSTAL"><displayName>ANNO_INSTAL</displayName><value><![CDATA[2000]]></value></Data>
</ExtendedData>
<styleUrl>#style1</styleUrl>
	<Point>
		<coordinates>-72.68595039203183,-37.492649184625314,0.000</coordinates>
	</Point>
</Placemark>

<Placemark>
<name>5527</name>
<description><![CDATA[<p>
<br/>COD_GRIFO: 5527
<br/>EMPRESA: ESSBIO
<br/>ESTADO: VIGENTE
<br/>DIRECCION: CANADA 551
<br/>CAT_ZONA_RIESGO: SIN RIESGO
<br/>DIAMETRO_N: 100
<br/>DIAMETRO_C: 100
<br/>AÑO_INSTALACION: 2000</p>]]></description>
<ExtendedData>
	<Data name="fid"><displayName>fid</displayName><value><![CDATA[151]]></value></Data>
	<Data name="COD_GRIFO"><displayName>COD_GRIFO</displayName><value><![CDATA[5527]]></value></Data>
	<Data name="EMPRESA"><displayName>EMPRESA</displayName><value><![CDATA[ESSBIO]]></value></Data>
	<Data name="ESTADO"><displayName>ESTADO</displayName><value><![CDATA[VIGENTE]]></value></Data>
	<Data name="DIRECCION"><displayName>DIRECCION</displayName><value><![CDATA[CANADA 551]]></value></Data>
	<Data name="CAT_ZONA_RIESGO"><displayName>CAT_ZONA_RIESGO</displayName><value><![CDATA[SIN RIESGO]]></value></Data>
	<Data name="DIAMETRO_N"><displayName>DIAMETRO_N</displayName><value><![CDATA[100]]></value></Data>
	<Data name="DIAMETRO_C"><displayName>DIAMETRO_C</displayName><value><![CDATA[100]]></value></Data>
	<Data name="ANNO_INSTAL"><displayName>ANNO_INSTAL</displayName><value><![CDATA[2000]]></value></Data>
</ExtendedData>
<styleUrl>#style1</styleUrl>
	<Point>
		<coordinates>-72.67746956923942,-37.502260687832816,0.000</coordinates>
	</Point>
</Placemark>

<Placemark>
<name>5750</name>
<description><![CDATA[<p>
<br/>COD_GRIFO: 5750
<br/>EMPRESA: ESSBIO
<br/>ESTADO: VIGENTE
<br/>DIRECCION: ANIBAL PINTO 785
<br/>CAT_ZONA_RIESGO: SIN RIESGO
<br/>DIAMETRO_N: 100
<br/>DIAMETRO_C: 100
<br/>AÑO_INSTALACION: 2016</p>]]></description>
<ExtendedData>
	<Data name="fid"><displayName>fid</displayName><value><![CDATA[152]]></value></Data>
	<Data name="COD_GRIFO"><displayName>COD_GRIFO</displayName><value><![CDATA[5750]]></value></Data>
	<Data name="EMPRESA"><displayName>EMPRESA</displayName><value><![CDATA[ESSBIO]]></value></Data>
	<Data name="ESTADO"><displayName>ESTADO</displayName><value><![CDATA[VIGENTE]]></value></Data>
	<Data name="DIRECCION"><displayName>DIRECCION</displayName><value><![CDATA[ANIBAL PINTO 785]]></value></Data>
	<Data name="CAT_ZONA_RIESGO"><displayName>CAT_ZONA_RIESGO</displayName><value><![CDATA[SIN RIESGO]]></value></Data>
	<Data name="DIAMETRO_N"><displayName>DIAMETRO_N</displayName><value><![CDATA[100]]></value></Data>
	<Data name="DIAMETRO_C"><displayName>DIAMETRO_C</displayName><value><![CDATA[100]]></value></Data>
	<Data name="ANNO_INSTAL"><displayName>ANNO_INSTAL</displayName><value><![CDATA[2016]]></value></Data>
</ExtendedData>
<styleUrl>#style1</styleUrl>
	<Point>
		<coordinates>-72.67385211377633,-37.50538586599883,0.000</coordinates>
	</Point>
</Placemark>

<Placemark>
<name>5536</name>
<description><![CDATA[<p>
<br/>COD_GRIFO: 5536
<br/>EMPRESA: ESSBIO
<br/>ESTADO: VIGENTE
<br/>DIRECCION: PJE.LAS ROSAS 314
<br/>CAT_ZONA_RIESGO: SIN RIESGO
<br/>DIAMETRO_N: 100
<br/>DIAMETRO_C: 100
<br/>AÑO_INSTALACION: 2000</p>]]></description>
<ExtendedData>
	<Data name="fid"><displayName>fid</displayName><value><![CDATA[153]]></value></Data>
	<Data name="COD_GRIFO"><displayName>COD_GRIFO</displayName><value><![CDATA[5536]]></value></Data>
	<Data name="EMPRESA"><displayName>EMPRESA</displayName><value><![CDATA[ESSBIO]]></value></Data>
	<Data name="ESTADO"><displayName>ESTADO</displayName><value><![CDATA[VIGENTE]]></value></Data>
	<Data name="DIRECCION"><displayName>DIRECCION</displayName><value><![CDATA[PJE.LAS ROSAS 314]]></value></Data>
	<Data name="CAT_ZONA_RIESGO"><displayName>CAT_ZONA_RIESGO</displayName><value><![CDATA[SIN RIESGO]]></value></Data>
	<Data name="DIAMETRO_N"><displayName>DIAMETRO_N</displayName><value><![CDATA[100]]></value></Data>
	<Data name="DIAMETRO_C"><displayName>DIAMETRO_C</displayName><value><![CDATA[100]]></value></Data>
	<Data name="ANNO_INSTAL"><displayName>ANNO_INSTAL</displayName><value><![CDATA[2000]]></value></Data>
</ExtendedData>
<styleUrl>#style1</styleUrl>
	<Point>
		<coordinates>-72.67481739345837,-37.49813521951888,0.000</coordinates>
	</Point>
</Placemark>

<Placemark>
<name>4918</name>
<description><![CDATA[<p>
<br/>COD_GRIFO: 4918
<br/>EMPRESA: ESSBIO
<br/>ESTADO: VIGENTE
<br/>DIRECCION: J HEMMELMANN 650
<br/>CAT_ZONA_RIESGO: ZONAS DE ALTA DENSIDAD
<br/>DIAMETRO_N: 100
<br/>DIAMETRO_C: 140
<br/>AÑO_INSTALACION: 2000</p>]]></description>
<ExtendedData>
	<Data name="fid"><displayName>fid</displayName><value><![CDATA[154]]></value></Data>
	<Data name="COD_GRIFO"><displayName>COD_GRIFO</displayName><value><![CDATA[4918]]></value></Data>
	<Data name="EMPRESA"><displayName>EMPRESA</displayName><value><![CDATA[ESSBIO]]></value></Data>
	<Data name="ESTADO"><displayName>ESTADO</displayName><value><![CDATA[VIGENTE]]></value></Data>
	<Data name="DIRECCION"><displayName>DIRECCION</displayName><value><![CDATA[J HEMMELMANN 650]]></value></Data>
	<Data name="CAT_ZONA_RIESGO"><displayName>CAT_ZONA_RIESGO</displayName><value><![CDATA[ZONAS DE ALTA DENSIDAD]]></value></Data>
	<Data name="DIAMETRO_N"><displayName>DIAMETRO_N</displayName><value><![CDATA[100]]></value></Data>
	<Data name="DIAMETRO_C"><displayName>DIAMETRO_C</displayName><value><![CDATA[140]]></value></Data>
	<Data name="ANNO_INSTAL"><displayName>ANNO_INSTAL</displayName><value><![CDATA[2000]]></value></Data>
</ExtendedData>
<styleUrl>#style1</styleUrl>
	<Point>
		<coordinates>-72.6764183604104,-37.50823117049482,0.000</coordinates>
	</Point>
</Placemark>

<Placemark>
<name>5509</name>
<description><![CDATA[<p>
<br/>COD_GRIFO: 5509
<br/>EMPRESA: ESSBIO
<br/>ESTADO: VIGENTE
<br/>DIRECCION: SANTA MARGARITA 377
<br/>CAT_ZONA_RIESGO: SIN RIESGO
<br/>DIAMETRO_N: 100
<br/>DIAMETRO_C: 100
<br/>AÑO_INSTALACION: 2000</p>]]></description>
<ExtendedData>
	<Data name="fid"><displayName>fid</displayName><value><![CDATA[155]]></value></Data>
	<Data name="COD_GRIFO"><displayName>COD_GRIFO</displayName><value><![CDATA[5509]]></value></Data>
	<Data name="EMPRESA"><displayName>EMPRESA</displayName><value><![CDATA[ESSBIO]]></value></Data>
	<Data name="ESTADO"><displayName>ESTADO</displayName><value><![CDATA[VIGENTE]]></value></Data>
	<Data name="DIRECCION"><displayName>DIRECCION</displayName><value><![CDATA[SANTA MARGARITA 377]]></value></Data>
	<Data name="CAT_ZONA_RIESGO"><displayName>CAT_ZONA_RIESGO</displayName><value><![CDATA[SIN RIESGO]]></value></Data>
	<Data name="DIAMETRO_N"><displayName>DIAMETRO_N</displayName><value><![CDATA[100]]></value></Data>
	<Data name="DIAMETRO_C"><displayName>DIAMETRO_C</displayName><value><![CDATA[100]]></value></Data>
	<Data name="ANNO_INSTAL"><displayName>ANNO_INSTAL</displayName><value><![CDATA[2000]]></value></Data>
</ExtendedData>
<styleUrl>#style1</styleUrl>
	<Point>
		<coordinates>-72.67148716883659,-37.504882119425105,0.000</coordinates>
	</Point>
</Placemark>

<Placemark>
<name>337680</name>
<description><![CDATA[<p>
<br/>COD_GRIFO: 337680
<br/>EMPRESA: ESSBIO
<br/>ESTADO: VIGENTE
<br/>DIRECCION: LA RIVERA 1720
<br/>CAT_ZONA_RIESGO: SIN RIESGO
<br/>DIAMETRO_N: 100
<br/>DIAMETRO_C: 100
<br/>AÑO_INSTALACION: 2014</p>]]></description>
<ExtendedData>
	<Data name="fid"><displayName>fid</displayName><value><![CDATA[156]]></value></Data>
	<Data name="COD_GRIFO"><displayName>COD_GRIFO</displayName><value><![CDATA[337680]]></value></Data>
	<Data name="EMPRESA"><displayName>EMPRESA</displayName><value><![CDATA[ESSBIO]]></value></Data>
	<Data name="ESTADO"><displayName>ESTADO</displayName><value><![CDATA[VIGENTE]]></value></Data>
	<Data name="DIRECCION"><displayName>DIRECCION</displayName><value><![CDATA[LA RIVERA 1720]]></value></Data>
	<Data name="CAT_ZONA_RIESGO"><displayName>CAT_ZONA_RIESGO</displayName><value><![CDATA[SIN RIESGO]]></value></Data>
	<Data name="DIAMETRO_N"><displayName>DIAMETRO_N</displayName><value><![CDATA[100]]></value></Data>
	<Data name="DIAMETRO_C"><displayName>DIAMETRO_C</displayName><value><![CDATA[100]]></value></Data>
	<Data name="ANNO_INSTAL"><displayName>ANNO_INSTAL</displayName><value><![CDATA[2014]]></value></Data>
</ExtendedData>
<styleUrl>#style1</styleUrl>
	<Point>
		<coordinates>-72.69009340609551,-37.49488331016278,0.000</coordinates>
	</Point>
</Placemark>

<Placemark>
<name>5491</name>
<description><![CDATA[<p>
<br/>COD_GRIFO: 5491
<br/>EMPRESA: ESSBIO
<br/>ESTADO: VIGENTE
<br/>DIRECCION: AV.ESTACION 484
<br/>CAT_ZONA_RIESGO: SIN RIESGO
<br/>DIAMETRO_N: 100
<br/>DIAMETRO_C: 100
<br/>AÑO_INSTALACION: 2000</p>]]></description>
<ExtendedData>
	<Data name="fid"><displayName>fid</displayName><value><![CDATA[157]]></value></Data>
	<Data name="COD_GRIFO"><displayName>COD_GRIFO</displayName><value><![CDATA[5491]]></value></Data>
	<Data name="EMPRESA"><displayName>EMPRESA</displayName><value><![CDATA[ESSBIO]]></value></Data>
	<Data name="ESTADO"><displayName>ESTADO</displayName><value><![CDATA[VIGENTE]]></value></Data>
	<Data name="DIRECCION"><displayName>DIRECCION</displayName><value><![CDATA[AV.ESTACION 484]]></value></Data>
	<Data name="CAT_ZONA_RIESGO"><displayName>CAT_ZONA_RIESGO</displayName><value><![CDATA[SIN RIESGO]]></value></Data>
	<Data name="DIAMETRO_N"><displayName>DIAMETRO_N</displayName><value><![CDATA[100]]></value></Data>
	<Data name="DIAMETRO_C"><displayName>DIAMETRO_C</displayName><value><![CDATA[100]]></value></Data>
	<Data name="ANNO_INSTAL"><displayName>ANNO_INSTAL</displayName><value><![CDATA[2000]]></value></Data>
</ExtendedData>
<styleUrl>#style1</styleUrl>
	<Point>
		<coordinates>-72.661998136706,-37.50442221795284,0.000</coordinates>
	</Point>
</Placemark>

<Placemark>
<name>5504</name>
<description><![CDATA[<p>
<br/>COD_GRIFO: 5504
<br/>EMPRESA: ESSBIO
<br/>ESTADO: VIGENTE
<br/>DIRECCION: ROMA 1054
<br/>CAT_ZONA_RIESGO: SIN RIESGO
<br/>DIAMETRO_N: 100
<br/>DIAMETRO_C: 100
<br/>AÑO_INSTALACION: 2000</p>]]></description>
<ExtendedData>
	<Data name="fid"><displayName>fid</displayName><value><![CDATA[158]]></value></Data>
	<Data name="COD_GRIFO"><displayName>COD_GRIFO</displayName><value><![CDATA[5504]]></value></Data>
	<Data name="EMPRESA"><displayName>EMPRESA</displayName><value><![CDATA[ESSBIO]]></value></Data>
	<Data name="ESTADO"><displayName>ESTADO</displayName><value><![CDATA[VIGENTE]]></value></Data>
	<Data name="DIRECCION"><displayName>DIRECCION</displayName><value><![CDATA[ROMA 1054]]></value></Data>
	<Data name="CAT_ZONA_RIESGO"><displayName>CAT_ZONA_RIESGO</displayName><value><![CDATA[SIN RIESGO]]></value></Data>
	<Data name="DIAMETRO_N"><displayName>DIAMETRO_N</displayName><value><![CDATA[100]]></value></Data>
	<Data name="DIAMETRO_C"><displayName>DIAMETRO_C</displayName><value><![CDATA[100]]></value></Data>
	<Data name="ANNO_INSTAL"><displayName>ANNO_INSTAL</displayName><value><![CDATA[2000]]></value></Data>
</ExtendedData>
<styleUrl>#style1</styleUrl>
	<Point>
		<coordinates>-72.69143320750632,-37.49629577486127,0.000</coordinates>
	</Point>
</Placemark>

<Placemark>
<name>5662</name>
<description><![CDATA[<p>
<br/>COD_GRIFO: 5662
<br/>EMPRESA: ESSBIO
<br/>ESTADO: VIGENTE
<br/>DIRECCION: LOS CASTAÑOS 415
<br/>CAT_ZONA_RIESGO: SIN RIESGO
<br/>DIAMETRO_N: 100
<br/>DIAMETRO_C: 110
<br/>AÑO_INSTALACION: 2007</p>]]></description>
<ExtendedData>
	<Data name="fid"><displayName>fid</displayName><value><![CDATA[159]]></value></Data>
	<Data name="COD_GRIFO"><displayName>COD_GRIFO</displayName><value><![CDATA[5662]]></value></Data>
	<Data name="EMPRESA"><displayName>EMPRESA</displayName><value><![CDATA[ESSBIO]]></value></Data>
	<Data name="ESTADO"><displayName>ESTADO</displayName><value><![CDATA[VIGENTE]]></value></Data>
	<Data name="DIRECCION"><displayName>DIRECCION</displayName><value><![CDATA[LOS CASTAÑOS 415]]></value></Data>
	<Data name="CAT_ZONA_RIESGO"><displayName>CAT_ZONA_RIESGO</displayName><value><![CDATA[SIN RIESGO]]></value></Data>
	<Data name="DIAMETRO_N"><displayName>DIAMETRO_N</displayName><value><![CDATA[100]]></value></Data>
	<Data name="DIAMETRO_C"><displayName>DIAMETRO_C</displayName><value><![CDATA[110]]></value></Data>
	<Data name="ANNO_INSTAL"><displayName>ANNO_INSTAL</displayName><value><![CDATA[2007]]></value></Data>
</ExtendedData>
<styleUrl>#style1</styleUrl>
	<Point>
		<coordinates>-72.64616274005614,-37.51037302561949,0.000</coordinates>
	</Point>
</Placemark>

<Placemark>
<name>320041</name>
<description><![CDATA[<p>
<br/>COD_GRIFO: 320041
<br/>EMPRESA: ESSBIO
<br/>ESTADO: VIGENTE
<br/>DIRECCION: ENRIQUE BRUNEL 1172 SECTOR CerÂ mica Bio Bio, NACIMIENTO
<br/>CAT_ZONA_RIESGO: SIN RIESGO
<br/>DIAMETRO_N: 100
<br/>DIAMETRO_C: 100
<br/>AÑO_INSTALACION: 2000</p>]]></description>
<ExtendedData>
	<Data name="fid"><displayName>fid</displayName><value><![CDATA[160]]></value></Data>
	<Data name="COD_GRIFO"><displayName>COD_GRIFO</displayName><value><![CDATA[320041]]></value></Data>
	<Data name="EMPRESA"><displayName>EMPRESA</displayName><value><![CDATA[ESSBIO]]></value></Data>
	<Data name="ESTADO"><displayName>ESTADO</displayName><value><![CDATA[VIGENTE]]></value></Data>
	<Data name="DIRECCION"><displayName>DIRECCION</displayName><value><![CDATA[ENRIQUE BRUNEL 1172 SECTOR CerÂ mica Bio Bio, NACIMIENTO]]></value></Data>
	<Data name="CAT_ZONA_RIESGO"><displayName>CAT_ZONA_RIESGO</displayName><value><![CDATA[SIN RIESGO]]></value></Data>
	<Data name="DIAMETRO_N"><displayName>DIAMETRO_N</displayName><value><![CDATA[100]]></value></Data>
	<Data name="DIAMETRO_C"><displayName>DIAMETRO_C</displayName><value><![CDATA[100]]></value></Data>
	<Data name="ANNO_INSTAL"><displayName>ANNO_INSTAL</displayName><value><![CDATA[2000]]></value></Data>
</ExtendedData>
<styleUrl>#style1</styleUrl>
	<Point>
		<coordinates>-72.67984613345428,-37.49779018227838,0.000</coordinates>
	</Point>
</Placemark>

<Placemark>
<name>5763</name>
<description><![CDATA[<p>
<br/>COD_GRIFO: 5763
<br/>EMPRESA: ESSBIO
<br/>ESTADO: VIGENTE
<br/>DIRECCION: AV.LA CRUZ 599
<br/>CAT_ZONA_RIESGO: HOSPITALES, COLEGIOS, CARCELES Y CENTROS COMERCIALES
<br/>DIAMETRO_N: 100
<br/>DIAMETRO_C: 125
<br/>AÑO_INSTALACION: 2000</p>]]></description>
<ExtendedData>
	<Data name="fid"><displayName>fid</displayName><value><![CDATA[161]]></value></Data>
	<Data name="COD_GRIFO"><displayName>COD_GRIFO</displayName><value><![CDATA[5763]]></value></Data>
	<Data name="EMPRESA"><displayName>EMPRESA</displayName><value><![CDATA[ESSBIO]]></value></Data>
	<Data name="ESTADO"><displayName>ESTADO</displayName><value><![CDATA[VIGENTE]]></value></Data>
	<Data name="DIRECCION"><displayName>DIRECCION</displayName><value><![CDATA[AV.LA CRUZ 599]]></value></Data>
	<Data name="CAT_ZONA_RIESGO"><displayName>CAT_ZONA_RIESGO</displayName><value><![CDATA[HOSPITALES, COLEGIOS, CARCELES Y CENTROS COMERCIALES]]></value></Data>
	<Data name="DIAMETRO_N"><displayName>DIAMETRO_N</displayName><value><![CDATA[100]]></value></Data>
	<Data name="DIAMETRO_C"><displayName>DIAMETRO_C</displayName><value><![CDATA[125]]></value></Data>
	<Data name="ANNO_INSTAL"><displayName>ANNO_INSTAL</displayName><value><![CDATA[2000]]></value></Data>
</ExtendedData>
<styleUrl>#style1</styleUrl>
	<Point>
		<coordinates>-72.67509831500459,-37.50306898486821,0.000</coordinates>
	</Point>
</Placemark>

<Placemark>
<name>4889</name>
<description><![CDATA[<p>
<br/>COD_GRIFO: 4889
<br/>EMPRESA: ESSBIO
<br/>ESTADO: VIGENTE
<br/>DIRECCION: SOR TERESA 1378
<br/>CAT_ZONA_RIESGO: SIN RIESGO
<br/>DIAMETRO_N: 100
<br/>DIAMETRO_C: 100
<br/>AÑO_INSTALACION: 2000</p>]]></description>
<ExtendedData>
	<Data name="fid"><displayName>fid</displayName><value><![CDATA[162]]></value></Data>
	<Data name="COD_GRIFO"><displayName>COD_GRIFO</displayName><value><![CDATA[4889]]></value></Data>
	<Data name="EMPRESA"><displayName>EMPRESA</displayName><value><![CDATA[ESSBIO]]></value></Data>
	<Data name="ESTADO"><displayName>ESTADO</displayName><value><![CDATA[VIGENTE]]></value></Data>
	<Data name="DIRECCION"><displayName>DIRECCION</displayName><value><![CDATA[SOR TERESA 1378]]></value></Data>
	<Data name="CAT_ZONA_RIESGO"><displayName>CAT_ZONA_RIESGO</displayName><value><![CDATA[SIN RIESGO]]></value></Data>
	<Data name="DIAMETRO_N"><displayName>DIAMETRO_N</displayName><value><![CDATA[100]]></value></Data>
	<Data name="DIAMETRO_C"><displayName>DIAMETRO_C</displayName><value><![CDATA[100]]></value></Data>
	<Data name="ANNO_INSTAL"><displayName>ANNO_INSTAL</displayName><value><![CDATA[2000]]></value></Data>
</ExtendedData>
<styleUrl>#style1</styleUrl>
	<Point>
		<coordinates>-72.68368301560506,-37.493037383305996,0.000</coordinates>
	</Point>
</Placemark>

<Placemark>
<name>5511</name>
<description><![CDATA[<p>
<br/>COD_GRIFO: 5511
<br/>EMPRESA: ESSBIO
<br/>ESTADO: VIGENTE
<br/>DIRECCION: DIAGONAL PEDRO AGUIRRE CERDA 1401
<br/>CAT_ZONA_RIESGO: SIN RIESGO
<br/>DIAMETRO_N: 100
<br/>DIAMETRO_C: 100
<br/>AÑO_INSTALACION: 2000</p>]]></description>
<ExtendedData>
	<Data name="fid"><displayName>fid</displayName><value><![CDATA[163]]></value></Data>
	<Data name="COD_GRIFO"><displayName>COD_GRIFO</displayName><value><![CDATA[5511]]></value></Data>
	<Data name="EMPRESA"><displayName>EMPRESA</displayName><value><![CDATA[ESSBIO]]></value></Data>
	<Data name="ESTADO"><displayName>ESTADO</displayName><value><![CDATA[VIGENTE]]></value></Data>
	<Data name="DIRECCION"><displayName>DIRECCION</displayName><value><![CDATA[DIAGONAL PEDRO AGUIRRE CERDA 1401]]></value></Data>
	<Data name="CAT_ZONA_RIESGO"><displayName>CAT_ZONA_RIESGO</displayName><value><![CDATA[SIN RIESGO]]></value></Data>
	<Data name="DIAMETRO_N"><displayName>DIAMETRO_N</displayName><value><![CDATA[100]]></value></Data>
	<Data name="DIAMETRO_C"><displayName>DIAMETRO_C</displayName><value><![CDATA[100]]></value></Data>
	<Data name="ANNO_INSTAL"><displayName>ANNO_INSTAL</displayName><value><![CDATA[2000]]></value></Data>
</ExtendedData>
<styleUrl>#style1</styleUrl>
	<Point>
		<coordinates>-72.68388975309779,-37.50195010363919,0.000</coordinates>
	</Point>
</Placemark>

<Placemark>
<name>4872</name>
<description><![CDATA[<p>
<br/>COD_GRIFO: 4872
<br/>EMPRESA: ESSBIO
<br/>ESTADO: VIGENTE
<br/>DIRECCION: LOS CANELOS 1245
<br/>CAT_ZONA_RIESGO: SIN RIESGO
<br/>DIAMETRO_N: 100
<br/>DIAMETRO_C: 100
<br/>AÑO_INSTALACION: 2000</p>]]></description>
<ExtendedData>
	<Data name="fid"><displayName>fid</displayName><value><![CDATA[164]]></value></Data>
	<Data name="COD_GRIFO"><displayName>COD_GRIFO</displayName><value><![CDATA[4872]]></value></Data>
	<Data name="EMPRESA"><displayName>EMPRESA</displayName><value><![CDATA[ESSBIO]]></value></Data>
	<Data name="ESTADO"><displayName>ESTADO</displayName><value><![CDATA[VIGENTE]]></value></Data>
	<Data name="DIRECCION"><displayName>DIRECCION</displayName><value><![CDATA[LOS CANELOS 1245]]></value></Data>
	<Data name="CAT_ZONA_RIESGO"><displayName>CAT_ZONA_RIESGO</displayName><value><![CDATA[SIN RIESGO]]></value></Data>
	<Data name="DIAMETRO_N"><displayName>DIAMETRO_N</displayName><value><![CDATA[100]]></value></Data>
	<Data name="DIAMETRO_C"><displayName>DIAMETRO_C</displayName><value><![CDATA[100]]></value></Data>
	<Data name="ANNO_INSTAL"><displayName>ANNO_INSTAL</displayName><value><![CDATA[2000]]></value></Data>
</ExtendedData>
<styleUrl>#style1</styleUrl>
	<Point>
		<coordinates>-72.68451543193117,-37.49830821095994,0.000</coordinates>
	</Point>
</Placemark>

<Placemark>
<name>4878</name>
<description><![CDATA[<p>
<br/>COD_GRIFO: 4878
<br/>EMPRESA: ESSBIO
<br/>ESTADO: VIGENTE
<br/>DIRECCION: LAS MINAS 27
<br/>CAT_ZONA_RIESGO: SIN RIESGO
<br/>DIAMETRO_N: 100
<br/>DIAMETRO_C: 100
<br/>AÑO_INSTALACION: 2000</p>]]></description>
<ExtendedData>
	<Data name="fid"><displayName>fid</displayName><value><![CDATA[165]]></value></Data>
	<Data name="COD_GRIFO"><displayName>COD_GRIFO</displayName><value><![CDATA[4878]]></value></Data>
	<Data name="EMPRESA"><displayName>EMPRESA</displayName><value><![CDATA[ESSBIO]]></value></Data>
	<Data name="ESTADO"><displayName>ESTADO</displayName><value><![CDATA[VIGENTE]]></value></Data>
	<Data name="DIRECCION"><displayName>DIRECCION</displayName><value><![CDATA[LAS MINAS 27]]></value></Data>
	<Data name="CAT_ZONA_RIESGO"><displayName>CAT_ZONA_RIESGO</displayName><value><![CDATA[SIN RIESGO]]></value></Data>
	<Data name="DIAMETRO_N"><displayName>DIAMETRO_N</displayName><value><![CDATA[100]]></value></Data>
	<Data name="DIAMETRO_C"><displayName>DIAMETRO_C</displayName><value><![CDATA[100]]></value></Data>
	<Data name="ANNO_INSTAL"><displayName>ANNO_INSTAL</displayName><value><![CDATA[2000]]></value></Data>
</ExtendedData>
<styleUrl>#style1</styleUrl>
	<Point>
		<coordinates>-72.67534065398395,-37.495026455417594,0.000</coordinates>
	</Point>
</Placemark>

<Placemark>
<name>5638</name>
<description><![CDATA[<p>
<br/>COD_GRIFO: 5638
<br/>EMPRESA: ESSBIO
<br/>ESTADO: VIGENTE
<br/>DIRECCION: HERNAN MERINO 290
<br/>CAT_ZONA_RIESGO: HOSPITALES, COLEGIOS, CARCELES Y CENTROS COMERCIALES
<br/>DIAMETRO_N: 100
<br/>DIAMETRO_C: 110
<br/>AÑO_INSTALACION: 2000</p>]]></description>
<ExtendedData>
	<Data name="fid"><displayName>fid</displayName><value><![CDATA[166]]></value></Data>
	<Data name="COD_GRIFO"><displayName>COD_GRIFO</displayName><value><![CDATA[5638]]></value></Data>
	<Data name="EMPRESA"><displayName>EMPRESA</displayName><value><![CDATA[ESSBIO]]></value></Data>
	<Data name="ESTADO"><displayName>ESTADO</displayName><value><![CDATA[VIGENTE]]></value></Data>
	<Data name="DIRECCION"><displayName>DIRECCION</displayName><value><![CDATA[HERNAN MERINO 290]]></value></Data>
	<Data name="CAT_ZONA_RIESGO"><displayName>CAT_ZONA_RIESGO</displayName><value><![CDATA[HOSPITALES, COLEGIOS, CARCELES Y CENTROS COMERCIALES]]></value></Data>
	<Data name="DIAMETRO_N"><displayName>DIAMETRO_N</displayName><value><![CDATA[100]]></value></Data>
	<Data name="DIAMETRO_C"><displayName>DIAMETRO_C</displayName><value><![CDATA[110]]></value></Data>
	<Data name="ANNO_INSTAL"><displayName>ANNO_INSTAL</displayName><value><![CDATA[2000]]></value></Data>
</ExtendedData>
<styleUrl>#style1</styleUrl>
	<Point>
		<coordinates>-72.65877117093905,-37.5075723014715,0.000</coordinates>
	</Point>
</Placemark>

<Placemark>
<name>5769</name>
<description><![CDATA[<p>
<br/>COD_GRIFO: 5769
<br/>EMPRESA: ESSBIO
<br/>ESTADO: VIGENTE
<br/>DIRECCION: ALESSANDRI 1187
<br/>CAT_ZONA_RIESGO: SIN RIESGO
<br/>DIAMETRO_N: 100
<br/>DIAMETRO_C: 100
<br/>AÑO_INSTALACION: 2000</p>]]></description>
<ExtendedData>
	<Data name="fid"><displayName>fid</displayName><value><![CDATA[167]]></value></Data>
	<Data name="COD_GRIFO"><displayName>COD_GRIFO</displayName><value><![CDATA[5769]]></value></Data>
	<Data name="EMPRESA"><displayName>EMPRESA</displayName><value><![CDATA[ESSBIO]]></value></Data>
	<Data name="ESTADO"><displayName>ESTADO</displayName><value><![CDATA[VIGENTE]]></value></Data>
	<Data name="DIRECCION"><displayName>DIRECCION</displayName><value><![CDATA[ALESSANDRI 1187]]></value></Data>
	<Data name="CAT_ZONA_RIESGO"><displayName>CAT_ZONA_RIESGO</displayName><value><![CDATA[SIN RIESGO]]></value></Data>
	<Data name="DIAMETRO_N"><displayName>DIAMETRO_N</displayName><value><![CDATA[100]]></value></Data>
	<Data name="DIAMETRO_C"><displayName>DIAMETRO_C</displayName><value><![CDATA[100]]></value></Data>
	<Data name="ANNO_INSTAL"><displayName>ANNO_INSTAL</displayName><value><![CDATA[2000]]></value></Data>
</ExtendedData>
<styleUrl>#style1</styleUrl>
	<Point>
		<coordinates>-72.681319701518,-37.50462406172341,0.000</coordinates>
	</Point>
</Placemark>

<Placemark>
<name>4886</name>
<description><![CDATA[<p>
<br/>COD_GRIFO: 4886
<br/>EMPRESA: ESSBIO
<br/>ESTADO: VIGENTE
<br/>DIRECCION: LOS JAZMINES 128
<br/>CAT_ZONA_RIESGO: SIN RIESGO
<br/>DIAMETRO_N: 100
<br/>DIAMETRO_C: 100
<br/>AÑO_INSTALACION: 2000</p>]]></description>
<ExtendedData>
	<Data name="fid"><displayName>fid</displayName><value><![CDATA[168]]></value></Data>
	<Data name="COD_GRIFO"><displayName>COD_GRIFO</displayName><value><![CDATA[4886]]></value></Data>
	<Data name="EMPRESA"><displayName>EMPRESA</displayName><value><![CDATA[ESSBIO]]></value></Data>
	<Data name="ESTADO"><displayName>ESTADO</displayName><value><![CDATA[VIGENTE]]></value></Data>
	<Data name="DIRECCION"><displayName>DIRECCION</displayName><value><![CDATA[LOS JAZMINES 128]]></value></Data>
	<Data name="CAT_ZONA_RIESGO"><displayName>CAT_ZONA_RIESGO</displayName><value><![CDATA[SIN RIESGO]]></value></Data>
	<Data name="DIAMETRO_N"><displayName>DIAMETRO_N</displayName><value><![CDATA[100]]></value></Data>
	<Data name="DIAMETRO_C"><displayName>DIAMETRO_C</displayName><value><![CDATA[100]]></value></Data>
	<Data name="ANNO_INSTAL"><displayName>ANNO_INSTAL</displayName><value><![CDATA[2000]]></value></Data>
</ExtendedData>
<styleUrl>#style1</styleUrl>
	<Point>
		<coordinates>-72.68801627082023,-37.49562266156388,0.000</coordinates>
	</Point>
</Placemark>

<Placemark>
<name>5688</name>
<description><![CDATA[<p>
<br/>COD_GRIFO: 5688
<br/>EMPRESA: ESSBIO
<br/>ESTADO: VIGENTE
<br/>DIRECCION: AV.LAUTARO 3
<br/>CAT_ZONA_RIESGO: SIN RIESGO
<br/>DIAMETRO_N: 100
<br/>DIAMETRO_C: 110
<br/>AÑO_INSTALACION: 2000</p>]]></description>
<ExtendedData>
	<Data name="fid"><displayName>fid</displayName><value><![CDATA[169]]></value></Data>
	<Data name="COD_GRIFO"><displayName>COD_GRIFO</displayName><value><![CDATA[5688]]></value></Data>
	<Data name="EMPRESA"><displayName>EMPRESA</displayName><value><![CDATA[ESSBIO]]></value></Data>
	<Data name="ESTADO"><displayName>ESTADO</displayName><value><![CDATA[VIGENTE]]></value></Data>
	<Data name="DIRECCION"><displayName>DIRECCION</displayName><value><![CDATA[AV.LAUTARO 3]]></value></Data>
	<Data name="CAT_ZONA_RIESGO"><displayName>CAT_ZONA_RIESGO</displayName><value><![CDATA[SIN RIESGO]]></value></Data>
	<Data name="DIAMETRO_N"><displayName>DIAMETRO_N</displayName><value><![CDATA[100]]></value></Data>
	<Data name="DIAMETRO_C"><displayName>DIAMETRO_C</displayName><value><![CDATA[110]]></value></Data>
	<Data name="ANNO_INSTAL"><displayName>ANNO_INSTAL</displayName><value><![CDATA[2000]]></value></Data>
</ExtendedData>
<styleUrl>#style1</styleUrl>
	<Point>
		<coordinates>-72.65080401068306,-37.511205945957705,0.000</coordinates>
	</Point>
</Placemark>

<Placemark>
<name>5756</name>
<description><![CDATA[<p>
<br/>COD_GRIFO: 5756
<br/>EMPRESA: ESSBIO
<br/>ESTADO: VIGENTE
<br/>DIRECCION: COLON 599
<br/>CAT_ZONA_RIESGO: SIN RIESGO
<br/>DIAMETRO_N: 100
<br/>DIAMETRO_C: 100
<br/>AÑO_INSTALACION: 2000</p>]]></description>
<ExtendedData>
	<Data name="fid"><displayName>fid</displayName><value><![CDATA[170]]></value></Data>
	<Data name="COD_GRIFO"><displayName>COD_GRIFO</displayName><value><![CDATA[5756]]></value></Data>
	<Data name="EMPRESA"><displayName>EMPRESA</displayName><value><![CDATA[ESSBIO]]></value></Data>
	<Data name="ESTADO"><displayName>ESTADO</displayName><value><![CDATA[VIGENTE]]></value></Data>
	<Data name="DIRECCION"><displayName>DIRECCION</displayName><value><![CDATA[COLON 599]]></value></Data>
	<Data name="CAT_ZONA_RIESGO"><displayName>CAT_ZONA_RIESGO</displayName><value><![CDATA[SIN RIESGO]]></value></Data>
	<Data name="DIAMETRO_N"><displayName>DIAMETRO_N</displayName><value><![CDATA[100]]></value></Data>
	<Data name="DIAMETRO_C"><displayName>DIAMETRO_C</displayName><value><![CDATA[100]]></value></Data>
	<Data name="ANNO_INSTAL"><displayName>ANNO_INSTAL</displayName><value><![CDATA[2000]]></value></Data>
</ExtendedData>
<styleUrl>#style1</styleUrl>
	<Point>
		<coordinates>-72.66815346845083,-37.50363242993904,0.000</coordinates>
	</Point>
</Placemark>

<Placemark>
<name>4865</name>
<description><![CDATA[<p>
<br/>COD_GRIFO: 4865
<br/>EMPRESA: ESSBIO
<br/>ESTADO: VIGENTE
<br/>DIRECCION: VILLA ALEGRE 923
<br/>CAT_ZONA_RIESGO: SIN RIESGO
<br/>DIAMETRO_N: 100
<br/>DIAMETRO_C: 110
<br/>AÑO_INSTALACION: 2000</p>]]></description>
<ExtendedData>
	<Data name="fid"><displayName>fid</displayName><value><![CDATA[171]]></value></Data>
	<Data name="COD_GRIFO"><displayName>COD_GRIFO</displayName><value><![CDATA[4865]]></value></Data>
	<Data name="EMPRESA"><displayName>EMPRESA</displayName><value><![CDATA[ESSBIO]]></value></Data>
	<Data name="ESTADO"><displayName>ESTADO</displayName><value><![CDATA[VIGENTE]]></value></Data>
	<Data name="DIRECCION"><displayName>DIRECCION</displayName><value><![CDATA[VILLA ALEGRE 923]]></value></Data>
	<Data name="CAT_ZONA_RIESGO"><displayName>CAT_ZONA_RIESGO</displayName><value><![CDATA[SIN RIESGO]]></value></Data>
	<Data name="DIAMETRO_N"><displayName>DIAMETRO_N</displayName><value><![CDATA[100]]></value></Data>
	<Data name="DIAMETRO_C"><displayName>DIAMETRO_C</displayName><value><![CDATA[110]]></value></Data>
	<Data name="ANNO_INSTAL"><displayName>ANNO_INSTAL</displayName><value><![CDATA[2000]]></value></Data>
</ExtendedData>
<styleUrl>#style1</styleUrl>
	<Point>
		<coordinates>-72.67745683822216,-37.49788234388846,0.000</coordinates>
	</Point>
</Placemark>

<Placemark>
<name>5525</name>
<description><![CDATA[<p>
<br/>COD_GRIFO: 5525
<br/>EMPRESA: ESSBIO
<br/>ESTADO: VIGENTE
<br/>DIRECCION: RUBEN DARIO 319
<br/>CAT_ZONA_RIESGO: SIN RIESGO
<br/>DIAMETRO_N: 100
<br/>DIAMETRO_C: 100
<br/>AÑO_INSTALACION: 2000</p>]]></description>
<ExtendedData>
	<Data name="fid"><displayName>fid</displayName><value><![CDATA[172]]></value></Data>
	<Data name="COD_GRIFO"><displayName>COD_GRIFO</displayName><value><![CDATA[5525]]></value></Data>
	<Data name="EMPRESA"><displayName>EMPRESA</displayName><value><![CDATA[ESSBIO]]></value></Data>
	<Data name="ESTADO"><displayName>ESTADO</displayName><value><![CDATA[VIGENTE]]></value></Data>
	<Data name="DIRECCION"><displayName>DIRECCION</displayName><value><![CDATA[RUBEN DARIO 319]]></value></Data>
	<Data name="CAT_ZONA_RIESGO"><displayName>CAT_ZONA_RIESGO</displayName><value><![CDATA[SIN RIESGO]]></value></Data>
	<Data name="DIAMETRO_N"><displayName>DIAMETRO_N</displayName><value><![CDATA[100]]></value></Data>
	<Data name="DIAMETRO_C"><displayName>DIAMETRO_C</displayName><value><![CDATA[100]]></value></Data>
	<Data name="ANNO_INSTAL"><displayName>ANNO_INSTAL</displayName><value><![CDATA[2000]]></value></Data>
</ExtendedData>
<styleUrl>#style1</styleUrl>
	<Point>
		<coordinates>-72.67760713618165,-37.499538346138635,0.000</coordinates>
	</Point>
</Placemark>

<Placemark>
<name>5639</name>
<description><![CDATA[<p>
<br/>COD_GRIFO: 5639
<br/>EMPRESA: ESSBIO
<br/>ESTADO: VIGENTE
<br/>DIRECCION: AV.ESTACION 112
<br/>CAT_ZONA_RIESGO: SIN RIESGO
<br/>DIAMETRO_N: 100
<br/>DIAMETRO_C: 100
<br/>AÑO_INSTALACION: 2000</p>]]></description>
<ExtendedData>
	<Data name="fid"><displayName>fid</displayName><value><![CDATA[173]]></value></Data>
	<Data name="COD_GRIFO"><displayName>COD_GRIFO</displayName><value><![CDATA[5639]]></value></Data>
	<Data name="EMPRESA"><displayName>EMPRESA</displayName><value><![CDATA[ESSBIO]]></value></Data>
	<Data name="ESTADO"><displayName>ESTADO</displayName><value><![CDATA[VIGENTE]]></value></Data>
	<Data name="DIRECCION"><displayName>DIRECCION</displayName><value><![CDATA[AV.ESTACION 112]]></value></Data>
	<Data name="CAT_ZONA_RIESGO"><displayName>CAT_ZONA_RIESGO</displayName><value><![CDATA[SIN RIESGO]]></value></Data>
	<Data name="DIAMETRO_N"><displayName>DIAMETRO_N</displayName><value><![CDATA[100]]></value></Data>
	<Data name="DIAMETRO_C"><displayName>DIAMETRO_C</displayName><value><![CDATA[100]]></value></Data>
	<Data name="ANNO_INSTAL"><displayName>ANNO_INSTAL</displayName><value><![CDATA[2000]]></value></Data>
</ExtendedData>
<styleUrl>#style1</styleUrl>
	<Point>
		<coordinates>-72.65648112247185,-37.50688358962173,0.000</coordinates>
	</Point>
</Placemark>

<Placemark>
<name>5510</name>
<description><![CDATA[<p>
<br/>COD_GRIFO: 5510
<br/>EMPRESA: ESSBIO
<br/>ESTADO: VIGENTE
<br/>DIRECCION: DIAGONAL PEDRO AGUIRRE CERDA 1495
<br/>CAT_ZONA_RIESGO: SIN RIESGO
<br/>DIAMETRO_N: 100
<br/>DIAMETRO_C: 100
<br/>AÑO_INSTALACION: 2000</p>]]></description>
<ExtendedData>
	<Data name="fid"><displayName>fid</displayName><value><![CDATA[174]]></value></Data>
	<Data name="COD_GRIFO"><displayName>COD_GRIFO</displayName><value><![CDATA[5510]]></value></Data>
	<Data name="EMPRESA"><displayName>EMPRESA</displayName><value><![CDATA[ESSBIO]]></value></Data>
	<Data name="ESTADO"><displayName>ESTADO</displayName><value><![CDATA[VIGENTE]]></value></Data>
	<Data name="DIRECCION"><displayName>DIRECCION</displayName><value><![CDATA[DIAGONAL PEDRO AGUIRRE CERDA 1495]]></value></Data>
	<Data name="CAT_ZONA_RIESGO"><displayName>CAT_ZONA_RIESGO</displayName><value><![CDATA[SIN RIESGO]]></value></Data>
	<Data name="DIAMETRO_N"><displayName>DIAMETRO_N</displayName><value><![CDATA[100]]></value></Data>
	<Data name="DIAMETRO_C"><displayName>DIAMETRO_C</displayName><value><![CDATA[100]]></value></Data>
	<Data name="ANNO_INSTAL"><displayName>ANNO_INSTAL</displayName><value><![CDATA[2000]]></value></Data>
</ExtendedData>
<styleUrl>#style1</styleUrl>
	<Point>
		<coordinates>-72.68449967888402,-37.50069288452166,0.000</coordinates>
	</Point>
</Placemark>

<Placemark>
<name>5681</name>
<description><![CDATA[<p>
<br/>COD_GRIFO: 5681
<br/>EMPRESA: ESSBIO
<br/>ESTADO: VIGENTE
<br/>DIRECCION: ANIBAL PINTO 690
<br/>CAT_ZONA_RIESGO: SIN RIESGO
<br/>DIAMETRO_N: 100
<br/>DIAMETRO_C: 100
<br/>AÑO_INSTALACION: 2000</p>]]></description>
<ExtendedData>
	<Data name="fid"><displayName>fid</displayName><value><![CDATA[175]]></value></Data>
	<Data name="COD_GRIFO"><displayName>COD_GRIFO</displayName><value><![CDATA[5681]]></value></Data>
	<Data name="EMPRESA"><displayName>EMPRESA</displayName><value><![CDATA[ESSBIO]]></value></Data>
	<Data name="ESTADO"><displayName>ESTADO</displayName><value><![CDATA[VIGENTE]]></value></Data>
	<Data name="DIRECCION"><displayName>DIRECCION</displayName><value><![CDATA[ANIBAL PINTO 690]]></value></Data>
	<Data name="CAT_ZONA_RIESGO"><displayName>CAT_ZONA_RIESGO</displayName><value><![CDATA[SIN RIESGO]]></value></Data>
	<Data name="DIAMETRO_N"><displayName>DIAMETRO_N</displayName><value><![CDATA[100]]></value></Data>
	<Data name="DIAMETRO_C"><displayName>DIAMETRO_C</displayName><value><![CDATA[100]]></value></Data>
	<Data name="ANNO_INSTAL"><displayName>ANNO_INSTAL</displayName><value><![CDATA[2000]]></value></Data>
</ExtendedData>
<styleUrl>#style1</styleUrl>
	<Point>
		<coordinates>-72.67456228630392,-37.50425719155587,0.000</coordinates>
	</Point>
</Placemark>

<Placemark>
<name>5842</name>
<description><![CDATA[<p>
<br/>COD_GRIFO: 5842
<br/>EMPRESA: ESSBIO
<br/>ESTADO: VIGENTE
<br/>DIRECCION: SAN RAMON 1373
<br/>CAT_ZONA_RIESGO: SIN RIESGO
<br/>DIAMETRO_N: 100
<br/>DIAMETRO_C: 100
<br/>AÑO_INSTALACION: 2000</p>]]></description>
<ExtendedData>
	<Data name="fid"><displayName>fid</displayName><value><![CDATA[176]]></value></Data>
	<Data name="COD_GRIFO"><displayName>COD_GRIFO</displayName><value><![CDATA[5842]]></value></Data>
	<Data name="EMPRESA"><displayName>EMPRESA</displayName><value><![CDATA[ESSBIO]]></value></Data>
	<Data name="ESTADO"><displayName>ESTADO</displayName><value><![CDATA[VIGENTE]]></value></Data>
	<Data name="DIRECCION"><displayName>DIRECCION</displayName><value><![CDATA[SAN RAMON 1373]]></value></Data>
	<Data name="CAT_ZONA_RIESGO"><displayName>CAT_ZONA_RIESGO</displayName><value><![CDATA[SIN RIESGO]]></value></Data>
	<Data name="DIAMETRO_N"><displayName>DIAMETRO_N</displayName><value><![CDATA[100]]></value></Data>
	<Data name="DIAMETRO_C"><displayName>DIAMETRO_C</displayName><value><![CDATA[100]]></value></Data>
	<Data name="ANNO_INSTAL"><displayName>ANNO_INSTAL</displayName><value><![CDATA[2000]]></value></Data>
</ExtendedData>
<styleUrl>#style1</styleUrl>
	<Point>
		<coordinates>-72.68605764853594,-37.49128595328685,0.000</coordinates>
	</Point>
</Placemark>

<Placemark>
<name>5492</name>
<description><![CDATA[<p>
<br/>COD_GRIFO: 5492
<br/>EMPRESA: ESSBIO
<br/>ESTADO: VIGENTE
<br/>DIRECCION: AV.J HEMMELMANN 425
<br/>CAT_ZONA_RIESGO: SIN RIESGO
<br/>DIAMETRO_N: 100
<br/>DIAMETRO_C: 100
<br/>AÑO_INSTALACION: 2000</p>]]></description>
<ExtendedData>
	<Data name="fid"><displayName>fid</displayName><value><![CDATA[177]]></value></Data>
	<Data name="COD_GRIFO"><displayName>COD_GRIFO</displayName><value><![CDATA[5492]]></value></Data>
	<Data name="EMPRESA"><displayName>EMPRESA</displayName><value><![CDATA[ESSBIO]]></value></Data>
	<Data name="ESTADO"><displayName>ESTADO</displayName><value><![CDATA[VIGENTE]]></value></Data>
	<Data name="DIRECCION"><displayName>DIRECCION</displayName><value><![CDATA[AV.J HEMMELMANN 425]]></value></Data>
	<Data name="CAT_ZONA_RIESGO"><displayName>CAT_ZONA_RIESGO</displayName><value><![CDATA[SIN RIESGO]]></value></Data>
	<Data name="DIAMETRO_N"><displayName>DIAMETRO_N</displayName><value><![CDATA[100]]></value></Data>
	<Data name="DIAMETRO_C"><displayName>DIAMETRO_C</displayName><value><![CDATA[100]]></value></Data>
	<Data name="ANNO_INSTAL"><displayName>ANNO_INSTAL</displayName><value><![CDATA[2000]]></value></Data>
</ExtendedData>
<styleUrl>#style1</styleUrl>
	<Point>
		<coordinates>-72.67275713024118,-37.508492966372835,0.000</coordinates>
	</Point>
</Placemark>

<Placemark>
<name>4881</name>
<description><![CDATA[<p>
<br/>COD_GRIFO: 4881
<br/>EMPRESA: ESSBIO
<br/>ESTADO: VIGENTE
<br/>DIRECCION: VILLA ALEGRE ENTRE PJE LOS LIBERTADORES Y SANTA TERESA DE LOS ANDES
<br/>CAT_ZONA_RIESGO: SIN RIESGO
<br/>DIAMETRO_N: 100
<br/>DIAMETRO_C: 100
<br/>AÑO_INSTALACION: 2000</p>]]></description>
<ExtendedData>
	<Data name="fid"><displayName>fid</displayName><value><![CDATA[178]]></value></Data>
	<Data name="COD_GRIFO"><displayName>COD_GRIFO</displayName><value><![CDATA[4881]]></value></Data>
	<Data name="EMPRESA"><displayName>EMPRESA</displayName><value><![CDATA[ESSBIO]]></value></Data>
	<Data name="ESTADO"><displayName>ESTADO</displayName><value><![CDATA[VIGENTE]]></value></Data>
	<Data name="DIRECCION"><displayName>DIRECCION</displayName><value><![CDATA[VILLA ALEGRE ENTRE PJE LOS LIBERTADORES Y SANTA TERESA DE LOS ANDES]]></value></Data>
	<Data name="CAT_ZONA_RIESGO"><displayName>CAT_ZONA_RIESGO</displayName><value><![CDATA[SIN RIESGO]]></value></Data>
	<Data name="DIAMETRO_N"><displayName>DIAMETRO_N</displayName><value><![CDATA[100]]></value></Data>
	<Data name="DIAMETRO_C"><displayName>DIAMETRO_C</displayName><value><![CDATA[100]]></value></Data>
	<Data name="ANNO_INSTAL"><displayName>ANNO_INSTAL</displayName><value><![CDATA[2000]]></value></Data>
</ExtendedData>
<styleUrl>#style1</styleUrl>
	<Point>
		<coordinates>-72.68227753698048,-37.49349989941523,0.000</coordinates>
	</Point>
</Placemark>

<Placemark>
<name>359280</name>
<description><![CDATA[<p>
<br/>COD_GRIFO: 359280
<br/>EMPRESA: ESSBIO
<br/>ESTADO: VIGENTE
<br/>DIRECCION: MARIO HIGUERAS STRAUB 1168
<br/>CAT_ZONA_RIESGO: SIN RIESGO
<br/>DIAMETRO_N: 100
<br/>DIAMETRO_C: 100
<br/>AÑO_INSTALACION: 2017</p>]]></description>
<ExtendedData>
	<Data name="fid"><displayName>fid</displayName><value><![CDATA[179]]></value></Data>
	<Data name="COD_GRIFO"><displayName>COD_GRIFO</displayName><value><![CDATA[359280]]></value></Data>
	<Data name="EMPRESA"><displayName>EMPRESA</displayName><value><![CDATA[ESSBIO]]></value></Data>
	<Data name="ESTADO"><displayName>ESTADO</displayName><value><![CDATA[VIGENTE]]></value></Data>
	<Data name="DIRECCION"><displayName>DIRECCION</displayName><value><![CDATA[MARIO HIGUERAS STRAUB 1168]]></value></Data>
	<Data name="CAT_ZONA_RIESGO"><displayName>CAT_ZONA_RIESGO</displayName><value><![CDATA[SIN RIESGO]]></value></Data>
	<Data name="DIAMETRO_N"><displayName>DIAMETRO_N</displayName><value><![CDATA[100]]></value></Data>
	<Data name="DIAMETRO_C"><displayName>DIAMETRO_C</displayName><value><![CDATA[100]]></value></Data>
	<Data name="ANNO_INSTAL"><displayName>ANNO_INSTAL</displayName><value><![CDATA[2017]]></value></Data>
</ExtendedData>
<styleUrl>#style1</styleUrl>
	<Point>
		<coordinates>-72.69018824650395,-37.501876754767096,0.000</coordinates>
	</Point>
</Placemark>

<Placemark>
<name>320058</name>
<description><![CDATA[<p>
<br/>COD_GRIFO: 320058
<br/>EMPRESA: ESSBIO
<br/>ESTADO: VIGENTE
<br/>DIRECCION: LAS ROSAS 1790 POB. ALONSO DE RIVERA, NACIMIENTO
<br/>CAT_ZONA_RIESGO: SIN RIESGO
<br/>DIAMETRO_N: 100
<br/>DIAMETRO_C: 100
<br/>AÑO_INSTALACION: 2000</p>]]></description>
<ExtendedData>
	<Data name="fid"><displayName>fid</displayName><value><![CDATA[180]]></value></Data>
	<Data name="COD_GRIFO"><displayName>COD_GRIFO</displayName><value><![CDATA[320058]]></value></Data>
	<Data name="EMPRESA"><displayName>EMPRESA</displayName><value><![CDATA[ESSBIO]]></value></Data>
	<Data name="ESTADO"><displayName>ESTADO</displayName><value><![CDATA[VIGENTE]]></value></Data>
	<Data name="DIRECCION"><displayName>DIRECCION</displayName><value><![CDATA[LAS ROSAS 1790 POB. ALONSO DE RIVERA, NACIMIENTO]]></value></Data>
	<Data name="CAT_ZONA_RIESGO"><displayName>CAT_ZONA_RIESGO</displayName><value><![CDATA[SIN RIESGO]]></value></Data>
	<Data name="DIAMETRO_N"><displayName>DIAMETRO_N</displayName><value><![CDATA[100]]></value></Data>
	<Data name="DIAMETRO_C"><displayName>DIAMETRO_C</displayName><value><![CDATA[100]]></value></Data>
	<Data name="ANNO_INSTAL"><displayName>ANNO_INSTAL</displayName><value><![CDATA[2000]]></value></Data>
</ExtendedData>
<styleUrl>#style1</styleUrl>
	<Point>
		<coordinates>-72.69038626694856,-37.49291257341578,0.000</coordinates>
	</Point>
</Placemark>

<Placemark>
<name>333999</name>
<description><![CDATA[<p>
<br/>COD_GRIFO: 333999
<br/>EMPRESA: ESSBIO
<br/>ESTADO: VIGENTE
<br/>DIRECCION: LOS NOTROS 1017
<br/>CAT_ZONA_RIESGO: SIN RIESGO
<br/>DIAMETRO_N: 100
<br/>DIAMETRO_C: 100
<br/>AÑO_INSTALACION: 2013</p>]]></description>
<ExtendedData>
	<Data name="fid"><displayName>fid</displayName><value><![CDATA[181]]></value></Data>
	<Data name="COD_GRIFO"><displayName>COD_GRIFO</displayName><value><![CDATA[333999]]></value></Data>
	<Data name="EMPRESA"><displayName>EMPRESA</displayName><value><![CDATA[ESSBIO]]></value></Data>
	<Data name="ESTADO"><displayName>ESTADO</displayName><value><![CDATA[VIGENTE]]></value></Data>
	<Data name="DIRECCION"><displayName>DIRECCION</displayName><value><![CDATA[LOS NOTROS 1017]]></value></Data>
	<Data name="CAT_ZONA_RIESGO"><displayName>CAT_ZONA_RIESGO</displayName><value><![CDATA[SIN RIESGO]]></value></Data>
	<Data name="DIAMETRO_N"><displayName>DIAMETRO_N</displayName><value><![CDATA[100]]></value></Data>
	<Data name="DIAMETRO_C"><displayName>DIAMETRO_C</displayName><value><![CDATA[100]]></value></Data>
	<Data name="ANNO_INSTAL"><displayName>ANNO_INSTAL</displayName><value><![CDATA[2013]]></value></Data>
</ExtendedData>
<styleUrl>#style1</styleUrl>
	<Point>
		<coordinates>-72.68963491584246,-37.500514996307516,0.000</coordinates>
	</Point>
</Placemark>

<Placemark>
<name>5660</name>
<description><![CDATA[<p>
<br/>COD_GRIFO: 5660
<br/>EMPRESA: ESSBIO
<br/>ESTADO: VIGENTE
<br/>DIRECCION: GLEISNER 1101
<br/>CAT_ZONA_RIESGO: SIN RIESGO
<br/>DIAMETRO_N: 100
<br/>DIAMETRO_C: 100
<br/>AÑO_INSTALACION: 2000</p>]]></description>
<ExtendedData>
	<Data name="fid"><displayName>fid</displayName><value><![CDATA[182]]></value></Data>
	<Data name="COD_GRIFO"><displayName>COD_GRIFO</displayName><value><![CDATA[5660]]></value></Data>
	<Data name="EMPRESA"><displayName>EMPRESA</displayName><value><![CDATA[ESSBIO]]></value></Data>
	<Data name="ESTADO"><displayName>ESTADO</displayName><value><![CDATA[VIGENTE]]></value></Data>
	<Data name="DIRECCION"><displayName>DIRECCION</displayName><value><![CDATA[GLEISNER 1101]]></value></Data>
	<Data name="CAT_ZONA_RIESGO"><displayName>CAT_ZONA_RIESGO</displayName><value><![CDATA[SIN RIESGO]]></value></Data>
	<Data name="DIAMETRO_N"><displayName>DIAMETRO_N</displayName><value><![CDATA[100]]></value></Data>
	<Data name="DIAMETRO_C"><displayName>DIAMETRO_C</displayName><value><![CDATA[100]]></value></Data>
	<Data name="ANNO_INSTAL"><displayName>ANNO_INSTAL</displayName><value><![CDATA[2000]]></value></Data>
</ExtendedData>
<styleUrl>#style1</styleUrl>
	<Point>
		<coordinates>-72.6811874968303,-37.50155564079417,0.000</coordinates>
	</Point>
</Placemark>

<Placemark>
<name>377930</name>
<description><![CDATA[<p>
<br/>COD_GRIFO: 377930
<br/>EMPRESA: ESSBIO
<br/>ESTADO: VIGENTE
<br/>DIRECCION: CALLEJON LOS OLIVOS S/N
<br/>CAT_ZONA_RIESGO: SIN RIESGO
<br/>DIAMETRO_N: 100
<br/>DIAMETRO_C: 110
<br/>AÑO_INSTALACION: 2019</p>]]></description>
<ExtendedData>
	<Data name="fid"><displayName>fid</displayName><value><![CDATA[183]]></value></Data>
	<Data name="COD_GRIFO"><displayName>COD_GRIFO</displayName><value><![CDATA[377930]]></value></Data>
	<Data name="EMPRESA"><displayName>EMPRESA</displayName><value><![CDATA[ESSBIO]]></value></Data>
	<Data name="ESTADO"><displayName>ESTADO</displayName><value><![CDATA[VIGENTE]]></value></Data>
	<Data name="DIRECCION"><displayName>DIRECCION</displayName><value><![CDATA[CALLEJON LOS OLIVOS S/N]]></value></Data>
	<Data name="CAT_ZONA_RIESGO"><displayName>CAT_ZONA_RIESGO</displayName><value><![CDATA[SIN RIESGO]]></value></Data>
	<Data name="DIAMETRO_N"><displayName>DIAMETRO_N</displayName><value><![CDATA[100]]></value></Data>
	<Data name="DIAMETRO_C"><displayName>DIAMETRO_C</displayName><value><![CDATA[110]]></value></Data>
	<Data name="ANNO_INSTAL"><displayName>ANNO_INSTAL</displayName><value><![CDATA[2019]]></value></Data>
</ExtendedData>
<styleUrl>#style1</styleUrl>
	<Point>
		<coordinates>-72.67119091701932,-37.499594230257,0.000</coordinates>
	</Point>
</Placemark>

<Placemark>
<name>377858</name>
<description><![CDATA[<p>
<br/>COD_GRIFO: 377858
<br/>EMPRESA: ESSBIO
<br/>ESTADO: VIGENTE
<br/>DIRECCION: AVDA NAHUELBUTA # 1401
<br/>CAT_ZONA_RIESGO: SIN RIESGO
<br/>DIAMETRO_N: 100
<br/>DIAMETRO_C: 100
<br/>AÑO_INSTALACION: 2019</p>]]></description>
<ExtendedData>
	<Data name="fid"><displayName>fid</displayName><value><![CDATA[184]]></value></Data>
	<Data name="COD_GRIFO"><displayName>COD_GRIFO</displayName><value><![CDATA[377858]]></value></Data>
	<Data name="EMPRESA"><displayName>EMPRESA</displayName><value><![CDATA[ESSBIO]]></value></Data>
	<Data name="ESTADO"><displayName>ESTADO</displayName><value><![CDATA[VIGENTE]]></value></Data>
	<Data name="DIRECCION"><displayName>DIRECCION</displayName><value><![CDATA[AVDA NAHUELBUTA # 1401]]></value></Data>
	<Data name="CAT_ZONA_RIESGO"><displayName>CAT_ZONA_RIESGO</displayName><value><![CDATA[SIN RIESGO]]></value></Data>
	<Data name="DIAMETRO_N"><displayName>DIAMETRO_N</displayName><value><![CDATA[100]]></value></Data>
	<Data name="DIAMETRO_C"><displayName>DIAMETRO_C</displayName><value><![CDATA[100]]></value></Data>
	<Data name="ANNO_INSTAL"><displayName>ANNO_INSTAL</displayName><value><![CDATA[2019]]></value></Data>
</ExtendedData>
<styleUrl>#style1</styleUrl>
	<Point>
		<coordinates>-72.68770081716366,-37.49839426158298,0.000</coordinates>
	</Point>
</Placemark>

<Placemark>
<name>377868</name>
<description><![CDATA[<p>
<br/>COD_GRIFO: 377868
<br/>EMPRESA: ESSBIO
<br/>ESTADO: VIGENTE
<br/>DIRECCION: VILLA ALEGRE # 673
<br/>CAT_ZONA_RIESGO: SIN RIESGO
<br/>DIAMETRO_N: 100
<br/>DIAMETRO_C: 110
<br/>AÑO_INSTALACION: 2019</p>]]></description>
<ExtendedData>
	<Data name="fid"><displayName>fid</displayName><value><![CDATA[185]]></value></Data>
	<Data name="COD_GRIFO"><displayName>COD_GRIFO</displayName><value><![CDATA[377868]]></value></Data>
	<Data name="EMPRESA"><displayName>EMPRESA</displayName><value><![CDATA[ESSBIO]]></value></Data>
	<Data name="ESTADO"><displayName>ESTADO</displayName><value><![CDATA[VIGENTE]]></value></Data>
	<Data name="DIRECCION"><displayName>DIRECCION</displayName><value><![CDATA[VILLA ALEGRE # 673]]></value></Data>
	<Data name="CAT_ZONA_RIESGO"><displayName>CAT_ZONA_RIESGO</displayName><value><![CDATA[SIN RIESGO]]></value></Data>
	<Data name="DIAMETRO_N"><displayName>DIAMETRO_N</displayName><value><![CDATA[100]]></value></Data>
	<Data name="DIAMETRO_C"><displayName>DIAMETRO_C</displayName><value><![CDATA[110]]></value></Data>
	<Data name="ANNO_INSTAL"><displayName>ANNO_INSTAL</displayName><value><![CDATA[2019]]></value></Data>
</ExtendedData>
<styleUrl>#style1</styleUrl>
	<Point>
		<coordinates>-72.6740952756289,-37.49942723674271,0.000</coordinates>
	</Point>
</Placemark>

<Placemark>
<name>377877</name>
<description><![CDATA[<p>
<br/>COD_GRIFO: 377877
<br/>EMPRESA: ESSBIO
<br/>ESTADO: VIGENTE
<br/>DIRECCION: EL FUERTE # 245
<br/>CAT_ZONA_RIESGO: SIN RIESGO
<br/>DIAMETRO_N: 100
<br/>DIAMETRO_C: 75
<br/>AÑO_INSTALACION: 2019</p>]]></description>
<ExtendedData>
	<Data name="fid"><displayName>fid</displayName><value><![CDATA[186]]></value></Data>
	<Data name="COD_GRIFO"><displayName>COD_GRIFO</displayName><value><![CDATA[377877]]></value></Data>
	<Data name="EMPRESA"><displayName>EMPRESA</displayName><value><![CDATA[ESSBIO]]></value></Data>
	<Data name="ESTADO"><displayName>ESTADO</displayName><value><![CDATA[VIGENTE]]></value></Data>
	<Data name="DIRECCION"><displayName>DIRECCION</displayName><value><![CDATA[EL FUERTE # 245]]></value></Data>
	<Data name="CAT_ZONA_RIESGO"><displayName>CAT_ZONA_RIESGO</displayName><value><![CDATA[SIN RIESGO]]></value></Data>
	<Data name="DIAMETRO_N"><displayName>DIAMETRO_N</displayName><value><![CDATA[100]]></value></Data>
	<Data name="DIAMETRO_C"><displayName>DIAMETRO_C</displayName><value><![CDATA[75]]></value></Data>
	<Data name="ANNO_INSTAL"><displayName>ANNO_INSTAL</displayName><value><![CDATA[2019]]></value></Data>
</ExtendedData>
<styleUrl>#style1</styleUrl>
	<Point>
		<coordinates>-72.65924289734409,-37.50488473755977,0.000</coordinates>
	</Point>
</Placemark>

<Placemark>
<name>392319</name>
<description><![CDATA[<p>
<br/>COD_GRIFO: 392319
<br/>EMPRESA: ESSBIO
<br/>ESTADO: VIGENTE
<br/>DIRECCION: Pje Pablo Neruda # 1202
<br/>CAT_ZONA_RIESGO: SIN RIESGO
<br/>DIAMETRO_N: 100
<br/>DIAMETRO_C: 160
<br/>AÑO_INSTALACION: 2021</p>]]></description>
<ExtendedData>
	<Data name="fid"><displayName>fid</displayName><value><![CDATA[187]]></value></Data>
	<Data name="COD_GRIFO"><displayName>COD_GRIFO</displayName><value><![CDATA[392319]]></value></Data>
	<Data name="EMPRESA"><displayName>EMPRESA</displayName><value><![CDATA[ESSBIO]]></value></Data>
	<Data name="ESTADO"><displayName>ESTADO</displayName><value><![CDATA[VIGENTE]]></value></Data>
	<Data name="DIRECCION"><displayName>DIRECCION</displayName><value><![CDATA[Pje Pablo Neruda # 1202]]></value></Data>
	<Data name="CAT_ZONA_RIESGO"><displayName>CAT_ZONA_RIESGO</displayName><value><![CDATA[SIN RIESGO]]></value></Data>
	<Data name="DIAMETRO_N"><displayName>DIAMETRO_N</displayName><value><![CDATA[100]]></value></Data>
	<Data name="DIAMETRO_C"><displayName>DIAMETRO_C</displayName><value><![CDATA[160]]></value></Data>
	<Data name="ANNO_INSTAL"><displayName>ANNO_INSTAL</displayName><value><![CDATA[2021]]></value></Data>
</ExtendedData>
<styleUrl>#style1</styleUrl>
	<Point>
		<coordinates>-72.6819082317019,-37.504280295582106,0.000</coordinates>
	</Point>
</Placemark>

<Placemark>
<name>391852</name>
<description><![CDATA[<p>
<br/>COD_GRIFO: 391852
<br/>EMPRESA: ESSBIO
<br/>ESTADO: VIGENTE
<br/>DIRECCION: La Suerte # 765
<br/>CAT_ZONA_RIESGO: SIN RIESGO
<br/>DIAMETRO_N: 100
<br/>DIAMETRO_C: 110
<br/>AÑO_INSTALACION: 2021</p>]]></description>
<ExtendedData>
	<Data name="fid"><displayName>fid</displayName><value><![CDATA[188]]></value></Data>
	<Data name="COD_GRIFO"><displayName>COD_GRIFO</displayName><value><![CDATA[391852]]></value></Data>
	<Data name="EMPRESA"><displayName>EMPRESA</displayName><value><![CDATA[ESSBIO]]></value></Data>
	<Data name="ESTADO"><displayName>ESTADO</displayName><value><![CDATA[VIGENTE]]></value></Data>
	<Data name="DIRECCION"><displayName>DIRECCION</displayName><value><![CDATA[La Suerte # 765]]></value></Data>
	<Data name="CAT_ZONA_RIESGO"><displayName>CAT_ZONA_RIESGO</displayName><value><![CDATA[SIN RIESGO]]></value></Data>
	<Data name="DIAMETRO_N"><displayName>DIAMETRO_N</displayName><value><![CDATA[100]]></value></Data>
	<Data name="DIAMETRO_C"><displayName>DIAMETRO_C</displayName><value><![CDATA[110]]></value></Data>
	<Data name="ANNO_INSTAL"><displayName>ANNO_INSTAL</displayName><value><![CDATA[2021]]></value></Data>
</ExtendedData>
<styleUrl>#style1</styleUrl>
	<Point>
		<coordinates>-72.67722323621089,-37.509730645237205,0.000</coordinates>
	</Point>
</Placemark>

<Placemark>
<name>392318</name>
<description><![CDATA[<p>
<br/>COD_GRIFO: 392318
<br/>EMPRESA: ESSBIO
<br/>ESTADO: VIGENTE
<br/>DIRECCION: Pje Pablo Neruda # 1268
<br/>CAT_ZONA_RIESGO: SIN RIESGO
<br/>DIAMETRO_N: 100
<br/>DIAMETRO_C: 160
<br/>AÑO_INSTALACION: 2021</p>]]></description>
<ExtendedData>
	<Data name="fid"><displayName>fid</displayName><value><![CDATA[189]]></value></Data>
	<Data name="COD_GRIFO"><displayName>COD_GRIFO</displayName><value><![CDATA[392318]]></value></Data>
	<Data name="EMPRESA"><displayName>EMPRESA</displayName><value><![CDATA[ESSBIO]]></value></Data>
	<Data name="ESTADO"><displayName>ESTADO</displayName><value><![CDATA[VIGENTE]]></value></Data>
	<Data name="DIRECCION"><displayName>DIRECCION</displayName><value><![CDATA[Pje Pablo Neruda # 1268]]></value></Data>
	<Data name="CAT_ZONA_RIESGO"><displayName>CAT_ZONA_RIESGO</displayName><value><![CDATA[SIN RIESGO]]></value></Data>
	<Data name="DIAMETRO_N"><displayName>DIAMETRO_N</displayName><value><![CDATA[100]]></value></Data>
	<Data name="DIAMETRO_C"><displayName>DIAMETRO_C</displayName><value><![CDATA[160]]></value></Data>
	<Data name="ANNO_INSTAL"><displayName>ANNO_INSTAL</displayName><value><![CDATA[2021]]></value></Data>
</ExtendedData>
<styleUrl>#style1</styleUrl>
	<Point>
		<coordinates>-72.68186875030568,-37.50357631799913,0.000</coordinates>
	</Point>
</Placemark>

</Document>
</kml>