<?xml version="1.0" encoding="UTF-8"?>
<kml xmlns="http://earth.google.com/kml/2.2">
<Document>
<name>prc_zonificacion</name>
<Style id="style1">
	<LineStyle>
		<color>40000000</color>
		<width>3</width>
	</LineStyle>
	<PolyStyle>
		<color>73ff5943</color>
		<fill>1</fill>
		<outline>1</outline>
	</PolyStyle>
</Style>
<Style id="style2">
	<LineStyle>
		<color>40000000</color>
		<width>3</width>
	</LineStyle>
	<PolyStyle>
		<color>7338ff01</color>
		<fill>1</fill>
		<outline>1</outline>
	</PolyStyle>
</Style>
<Style id="style3">
	<LineStyle>
		<color>40000000</color>
		<width>3</width>
	</LineStyle>
	<PolyStyle>
		<color>737f9fff</color>
		<fill>1</fill>
		<outline>1</outline>
	</PolyStyle>
</Style>
<Style id="style4">
	<LineStyle>
		<color>40000000</color>
		<width>3</width>
	</LineStyle>
	<PolyStyle>
		<color>7366cccc</color>
		<fill>1</fill>
		<outline>1</outline>
	</PolyStyle>
</Style>
<Style id="style5">
	<LineStyle>
		<color>40000000</color>
		<width>3</width>
	</LineStyle>
	<PolyStyle>
		<color>73990099</color>
		<fill>1</fill>
		<outline>1</outline>
	</PolyStyle>
</Style>
<Style id="style6">
	<LineStyle>
		<color>40000000</color>
		<width>3</width>
	</LineStyle>
	<PolyStyle>
		<color>73007fff</color>
		<fill>1</fill>
		<outline>1</outline>
	</PolyStyle>
</Style>
<Style id="style7">
	<LineStyle>
		<color>40000000</color>
		<width>3</width>
	</LineStyle>
	<PolyStyle>
		<color>73c0c0c0</color>
		<fill>1</fill>
		<outline>1</outline>
	</PolyStyle>
</Style>
<Style id="style8">
	<LineStyle>
		<color>40000000</color>
		<width>3</width>
	</LineStyle>
	<PolyStyle>
		<color>7300ffbf</color>
		<fill>1</fill>
		<outline>1</outline>
	</PolyStyle>
</Style>
<Style id="style9">
	<LineStyle>
		<color>40000000</color>
		<width>3</width>
	</LineStyle>
	<PolyStyle>
		<color>7393679d</color>
		<fill>1</fill>
		<outline>1</outline>
	</PolyStyle>
</Style>
<Style id="style10">
	<LineStyle>
		<color>40000000</color>
		<width>3</width>
	</LineStyle>
	<PolyStyle>
		<color>73ff7fff</color>
		<fill>1</fill>
		<outline>1</outline>
	</PolyStyle>
</Style>
<Style id="style11">
	<LineStyle>
		<color>40000000</color>
		<width>3</width>
	</LineStyle>
	<PolyStyle>
		<color>7366b2cc</color>
		<fill>1</fill>
		<outline>1</outline>
	</PolyStyle>
</Style>
<Style id="style12">
	<LineStyle>
		<color>40000000</color>
		<width>3</width>
	</LineStyle>
	<PolyStyle>
		<color>737f7fff</color>
		<fill>1</fill>
		<outline>1</outline>
	</PolyStyle>
</Style>
<Style id="style13">
	<LineStyle>
		<color>40000000</color>
		<width>3</width>
	</LineStyle>
	<PolyStyle>
		<color>739f7fff</color>
		<fill>1</fill>
		<outline>1</outline>
	</PolyStyle>
</Style>
<Style id="style14">
	<LineStyle>
		<color>40000000</color>
		<width>3</width>
	</LineStyle>
	<PolyStyle>
		<color>739f7fff</color>
		<fill>1</fill>
		<outline>1</outline>
	</PolyStyle>
</Style>
<Style id="style15">
	<LineStyle>
		<color>40000000</color>
		<width>3</width>
	</LineStyle>
	<PolyStyle>
		<color>73003fff</color>
		<fill>1</fill>
		<outline>1</outline>
	</PolyStyle>
</Style>
<Style id="style16">
	<LineStyle>
		<color>40000000</color>
		<width>3</width>
	</LineStyle>
	<PolyStyle>
		<color>73bfff7f</color>
		<fill>1</fill>
		<outline>1</outline>
	</PolyStyle>
</Style>
<Style id="style17">
	<LineStyle>
		<color>40000000</color>
		<width>3</width>
	</LineStyle>
	<PolyStyle>
		<color>7300ff7f</color>
		<fill>1</fill>
		<outline>1</outline>
	</PolyStyle>
</Style>
<Style id="style18">
	<LineStyle>
		<color>40000000</color>
		<width>3</width>
	</LineStyle>
	<PolyStyle>
		<color>73009900</color>
		<fill>1</fill>
		<outline>1</outline>
	</PolyStyle>
</Style>
<Style id="style19">
	<LineStyle>
		<color>40000000</color>
		<width>3</width>
	</LineStyle>
	<PolyStyle>
		<color>7366cc99</color>
		<fill>1</fill>
		<outline>1</outline>
	</PolyStyle>
</Style>
<Style id="style20">
	<LineStyle>
		<color>40000000</color>
		<width>3</width>
	</LineStyle>
	<PolyStyle>
		<color>737fffdf</color>
		<fill>1</fill>
		<outline>1</outline>
	</PolyStyle>
</Style>
<Style id="style21">
	<LineStyle>
		<color>40000000</color>
		<width>3</width>
	</LineStyle>
	<PolyStyle>
		<color>737fffff</color>
		<fill>1</fill>
		<outline>1</outline>
	</PolyStyle>
</Style>
<Style id="style22">
	<LineStyle>
		<color>40000000</color>
		<width>3</width>
	</LineStyle>
	<PolyStyle>
		<color>737fffff</color>
		<fill>1</fill>
		<outline>1</outline>
	</PolyStyle>
</Style>
<Style id="style23">
	<LineStyle>
		<color>40000000</color>
		<width>3</width>
	</LineStyle>
	<PolyStyle>
		<color>737fffff</color>
		<fill>1</fill>
		<outline>1</outline>
	</PolyStyle>
</Style>
<Style id="style24">
	<LineStyle>
		<color>40000000</color>
		<width>3</width>
	</LineStyle>
	<PolyStyle>
		<color>737fffff</color>
		<fill>1</fill>
		<outline>1</outline>
	</PolyStyle>
</Style>
<Style id="style25">
	<LineStyle>
		<color>40000000</color>
		<width>3</width>
	</LineStyle>
	<PolyStyle>
		<color>7300ffff</color>
		<fill>1</fill>
		<outline>1</outline>
	</PolyStyle>
</Style>
<Style id="style26">
	<LineStyle>
		<color>40000000</color>
		<width>3</width>
	</LineStyle>
	<PolyStyle>
		<color>7300ffff</color>
		<fill>1</fill>
		<outline>1</outline>
	</PolyStyle>
</Style>
<Style id="style27">
	<LineStyle>
		<color>40000000</color>
		<width>3</width>
	</LineStyle>
	<PolyStyle>
		<color>7300bfff</color>
		<fill>1</fill>
		<outline>1</outline>
	</PolyStyle>
</Style>
<Style id="style28">
	<LineStyle>
		<color>40000000</color>
		<width>3</width>
	</LineStyle>
	<PolyStyle>
		<color>7300bfff</color>
		<fill>1</fill>
		<outline>1</outline>
	</PolyStyle>
</Style>
<Style id="style29">
	<LineStyle>
		<color>40000000</color>
		<width>3</width>
	</LineStyle>
	<PolyStyle>
		<color>7300cc99</color>
		<fill>1</fill>
		<outline>1</outline>
	</PolyStyle>
</Style>
<Style id="style30">
	<LineStyle>
		<color>40000000</color>
		<width>3</width>
	</LineStyle>
	<PolyStyle>
		<color>7300cc99</color>
		<fill>1</fill>
		<outline>1</outline>
	</PolyStyle>
</Style>
<Placemark>
<name>ZM-1</name>
<description><![CDATA[<p><b>ZONA NOMBRE: </b> ZM-1</p>
<p><b>ZONA GLOSA: </b>Zona Mixta</p>
<p><b>USOS PERMITIDOS: </b>Residencial; Equipamiento científico, comercio (restaurante, pub y similares), culto y cultura, deporte, educación, salud, seguridad, servicios y social; Actividad productiva inofensiva. Detalle en Ordenanza.</p>
<p><b>USOS PROHIBIDOS: </b>Todos los usos de suelo no mencionados como permitidos.</p>]]></description>
<ExtendedData>
	<Data name="fid"><displayName>fid</displayName><value><![CDATA[1]]></value></Data>
	<Data name="ZONA_NOM"><displayName>ZONA_NOM</displayName><value><![CDATA[ZM-1]]></value></Data>
	<Data name="ZONA_GLOSA"><displayName>ZONA_GLOSA</displayName><value><![CDATA[Zona Mixta]]></value></Data>
	<Data name="USOS_PERMITIDOS"><displayName>USOS_PERMITIDOS</displayName><value><![CDATA[Residencial; Equipamiento científico, comercio (restaurante, pub y similares), culto y cultura, deporte, educación, salud, seguridad, servicios y social; Actividad productiva inofensiva. Detalle en Ordenanza.]]></value></Data>
	<Data name="USOS_PROHIBIDOS"><displayName>USOS_PROHIBIDOS</displayName><value><![CDATA[Todos los usos de suelo no mencionados como permitidos.]]></value></Data>
	<Data name="P_DO"><displayName>P_DO</displayName><value><![CDATA[13/07/2009]]></value></Data>
	<Data name="N_DOC"><displayName>N_DOC</displayName><value><![CDATA[15]]></value></Data>
	<Data name="T_DO"><displayName>T_DO</displayName><value><![CDATA[Resolución]]></value></Data>
	<Data name="color_"><displayName>color_</displayName><value><![CDATA[255,127,159,254]]></value></Data>
</ExtendedData>
<styleUrl>#style13</styleUrl>
<MultiGeometry>
	<Polygon>
		<outerBoundaryIs>
			<LinearRing>
				<tessellate>1</tessellate>
				<coordinates>
					-72.67120872242357,-37.509051055087795,0.000
					-72.67056176013632,-37.509135050247714,0.000
					-72.67058885908715,-37.50917311977946,0.000
					-72.67081190609723,-37.50914532259503,0.000
					-72.67128084418822,-37.50909795365609,0.000
					-72.67163246716264,-37.509098928211635,0.000
					-72.67200188616494,-37.5090814697077,0.000
					-72.67231059327723,-37.50912251074434,0.000
					-72.67264272821551,-37.50918367789355,0.000
					-72.6729567147073,-37.509179860931155,0.000
					-72.67319373752032,-37.50920823376515,0.000
					-72.67350734650263,-37.509272955453476,0.000
					-72.67367986197868,-37.509282479831754,0.000
					-72.673846599346,-37.509250472135506,0.000
					-72.67407559074312,-37.50911522182378,0.000
					-72.67418009376864,-37.509034499917114,0.000
					-72.67427891013085,-37.50902844274782,0.000
					-72.67448979171432,-37.509057627227484,0.000
					-72.67466662498433,-37.509078934342604,0.000
					-72.67493022701034,-37.509115414228305,0.000
					-72.6750932913671,-37.50916098610634,0.000
					-72.6752781773952,-37.50919395827768,0.000
					-72.675444539136,-37.50923048836629,0.000
					-72.67558732428427,-37.50924391550997,0.000
					-72.67595503545382,-37.50942016498286,0.000
					-72.67655992078103,-37.50966589169699,0.000
					-72.67705314678977,-37.509808430619145,0.000
					-72.67754205577917,-37.50993918425176,0.000
					-72.67819447167874,-37.51012442624239,0.000
					-72.67873310134867,-37.51027745993849,0.000
					-72.67934217170537,-37.510493842976345,0.000
					-72.68002929940732,-37.510776314898436,0.000
					-72.680752787354,-37.5110755251756,0.000
					-72.68133850659619,-37.51134923667867,0.000
					-72.68222482163061,-37.51172678093659,0.000
					-72.68253764021246,-37.511851092417466,0.000
					-72.68266607847966,-37.51187687737003,0.000
					-72.6827486782424,-37.51188323705192,0.000
					-72.68320387044822,-37.511100318612876,0.000
					-72.68333308211557,-37.51087580246148,0.000
					-72.68335827317634,-37.51077967207679,0.000
					-72.68335439511506,-37.510624860682604,0.000
					-72.68334253766304,-37.510383892316774,0.000
					-72.68330614946703,-37.51017646486164,0.000
					-72.68328850508398,-37.51004591880693,0.000
					-72.6833039613784,-37.50982793482548,0.000
					-72.68336144774639,-37.5095520270929,0.000
					-72.68341322223324,-37.509312051836424,0.000
					-72.68342391826282,-37.509073359296224,0.000
					-72.68344442454601,-37.508882032301656,0.000
					-72.6834347633401,-37.508685688902844,0.000
					-72.68339127144728,-37.508561908384024,0.000
					-72.68310423439684,-37.50865727628734,0.000
					-72.6827820479051,-37.50879843269003,0.000
					-72.68256215255167,-37.508966189678354,0.000
					-72.68240918259363,-37.50912589770733,0.000
					-72.68229003816712,-37.50936499647391,0.000
					-72.68212923024834,-37.509593477032915,0.000
					-72.68192660997279,-37.50980836555567,0.000
					-72.68173497552513,-37.50994246490664,0.000
					-72.68160170520606,-37.509970460902736,0.000
					-72.68152723963746,-37.50990127671557,0.000
					-72.68145460521892,-37.509793302855805,0.000
					-72.68145050859316,-37.509710005538054,0.000
					-72.68148903114083,-37.509580685379476,0.000
					-72.6817002909226,-37.5093893643446,0.000
					-72.68186043960552,-37.509223473801256,0.000
					-72.68211644672299,-37.50880133434368,0.000
					-72.68227271177756,-37.508632585291394,0.000
					-72.68264491466581,-37.50836770937775,0.000
					-72.68320873812634,-37.508120685683025,0.000
					-72.68336404529505,-37.508008575593685,0.000
					-72.68343705163164,-37.50789605516015,0.000
					-72.68348816510391,-37.5077186693574,0.000
					-72.6835167323068,-37.50723510172349,0.000
					-72.68351132982944,-37.5065172154396,0.000
					-72.68345980040948,-37.505773953842564,0.000
					-72.68341243792466,-37.505343408195415,0.000
					-72.68336971262356,-37.50503188081141,0.000
					-72.68333039090616,-37.505094817148034,0.000
					-72.68308289909625,-37.50538559603263,0.000
					-72.68244293543535,-37.505909107600274,0.000
					-72.68193118226527,-37.506226009552606,0.000
					-72.68111221447371,-37.50672232722198,0.000
					-72.68008765727645,-37.507335295206936,0.000
					-72.67982294685416,-37.507504445243136,0.000
					-72.67959785057486,-37.50764256415665,0.000
					-72.67899521262046,-37.507860986425534,0.000
					-72.67824739969754,-37.508131604585685,0.000
					-72.67761005461271,-37.508252778985614,0.000
					-72.67678137507102,-37.50836203685555,0.000
					-72.67627224638159,-37.508428556342785,0.000
					-72.67536957293628,-37.508516274815356,0.000
					-72.67417651864723,-37.508669642005366,0.000
					-72.67349504662458,-37.50876833320203,0.000
					-72.67268861397146,-37.50887389042544,0.000
					-72.67190400181389,-37.5089668442399,0.000
					-72.67120872242357,-37.509051055087795,0.000
				</coordinates>
			</LinearRing>
		</outerBoundaryIs>
		<innerBoundaryIs>
			<LinearRing>
				<tessellate>1</tessellate>
				<coordinates>
					-72.68035176304569,-37.51002560474946,0.000
					-72.68026809256625,-37.509983436983234,0.000
					-72.6802672639888,-37.50998056920436,0.000
					-72.68025894718625,-37.509507091304506,0.000
					-72.68103877474547,-37.50969728072357,0.000
					-72.6810674027809,-37.50974703847842,0.000
					-72.68104725974334,-37.50986982653108,0.000
					-72.68106241317255,-37.50994979961385,0.000
					-72.68106679365862,-37.51019100081196,0.000
					-72.68035176304569,-37.51002560474946,0.000
				</coordinates>
			</LinearRing>
		</innerBoundaryIs>
	</Polygon>
</MultiGeometry>
</Placemark>

<Placemark>
<name>ZAP</name>
<description><![CDATA[<p><b>ZONA NOMBRE: </b> ZAP</p>
<p><b>ZONA GLOSA: </b>Zona de Actividades Productivas</p>
<p><b>USOS PERMITIDOS: </b>Equipamiento científico, comercio (sólo servicio automotor y restaurantes), deporte, salud (Policlínico) y seguridad; Actividades productivas inofensivas, molestas y peligrosas.</p>
<p><b>USOS PROHIBIDOS: </b>Todos los usos de suelo no mencionados como permitidos, además de cárceles y centros de detención.</p>]]></description>
<ExtendedData>
	<Data name="fid"><displayName>fid</displayName><value><![CDATA[2]]></value></Data>
	<Data name="ZONA_NOM"><displayName>ZONA_NOM</displayName><value><![CDATA[ZAP]]></value></Data>
	<Data name="ZONA_GLOSA"><displayName>ZONA_GLOSA</displayName><value><![CDATA[Zona de Actividades Productivas]]></value></Data>
	<Data name="USOS_PERMITIDOS"><displayName>USOS_PERMITIDOS</displayName><value><![CDATA[Equipamiento científico, comercio (sólo servicio automotor y restaurantes), deporte, salud (Policlínico) y seguridad; Actividades productivas inofensivas, molestas y peligrosas.]]></value></Data>
	<Data name="USOS_PROHIBIDOS"><displayName>USOS_PROHIBIDOS</displayName><value><![CDATA[Todos los usos de suelo no mencionados como permitidos, además de cárceles y centros de detención.]]></value></Data>
	<Data name="P_DO"><displayName>P_DO</displayName><value><![CDATA[13/07/2009]]></value></Data>
	<Data name="N_DOC"><displayName>N_DOC</displayName><value><![CDATA[15]]></value></Data>
	<Data name="T_DO"><displayName>T_DO</displayName><value><![CDATA[Resolución]]></value></Data>
	<Data name="color_"><displayName>color_</displayName><value><![CDATA[153,0,153,254]]></value></Data>
</ExtendedData>
<styleUrl>#style5</styleUrl>
<MultiGeometry>
	<Polygon>
		<outerBoundaryIs>
			<LinearRing>
				<tessellate>1</tessellate>
				<coordinates>
					-72.6545581764218,-37.5122331134548,0.000
					-72.65444624755658,-37.512629577205374,0.000
					-72.65371735691251,-37.51256277154335,0.000
					-72.65377533536471,-37.51237892784195,0.000
					-72.652164477478,-37.512664791339056,0.000
					-72.65023231617906,-37.512989178599824,0.000
					-72.64908482825324,-37.51338937396878,0.000
					-72.64875909807475,-37.51352101437112,0.000
					-72.64778546376782,-37.514173249433,0.000
					-72.6443299098542,-37.51658262807503,0.000
					-72.64155214431979,-37.518534784491365,0.000
					-72.638021815469,-37.52126093093342,0.000
					-72.64125750444072,-37.52170454827772,0.000
					-72.6446076761763,-37.52210163334778,0.000
					-72.65097980533297,-37.52279126202875,0.000
					-72.65582445104519,-37.52327046987561,0.000
					-72.65604234401285,-37.52203377812321,0.000
					-72.65626686018344,-37.52093274604486,0.000
					-72.65641028827696,-37.52092829984666,0.000
					-72.65737609645016,-37.52103422107675,0.000
					-72.65953356990293,-37.52127478559217,0.000
					-72.66083350744303,-37.521420366662,0.000
					-72.6612472622822,-37.52143612697754,0.000
					-72.6615007073987,-37.52147831439554,0.000
					-72.66189828112077,-37.521530329047444,0.000
					-72.66264278857419,-37.52170028332964,0.000
					-72.6629699786593,-37.52173146233392,0.000
					-72.66284458183159,-37.52137066677579,0.000
					-72.66276441856616,-37.52110857718041,0.000
					-72.662725878237,-37.52096318294619,0.000
					-72.66274508237132,-37.52080526868089,0.000
					-72.6627653338809,-37.52066877555653,0.000
					-72.66276177779892,-37.520504417758524,0.000
					-72.6627696328845,-37.520389760556824,0.000
					-72.66277370352347,-37.520289523323385,0.000
					-72.66280460591177,-37.52009549235007,0.000
					-72.66281950229141,-37.51994128835374,0.000
					-72.66283567324433,-37.51962972685663,0.000
					-72.66284177967724,-37.51947937053022,0.000
					-72.66287454283929,-37.51923165117128,0.000
					-72.6629091657761,-37.51893024256741,0.000
					-72.66295874681455,-37.518567587621455,0.000
					-72.6629785869967,-37.51833099548663,0.000
					-72.66293248277039,-37.518214439252766,0.000
					-72.66276338295478,-37.51796941292111,0.000
					-72.66250132769973,-37.51765934056649,0.000
					-72.6624515556983,-37.51746781462735,0.000
					-72.66245324245239,-37.51741055604588,0.000
					-72.66254135366276,-37.51691799084411,0.000
					-72.66266910070006,-37.51640989325876,0.000
					-72.66267362195568,-37.51640366738512,0.000
					-72.66275042468219,-37.51623366017872,0.000
					-72.66287934664645,-37.51611643529402,0.000
					-72.66323895403981,-37.51597416990032,0.000
					-72.66357072061979,-37.51587448093653,0.000
					-72.66394923909392,-37.515660118309064,0.000
					-72.66424219848763,-37.51553183798005,0.000
					-72.66445609079314,-37.51531662844804,0.000
					-72.66460836571055,-37.515090571868775,0.000
					-72.6646051533488,-37.51486984047991,0.000
					-72.6645631189063,-37.51465304758535,0.000
					-72.66450938672088,-37.51447237149963,0.000
					-72.66438326920577,-37.514343448651964,0.000
					-72.66437893313224,-37.514337166353,0.000
					-72.66429907363124,-37.51426456388272,0.000
					-72.66418615721538,-37.514250194444955,0.000
					-72.66409792160437,-37.51428153848815,0.000
					-72.66401760014948,-37.51429118475614,0.000
					-72.6639453687853,-37.51428270251059,0.000
					-72.66389967747376,-37.514266244614035,0.000
					-72.66379712310763,-37.51428015603726,0.000
					-72.6635973688406,-37.514325689476344,0.000
					-72.66348637461823,-37.51435058960673,0.000
					-72.66341431793616,-37.51434567632177,0.000
					-72.6633648436984,-37.51434363815812,0.000
					-72.66318138223825,-37.51426352652121,0.000
					-72.6631125845591,-37.5142334843445,0.000
					-72.66310425862827,-37.514155083911554,0.000
					-72.66311967838031,-37.51401158951101,0.000
					-72.66311629665654,-37.513850801822834,0.000
					-72.66299759149028,-37.51289270653975,0.000
					-72.66280216645212,-37.51137565599792,0.000
					-72.6626832006219,-37.511329294121374,0.000
					-72.66254753164081,-37.511308479152916,0.000
					-72.66245475703772,-37.51124700225066,0.000
					-72.66235266967412,-37.51117866408276,0.000
					-72.66226175722545,-37.51106349857356,0.000
					-72.66222911077979,-37.510997174535014,0.000
					-72.66151966953744,-37.51122348853454,0.000
					-72.66099573822427,-37.51133986246385,0.000
					-72.65988990104354,-37.511488590980754,0.000
					-72.65695324035568,-37.511829948237136,0.000
					-72.6545581764218,-37.5122331134548,0.000
				</coordinates>
			</LinearRing>
		</outerBoundaryIs>
	</Polygon>
</MultiGeometry>
</Placemark>

<Placemark>
<name>ZPR-2</name>
<description><![CDATA[<p><b>ZONA NOMBRE: </b> ZPR-2</p>
<p><b>ZONA GLOSA: </b>Zona de Protección de Drenaje</p>
<p><b>USOS PERMITIDOS: </b>Áreas verdes.</p>
<p><b>USOS PROHIBIDOS: </b>Todos los usos de suelo no mencionados como permitidos.</p>]]></description>
<ExtendedData>
	<Data name="fid"><displayName>fid</displayName><value><![CDATA[3]]></value></Data>
	<Data name="ZONA_NOM"><displayName>ZONA_NOM</displayName><value><![CDATA[ZPR-2]]></value></Data>
	<Data name="ZONA_GLOSA"><displayName>ZONA_GLOSA</displayName><value><![CDATA[Zona de Protección de Drenaje]]></value></Data>
	<Data name="USOS_PERMITIDOS"><displayName>USOS_PERMITIDOS</displayName><value><![CDATA[Áreas verdes.]]></value></Data>
	<Data name="USOS_PROHIBIDOS"><displayName>USOS_PROHIBIDOS</displayName><value><![CDATA[Todos los usos de suelo no mencionados como permitidos.]]></value></Data>
	<Data name="P_DO"><displayName>P_DO</displayName><value><![CDATA[13/07/2009]]></value></Data>
	<Data name="N_DOC"><displayName>N_DOC</displayName><value><![CDATA[15]]></value></Data>
	<Data name="T_DO"><displayName>T_DO</displayName><value><![CDATA[Resolución]]></value></Data>
	<Data name="color_"><displayName>color_</displayName><value><![CDATA[127,255,0,254]]></value></Data>
</ExtendedData>
<styleUrl>#style17</styleUrl>
<MultiGeometry>
	<Polygon>
		<outerBoundaryIs>
			<LinearRing>
				<tessellate>1</tessellate>
				<coordinates>
					-72.6315312339828,-37.52053124510008,0.000
					-72.63329796421162,-37.521991507241054,0.000
					-72.63330306214434,-37.52198775924793,0.000
					-72.63382837186288,-37.521601558415185,0.000
					-72.63382333036627,-37.52159738404717,0.000
					-72.63016801972057,-37.518570626238805,0.000
					-72.62969436954268,-37.51892806816805,0.000
					-72.63109791262431,-37.52010051381893,0.000
					-72.6315312339828,-37.52053124510008,0.000
				</coordinates>
			</LinearRing>
		</outerBoundaryIs>
	</Polygon>
</MultiGeometry>
</Placemark>

<Placemark>
<name>ZMC</name>
<description><![CDATA[<p><b>ZONA NOMBRE: </b> ZMC</p>
<p><b>ZONA GLOSA: </b>Zona Microcentro</p>
<p><b>USOS PERMITIDOS: </b>Residencial; Equipamiento científico, comercio, culto y cultura, deporte, educación, esparcimiento, salud, seguridad, servicios y social; Actividades productivas inofensivas (panaderías). Más detalle en Ordenanza.</p>
<p><b>USOS PROHIBIDOS: </b>Residencial; Equipamiento científico, comercio, culto y cultura, deporte, educación, esparcimiento, salud, seguridad, servicios y social; Actividades productivas inofensivas (panaderías). Más detalle en Ordenanza.</p>]]></description>
<ExtendedData>
	<Data name="fid"><displayName>fid</displayName><value><![CDATA[4]]></value></Data>
	<Data name="ZONA_NOM"><displayName>ZONA_NOM</displayName><value><![CDATA[ZMC]]></value></Data>
	<Data name="ZONA_GLOSA"><displayName>ZONA_GLOSA</displayName><value><![CDATA[Zona Microcentro]]></value></Data>
	<Data name="USOS_PERMITIDOS"><displayName>USOS_PERMITIDOS</displayName><value><![CDATA[Residencial; Equipamiento científico, comercio, culto y cultura, deporte, educación, esparcimiento, salud, seguridad, servicios y social; Actividades productivas inofensivas (panaderías). Más detalle en Ordenanza.]]></value></Data>
	<Data name="USOS_PROHIBIDOS"><displayName>USOS_PROHIBIDOS</displayName><value><![CDATA[Residencial; Equipamiento científico, comercio, culto y cultura, deporte, educación, esparcimiento, salud, seguridad, servicios y social; Actividades productivas inofensivas (panaderías). Más detalle en Ordenanza.]]></value></Data>
	<Data name="P_DO"><displayName>P_DO</displayName><value><![CDATA[13/07/2009]]></value></Data>
	<Data name="N_DOC"><displayName>N_DOC</displayName><value><![CDATA[15]]></value></Data>
	<Data name="T_DO"><displayName>T_DO</displayName><value><![CDATA[Resolución]]></value></Data>
	<Data name="color_"><displayName>color_</displayName><value><![CDATA[255,63,0,254]]></value></Data>
</ExtendedData>
<styleUrl>#style15</styleUrl>
<MultiGeometry>
	<Polygon>
		<outerBoundaryIs>
			<LinearRing>
				<tessellate>1</tessellate>
				<coordinates>
					-72.637650881021,-37.516770783507766,0.000
					-72.63765609617757,-37.5167880504241,0.000
					-72.63869831951776,-37.51615687445085,0.000
					-72.63751616090144,-37.51523035560188,0.000
					-72.63650827909775,-37.51591931042963,0.000
					-72.637650881021,-37.516770783507766,0.000
				</coordinates>
			</LinearRing>
		</outerBoundaryIs>
	</Polygon>
</MultiGeometry>
</Placemark>

<Placemark>
<name>ZexAPC</name>
<description><![CDATA[<p><b>ZONA NOMBRE: </b> ZexAPC</p>
<p><b>ZONA GLOSA: </b>Zona de Extensión de Actividades Productivas Condicionadas</p>
<p><b>USOS PERMITIDOS: </b>Residencial, hospedaje y asociada a la act. principal; Equipamiento comercio, deporte, salud (Policlínicos), seguridad y servicios (bancos, centros de pago y correos); Actividad productiva inofensiva y molesta. Más detalle en Ordenanza.</p>
<p><b>USOS PROHIBIDOS: </b>Todos los usos de suelo no mencionados como permitidos, además de cárceles y centros de detención.</p>]]></description>
<ExtendedData>
	<Data name="fid"><displayName>fid</displayName><value><![CDATA[5]]></value></Data>
	<Data name="ZONA_NOM"><displayName>ZONA_NOM</displayName><value><![CDATA[ZexAPC]]></value></Data>
	<Data name="ZONA_GLOSA"><displayName>ZONA_GLOSA</displayName><value><![CDATA[Zona de Extensión de Actividades Productivas Condicionadas]]></value></Data>
	<Data name="USOS_PERMITIDOS"><displayName>USOS_PERMITIDOS</displayName><value><![CDATA[Residencial, hospedaje y asociada a la act. principal; Equipamiento comercio, deporte, salud (Policlínicos), seguridad y servicios (bancos, centros de pago y correos); Actividad productiva inofensiva y molesta. Más detalle en Ordenanza.]]></value></Data>
	<Data name="USOS_PROHIBIDOS"><displayName>USOS_PROHIBIDOS</displayName><value><![CDATA[Todos los usos de suelo no mencionados como permitidos, además de cárceles y centros de detención.]]></value></Data>
	<Data name="P_DO"><displayName>P_DO</displayName><value><![CDATA[13/07/2009]]></value></Data>
	<Data name="N_DOC"><displayName>N_DOC</displayName><value><![CDATA[15]]></value></Data>
	<Data name="T_DO"><displayName>T_DO</displayName><value><![CDATA[Resolución]]></value></Data>
	<Data name="color_"><displayName>color_</displayName><value><![CDATA[255,127,255,254]]></value></Data>
</ExtendedData>
<styleUrl>#style10</styleUrl>
<MultiGeometry>
	<Polygon>
		<outerBoundaryIs>
			<LinearRing>
				<tessellate>1</tessellate>
				<coordinates>
					-72.64813496456094,-37.51176739497018,0.000
					-72.6460946334787,-37.511244346387336,0.000
					-72.64342718880259,-37.51054017486181,0.000
					-72.64256492333293,-37.510225332391904,0.000
					-72.63872486894523,-37.512628823426645,0.000
					-72.63562959273276,-37.51469789859804,0.000
					-72.63222322156923,-37.517019603149194,0.000
					-72.63016801972057,-37.518570626238805,0.000
					-72.63382333036627,-37.52159738404717,0.000
					-72.63382837186288,-37.521601558415185,0.000
					-72.63844431844286,-37.518207704336476,0.000
					-72.6423231804333,-37.51551369183648,0.000
					-72.64639205233641,-37.51279461299793,0.000
					-72.64756479070405,-37.512052806936644,0.000
					-72.64803169856374,-37.511809541303144,0.000
					-72.64813496456094,-37.51176739497018,0.000
				</coordinates>
			</LinearRing>
		</outerBoundaryIs>
		<innerBoundaryIs>
			<LinearRing>
				<tessellate>1</tessellate>
				<coordinates>
					-72.63869831951776,-37.51615687445085,0.000
					-72.63765609617757,-37.5167880504241,0.000
					-72.637650881021,-37.516770783507766,0.000
					-72.63650827909775,-37.51591931042963,0.000
					-72.63751616090144,-37.51523035560188,0.000
					-72.63869831951776,-37.51615687445085,0.000
				</coordinates>
			</LinearRing>
		</innerBoundaryIs>
	</Polygon>
</MultiGeometry>
</Placemark>

<Placemark>
<name>ZRC-2</name>
<description><![CDATA[<p><b>ZONA NOMBRE: </b> ZRC-2</p>
<p><b>ZONA GLOSA: </b>Zona Residencial Condicionada</p>
<p><b>USOS PERMITIDOS: </b>Vivienda en extensión. Equipamiento: comercio (locales comerciales), culto y cultura, educación, esparcimiento, salud, seguridad, servicios y social. Actividades productivas inofensivas y molestas (existente). Más detalle en Ordenanza.</p>
<p><b>USOS PROHIBIDOS: </b>Todo los usos no mencionados como permitidos.</p>]]></description>
<ExtendedData>
	<Data name="fid"><displayName>fid</displayName><value><![CDATA[6]]></value></Data>
	<Data name="ZONA_NOM"><displayName>ZONA_NOM</displayName><value><![CDATA[ZRC-2]]></value></Data>
	<Data name="ZONA_GLOSA"><displayName>ZONA_GLOSA</displayName><value><![CDATA[Zona Residencial Condicionada]]></value></Data>
	<Data name="USOS_PERMITIDOS"><displayName>USOS_PERMITIDOS</displayName><value><![CDATA[Vivienda en extensión. Equipamiento: comercio (locales comerciales), culto y cultura, educación, esparcimiento, salud, seguridad, servicios y social. Actividades productivas inofensivas y molestas (existente). Más detalle en Ordenanza.]]></value></Data>
	<Data name="USOS_PROHIBIDOS"><displayName>USOS_PROHIBIDOS</displayName><value><![CDATA[Todo los usos no mencionados como permitidos.]]></value></Data>
	<Data name="P_DO"><displayName>P_DO</displayName><value><![CDATA[13/07/2009]]></value></Data>
	<Data name="N_DOC"><displayName>N_DOC</displayName><value><![CDATA[15]]></value></Data>
	<Data name="T_DO"><displayName>T_DO</displayName><value><![CDATA[Resolución]]></value></Data>
	<Data name="color_"><displayName>color_</displayName><value><![CDATA[255,255,0,254]]></value></Data>
</ExtendedData>
<styleUrl>#style25</styleUrl>
<MultiGeometry>
	<Polygon>
		<outerBoundaryIs>
			<LinearRing>
				<tessellate>1</tessellate>
				<coordinates>
					-72.64325748773744,-37.509954092260365,0.000
					-72.64612643506949,-37.51074528746215,0.000
					-72.64642741796453,-37.51058493965736,0.000
					-72.64681941640649,-37.510376101327914,0.000
					-72.6466914529909,-37.50996054261717,0.000
					-72.64652532041478,-37.50949849034396,0.000
					-72.64650224032438,-37.50927037774435,0.000
					-72.64616509219185,-37.50873733648388,0.000
					-72.64599827790693,-37.50849511346455,0.000
					-72.64549130766726,-37.5074238548336,0.000
					-72.64488008647825,-37.50765250004316,0.000
					-72.64471834265012,-37.507771910652885,0.000
					-72.64447711579564,-37.50797958743881,0.000
					-72.64416464932083,-37.508198998663005,0.000
					-72.64377537960895,-37.508315902492974,0.000
					-72.64311587912249,-37.50853649504362,0.000
					-72.64341164966797,-37.509695330089784,0.000
					-72.64327127064685,-37.5097832009111,0.000
					-72.6430607969038,-37.509914945805676,0.000
					-72.64325748773744,-37.509954092260365,0.000
				</coordinates>
			</LinearRing>
		</outerBoundaryIs>
	</Polygon>
</MultiGeometry>
</Placemark>

<Placemark>
<name>ZRC-2</name>
<description><![CDATA[<p><b>ZONA NOMBRE: </b> ZRC-2</p>
<p><b>ZONA GLOSA: </b>Zona Residencial Condicionada</p>
<p><b>USOS PERMITIDOS: </b>Vivienda en extensión. Equipamiento: comercio (locales comerciales), culto y cultura, educación, esparcimiento, salud, seguridad, servicios y social. Actividades productivas inofensivas y molestas (existente). Más detalle en Ordenanza.</p>
<p><b>USOS PROHIBIDOS: </b>Todo los usos no mencionados como permitidos.</p>]]></description>
<ExtendedData>
	<Data name="fid"><displayName>fid</displayName><value><![CDATA[7]]></value></Data>
	<Data name="ZONA_NOM"><displayName>ZONA_NOM</displayName><value><![CDATA[ZRC-2]]></value></Data>
	<Data name="ZONA_GLOSA"><displayName>ZONA_GLOSA</displayName><value><![CDATA[Zona Residencial Condicionada]]></value></Data>
	<Data name="USOS_PERMITIDOS"><displayName>USOS_PERMITIDOS</displayName><value><![CDATA[Vivienda en extensión. Equipamiento: comercio (locales comerciales), culto y cultura, educación, esparcimiento, salud, seguridad, servicios y social. Actividades productivas inofensivas y molestas (existente). Más detalle en Ordenanza.]]></value></Data>
	<Data name="USOS_PROHIBIDOS"><displayName>USOS_PROHIBIDOS</displayName><value><![CDATA[Todo los usos no mencionados como permitidos.]]></value></Data>
	<Data name="P_DO"><displayName>P_DO</displayName><value><![CDATA[13/07/2009]]></value></Data>
	<Data name="N_DOC"><displayName>N_DOC</displayName><value><![CDATA[15]]></value></Data>
	<Data name="T_DO"><displayName>T_DO</displayName><value><![CDATA[Resolución]]></value></Data>
	<Data name="color_"><displayName>color_</displayName><value><![CDATA[255,255,0,254]]></value></Data>
</ExtendedData>
<styleUrl>#style25</styleUrl>
<MultiGeometry>
	<Polygon>
		<outerBoundaryIs>
			<LinearRing>
				<tessellate>1</tessellate>
				<coordinates>
					-72.64866579275784,-37.511445514955675,0.000
					-72.64889059011693,-37.511506810973955,0.000
					-72.64909104475142,-37.51144307025133,0.000
					-72.64924841231158,-37.51140803117646,0.000
					-72.64939257923511,-37.51137593088973,0.000
					-72.64979556942946,-37.51110083724215,0.000
					-72.64993470835954,-37.51100585577507,0.000
					-72.65007547975439,-37.510899830087965,0.000
					-72.6513723897933,-37.50992300397109,0.000
					-72.65075366019416,-37.50889336762727,0.000
					-72.6477239431373,-37.50996437293508,0.000
					-72.6473323663412,-37.51081479949129,0.000
					-72.64722489736279,-37.51104819700519,0.000
					-72.64866579275784,-37.511445514955675,0.000
				</coordinates>
			</LinearRing>
		</outerBoundaryIs>
	</Polygon>
</MultiGeometry>
</Placemark>

<Placemark>
<name>ZPR-1</name>
<description><![CDATA[<p><b>ZONA NOMBRE: </b> ZPR-1</p>
<p><b>ZONA GLOSA: </b>Zona de Riesgo por Inundación</p>
<p><b>USOS PERMITIDOS: </b>Áreas verdes públicas o privadas, equipamiento deportivo.</p>
<p><b>USOS PROHIBIDOS: </b>Todos los usos de suelo no mencionados como permitidos.</p>]]></description>
<ExtendedData>
	<Data name="fid"><displayName>fid</displayName><value><![CDATA[8]]></value></Data>
	<Data name="ZONA_NOM"><displayName>ZONA_NOM</displayName><value><![CDATA[ZPR-1]]></value></Data>
	<Data name="ZONA_GLOSA"><displayName>ZONA_GLOSA</displayName><value><![CDATA[Zona de Riesgo por Inundación]]></value></Data>
	<Data name="USOS_PERMITIDOS"><displayName>USOS_PERMITIDOS</displayName><value><![CDATA[Áreas verdes públicas o privadas, equipamiento deportivo.]]></value></Data>
	<Data name="USOS_PROHIBIDOS"><displayName>USOS_PROHIBIDOS</displayName><value><![CDATA[Todos los usos de suelo no mencionados como permitidos.]]></value></Data>
	<Data name="P_DO"><displayName>P_DO</displayName><value><![CDATA[13/07/2009]]></value></Data>
	<Data name="N_DOC"><displayName>N_DOC</displayName><value><![CDATA[15]]></value></Data>
	<Data name="T_DO"><displayName>T_DO</displayName><value><![CDATA[Resolución]]></value></Data>
	<Data name="color_"><displayName>color_</displayName><value><![CDATA[127,255,191,254]]></value></Data>
</ExtendedData>
<styleUrl>#style16</styleUrl>
<MultiGeometry>
	<Polygon>
		<outerBoundaryIs>
			<LinearRing>
				<tessellate>1</tessellate>
				<coordinates>
					-72.65361783494319,-37.50693407714825,0.000
					-72.65346294684993,-37.506948408399346,0.000
					-72.65292518875373,-37.506965062105856,0.000
					-72.65214563989548,-37.506931992976945,0.000
					-72.65156843901585,-37.50712148095584,0.000
					-72.65047783682408,-37.50733638989683,0.000
					-72.64860082600904,-37.50762328649141,0.000
					-72.64750556853154,-37.50774296828568,0.000
					-72.64697893178909,-37.50798807712434,0.000
					-72.64644173145305,-37.508262114374034,0.000
					-72.64599827790693,-37.50849511346455,0.000
					-72.64616509219185,-37.50873733648388,0.000
					-72.64650224032438,-37.50927037774435,0.000
					-72.64652532041478,-37.50949849034396,0.000
					-72.6466914529909,-37.50996054261717,0.000
					-72.64681941640649,-37.510376101327914,0.000
					-72.64642741796453,-37.51058493965736,0.000
					-72.64612643506949,-37.51074528746215,0.000
					-72.64722489736279,-37.51104819700519,0.000
					-72.6473323663412,-37.51081479949129,0.000
					-72.6477239431373,-37.50996437293508,0.000
					-72.65075366019416,-37.50889336762727,0.000
					-72.6513723897933,-37.50992300397109,0.000
					-72.65215985341305,-37.50931782054154,0.000
					-72.65336414904534,-37.508489171212396,0.000
					-72.65434009957961,-37.507886876496954,0.000
					-72.65468884938781,-37.507675849769434,0.000
					-72.6550123019776,-37.50743700177146,0.000
					-72.65539829274246,-37.50725342231571,0.000
					-72.65562069694414,-37.507151185769786,0.000
					-72.65517931199315,-37.50604695307093,0.000
					-72.65515400171225,-37.50598814717368,0.000
					-72.65507837755851,-37.505832274602795,0.000
					-72.65503299396998,-37.50601307102921,0.000
					-72.65480919673068,-37.506086745478065,0.000
					-72.65465119087227,-37.50628232905199,0.000
					-72.6539118119575,-37.506581732258454,0.000
					-72.65361783494319,-37.50693407714825,0.000
				</coordinates>
			</LinearRing>
		</outerBoundaryIs>
	</Polygon>
</MultiGeometry>
</Placemark>

<Placemark>
<name>ZEP</name>
<description><![CDATA[<p><b>ZONA NOMBRE: </b> ZEP</p>
<p><b>ZONA GLOSA: </b>Zona Espacio Público</p>
<p><b>USOS PERMITIDOS: </b>Áreas verdes público o privada.</p>
<p><b>USOS PROHIBIDOS: </b>Todos los usos de suelo no mencionados como permitidos.</p>]]></description>
<ExtendedData>
	<Data name="fid"><displayName>fid</displayName><value><![CDATA[9]]></value></Data>
	<Data name="ZONA_NOM"><displayName>ZONA_NOM</displayName><value><![CDATA[ZEP]]></value></Data>
	<Data name="ZONA_GLOSA"><displayName>ZONA_GLOSA</displayName><value><![CDATA[Zona Espacio Público]]></value></Data>
	<Data name="USOS_PERMITIDOS"><displayName>USOS_PERMITIDOS</displayName><value><![CDATA[Áreas verdes público o privada.]]></value></Data>
	<Data name="USOS_PROHIBIDOS"><displayName>USOS_PROHIBIDOS</displayName><value><![CDATA[Todos los usos de suelo no mencionados como permitidos.]]></value></Data>
	<Data name="P_DO"><displayName>P_DO</displayName><value><![CDATA[13/07/2009]]></value></Data>
	<Data name="N_DOC"><displayName>N_DOC</displayName><value><![CDATA[15]]></value></Data>
	<Data name="T_DO"><displayName>T_DO</displayName><value><![CDATA[Resolución]]></value></Data>
	<Data name="color_"><displayName>color_</displayName><value><![CDATA[157,103,147,254]]></value></Data>
</ExtendedData>
<styleUrl>#style9</styleUrl>
<MultiGeometry>
	<Polygon>
		<outerBoundaryIs>
			<LinearRing>
				<tessellate>1</tessellate>
				<coordinates>
					-72.65007547975439,-37.510899830087965,0.000
					-72.64993470835954,-37.51100585577507,0.000
					-72.64979556942946,-37.51110083724215,0.000
					-72.64939257923511,-37.51137593088973,0.000
					-72.64958834287161,-37.51133234140743,0.000
					-72.6501338285706,-37.51126821694269,0.000
					-72.65053555143798,-37.51091952859533,0.000
					-72.650556814389,-37.51090356356019,0.000
					-72.6512109927527,-37.51041236799954,0.000
					-72.65227512939505,-37.50959283502534,0.000
					-72.65288232796026,-37.509159286167495,0.000
					-72.65312657995706,-37.50898389303297,0.000
					-72.65319453845582,-37.50893509357802,0.000
					-72.65364223649877,-37.5087281557565,0.000
					-72.65395827639668,-37.508582500955846,0.000
					-72.65424882136323,-37.50846623831572,0.000
					-72.65446766326801,-37.508352197258596,0.000
					-72.65460967331404,-37.50831919450796,0.000
					-72.65483817464174,-37.508219154215475,0.000
					-72.65490778509007,-37.508174092658265,0.000
					-72.6550397865582,-37.50811994665678,0.000
					-72.65510391958668,-37.508146562681844,0.000
					-72.65521834402672,-37.508100112360395,0.000
					-72.65540691060781,-37.50810142047569,0.000
					-72.6555961744394,-37.50811700737348,0.000
					-72.65560279895796,-37.50825266767024,0.000
					-72.65565901611022,-37.508300981534916,0.000
					-72.65604197397442,-37.50823905698653,0.000
					-72.65586275826657,-37.5076939986771,0.000
					-72.6557889648257,-37.507653380855544,0.000
					-72.65573902411616,-37.50773358777367,0.000
					-72.65562320596446,-37.50775147858752,0.000
					-72.6555146077596,-37.50773339111529,0.000
					-72.65526888071986,-37.507848268040036,0.000
					-72.65510172740515,-37.50791780507648,0.000
					-72.65496076300411,-37.507972227947654,0.000
					-72.65451924938509,-37.50812177264411,0.000
					-72.65426386016108,-37.508222645262606,0.000
					-72.65400090090661,-37.50835235502919,0.000
					-72.65359045236266,-37.50858674364937,0.000
					-72.65341328692607,-37.508635135596606,0.000
					-72.65317068932762,-37.508814268096124,0.000
					-72.65276954625264,-37.50905551701854,0.000
					-72.65194942042257,-37.50972448318653,0.000
					-72.65052032001667,-37.51079128547096,0.000
					-72.65025723109802,-37.5109812002836,0.000
					-72.65019947812978,-37.511022889604575,0.000
					-72.65017812673854,-37.5110016992493,0.000
					-72.65007547975439,-37.510899830087965,0.000
				</coordinates>
			</LinearRing>
		</outerBoundaryIs>
	</Polygon>
</MultiGeometry>
</Placemark>

<Placemark>
<name>ZRM-1</name>
<description><![CDATA[<p><b>ZONA NOMBRE: </b> ZRM-1</p>
<p><b>ZONA GLOSA: </b>Zona Residencial Mixta</p>
<p><b>USOS PERMITIDOS: </b>Residencial; Equipamiento científico, comercio, culto y cultura, deporte, educación, esparcimiento, salud, seguridad, servicios y social; Actividad productiva inofensiva y molesta (sólo las existentes). Más detalle en Ordenanza.</p>
<p><b>USOS PROHIBIDOS: </b>Todo los usos no mencionados como permitidos.</p>]]></description>
<ExtendedData>
	<Data name="fid"><displayName>fid</displayName><value><![CDATA[10]]></value></Data>
	<Data name="ZONA_NOM"><displayName>ZONA_NOM</displayName><value><![CDATA[ZRM-1]]></value></Data>
	<Data name="ZONA_GLOSA"><displayName>ZONA_GLOSA</displayName><value><![CDATA[Zona Residencial Mixta]]></value></Data>
	<Data name="USOS_PERMITIDOS"><displayName>USOS_PERMITIDOS</displayName><value><![CDATA[Residencial; Equipamiento científico, comercio, culto y cultura, deporte, educación, esparcimiento, salud, seguridad, servicios y social; Actividad productiva inofensiva y molesta (sólo las existentes). Más detalle en Ordenanza.]]></value></Data>
	<Data name="USOS_PROHIBIDOS"><displayName>USOS_PROHIBIDOS</displayName><value><![CDATA[Todo los usos no mencionados como permitidos.]]></value></Data>
	<Data name="P_DO"><displayName>P_DO</displayName><value><![CDATA[13/07/2009]]></value></Data>
	<Data name="N_DOC"><displayName>N_DOC</displayName><value><![CDATA[15]]></value></Data>
	<Data name="T_DO"><displayName>T_DO</displayName><value><![CDATA[Resolución]]></value></Data>
	<Data name="color_"><displayName>color_</displayName><value><![CDATA[255,191,0,254]]></value></Data>
</ExtendedData>
<styleUrl>#style27</styleUrl>
<MultiGeometry>
	<Polygon>
		<outerBoundaryIs>
			<LinearRing>
				<tessellate>1</tessellate>
				<coordinates>
					-72.65312657995706,-37.50898389303297,0.000
					-72.65288232796026,-37.509159286167495,0.000
					-72.65227512939505,-37.50959283502534,0.000
					-72.6512109927527,-37.51041236799954,0.000
					-72.650556814389,-37.51090356356019,0.000
					-72.65053555143798,-37.51091952859533,0.000
					-72.6501338285706,-37.51126821694269,0.000
					-72.65090932283594,-37.51117704994426,0.000
					-72.65641733339784,-37.510406273113546,0.000
					-72.65851210830807,-37.510113064723114,0.000
					-72.65856037065126,-37.51010630848523,0.000
					-72.65930529550747,-37.51000203128398,0.000
					-72.65944770083158,-37.50998209578661,0.000
					-72.66058779510115,-37.50982248913441,0.000
					-72.66070087501015,-37.50980665851273,0.000
					-72.66086050156,-37.50978431033864,0.000
					-72.66095684105854,-37.509770822399965,0.000
					-72.6613126056926,-37.509721014475424,0.000
					-72.66158431384524,-37.50968297310785,0.000
					-72.66248609036785,-37.50957068363897,0.000
					-72.66253720282909,-37.50956431836387,0.000
					-72.66260281211055,-37.509556148917305,0.000
					-72.66255916341161,-37.509098617248426,0.000
					-72.66249422242912,-37.50841789538342,0.000
					-72.66223082825043,-37.50658116727746,0.000
					-72.66214190083052,-37.50659822960677,0.000
					-72.6611710784632,-37.506814285863626,0.000
					-72.6605391987371,-37.50698644535762,0.000
					-72.65885592410238,-37.50756306019648,0.000
					-72.65736243190476,-37.50810516341535,0.000
					-72.65645830011248,-37.508462129590306,0.000
					-72.65617886091252,-37.508499394202104,0.000
					-72.65514498676585,-37.508650614417526,0.000
					-72.65396335325207,-37.50883977338662,0.000
					-72.65312657995706,-37.50898389303297,0.000
				</coordinates>
			</LinearRing>
		</outerBoundaryIs>
	</Polygon>
</MultiGeometry>
</Placemark>

<Placemark>
<name>ZRC-2</name>
<description><![CDATA[<p><b>ZONA NOMBRE: </b> ZRC-2</p>
<p><b>ZONA GLOSA: </b>Zona Residencial Condicionada</p>
<p><b>USOS PERMITIDOS: </b>Vivienda en extensión. Equipamiento: comercio (locales comerciales), culto y cultura, educación, esparcimiento, salud, seguridad, servicios y social. Actividades productivas inofensivas y molestas (existente). Más detalle en Ordenanza.</p>
<p><b>USOS PROHIBIDOS: </b>Todo los usos no mencionados como permitidos.</p>]]></description>
<ExtendedData>
	<Data name="fid"><displayName>fid</displayName><value><![CDATA[11]]></value></Data>
	<Data name="ZONA_NOM"><displayName>ZONA_NOM</displayName><value><![CDATA[ZRC-2]]></value></Data>
	<Data name="ZONA_GLOSA"><displayName>ZONA_GLOSA</displayName><value><![CDATA[Zona Residencial Condicionada]]></value></Data>
	<Data name="USOS_PERMITIDOS"><displayName>USOS_PERMITIDOS</displayName><value><![CDATA[Vivienda en extensión. Equipamiento: comercio (locales comerciales), culto y cultura, educación, esparcimiento, salud, seguridad, servicios y social. Actividades productivas inofensivas y molestas (existente). Más detalle en Ordenanza.]]></value></Data>
	<Data name="USOS_PROHIBIDOS"><displayName>USOS_PROHIBIDOS</displayName><value><![CDATA[Todo los usos no mencionados como permitidos.]]></value></Data>
	<Data name="P_DO"><displayName>P_DO</displayName><value><![CDATA[13/07/2009]]></value></Data>
	<Data name="N_DOC"><displayName>N_DOC</displayName><value><![CDATA[15]]></value></Data>
	<Data name="T_DO"><displayName>T_DO</displayName><value><![CDATA[Resolución]]></value></Data>
	<Data name="color_"><displayName>color_</displayName><value><![CDATA[255,255,0,254]]></value></Data>
</ExtendedData>
<styleUrl>#style25</styleUrl>
<MultiGeometry>
	<Polygon>
		<outerBoundaryIs>
			<LinearRing>
				<tessellate>1</tessellate>
				<coordinates>
					-72.65507454214148,-37.502941700686186,0.000
					-72.65532960225144,-37.503753757414685,0.000
					-72.65549311916095,-37.50440656595575,0.000
					-72.65543582950711,-37.5047039081959,0.000
					-72.65527563897437,-37.505099782625614,0.000
					-72.65516324615206,-37.505494176752094,0.000
					-72.65507837755851,-37.505832274602795,0.000
					-72.65515400171225,-37.50598814717368,0.000
					-72.65517931199315,-37.50604695307093,0.000
					-72.65562069694414,-37.507151185769786,0.000
					-72.65597117413027,-37.507158752712414,0.000
					-72.65809429170119,-37.50652086868988,0.000
					-72.65959348977694,-37.50597381237676,0.000
					-72.66007537060278,-37.50573241965071,0.000
					-72.66087481414282,-37.50525472884867,0.000
					-72.66138735916697,-37.504898538764195,0.000
					-72.6613228634667,-37.504778746992905,0.000
					-72.66095801368195,-37.50417033417436,0.000
					-72.66061427694156,-37.503504058585634,0.000
					-72.65987483719087,-37.502087305675474,0.000
					-72.65970657968938,-37.5016817372229,0.000
					-72.65932703505938,-37.501799218502335,0.000
					-72.6568153101426,-37.50256358243646,0.000
					-72.65507454214148,-37.502941700686186,0.000
				</coordinates>
			</LinearRing>
		</outerBoundaryIs>
		<innerBoundaryIs>
			<LinearRing>
				<tessellate>1</tessellate>
				<coordinates>
					-72.65904946025432,-37.50469877579933,0.000
					-72.6584326155427,-37.50496579196549,0.000
					-72.65847388742534,-37.50485964421596,0.000
					-72.65849344819605,-37.50470887046834,0.000
					-72.65866713228255,-37.50403845873618,0.000
					-72.65887014420045,-37.50341719314556,0.000
					-72.65960992579248,-37.503494356837884,0.000
					-72.65970303706288,-37.50356297618948,0.000
					-72.65974342259398,-37.50365468403599,0.000
					-72.65965694189539,-37.503721723611264,0.000
					-72.65940983987352,-37.5038080483061,0.000
					-72.65938504655632,-37.503851722161656,0.000
					-72.6594530169789,-37.50395687599269,0.000
					-72.65976726707572,-37.50432611955819,0.000
					-72.65975283265409,-37.504398075277805,0.000
					-72.65904946025432,-37.50469877579933,0.000
				</coordinates>
			</LinearRing>
		</innerBoundaryIs>
		<innerBoundaryIs>
			<LinearRing>
				<tessellate>1</tessellate>
				<coordinates>
					-72.65696670692591,-37.50500612402334,0.000
					-72.65690530756032,-37.50501758131916,0.000
					-72.65690483183327,-37.505017171748456,0.000
					-72.65687720050583,-37.5049934250658,0.000
					-72.65688436638656,-37.504864487690895,0.000
					-72.6573021611911,-37.50487298834031,0.000
					-72.65748623670653,-37.50489549528329,0.000
					-72.6573189189263,-37.50494040112954,0.000
					-72.65696670692591,-37.50500612402334,0.000
				</coordinates>
			</LinearRing>
		</innerBoundaryIs>
		<innerBoundaryIs>
			<LinearRing>
				<tessellate>1</tessellate>
				<coordinates>
					-72.65646580311729,-37.50502405378433,0.000
					-72.65669952168054,-37.5050311107988,0.000
					-72.6567706973996,-37.505018178501594,0.000
					-72.65690246753383,-37.5050175936847,0.000
					-72.65656269781476,-37.505078257670384,0.000
					-72.65649943765318,-37.50506949164891,0.000
					-72.65645771196077,-37.505042181795986,0.000
					-72.65646580311729,-37.50502405378433,0.000
				</coordinates>
			</LinearRing>
		</innerBoundaryIs>
	</Polygon>
</MultiGeometry>
</Placemark>

<Placemark>
<name>ZPR-1</name>
<description><![CDATA[<p><b>ZONA NOMBRE: </b> ZPR-1</p>
<p><b>ZONA GLOSA: </b>Zona de Riesgo por Inundación</p>
<p><b>USOS PERMITIDOS: </b>Áreas verdes públicas o privadas, equipamiento deportivo.</p>
<p><b>USOS PROHIBIDOS: </b>Todos los usos de suelo no mencionados como permitidos.</p>]]></description>
<ExtendedData>
	<Data name="fid"><displayName>fid</displayName><value><![CDATA[12]]></value></Data>
	<Data name="ZONA_NOM"><displayName>ZONA_NOM</displayName><value><![CDATA[ZPR-1]]></value></Data>
	<Data name="ZONA_GLOSA"><displayName>ZONA_GLOSA</displayName><value><![CDATA[Zona de Riesgo por Inundación]]></value></Data>
	<Data name="USOS_PERMITIDOS"><displayName>USOS_PERMITIDOS</displayName><value><![CDATA[Áreas verdes públicas o privadas, equipamiento deportivo.]]></value></Data>
	<Data name="USOS_PROHIBIDOS"><displayName>USOS_PROHIBIDOS</displayName><value><![CDATA[Todos los usos de suelo no mencionados como permitidos.]]></value></Data>
	<Data name="P_DO"><displayName>P_DO</displayName><value><![CDATA[13/07/2009]]></value></Data>
	<Data name="N_DOC"><displayName>N_DOC</displayName><value><![CDATA[15]]></value></Data>
	<Data name="T_DO"><displayName>T_DO</displayName><value><![CDATA[Resolución]]></value></Data>
	<Data name="color_"><displayName>color_</displayName><value><![CDATA[127,255,191,254]]></value></Data>
</ExtendedData>
<styleUrl>#style16</styleUrl>
<MultiGeometry>
	<Polygon>
		<outerBoundaryIs>
			<LinearRing>
				<tessellate>1</tessellate>
				<coordinates>
					-72.66138735916697,-37.504898538764195,0.000
					-72.66169144435251,-37.50546331804932,0.000
					-72.66199795420563,-37.506102142467306,0.000
					-72.66223082825043,-37.50658116727746,0.000
					-72.66249422242912,-37.50841789538342,0.000
					-72.66255916341161,-37.509098617248426,0.000
					-72.66260281211055,-37.509556148917305,0.000
					-72.66687013150887,-37.509024678849066,0.000
					-72.66686876651433,-37.50899681277181,0.000
					-72.66683488415893,-37.50885485056207,0.000
					-72.66674001003628,-37.508750537663104,0.000
					-72.6666097264056,-37.5082897866452,0.000
					-72.6663979527921,-37.507631345674696,0.000
					-72.66629783703159,-37.50741993319887,0.000
					-72.66629980567353,-37.507276856509954,0.000
					-72.66623414210959,-37.50703577006758,0.000
					-72.66613809580217,-37.50672412097711,0.000
					-72.66592089575487,-37.50601579161432,0.000
					-72.66588781680363,-37.50595127118017,0.000
					-72.66588887636378,-37.50582013962263,0.000
					-72.66578351982835,-37.50550162823807,0.000
					-72.66574548874178,-37.50533595888307,0.000
					-72.665605599998,-37.50492317606445,0.000
					-72.6654689160945,-37.50457584277859,0.000
					-72.66542855597169,-37.5043625725873,0.000
					-72.6653776275437,-37.504239016614086,0.000
					-72.66528760918128,-37.504080919924725,0.000
					-72.66509602954646,-37.50368166111681,0.000
					-72.66494480873948,-37.50349567151502,0.000
					-72.66488437538871,-37.50333069686753,0.000
					-72.66480241062256,-37.5031842682634,0.000
					-72.66466205230758,-37.50291451515649,0.000
					-72.66457455563096,-37.50265503757624,0.000
					-72.66445602202458,-37.5023726874788,0.000
					-72.6643971328058,-37.50193355105965,0.000
					-72.66430818260478,-37.50164432335502,0.000
					-72.6642013853335,-37.501296058987975,0.000
					-72.66410380363125,-37.50098326352962,0.000
					-72.66404191888348,-37.50078853839242,0.000
					-72.6640299821915,-37.50054459058555,0.000
					-72.66394365562016,-37.50030891167386,0.000
					-72.66393469516086,-37.50018339380776,0.000
					-72.6628816862105,-37.50058291117798,0.000
					-72.66110716933747,-37.501248197591686,0.000
					-72.65970657968938,-37.5016817372229,0.000
					-72.65987483719087,-37.502087305675474,0.000
					-72.66061427694156,-37.503504058585634,0.000
					-72.66095801368195,-37.50417033417436,0.000
					-72.6613228634667,-37.504778746992905,0.000
					-72.66138735916697,-37.504898538764195,0.000
				</coordinates>
			</LinearRing>
		</outerBoundaryIs>
	</Polygon>
</MultiGeometry>
</Placemark>

<Placemark>
<name>ZMC</name>
<description><![CDATA[<p><b>ZONA NOMBRE: </b> ZMC</p>
<p><b>ZONA GLOSA: </b>Zona Microcentro</p>
<p><b>USOS PERMITIDOS: </b>Residencial; Equipamiento científico, comercio, culto y cultura, deporte, educación, esparcimiento, salud, seguridad, servicios y social; Actividades productivas inofensivas (panaderías). Más detalle en Ordenanza.</p>
<p><b>USOS PROHIBIDOS: </b>Residencial; Equipamiento científico, comercio, culto y cultura, deporte, educación, esparcimiento, salud, seguridad, servicios y social; Actividades productivas inofensivas (panaderías). Más detalle en Ordenanza.</p>]]></description>
<ExtendedData>
	<Data name="fid"><displayName>fid</displayName><value><![CDATA[13]]></value></Data>
	<Data name="ZONA_NOM"><displayName>ZONA_NOM</displayName><value><![CDATA[ZMC]]></value></Data>
	<Data name="ZONA_GLOSA"><displayName>ZONA_GLOSA</displayName><value><![CDATA[Zona Microcentro]]></value></Data>
	<Data name="USOS_PERMITIDOS"><displayName>USOS_PERMITIDOS</displayName><value><![CDATA[Residencial; Equipamiento científico, comercio, culto y cultura, deporte, educación, esparcimiento, salud, seguridad, servicios y social; Actividades productivas inofensivas (panaderías). Más detalle en Ordenanza.]]></value></Data>
	<Data name="USOS_PROHIBIDOS"><displayName>USOS_PROHIBIDOS</displayName><value><![CDATA[Residencial; Equipamiento científico, comercio, culto y cultura, deporte, educación, esparcimiento, salud, seguridad, servicios y social; Actividades productivas inofensivas (panaderías). Más detalle en Ordenanza.]]></value></Data>
	<Data name="P_DO"><displayName>P_DO</displayName><value><![CDATA[13/07/2009]]></value></Data>
	<Data name="N_DOC"><displayName>N_DOC</displayName><value><![CDATA[15]]></value></Data>
	<Data name="T_DO"><displayName>T_DO</displayName><value><![CDATA[Resolución]]></value></Data>
	<Data name="color_"><displayName>color_</displayName><value><![CDATA[255,63,0,254]]></value></Data>
</ExtendedData>
<styleUrl>#style15</styleUrl>
<MultiGeometry>
	<Polygon>
		<outerBoundaryIs>
			<LinearRing>
				<tessellate>1</tessellate>
				<coordinates>
					-72.65847388742534,-37.50485964421596,0.000
					-72.6584326155427,-37.50496579196549,0.000
					-72.65904946025432,-37.50469877579933,0.000
					-72.65975283265409,-37.504398075277805,0.000
					-72.65976726707572,-37.50432611955819,0.000
					-72.6594530169789,-37.50395687599269,0.000
					-72.65938504655632,-37.503851722161656,0.000
					-72.65940983987352,-37.5038080483061,0.000
					-72.65965694189539,-37.503721723611264,0.000
					-72.65974342259398,-37.50365468403599,0.000
					-72.65970303706288,-37.50356297618948,0.000
					-72.65960992579248,-37.503494356837884,0.000
					-72.65887014420045,-37.50341719314556,0.000
					-72.65866713228255,-37.50403845873618,0.000
					-72.65849344819605,-37.50470887046834,0.000
					-72.65847388742534,-37.50485964421596,0.000
				</coordinates>
			</LinearRing>
		</outerBoundaryIs>
	</Polygon>
</MultiGeometry>
</Placemark>

<Placemark>
<name>ZMC</name>
<description><![CDATA[<p><b>ZONA NOMBRE: </b> ZMC</p>
<p><b>ZONA GLOSA: </b>Zona Microcentro</p>
<p><b>USOS PERMITIDOS: </b>Residencial; Equipamiento científico, comercio, culto y cultura, deporte, educación, esparcimiento, salud, seguridad, servicios y social; Actividades productivas inofensivas (panaderías). Más detalle en Ordenanza.</p>
<p><b>USOS PROHIBIDOS: </b>Residencial; Equipamiento científico, comercio, culto y cultura, deporte, educación, esparcimiento, salud, seguridad, servicios y social; Actividades productivas inofensivas (panaderías). Más detalle en Ordenanza.</p>]]></description>
<ExtendedData>
	<Data name="fid"><displayName>fid</displayName><value><![CDATA[14]]></value></Data>
	<Data name="ZONA_NOM"><displayName>ZONA_NOM</displayName><value><![CDATA[ZMC]]></value></Data>
	<Data name="ZONA_GLOSA"><displayName>ZONA_GLOSA</displayName><value><![CDATA[Zona Microcentro]]></value></Data>
	<Data name="USOS_PERMITIDOS"><displayName>USOS_PERMITIDOS</displayName><value><![CDATA[Residencial; Equipamiento científico, comercio, culto y cultura, deporte, educación, esparcimiento, salud, seguridad, servicios y social; Actividades productivas inofensivas (panaderías). Más detalle en Ordenanza.]]></value></Data>
	<Data name="USOS_PROHIBIDOS"><displayName>USOS_PROHIBIDOS</displayName><value><![CDATA[Residencial; Equipamiento científico, comercio, culto y cultura, deporte, educación, esparcimiento, salud, seguridad, servicios y social; Actividades productivas inofensivas (panaderías). Más detalle en Ordenanza.]]></value></Data>
	<Data name="P_DO"><displayName>P_DO</displayName><value><![CDATA[13/07/2009]]></value></Data>
	<Data name="N_DOC"><displayName>N_DOC</displayName><value><![CDATA[15]]></value></Data>
	<Data name="T_DO"><displayName>T_DO</displayName><value><![CDATA[Resolución]]></value></Data>
	<Data name="color_"><displayName>color_</displayName><value><![CDATA[255,63,0,254]]></value></Data>
</ExtendedData>
<styleUrl>#style15</styleUrl>
<MultiGeometry>
	<Polygon>
		<outerBoundaryIs>
			<LinearRing>
				<tessellate>1</tessellate>
				<coordinates>
					-72.6563618499251,-37.507041378949594,0.000
					-72.65662481859084,-37.50755443176155,0.000
					-72.657169377586,-37.50737069774641,0.000
					-72.65693041039634,-37.506870559610235,0.000
					-72.6563618499251,-37.507041378949594,0.000
				</coordinates>
			</LinearRing>
		</outerBoundaryIs>
	</Polygon>
</MultiGeometry>
</Placemark>

<Placemark>
<name>ZRC-2</name>
<description><![CDATA[<p><b>ZONA NOMBRE: </b> ZRC-2</p>
<p><b>ZONA GLOSA: </b>Zona Residencial Condicionada</p>
<p><b>USOS PERMITIDOS: </b>Vivienda en extensión. Equipamiento: comercio (locales comerciales), culto y cultura, educación, esparcimiento, salud, seguridad, servicios y social. Actividades productivas inofensivas y molestas (existente). Más detalle en Ordenanza.</p>
<p><b>USOS PROHIBIDOS: </b>Todo los usos no mencionados como permitidos.</p>]]></description>
<ExtendedData>
	<Data name="fid"><displayName>fid</displayName><value><![CDATA[15]]></value></Data>
	<Data name="ZONA_NOM"><displayName>ZONA_NOM</displayName><value><![CDATA[ZRC-2]]></value></Data>
	<Data name="ZONA_GLOSA"><displayName>ZONA_GLOSA</displayName><value><![CDATA[Zona Residencial Condicionada]]></value></Data>
	<Data name="USOS_PERMITIDOS"><displayName>USOS_PERMITIDOS</displayName><value><![CDATA[Vivienda en extensión. Equipamiento: comercio (locales comerciales), culto y cultura, educación, esparcimiento, salud, seguridad, servicios y social. Actividades productivas inofensivas y molestas (existente). Más detalle en Ordenanza.]]></value></Data>
	<Data name="USOS_PROHIBIDOS"><displayName>USOS_PROHIBIDOS</displayName><value><![CDATA[Todo los usos no mencionados como permitidos.]]></value></Data>
	<Data name="P_DO"><displayName>P_DO</displayName><value><![CDATA[13/07/2009]]></value></Data>
	<Data name="N_DOC"><displayName>N_DOC</displayName><value><![CDATA[15]]></value></Data>
	<Data name="T_DO"><displayName>T_DO</displayName><value><![CDATA[Resolución]]></value></Data>
	<Data name="color_"><displayName>color_</displayName><value><![CDATA[255,255,0,254]]></value></Data>
</ExtendedData>
<styleUrl>#style25</styleUrl>
<MultiGeometry>
	<Polygon>
		<outerBoundaryIs>
			<LinearRing>
				<tessellate>1</tessellate>
				<coordinates>
					-72.65562069694414,-37.507151185769786,0.000
					-72.65539829274246,-37.50725342231571,0.000
					-72.6550123019776,-37.50743700177146,0.000
					-72.65468884938781,-37.507675849769434,0.000
					-72.65434009957961,-37.507886876496954,0.000
					-72.65336414904534,-37.508489171212396,0.000
					-72.65215985341305,-37.50931782054154,0.000
					-72.6513723897933,-37.50992300397109,0.000
					-72.65007547975439,-37.510899830087965,0.000
					-72.65017812673854,-37.5110016992493,0.000
					-72.65019947812978,-37.511022889604575,0.000
					-72.65025723109802,-37.5109812002836,0.000
					-72.65052032001667,-37.51079128547096,0.000
					-72.65194942042257,-37.50972448318653,0.000
					-72.65276954625264,-37.50905551701854,0.000
					-72.65317068932762,-37.508814268096124,0.000
					-72.65341328692607,-37.508635135596606,0.000
					-72.65359045236266,-37.50858674364937,0.000
					-72.65400090090661,-37.50835235502919,0.000
					-72.65426386016108,-37.508222645262606,0.000
					-72.65451924938509,-37.50812177264411,0.000
					-72.65496076300411,-37.507972227947654,0.000
					-72.65510172740515,-37.50791780507648,0.000
					-72.65526888071986,-37.507848268040036,0.000
					-72.6555146077596,-37.50773339111529,0.000
					-72.65562320596446,-37.50775147858752,0.000
					-72.65573902411616,-37.50773358777367,0.000
					-72.6557889648257,-37.507653380855544,0.000
					-72.65586275826657,-37.5076939986771,0.000
					-72.65604197397442,-37.50823905698653,0.000
					-72.65565901611022,-37.508300981534916,0.000
					-72.65560279895796,-37.50825266767024,0.000
					-72.6555961744394,-37.50811700737348,0.000
					-72.65540691060781,-37.50810142047569,0.000
					-72.65521834402672,-37.508100112360395,0.000
					-72.65510391958668,-37.508146562681844,0.000
					-72.6550397865582,-37.50811994665678,0.000
					-72.65490778509007,-37.508174092658265,0.000
					-72.65483817464174,-37.508219154215475,0.000
					-72.65460967331404,-37.50831919450796,0.000
					-72.65446766326801,-37.508352197258596,0.000
					-72.65424882136323,-37.50846623831572,0.000
					-72.65395827639668,-37.508582500955846,0.000
					-72.65364223649877,-37.5087281557565,0.000
					-72.65319453845582,-37.50893509357802,0.000
					-72.65312657995706,-37.50898389303297,0.000
					-72.65396335325207,-37.50883977338662,0.000
					-72.65514498676585,-37.508650614417526,0.000
					-72.65617886091252,-37.508499394202104,0.000
					-72.65645830011248,-37.508462129590306,0.000
					-72.65736243190476,-37.50810516341535,0.000
					-72.65885592410238,-37.50756306019648,0.000
					-72.6605391987371,-37.50698644535762,0.000
					-72.6611710784632,-37.506814285863626,0.000
					-72.66214190083052,-37.50659822960677,0.000
					-72.66223082825043,-37.50658116727746,0.000
					-72.66199795420563,-37.506102142467306,0.000
					-72.66169144435251,-37.50546331804932,0.000
					-72.66138735916697,-37.504898538764195,0.000
					-72.66087481414282,-37.50525472884867,0.000
					-72.66007537060278,-37.50573241965071,0.000
					-72.65959348977694,-37.50597381237676,0.000
					-72.65809429170119,-37.50652086868988,0.000
					-72.65693041039634,-37.506870559610235,0.000
					-72.657169377586,-37.50737069774641,0.000
					-72.65662481859084,-37.50755443176155,0.000
					-72.6563618499251,-37.507041378949594,0.000
					-72.65597117413027,-37.507158752712414,0.000
					-72.65562069694414,-37.507151185769786,0.000
				</coordinates>
			</LinearRing>
		</outerBoundaryIs>
	</Polygon>
</MultiGeometry>
</Placemark>

<Placemark>
<name>ZAMAP</name>
<description><![CDATA[<p><b>ZONA NOMBRE: </b> ZAMAP</p>
<p><b>ZONA GLOSA: </b>Zona Amortiguador Ambiental</p>
<p><b>USOS PERMITIDOS: </b>Se restringe el uso de cualquier actividad en esta zona.</p>
<p><b>USOS PROHIBIDOS: </b>Todos los usos de suelo no mencionados como permitidos.</p>]]></description>
<ExtendedData>
	<Data name="fid"><displayName>fid</displayName><value><![CDATA[16]]></value></Data>
	<Data name="ZONA_NOM"><displayName>ZONA_NOM</displayName><value><![CDATA[ZAMAP]]></value></Data>
	<Data name="ZONA_GLOSA"><displayName>ZONA_GLOSA</displayName><value><![CDATA[Zona Amortiguador Ambiental]]></value></Data>
	<Data name="USOS_PERMITIDOS"><displayName>USOS_PERMITIDOS</displayName><value><![CDATA[Se restringe el uso de cualquier actividad en esta zona.]]></value></Data>
	<Data name="USOS_PROHIBIDOS"><displayName>USOS_PROHIBIDOS</displayName><value><![CDATA[Todos los usos de suelo no mencionados como permitidos.]]></value></Data>
	<Data name="P_DO"><displayName>P_DO</displayName><value><![CDATA[13/07/2009]]></value></Data>
	<Data name="N_DOC"><displayName>N_DOC</displayName><value><![CDATA[15]]></value></Data>
	<Data name="T_DO"><displayName>T_DO</displayName><value><![CDATA[Resolución]]></value></Data>
	<Data name="color_"><displayName>color_</displayName><value><![CDATA[204,204,102,254]]></value></Data>
</ExtendedData>
<styleUrl>#style4</styleUrl>
<MultiGeometry>
	<Polygon>
		<outerBoundaryIs>
			<LinearRing>
				<tessellate>1</tessellate>
				<coordinates>
					-72.66241111943675,-37.51005500960408,0.000
					-72.65614200223911,-37.510835414489435,0.000
					-72.65039622316148,-37.5115568273753,0.000
					-72.64955466789554,-37.5117258835239,0.000
					-72.64886208941645,-37.512004739294845,0.000
					-72.64844391640875,-37.51226556905898,0.000
					-72.64776153655157,-37.5127538598651,0.000
					-72.64697807846197,-37.51337875413105,0.000
					-72.64538490463184,-37.514581667718794,0.000
					-72.64304484098083,-37.51617947412328,0.000
					-72.63729633954587,-37.52030414166119,0.000
					-72.63489900329041,-37.52220866099597,0.000
					-72.63382234560238,-37.523125613024376,0.000
					-72.63433277250478,-37.523214507809875,0.000
					-72.63714456415254,-37.5237041596355,0.000
					-72.6403852206133,-37.52424775697742,0.000
					-72.6435541972955,-37.524793478249485,0.000
					-72.64723081813756,-37.52543782981106,0.000
					-72.64748082769916,-37.525383817077476,0.000
					-72.64831073247004,-37.52527948972419,0.000
					-72.65681138583427,-37.52432260931069,0.000
					-72.6610255787165,-37.52384148664948,0.000
					-72.66276529665396,-37.52360101298351,0.000
					-72.66281955881877,-37.5231519891543,0.000
					-72.66288682325425,-37.522416945055454,0.000
					-72.6629696917337,-37.52181728050497,0.000
					-72.6629699786593,-37.52173146233392,0.000
					-72.66264278857419,-37.52170028332964,0.000
					-72.66189828112077,-37.521530329047444,0.000
					-72.6615007073987,-37.52147831439554,0.000
					-72.6612472622822,-37.52143612697754,0.000
					-72.66083350744303,-37.521420366662,0.000
					-72.65953356990293,-37.52127478559217,0.000
					-72.65737609645016,-37.52103422107675,0.000
					-72.65641028827696,-37.52092829984666,0.000
					-72.65626686018344,-37.52093274604486,0.000
					-72.65604234401285,-37.52203377812321,0.000
					-72.65582445104519,-37.52327046987561,0.000
					-72.65097980533297,-37.52279126202875,0.000
					-72.6446076761763,-37.52210163334778,0.000
					-72.64125750444072,-37.52170454827772,0.000
					-72.638021815469,-37.52126093093342,0.000
					-72.64155214431979,-37.518534784491365,0.000
					-72.6443299098542,-37.51658262807503,0.000
					-72.64778546376782,-37.514173249433,0.000
					-72.64875909807475,-37.51352101437112,0.000
					-72.64908482825324,-37.51338937396878,0.000
					-72.65023231617906,-37.512989178599824,0.000
					-72.652164477478,-37.512664791339056,0.000
					-72.65377533536471,-37.51237892784195,0.000
					-72.65384066941947,-37.51206226899767,0.000
					-72.65457157093181,-37.51213973766934,0.000
					-72.6545581764218,-37.5122331134548,0.000
					-72.65695324035568,-37.511829948237136,0.000
					-72.65988990104354,-37.511488590980754,0.000
					-72.66099573822427,-37.51133986246385,0.000
					-72.66151966953744,-37.51122348853454,0.000
					-72.66222911077979,-37.510997174535014,0.000
					-72.66222188793934,-37.510982502633766,0.000
					-72.66224027846631,-37.510899697010935,0.000
					-72.66230447185488,-37.51074396242957,0.000
					-72.66247720878016,-37.51051334902009,0.000
					-72.6625298786767,-37.51039730118488,0.000
					-72.66253481901192,-37.51003960784649,0.000
					-72.66241111943675,-37.51005500960408,0.000
				</coordinates>
			</LinearRing>
		</outerBoundaryIs>
	</Polygon>
</MultiGeometry>
</Placemark>

<Placemark>
<name>AV</name>
<description><![CDATA[<p><b>ZONA NOMBRE: </b> AV</p>
<p><b>ZONA GLOSA: </b>Área Verde</p>
<p><b>USOS PERMITIDOS: </b>Área Verde</p>
<p><b>USOS PROHIBIDOS: </b>Todos los usos de suelo no mencionados como permitidos.</p>]]></description>
<ExtendedData>
	<Data name="fid"><displayName>fid</displayName><value><![CDATA[17]]></value></Data>
	<Data name="ZONA_NOM"><displayName>ZONA_NOM</displayName><value><![CDATA[AV]]></value></Data>
	<Data name="ZONA_GLOSA"><displayName>ZONA_GLOSA</displayName><value><![CDATA[Área Verde]]></value></Data>
	<Data name="USOS_PERMITIDOS"><displayName>USOS_PERMITIDOS</displayName><value><![CDATA[Área Verde]]></value></Data>
	<Data name="USOS_PROHIBIDOS"><displayName>USOS_PROHIBIDOS</displayName><value><![CDATA[Todos los usos de suelo no mencionados como permitidos.]]></value></Data>
	<Data name="P_DO"><displayName>P_DO</displayName><value><![CDATA[13/07/2009]]></value></Data>
	<Data name="N_DOC"><displayName>N_DOC</displayName><value><![CDATA[15]]></value></Data>
	<Data name="T_DO"><displayName>T_DO</displayName><value><![CDATA[Resolución]]></value></Data>
	<Data name="color_"><displayName>color_</displayName><value><![CDATA[1,255,56,254]]></value></Data>
</ExtendedData>
<styleUrl>#style2</styleUrl>
<MultiGeometry>
	<Polygon>
		<outerBoundaryIs>
			<LinearRing>
				<tessellate>1</tessellate>
				<coordinates>
					-72.65377533536471,-37.51237892784195,0.000
					-72.65371735691251,-37.51256277154335,0.000
					-72.65444624755658,-37.512629577205374,0.000
					-72.6545581764218,-37.5122331134548,0.000
					-72.65457157093181,-37.51213973766934,0.000
					-72.65384066941947,-37.51206226899767,0.000
					-72.65377533536471,-37.51237892784195,0.000
				</coordinates>
			</LinearRing>
		</outerBoundaryIs>
	</Polygon>
</MultiGeometry>
</Placemark>

<Placemark>
<name>ZPR-1</name>
<description><![CDATA[<p><b>ZONA NOMBRE: </b> ZPR-1</p>
<p><b>ZONA GLOSA: </b>Zona de Riesgo por Inundación</p>
<p><b>USOS PERMITIDOS: </b>Áreas verdes públicas o privadas, equipamiento deportivo.</p>
<p><b>USOS PROHIBIDOS: </b>Todos los usos de suelo no mencionados como permitidos.</p>]]></description>
<ExtendedData>
	<Data name="fid"><displayName>fid</displayName><value><![CDATA[18]]></value></Data>
	<Data name="ZONA_NOM"><displayName>ZONA_NOM</displayName><value><![CDATA[ZPR-1]]></value></Data>
	<Data name="ZONA_GLOSA"><displayName>ZONA_GLOSA</displayName><value><![CDATA[Zona de Riesgo por Inundación]]></value></Data>
	<Data name="USOS_PERMITIDOS"><displayName>USOS_PERMITIDOS</displayName><value><![CDATA[Áreas verdes públicas o privadas, equipamiento deportivo.]]></value></Data>
	<Data name="USOS_PROHIBIDOS"><displayName>USOS_PROHIBIDOS</displayName><value><![CDATA[Todos los usos de suelo no mencionados como permitidos.]]></value></Data>
	<Data name="P_DO"><displayName>P_DO</displayName><value><![CDATA[13/07/2009]]></value></Data>
	<Data name="N_DOC"><displayName>N_DOC</displayName><value><![CDATA[15]]></value></Data>
	<Data name="T_DO"><displayName>T_DO</displayName><value><![CDATA[Resolución]]></value></Data>
	<Data name="color_"><displayName>color_</displayName><value><![CDATA[127,255,191,254]]></value></Data>
</ExtendedData>
<styleUrl>#style16</styleUrl>
<MultiGeometry>
	<Polygon>
		<outerBoundaryIs>
			<LinearRing>
				<tessellate>1</tessellate>
				<coordinates>
					-72.66318138223825,-37.51426352652121,0.000
					-72.6633648436984,-37.51434363815812,0.000
					-72.66341431793616,-37.51434567632177,0.000
					-72.66348637461823,-37.51435058960673,0.000
					-72.6635973688406,-37.514325689476344,0.000
					-72.66379712310763,-37.51428015603726,0.000
					-72.66389967747376,-37.514266244614035,0.000
					-72.6639453687853,-37.51428270251059,0.000
					-72.66401760014948,-37.51429118475614,0.000
					-72.66409792160437,-37.51428153848815,0.000
					-72.66418615721538,-37.514250194444955,0.000
					-72.66429907363124,-37.51426456388272,0.000
					-72.66437893313224,-37.514337166353,0.000
					-72.66438326920577,-37.514343448651964,0.000
					-72.66450938672088,-37.51447237149963,0.000
					-72.6645631189063,-37.51465304758535,0.000
					-72.6646051533488,-37.51486984047991,0.000
					-72.66460836571055,-37.515090571868775,0.000
					-72.66445609079314,-37.51531662844804,0.000
					-72.66424219848763,-37.51553183798005,0.000
					-72.66394923909392,-37.515660118309064,0.000
					-72.66357072061979,-37.51587448093653,0.000
					-72.66323895403981,-37.51597416990032,0.000
					-72.66287934664645,-37.51611643529402,0.000
					-72.66275042468219,-37.51623366017872,0.000
					-72.66267362195568,-37.51640366738512,0.000
					-72.66266910070006,-37.51640989325876,0.000
					-72.66254135366276,-37.51691799084411,0.000
					-72.66245324245239,-37.51741055604588,0.000
					-72.6624515556983,-37.51746781462735,0.000
					-72.66250132769973,-37.51765934056649,0.000
					-72.66276338295478,-37.51796941292111,0.000
					-72.66293248277039,-37.518214439252766,0.000
					-72.6629785869967,-37.51833099548663,0.000
					-72.66295874681455,-37.518567587621455,0.000
					-72.6629091657761,-37.51893024256741,0.000
					-72.66287454283929,-37.51923165117128,0.000
					-72.66284177967724,-37.51947937053022,0.000
					-72.66283567324433,-37.51962972685663,0.000
					-72.66281950229141,-37.51994128835374,0.000
					-72.66280460591177,-37.52009549235007,0.000
					-72.66277370352347,-37.520289523323385,0.000
					-72.6627696328845,-37.520389760556824,0.000
					-72.66276177779892,-37.520504417758524,0.000
					-72.6627653338809,-37.52066877555653,0.000
					-72.66274508237132,-37.52080526868089,0.000
					-72.662725878237,-37.52096318294619,0.000
					-72.66276441856616,-37.52110857718041,0.000
					-72.66284458183159,-37.52137066677579,0.000
					-72.6629699786593,-37.52173146233392,0.000
					-72.6629696917337,-37.52181728050497,0.000
					-72.66288682325425,-37.522416945055454,0.000
					-72.66281955881877,-37.5231519891543,0.000
					-72.66276529665396,-37.52360101298351,0.000
					-72.66282698359994,-37.52359248569447,0.000
					-72.66521225895151,-37.5231435658621,0.000
					-72.66522465886358,-37.52217484558936,0.000
					-72.66573199606286,-37.51783166417848,0.000
					-72.66607849222466,-37.515375326707016,0.000
					-72.66645103314553,-37.512717956965304,0.000
					-72.66676380553614,-37.51123832260156,0.000
					-72.66695253796112,-37.510815326268876,0.000
					-72.66709285556357,-37.5105034805468,0.000
					-72.66727254944048,-37.510140354647575,0.000
					-72.66728242985566,-37.50997557928415,0.000
					-72.66717741104623,-37.509664209359265,0.000
					-72.66711801838133,-37.50950392085626,0.000
					-72.66520557053428,-37.50967777255297,0.000
					-72.66253481901192,-37.51003960784649,0.000
					-72.6625298786767,-37.51039730118488,0.000
					-72.66247720878016,-37.51051334902009,0.000
					-72.66230447185488,-37.51074396242957,0.000
					-72.66224027846631,-37.510899697010935,0.000
					-72.66222188793934,-37.510982502633766,0.000
					-72.66222911077979,-37.510997174535014,0.000
					-72.66226175722545,-37.51106349857356,0.000
					-72.66235266967412,-37.51117866408276,0.000
					-72.66245475703772,-37.51124700225066,0.000
					-72.66254753164081,-37.511308479152916,0.000
					-72.6626832006219,-37.511329294121374,0.000
					-72.66280216645212,-37.51137565599792,0.000
					-72.66299759149028,-37.51289270653975,0.000
					-72.66311629665654,-37.513850801822834,0.000
					-72.66311967838031,-37.51401158951101,0.000
					-72.66310425862827,-37.514155083911554,0.000
					-72.6631125845591,-37.5142334843445,0.000
					-72.66318138223825,-37.51426352652121,0.000
				</coordinates>
			</LinearRing>
		</outerBoundaryIs>
	</Polygon>
</MultiGeometry>
</Placemark>

<Placemark>
<name>ZPR-5</name>
<description><![CDATA[<p><b>ZONA NOMBRE: </b> ZPR-5</p>
<p><b>ZONA GLOSA: </b>Zona de Protección</p>
<p><b>USOS PERMITIDOS: </b>Áreas verdes públicas o privadas.</p>
<p><b>USOS PROHIBIDOS: </b>Todos los usos de suelo no mencionados como permitidos.</p>]]></description>
<ExtendedData>
	<Data name="fid"><displayName>fid</displayName><value><![CDATA[19]]></value></Data>
	<Data name="ZONA_NOM"><displayName>ZONA_NOM</displayName><value><![CDATA[ZPR-5]]></value></Data>
	<Data name="ZONA_GLOSA"><displayName>ZONA_GLOSA</displayName><value><![CDATA[Zona de Protección]]></value></Data>
	<Data name="USOS_PERMITIDOS"><displayName>USOS_PERMITIDOS</displayName><value><![CDATA[Áreas verdes públicas o privadas.]]></value></Data>
	<Data name="USOS_PROHIBIDOS"><displayName>USOS_PROHIBIDOS</displayName><value><![CDATA[Todos los usos de suelo no mencionados como permitidos.]]></value></Data>
	<Data name="P_DO"><displayName>P_DO</displayName><value><![CDATA[13/07/2009]]></value></Data>
	<Data name="N_DOC"><displayName>N_DOC</displayName><value><![CDATA[15]]></value></Data>
	<Data name="T_DO"><displayName>T_DO</displayName><value><![CDATA[Resolución]]></value></Data>
	<Data name="color_"><displayName>color_</displayName><value><![CDATA[223,255,127,254]]></value></Data>
</ExtendedData>
<styleUrl>#style20</styleUrl>
<MultiGeometry>
	<Polygon>
		<outerBoundaryIs>
			<LinearRing>
				<tessellate>1</tessellate>
				<coordinates>
					-72.6663248622551,-37.49882963441677,0.000
					-72.66624155436035,-37.49827866600536,0.000
					-72.66633418839305,-37.49815422342555,0.000
					-72.66661930054222,-37.49774491773248,0.000
					-72.66697330462239,-37.49727626379391,0.000
					-72.66705178784584,-37.496129696566335,0.000
					-72.6671278578926,-37.49548376076732,0.000
					-72.66742213934778,-37.49489539832274,0.000
					-72.66784034086945,-37.4940886592013,0.000
					-72.66815371271343,-37.49370707467726,0.000
					-72.66860717636872,-37.49307085541095,0.000
					-72.6691291706793,-37.492368146665754,0.000
					-72.66934955752619,-37.49210386345295,0.000
					-72.67062269366114,-37.49116325994735,0.000
					-72.67102676616126,-37.49087390410273,0.000
					-72.67100261276286,-37.49085825683552,0.000
					-72.67088983814698,-37.490754503710264,0.000
					-72.67084048649205,-37.49066307869393,0.000
					-72.67074633316548,-37.490573048489,0.000
					-72.67064286914257,-37.49047615665232,0.000
					-72.6704487512116,-37.49036063227067,0.000
					-72.67025626940894,-37.49023665319517,0.000
					-72.66990233193063,-37.49048709078235,0.000
					-72.66968186147737,-37.49062743007387,0.000
					-72.6693456476289,-37.49084764410223,0.000
					-72.6692313026043,-37.49095607785971,0.000
					-72.66907738582447,-37.49098946867261,0.000
					-72.66894474157003,-37.491212884654544,0.000
					-72.66881798208269,-37.49131217002218,0.000
					-72.66867647654873,-37.49135470844972,0.000
					-72.6684965071023,-37.49158912964607,0.000
					-72.6683228879997,-37.49170894062072,0.000
					-72.6682080751825,-37.49180785480405,0.000
					-72.6679205738811,-37.492045618506936,0.000
					-72.66772492295237,-37.492204251707015,0.000
					-72.66760655065049,-37.49247489478488,0.000
					-72.66724286899523,-37.49286757577146,0.000
					-72.6670514092222,-37.493111887042424,0.000
					-72.66673055476375,-37.49364625193989,0.000
					-72.66633677998551,-37.49440217230879,0.000
					-72.66613103490029,-37.49459925393783,0.000
					-72.66607921726674,-37.49476294892262,0.000
					-72.66603112615348,-37.49500280342319,0.000
					-72.66590126111784,-37.49528333704794,0.000
					-72.6658095706034,-37.49561035565852,0.000
					-72.66567847398474,-37.49611021745608,0.000
					-72.6655945361705,-37.49635118561016,0.000
					-72.66553419449012,-37.49682978064379,0.000
					-72.66551296043546,-37.49737390089476,0.000
					-72.66535376875389,-37.49778882587961,0.000
					-72.66532088391783,-37.4980949480049,0.000
					-72.66523694323476,-37.49833591601811,0.000
					-72.66527621697766,-37.49864933120905,0.000
					-72.66523341349941,-37.49924179369413,0.000
					-72.6652902280138,-37.49966907639124,0.000
					-72.66526683403154,-37.499848043526086,0.000
					-72.66529989749768,-37.50006511535308,0.000
					-72.66533156326776,-37.50025362745941,0.000
					-72.66540309418329,-37.50052313558753,0.000
					-72.66541893400073,-37.50075504406544,0.000
					-72.66548616053298,-37.50102826056855,0.000
					-72.66555710725514,-37.501194100155,0.000
					-72.6655972113681,-37.501371623999155,0.000
					-72.66561631005241,-37.501578403644814,0.000
					-72.66566694989743,-37.50178777791127,0.000
					-72.66573324554821,-37.501993662106,0.000
					-72.66591746261797,-37.50192213602435,0.000
					-72.66599924211381,-37.50188145656665,0.000
					-72.66593591610254,-37.50168796922817,0.000
					-72.66589873432076,-37.50141739502224,0.000
					-72.6658721884167,-37.50124183372227,0.000
					-72.66582632093305,-37.50103826969718,0.000
					-72.66577812350025,-37.50078710587238,0.000
					-72.6657625947279,-37.5005921331297,0.000
					-72.66575581819791,-37.50008702062206,0.000
					-72.66576044093783,-37.499448072309974,0.000
					-72.66574514693096,-37.49925785972519,0.000
					-72.6663248622551,-37.49882963441677,0.000
				</coordinates>
			</LinearRing>
		</outerBoundaryIs>
	</Polygon>
</MultiGeometry>
</Placemark>

<Placemark>
<name>ZexR-1</name>
<description><![CDATA[<p><b>ZONA NOMBRE: </b> ZexR-1</p>
<p><b>ZONA GLOSA: </b>Zona de Extensión Residencial</p>
<p><b>USOS PERMITIDOS: </b>Residencial; Equipamiento científico, comercio, culto y cultura, deporte, educación, esparcimiento, salud, seguridad, servicios y social; Actividades productivas inofensivas. Más detalle en Ordenanza.</p>
<p><b>USOS PROHIBIDOS: </b>Todos los usos de suelo no mencionados como permitidos, además de centros de rehabilitación, cementerios, crematorios, cárceles y centros de detención.</p>]]></description>
<ExtendedData>
	<Data name="fid"><displayName>fid</displayName><value><![CDATA[20]]></value></Data>
	<Data name="ZONA_NOM"><displayName>ZONA_NOM</displayName><value><![CDATA[ZexR-1]]></value></Data>
	<Data name="ZONA_GLOSA"><displayName>ZONA_GLOSA</displayName><value><![CDATA[Zona de Extensión Residencial]]></value></Data>
	<Data name="USOS_PERMITIDOS"><displayName>USOS_PERMITIDOS</displayName><value><![CDATA[Residencial; Equipamiento científico, comercio, culto y cultura, deporte, educación, esparcimiento, salud, seguridad, servicios y social; Actividades productivas inofensivas. Más detalle en Ordenanza.]]></value></Data>
	<Data name="USOS_PROHIBIDOS"><displayName>USOS_PROHIBIDOS</displayName><value><![CDATA[Todos los usos de suelo no mencionados como permitidos, además de centros de rehabilitación, cementerios, crematorios, cárceles y centros de detención.]]></value></Data>
	<Data name="P_DO"><displayName>P_DO</displayName><value><![CDATA[13/07/2009]]></value></Data>
	<Data name="N_DOC"><displayName>N_DOC</displayName><value><![CDATA[15]]></value></Data>
	<Data name="T_DO"><displayName>T_DO</displayName><value><![CDATA[Resolución]]></value></Data>
	<Data name="color_"><displayName>color_</displayName><value><![CDATA[204,178,102,254]]></value></Data>
</ExtendedData>
<styleUrl>#style11</styleUrl>
<MultiGeometry>
	<Polygon>
		<outerBoundaryIs>
			<LinearRing>
				<tessellate>1</tessellate>
				<coordinates>
					-72.67102676616126,-37.49087390410273,0.000
					-72.67062269366114,-37.49116325994735,0.000
					-72.66934955752619,-37.49210386345295,0.000
					-72.6691291706793,-37.492368146665754,0.000
					-72.66860717636872,-37.49307085541095,0.000
					-72.66815371271343,-37.49370707467726,0.000
					-72.66784034086945,-37.4940886592013,0.000
					-72.66742213934778,-37.49489539832274,0.000
					-72.6671278578926,-37.49548376076732,0.000
					-72.66705178784584,-37.496129696566335,0.000
					-72.66697330462239,-37.49727626379391,0.000
					-72.66661930054222,-37.49774491773248,0.000
					-72.66633418839305,-37.49815422342555,0.000
					-72.66624155436035,-37.49827866600536,0.000
					-72.6663248622551,-37.49882963441677,0.000
					-72.66703865689003,-37.49830235745021,0.000
					-72.66755769412306,-37.497904847078566,0.000
					-72.66766499879094,-37.497896743627024,0.000
					-72.66800212250692,-37.49793870188727,0.000
					-72.66887786252884,-37.49798297783906,0.000
					-72.66949437841534,-37.497987638499175,0.000
					-72.66972593849117,-37.49758475884116,0.000
					-72.67001056297853,-37.49716592645137,0.000
					-72.6701114653688,-37.49701500447017,0.000
					-72.67021246882663,-37.49687838081372,0.000
					-72.67028840859736,-37.49671870122468,0.000
					-72.67021734993708,-37.496459112934964,0.000
					-72.67021829015889,-37.496173052687546,0.000
					-72.67020721006676,-37.49594695542998,0.000
					-72.67031911014809,-37.49578854083113,0.000
					-72.67052062174658,-37.49562733720172,0.000
					-72.67063368713356,-37.49549272168244,0.000
					-72.67067091114744,-37.49533662929811,0.000
					-72.67057488539076,-37.4952085193132,0.000
					-72.67041853627575,-37.49507036821433,0.000
					-72.67030466072339,-37.49488322337713,0.000
					-72.67022240470702,-37.494730848164146,0.000
					-72.6700877632406,-37.494425169204646,0.000
					-72.6700520627707,-37.49430709988579,0.000
					-72.66998299342984,-37.49411856082008,0.000
					-72.66991625676512,-37.49397762128823,0.000
					-72.66991275835157,-37.49390622234146,0.000
					-72.6699994518178,-37.49384393556459,0.000
					-72.67025684342158,-37.49390743614842,0.000
					-72.67054352038637,-37.49395810721127,0.000
					-72.6708032444874,-37.49406920614503,0.000
					-72.67107790511612,-37.49417983970604,0.000
					-72.67127789086288,-37.49429279642644,0.000
					-72.67138476912791,-37.49433714257563,0.000
					-72.67186498440692,-37.49417083885311,0.000
					-72.67237666574893,-37.49399044406356,0.000
					-72.67268644564071,-37.49390214185899,0.000
					-72.67283738033461,-37.49386883997312,0.000
					-72.67311446704497,-37.493845911846805,0.000
					-72.6732385182953,-37.493813446446914,0.000
					-72.67345112726133,-37.49375677075406,0.000
					-72.67365197410817,-37.49364325568639,0.000
					-72.67379905546129,-37.49353141365961,0.000
					-72.67408866274279,-37.49321491139879,0.000
					-72.67434102486322,-37.49287096537975,0.000
					-72.67448830728364,-37.4925803466086,0.000
					-72.67460065112007,-37.49212634775832,0.000
					-72.67462493483822,-37.49188961558186,0.000
					-72.67475884700258,-37.49169237429136,0.000
					-72.67490136925497,-37.49148771254587,0.000
					-72.6750277212079,-37.49131930863691,0.000
					-72.6751027605648,-37.49120255885308,0.000
					-72.67516708934558,-37.49105038837827,0.000
					-72.67512669343627,-37.49095868630228,0.000
					-72.67483805936862,-37.49074600277824,0.000
					-72.67452058883879,-37.490677232931624,0.000
					-72.67358470394875,-37.49044179868055,0.000
					-72.67329446864647,-37.49037932685257,0.000
					-72.67312281942208,-37.49035606791027,0.000
					-72.67272785903114,-37.49035406215942,0.000
					-72.67262418441143,-37.49043594847506,0.000
					-72.67254984069437,-37.4905669766469,0.000
					-72.67255439137165,-37.490659795504925,0.000
					-72.67254137112829,-37.49076031164422,0.000
					-72.67246142739853,-37.49077710169977,0.000
					-72.6722570856972,-37.49081921657378,0.000
					-72.67220577288167,-37.49087086960756,0.000
					-72.6721823909956,-37.490943105131066,0.000
					-72.67226618638682,-37.49100485344149,0.000
					-72.67236069213232,-37.49110202352904,0.000
					-72.6724082956846,-37.49115774794977,0.000
					-72.67245743969866,-37.49142794761298,0.000
					-72.67224728537902,-37.49153459995825,0.000
					-72.67211287720336,-37.49153878351027,0.000
					-72.67174094170021,-37.491457399846176,0.000
					-72.67165644730825,-37.491381370467664,0.000
					-72.67146603730761,-37.4911584712774,0.000
					-72.67102676616126,-37.49087390410273,0.000
				</coordinates>
			</LinearRing>
		</outerBoundaryIs>
	</Polygon>
</MultiGeometry>
</Placemark>

<Placemark>
<name>ZPR-5</name>
<description><![CDATA[<p><b>ZONA NOMBRE: </b> ZPR-5</p>
<p><b>ZONA GLOSA: </b>Zona de Protección</p>
<p><b>USOS PERMITIDOS: </b>Áreas verdes públicas o privadas.</p>
<p><b>USOS PROHIBIDOS: </b>Todos los usos de suelo no mencionados como permitidos.</p>]]></description>
<ExtendedData>
	<Data name="fid"><displayName>fid</displayName><value><![CDATA[21]]></value></Data>
	<Data name="ZONA_NOM"><displayName>ZONA_NOM</displayName><value><![CDATA[ZPR-5]]></value></Data>
	<Data name="ZONA_GLOSA"><displayName>ZONA_GLOSA</displayName><value><![CDATA[Zona de Protección]]></value></Data>
	<Data name="USOS_PERMITIDOS"><displayName>USOS_PERMITIDOS</displayName><value><![CDATA[Áreas verdes públicas o privadas.]]></value></Data>
	<Data name="USOS_PROHIBIDOS"><displayName>USOS_PROHIBIDOS</displayName><value><![CDATA[Todos los usos de suelo no mencionados como permitidos.]]></value></Data>
	<Data name="P_DO"><displayName>P_DO</displayName><value><![CDATA[13/07/2009]]></value></Data>
	<Data name="N_DOC"><displayName>N_DOC</displayName><value><![CDATA[15]]></value></Data>
	<Data name="T_DO"><displayName>T_DO</displayName><value><![CDATA[Resolución]]></value></Data>
	<Data name="color_"><displayName>color_</displayName><value><![CDATA[223,255,127,254]]></value></Data>
</ExtendedData>
<styleUrl>#style20</styleUrl>
<MultiGeometry>
	<Polygon>
		<outerBoundaryIs>
			<LinearRing>
				<tessellate>1</tessellate>
				<coordinates>
					-72.66713129780308,-37.505652872257606,0.000
					-72.66715290676434,-37.50572434697381,0.000
					-72.66728136786647,-37.50614923500955,0.000
					-72.6673509104869,-37.50634729469322,0.000
					-72.66757073282028,-37.50716995190809,0.000
					-72.66758734742669,-37.50726477957638,0.000
					-72.66768501787809,-37.507426211056334,0.000
					-72.66769747784754,-37.5074973313709,0.000
					-72.66770027626221,-37.5075544505389,0.000
					-72.66770272490356,-37.50760443026003,0.000
					-72.66775068645643,-37.507667295512874,0.000
					-72.66779108426334,-37.5077589999123,0.000
					-72.66782182053075,-37.50783670316177,0.000
					-72.6678240515865,-37.5080654584804,0.000
					-72.66786409988951,-37.50815002248998,0.000
					-72.66793103671782,-37.508233750403505,0.000
					-72.66797899781753,-37.508296616461244,0.000
					-72.66800938467951,-37.508367179291874,0.000
					-72.66801183359875,-37.50841715898879,0.000
					-72.66802779257567,-37.50855967815586,0.000
					-72.6680479510123,-37.50878787688017,0.000
					-72.6680696626223,-37.50895780673764,0.000
					-72.6681165961333,-37.50908965026197,0.000
					-72.66856929516105,-37.50902010110779,0.000
					-72.66861994932563,-37.508832605750094,0.000
					-72.66859974437888,-37.50854243497362,0.000
					-72.6685894806555,-37.50833299766752,0.000
					-72.66854514340079,-37.50803881079334,0.000
					-72.66854047824097,-37.507943612577506,0.000
					-72.66842056386646,-37.50769468063916,0.000
					-72.6683643671657,-37.50752480975783,0.000
					-72.668300096181,-37.50731228440292,0.000
					-72.66825104049845,-37.507166026986404,0.000
					-72.66822915059467,-37.507085665916335,0.000
					-72.66815727253453,-37.506840006443014,0.000
					-72.66811993498754,-37.506688617985006,0.000
					-72.66807970950346,-37.50635616491587,0.000
					-72.6680667855234,-37.50621450447918,0.000
					-72.66798645665446,-37.506040616254026,0.000
					-72.66791924589016,-37.50589015658417,0.000
					-72.66789782316553,-37.505819314062705,0.000
					-72.66749616366856,-37.505560072943915,0.000
					-72.66713129780308,-37.505652872257606,0.000
				</coordinates>
			</LinearRing>
		</outerBoundaryIs>
	</Polygon>
</MultiGeometry>
</Placemark>

<Placemark>
<name>ZR-3</name>
<description><![CDATA[<p><b>ZONA NOMBRE: </b> ZR-3</p>
<p><b>ZONA GLOSA: </b>Zona Residencial</p>
<p><b>USOS PERMITIDOS: </b>Residencial, vivienda en extensión. Equipamiento: comercio, culto y cultura, deporte, educación, salud, seguridad, servicios y social.</p>
<p><b>USOS PROHIBIDOS: </b>Residencial. Equipamiento: comercio, culto y cultura, deporte, educación, salud, seguridad, servicios y social.</p>]]></description>
<ExtendedData>
	<Data name="fid"><displayName>fid</displayName><value><![CDATA[22]]></value></Data>
	<Data name="ZONA_NOM"><displayName>ZONA_NOM</displayName><value><![CDATA[ZR-3]]></value></Data>
	<Data name="ZONA_GLOSA"><displayName>ZONA_GLOSA</displayName><value><![CDATA[Zona Residencial]]></value></Data>
	<Data name="USOS_PERMITIDOS"><displayName>USOS_PERMITIDOS</displayName><value><![CDATA[Residencial, vivienda en extensión. Equipamiento: comercio, culto y cultura, deporte, educación, salud, seguridad, servicios y social.]]></value></Data>
	<Data name="USOS_PROHIBIDOS"><displayName>USOS_PROHIBIDOS</displayName><value><![CDATA[Residencial. Equipamiento: comercio, culto y cultura, deporte, educación, salud, seguridad, servicios y social.]]></value></Data>
	<Data name="P_DO"><displayName>P_DO</displayName><value><![CDATA[13/07/2009]]></value></Data>
	<Data name="N_DOC"><displayName>N_DOC</displayName><value><![CDATA[15]]></value></Data>
	<Data name="T_DO"><displayName>T_DO</displayName><value><![CDATA[Resolución]]></value></Data>
	<Data name="color_"><displayName>color_</displayName><value><![CDATA[255,255,127,254]]></value></Data>
</ExtendedData>
<styleUrl>#style21</styleUrl>
<MultiGeometry>
	<Polygon>
		<outerBoundaryIs>
			<LinearRing>
				<tessellate>1</tessellate>
				<coordinates>
					-72.6874167426254,-37.497894518673505,0.000
					-72.6875069517136,-37.49779486423882,0.000
					-72.68854670376794,-37.49661347224297,0.000
					-72.68961834213763,-37.495412005456856,0.000
					-72.69105502269389,-37.49372715973594,0.000
					-72.6918534526712,-37.4928107166946,0.000
					-72.69267472480473,-37.49187257843752,0.000
					-72.69215933214288,-37.4916122138245,0.000
					-72.69166268068635,-37.492156910934625,0.000
					-72.69086932895661,-37.49171931803381,0.000
					-72.69170836707715,-37.49053464536738,0.000
					-72.69170602124657,-37.49048704690981,0.000
					-72.69120926566144,-37.490240396102514,0.000
					-72.6913989947795,-37.489962731039434,0.000
					-72.69102546487727,-37.489788498545366,0.000
					-72.6905606945826,-37.48958374857796,0.000
					-72.69017267700724,-37.490086903306,0.000
					-72.68979648018333,-37.49046574221832,0.000
					-72.68950519277352,-37.49074657998905,0.000
					-72.6893744873445,-37.49100809493521,0.000
					-72.68918310710347,-37.49125243813891,0.000
					-72.68904572249231,-37.491499859230615,0.000
					-72.68890213691267,-37.491985832639074,0.000
					-72.68884358032912,-37.4922546250975,0.000
					-72.68868089923046,-37.49271735983483,0.000
					-72.68839406581664,-37.49357488420872,0.000
					-72.68821392702307,-37.49404769818157,0.000
					-72.68815021039819,-37.49421177384028,0.000
					-72.68805018172466,-37.494367450621745,0.000
					-72.68803765101003,-37.49447748761648,0.000
					-72.68788291951117,-37.49461580540045,0.000
					-72.68767653070822,-37.49479864216362,0.000
					-72.68757193329141,-37.49498306343729,0.000
					-72.68751348469397,-37.49513267263824,0.000
					-72.68752778048291,-37.49542302373704,0.000
					-72.68756433597065,-37.49592243375267,0.000
					-72.68758073762216,-37.496012497400216,0.000
					-72.68753306528548,-37.496137933371195,0.000
					-72.68742483405214,-37.496370140917165,0.000
					-72.68734436381885,-37.4965585753408,0.000
					-72.68725522534908,-37.49681402147595,0.000
					-72.68724515248798,-37.49685247418232,0.000
					-72.68717908831366,-37.49696895084655,0.000
					-72.68713551449302,-37.49705612159886,0.000
					-72.68711056469112,-37.49715701173645,0.000
					-72.68710236647638,-37.4972335428161,0.000
					-72.68710014158006,-37.497309887203755,0.000
					-72.68719151311211,-37.49746434767668,0.000
					-72.6872991657236,-37.4975849296758,0.000
					-72.68738772561578,-37.497682271951085,0.000
					-72.68742251756645,-37.49778129479511,0.000
					-72.6874167426254,-37.497894518673505,0.000
				</coordinates>
			</LinearRing>
		</outerBoundaryIs>
	</Polygon>
</MultiGeometry>
</Placemark>

<Placemark>
<name>ZPR-5</name>
<description><![CDATA[<p><b>ZONA NOMBRE: </b> ZPR-5</p>
<p><b>ZONA GLOSA: </b>Zona de Protección</p>
<p><b>USOS PERMITIDOS: </b>Áreas verdes públicas o privadas.</p>
<p><b>USOS PROHIBIDOS: </b>Todos los usos de suelo no mencionados como permitidos.</p>]]></description>
<ExtendedData>
	<Data name="fid"><displayName>fid</displayName><value><![CDATA[23]]></value></Data>
	<Data name="ZONA_NOM"><displayName>ZONA_NOM</displayName><value><![CDATA[ZPR-5]]></value></Data>
	<Data name="ZONA_GLOSA"><displayName>ZONA_GLOSA</displayName><value><![CDATA[Zona de Protección]]></value></Data>
	<Data name="USOS_PERMITIDOS"><displayName>USOS_PERMITIDOS</displayName><value><![CDATA[Áreas verdes públicas o privadas.]]></value></Data>
	<Data name="USOS_PROHIBIDOS"><displayName>USOS_PROHIBIDOS</displayName><value><![CDATA[Todos los usos de suelo no mencionados como permitidos.]]></value></Data>
	<Data name="P_DO"><displayName>P_DO</displayName><value><![CDATA[13/07/2009]]></value></Data>
	<Data name="N_DOC"><displayName>N_DOC</displayName><value><![CDATA[15]]></value></Data>
	<Data name="T_DO"><displayName>T_DO</displayName><value><![CDATA[Resolución]]></value></Data>
	<Data name="color_"><displayName>color_</displayName><value><![CDATA[223,255,127,254]]></value></Data>
</ExtendedData>
<styleUrl>#style20</styleUrl>
<MultiGeometry>
	<Polygon>
		<outerBoundaryIs>
			<LinearRing>
				<tessellate>1</tessellate>
				<coordinates>
					-72.67254766134445,-37.48942648625459,0.000
					-72.67289467719705,-37.48961684685263,0.000
					-72.67313758898088,-37.48969032715705,0.000
					-72.67388788377872,-37.48986242062434,0.000
					-72.6740075883547,-37.48986345957236,0.000
					-72.6744076252654,-37.489603107740884,0.000
					-72.67492269291957,-37.48924859491163,0.000
					-72.67528067487484,-37.48898478268633,0.000
					-72.67554788448082,-37.48869996173648,0.000
					-72.67590352598366,-37.48838854852618,0.000
					-72.67682049773043,-37.48756862259227,0.000
					-72.67720225796984,-37.48718011653726,0.000
					-72.6774580244997,-37.48696715580557,0.000
					-72.67764953741667,-37.48684677407361,0.000
					-72.6779868762297,-37.48665033764312,0.000
					-72.67815038982074,-37.48656896598089,0.000
					-72.67828053042261,-37.48641712599068,0.000
					-72.67878997557618,-37.485705233139065,0.000
					-72.67896943248462,-37.485461278082845,0.000
					-72.67906173159399,-37.48539165893821,0.000
					-72.6792720912978,-37.485289756002246,0.000
					-72.67945188362744,-37.48517450354204,0.000
					-72.67977412039971,-37.484792613339955,0.000
					-72.68011240180748,-37.48437208476167,0.000
					-72.68031093968676,-37.48415136910835,0.000
					-72.68062096646801,-37.484008216936246,0.000
					-72.680690538804,-37.48396314201459,0.000
					-72.68061675765897,-37.48392253908627,0.000
					-72.68040793359336,-37.48393381979156,0.000
					-72.68019570890687,-37.4839976457272,0.000
					-72.68010013944135,-37.48400062666051,0.000
					-72.67993265937494,-37.48400108381495,0.000
					-72.67970498063963,-37.48399388324022,0.000
					-72.67964454827084,-37.483981466431466,0.000
					-72.67987635342102,-37.48370727445252,0.000
					-72.67998399716123,-37.48358473742141,0.000
					-72.68017889801806,-37.48341180660419,0.000
					-72.68056319133419,-37.483075650833285,0.000
					-72.68072939417073,-37.482927450845,0.000
					-72.6804880309196,-37.48276336092653,0.000
					-72.68015263142392,-37.48251162785608,0.000
					-72.68004212026251,-37.48242003241582,0.000
					-72.67999826699577,-37.48246963800574,0.000
					-72.6796838838498,-37.482889421749505,0.000
					-72.67922001113087,-37.48335120800329,0.000
					-72.67904196300366,-37.483623722499324,0.000
					-72.678753125433,-37.483832950963226,0.000
					-72.678593357416,-37.48399048170275,0.000
					-72.67837572692842,-37.484187954209176,0.000
					-72.67834970301121,-37.48438898790001,0.000
					-72.67814635450807,-37.48463368683369,0.000
					-72.67787973740147,-37.48505197609021,0.000
					-72.67751754696863,-37.48547324378611,0.000
					-72.67701786706161,-37.48577484905752,0.000
					-72.6766657458424,-37.48615766333675,0.000
					-72.67612060633613,-37.486508352765824,0.000
					-72.67606974816728,-37.48669109081453,0.000
					-72.67577995637724,-37.486881273058096,0.000
					-72.67557238944191,-37.48704028908873,0.000
					-72.67538050430002,-37.48727509234465,0.000
					-72.67509771354842,-37.487608070308504,0.000
					-72.67472849108034,-37.487886533527664,0.000
					-72.6742229057641,-37.488312257793275,0.000
					-72.67369062043443,-37.488681605187786,0.000
					-72.67308851359402,-37.48909126209019,0.000
					-72.67254766134445,-37.48942648625459,0.000
				</coordinates>
			</LinearRing>
		</outerBoundaryIs>
	</Polygon>
</MultiGeometry>
</Placemark>

<Placemark>
<name>ZexR-2</name>
<description><![CDATA[<p><b>ZONA NOMBRE: </b> ZexR-2</p>
<p><b>ZONA GLOSA: </b>Zona de Extensión Residencial</p>
<p><b>USOS PERMITIDOS: </b>Residencial; Equipamiento científico, comercio pequeño asociado a vivienda, culto y cultura, deporte, educación, esparcimiento, salud (Postas y Policlínicos), seguridad, servicios y social; Actividad productiva inofensiva. Ver Ordenanza.</p>
<p><b>USOS PROHIBIDOS: </b>Todos los usos de suelo no mencionados como permitidos. En especial los centros de orientación o rehabilitación conductual</p>]]></description>
<ExtendedData>
	<Data name="fid"><displayName>fid</displayName><value><![CDATA[24]]></value></Data>
	<Data name="ZONA_NOM"><displayName>ZONA_NOM</displayName><value><![CDATA[ZexR-2]]></value></Data>
	<Data name="ZONA_GLOSA"><displayName>ZONA_GLOSA</displayName><value><![CDATA[Zona de Extensión Residencial]]></value></Data>
	<Data name="USOS_PERMITIDOS"><displayName>USOS_PERMITIDOS</displayName><value><![CDATA[Residencial; Equipamiento científico, comercio pequeño asociado a vivienda, culto y cultura, deporte, educación, esparcimiento, salud (Postas y Policlínicos), seguridad, servicios y social; Actividad productiva inofensiva. Ver Ordenanza.]]></value></Data>
	<Data name="USOS_PROHIBIDOS"><displayName>USOS_PROHIBIDOS</displayName><value><![CDATA[Todos los usos de suelo no mencionados como permitidos. En especial los centros de orientación o rehabilitación conductual]]></value></Data>
	<Data name="P_DO"><displayName>P_DO</displayName><value><![CDATA[13/07/2009]]></value></Data>
	<Data name="N_DOC"><displayName>N_DOC</displayName><value><![CDATA[15]]></value></Data>
	<Data name="T_DO"><displayName>T_DO</displayName><value><![CDATA[Resolución]]></value></Data>
	<Data name="color_"><displayName>color_</displayName><value><![CDATA[255,127,127,254]]></value></Data>
</ExtendedData>
<styleUrl>#style12</styleUrl>
<MultiGeometry>
	<Polygon>
		<outerBoundaryIs>
			<LinearRing>
				<tessellate>1</tessellate>
				<coordinates>
					-72.6740075883547,-37.48986345957236,0.000
					-72.67405587765748,-37.489963655757705,0.000
					-72.67411080724206,-37.489985781675955,0.000
					-72.67418893113911,-37.489992882801204,0.000
					-72.67436683428582,-37.4900826865548,0.000
					-72.6745518803848,-37.490196103159114,0.000
					-72.67471116306207,-37.4902721838718,0.000
					-72.67485065828417,-37.49031074356656,0.000
					-72.67507588549788,-37.49038953718686,0.000
					-72.67531306005623,-37.490467959081826,0.000
					-72.67553161463623,-37.490532658136765,0.000
					-72.67564651401688,-37.49055768158526,0.000
					-72.6759146272755,-37.490535026702126,0.000
					-72.67606303368754,-37.49051133367144,0.000
					-72.67619902483574,-37.4904784932552,0.000
					-72.67665679048972,-37.490297376778365,0.000
					-72.676796419687,-37.49021675023954,0.000
					-72.67698854066924,-37.48998670570112,0.000
					-72.67717058182158,-37.48979511124683,0.000
					-72.67739887801137,-37.48969265234325,0.000
					-72.67763431471793,-37.48961380600889,0.000
					-72.67777030338245,-37.48958096299875,0.000
					-72.67837656570406,-37.48950008994239,0.000
					-72.67925568215641,-37.4887623672875,0.000
					-72.67912878167037,-37.48812752171331,0.000
					-72.67914436422474,-37.48807936374065,0.000
					-72.67970063921749,-37.487590064448504,0.000
					-72.67979200488787,-37.487501405719094,0.000
					-72.67999735371758,-37.4871755999052,0.000
					-72.68015514752413,-37.486856043687794,0.000
					-72.680274742208,-37.486733133564,0.000
					-72.680377584688,-37.486634581463356,0.000
					-72.6805181372408,-37.486572990901806,0.000
					-72.68074852351211,-37.48651336513303,0.000
					-72.68101053812609,-37.486366942126914,0.000
					-72.68119266880642,-37.48629928609177,0.000
					-72.68160611806151,-37.48619104226656,0.000
					-72.68175311009239,-37.48613878337017,0.000
					-72.68179603855211,-37.4860993066807,0.000
					-72.68189736621908,-37.485848250473005,0.000
					-72.68193392324078,-37.485618285385954,0.000
					-72.68207682854619,-37.48536116495006,0.000
					-72.68212380302793,-37.48522145036985,0.000
					-72.68216761104843,-37.48513904155917,0.000
					-72.68229153455145,-37.4849826238937,0.000
					-72.68234845895411,-37.484923641220014,0.000
					-72.68242202271443,-37.48471635656644,0.000
					-72.68250109278635,-37.484499365067514,0.000
					-72.68265347594718,-37.48431345665106,0.000
					-72.68273675512972,-37.48418214272187,0.000
					-72.68284556443955,-37.484083403240355,0.000
					-72.6827040967025,-37.483882830273316,0.000
					-72.68218444074384,-37.483899049130166,0.000
					-72.68169711431732,-37.48384274927576,0.000
					-72.68151488250207,-37.483786462011984,0.000
					-72.68130104091041,-37.483573843980885,0.000
					-72.68117539254926,-37.48332987000337,0.000
					-72.68098876616074,-37.48318409641355,0.000
					-72.68072939417073,-37.482927450845,0.000
					-72.68056319133419,-37.483075650833285,0.000
					-72.68017889801806,-37.48341180660419,0.000
					-72.67998399716123,-37.48358473742141,0.000
					-72.67987635342102,-37.48370727445252,0.000
					-72.67964454827084,-37.483981466431466,0.000
					-72.67970498063963,-37.48399388324022,0.000
					-72.67993265937494,-37.48400108381495,0.000
					-72.68010013944135,-37.48400062666051,0.000
					-72.68019570890687,-37.4839976457272,0.000
					-72.68040793359336,-37.48393381979156,0.000
					-72.68061675765897,-37.48392253908627,0.000
					-72.680690538804,-37.48396314201459,0.000
					-72.68062096646801,-37.484008216936246,0.000
					-72.68031093968676,-37.48415136910835,0.000
					-72.68011240180748,-37.48437208476167,0.000
					-72.67977412039971,-37.484792613339955,0.000
					-72.67945188362744,-37.48517450354204,0.000
					-72.6792720912978,-37.485289756002246,0.000
					-72.67906173159399,-37.48539165893821,0.000
					-72.67896943248462,-37.485461278082845,0.000
					-72.67878997557618,-37.485705233139065,0.000
					-72.67828053042261,-37.48641712599068,0.000
					-72.67815038982074,-37.48656896598089,0.000
					-72.6779868762297,-37.48665033764312,0.000
					-72.67764953741667,-37.48684677407361,0.000
					-72.6774580244997,-37.48696715580557,0.000
					-72.67720225796984,-37.48718011653726,0.000
					-72.67682049773043,-37.48756862259227,0.000
					-72.67590352598366,-37.48838854852618,0.000
					-72.67554788448082,-37.48869996173648,0.000
					-72.67528067487484,-37.48898478268633,0.000
					-72.67492269291957,-37.48924859491163,0.000
					-72.6744076252654,-37.489603107740884,0.000
					-72.6740075883547,-37.48986345957236,0.000
				</coordinates>
			</LinearRing>
		</outerBoundaryIs>
	</Polygon>
</MultiGeometry>
</Placemark>

<Placemark>
<name>ZPR-1</name>
<description><![CDATA[<p><b>ZONA NOMBRE: </b> ZPR-1</p>
<p><b>ZONA GLOSA: </b>Zona de Riesgo por Inundación</p>
<p><b>USOS PERMITIDOS: </b>Áreas verdes públicas o privadas, equipamiento deportivo.</p>
<p><b>USOS PROHIBIDOS: </b>Todos los usos de suelo no mencionados como permitidos.</p>]]></description>
<ExtendedData>
	<Data name="fid"><displayName>fid</displayName><value><![CDATA[25]]></value></Data>
	<Data name="ZONA_NOM"><displayName>ZONA_NOM</displayName><value><![CDATA[ZPR-1]]></value></Data>
	<Data name="ZONA_GLOSA"><displayName>ZONA_GLOSA</displayName><value><![CDATA[Zona de Riesgo por Inundación]]></value></Data>
	<Data name="USOS_PERMITIDOS"><displayName>USOS_PERMITIDOS</displayName><value><![CDATA[Áreas verdes públicas o privadas, equipamiento deportivo.]]></value></Data>
	<Data name="USOS_PROHIBIDOS"><displayName>USOS_PROHIBIDOS</displayName><value><![CDATA[Todos los usos de suelo no mencionados como permitidos.]]></value></Data>
	<Data name="P_DO"><displayName>P_DO</displayName><value><![CDATA[13/07/2009]]></value></Data>
	<Data name="N_DOC"><displayName>N_DOC</displayName><value><![CDATA[15]]></value></Data>
	<Data name="T_DO"><displayName>T_DO</displayName><value><![CDATA[Resolución]]></value></Data>
	<Data name="color_"><displayName>color_</displayName><value><![CDATA[127,255,191,254]]></value></Data>
</ExtendedData>
<styleUrl>#style16</styleUrl>
<MultiGeometry>
	<Polygon>
		<outerBoundaryIs>
			<LinearRing>
				<tessellate>1</tessellate>
				<coordinates>
					-72.68048818450814,-37.48211249567437,0.000
					-72.6811857454837,-37.482794788947,0.000
					-72.6816184611675,-37.48320079912649,0.000
					-72.68173826339708,-37.483325774496116,0.000
					-72.68189590122827,-37.483368527398575,0.000
					-72.68196300733415,-37.48339503630858,0.000
					-72.68245326319003,-37.48338927105198,0.000
					-72.68282429195939,-37.483391991919326,0.000
					-72.68295757007654,-37.483425968795004,0.000
					-72.68307960350808,-37.483474598947296,0.000
					-72.68329556876296,-37.48348692525392,0.000
					-72.6835404615918,-37.48347927996501,0.000
					-72.68379589696357,-37.48344270198361,0.000
					-72.68402029728938,-37.483383256944215,0.000
					-72.684125236684,-37.48332754079712,0.000
					-72.68422900683233,-37.483248025520204,0.000
					-72.68436287419114,-37.48317233778861,0.000
					-72.68445493125516,-37.483097955553255,0.000
					-72.68452520248078,-37.483067158111105,0.000
					-72.68456947596353,-37.482994267976416,0.000
					-72.68461257787027,-37.482897577964586,0.000
					-72.68481039606135,-37.48266257602057,0.000
					-72.68488699424128,-37.48251716871239,0.000
					-72.68490807725637,-37.482459303330046,0.000
					-72.68490153031725,-37.48208290110392,0.000
					-72.68490810042628,-37.48172992475193,0.000
					-72.6849266084271,-37.48161970121965,0.000
					-72.68502569270343,-37.481444988546684,0.000
					-72.68510802850129,-37.48129463444606,0.000
					-72.68529459713996,-37.481074283736234,0.000
					-72.6855052903781,-37.480857947569,0.000
					-72.68555049815409,-37.480804095991594,0.000
					-72.6855780205444,-37.48075556429816,0.000
					-72.68556131578303,-37.48068808028433,0.000
					-72.68299127203056,-37.47885806948666,0.000
					-72.68271182014554,-37.47925770053222,0.000
					-72.6818807162246,-37.48036102139691,0.000
					-72.68107114104001,-37.48141599308635,0.000
					-72.680599815213,-37.48205043079788,0.000
					-72.68048818450814,-37.48211249567437,0.000
				</coordinates>
			</LinearRing>
		</outerBoundaryIs>
	</Polygon>
</MultiGeometry>
</Placemark>

<Placemark>
<name>ZST</name>
<description><![CDATA[<p><b>ZONA NOMBRE: </b> ZST</p>
<p><b>ZONA GLOSA: </b>Zona Servicio Turístico</p>
<p><b>USOS PERMITIDOS: </b>Vivienda asociada a la actividad principal, hospedaje; Equipamiento  comercio (restaurantes, fuentes de soda, bares, discotecas, cabañas en arriendo y similares), culto y cultura, deportivo y esparcimiento.</p>
<p><b>USOS PROHIBIDOS: </b>Todos los usos de suelo no mencionados como permitidos.</p>]]></description>
<ExtendedData>
	<Data name="fid"><displayName>fid</displayName><value><![CDATA[26]]></value></Data>
	<Data name="ZONA_NOM"><displayName>ZONA_NOM</displayName><value><![CDATA[ZST]]></value></Data>
	<Data name="ZONA_GLOSA"><displayName>ZONA_GLOSA</displayName><value><![CDATA[Zona Servicio Turístico]]></value></Data>
	<Data name="USOS_PERMITIDOS"><displayName>USOS_PERMITIDOS</displayName><value><![CDATA[Vivienda asociada a la actividad principal, hospedaje; Equipamiento  comercio (restaurantes, fuentes de soda, bares, discotecas, cabañas en arriendo y similares), culto y cultura, deportivo y esparcimiento.]]></value></Data>
	<Data name="USOS_PROHIBIDOS"><displayName>USOS_PROHIBIDOS</displayName><value><![CDATA[Todos los usos de suelo no mencionados como permitidos.]]></value></Data>
	<Data name="P_DO"><displayName>P_DO</displayName><value><![CDATA[13/07/2009]]></value></Data>
	<Data name="N_DOC"><displayName>N_DOC</displayName><value><![CDATA[15]]></value></Data>
	<Data name="T_DO"><displayName>T_DO</displayName><value><![CDATA[Resolución]]></value></Data>
	<Data name="color_"><displayName>color_</displayName><value><![CDATA[153,204,0,254]]></value></Data>
</ExtendedData>
<styleUrl>#style29</styleUrl>
<MultiGeometry>
	<Polygon>
		<outerBoundaryIs>
			<LinearRing>
				<tessellate>1</tessellate>
				<coordinates>
					-72.68709295900011,-37.48481503628396,0.000
					-72.68702136949425,-37.48491023364786,0.000
					-72.6869354614018,-37.48517034517256,0.000
					-72.68694248848014,-37.48531314144101,0.000
					-72.6871224744799,-37.48577946707547,0.000
					-72.68719880825974,-37.48596300095995,0.000
					-72.68726091234657,-37.486039718745715,0.000
					-72.68747779216284,-37.48616165398106,0.000
					-72.68768018009794,-37.486262589971076,0.000
					-72.68780575499221,-37.486319804153005,0.000
					-72.68789518368645,-37.48631700884367,0.000
					-72.68799005197238,-37.48626935071317,0.000
					-72.68803565550914,-37.48620833551099,0.000
					-72.68806339614535,-37.48608828898148,0.000
					-72.68808198644047,-37.48585828763816,0.000
					-72.68805006629312,-37.48551366592621,0.000
					-72.68801221597236,-37.48512453683137,0.000
					-72.68797576112873,-37.48499159907292,0.000
					-72.68791968934245,-37.48491588496494,0.000
					-72.68787986809585,-37.484866478517766,0.000
					-72.68780688718797,-37.48482704706446,0.000
					-72.68769701378932,-37.484797707214994,0.000
					-72.68750201031054,-37.48478592492407,0.000
					-72.68728965806345,-37.48480150013779,0.000
					-72.68709295900011,-37.48481503628396,0.000
				</coordinates>
			</LinearRing>
		</outerBoundaryIs>
	</Polygon>
</MultiGeometry>
</Placemark>

<Placemark>
<name>ZST</name>
<description><![CDATA[<p><b>ZONA NOMBRE: </b> ZST</p>
<p><b>ZONA GLOSA: </b>Zona Servicio Turístico</p>
<p><b>USOS PERMITIDOS: </b>Vivienda asociada a la actividad principal, hospedaje; Equipamiento  comercio (restaurantes, fuentes de soda, bares, discotecas, cabañas en arriendo y similares), culto y cultura, deportivo y esparcimiento.</p>
<p><b>USOS PROHIBIDOS: </b>Todos los usos de suelo no mencionados como permitidos.</p>]]></description>
<ExtendedData>
	<Data name="fid"><displayName>fid</displayName><value><![CDATA[27]]></value></Data>
	<Data name="ZONA_NOM"><displayName>ZONA_NOM</displayName><value><![CDATA[ZST]]></value></Data>
	<Data name="ZONA_GLOSA"><displayName>ZONA_GLOSA</displayName><value><![CDATA[Zona Servicio Turístico]]></value></Data>
	<Data name="USOS_PERMITIDOS"><displayName>USOS_PERMITIDOS</displayName><value><![CDATA[Vivienda asociada a la actividad principal, hospedaje; Equipamiento  comercio (restaurantes, fuentes de soda, bares, discotecas, cabañas en arriendo y similares), culto y cultura, deportivo y esparcimiento.]]></value></Data>
	<Data name="USOS_PROHIBIDOS"><displayName>USOS_PROHIBIDOS</displayName><value><![CDATA[Todos los usos de suelo no mencionados como permitidos.]]></value></Data>
	<Data name="P_DO"><displayName>P_DO</displayName><value><![CDATA[13/07/2009]]></value></Data>
	<Data name="N_DOC"><displayName>N_DOC</displayName><value><![CDATA[15]]></value></Data>
	<Data name="T_DO"><displayName>T_DO</displayName><value><![CDATA[Resolución]]></value></Data>
	<Data name="color_"><displayName>color_</displayName><value><![CDATA[153,204,0,254]]></value></Data>
</ExtendedData>
<styleUrl>#style29</styleUrl>
<MultiGeometry>
	<Polygon>
		<outerBoundaryIs>
			<LinearRing>
				<tessellate>1</tessellate>
				<coordinates>
					-72.68536519118744,-37.48291554709115,0.000
					-72.6855666073777,-37.482973228169314,0.000
					-72.68556990401069,-37.482972794568475,0.000
					-72.68564746420004,-37.48299897479984,0.000
					-72.68578326101164,-37.483023335745905,0.000
					-72.68625178669186,-37.48306232900051,0.000
					-72.68660155619308,-37.48305855187533,0.000
					-72.68676124492467,-37.4830213835569,0.000
					-72.68683458975367,-37.48296188571545,0.000
					-72.6868762254992,-37.48289622748436,0.000
					-72.68686735406973,-37.482807120101846,0.000
					-72.68680367409294,-37.4825159287553,0.000
					-72.68675843915545,-37.4822348869058,0.000
					-72.68670591554441,-37.48189686676231,0.000
					-72.68667420915835,-37.48170836234287,0.000
					-72.68667456473997,-37.481168468839606,0.000
					-72.68672094305245,-37.481016853468006,0.000
					-72.68685366434445,-37.480705223592686,0.000
					-72.68687369219391,-37.480565157447046,0.000
					-72.6868342549083,-37.480401922018345,0.000
					-72.68685314013402,-37.48032982439295,0.000
					-72.6869887220621,-37.48016755592789,0.000
					-72.68710729979902,-37.48002441018945,0.000
					-72.68712978510302,-37.479934322921395,0.000
					-72.68713654979031,-37.47979824770292,0.000
					-72.6871380423859,-37.47973741944767,0.000
					-72.68723369446732,-37.47958426410585,0.000
					-72.68727234093981,-37.479457917564815,0.000
					-72.6872693559916,-37.47921488529593,0.000
					-72.687292543552,-37.479139077556425,0.000
					-72.68733136655135,-37.479016301082034,0.000
					-72.68739724130148,-37.478896254794904,0.000
					-72.68739012671577,-37.47884284672411,0.000
					-72.68733549495175,-37.47882667692247,0.000
					-72.68720198894383,-37.47884872613005,0.000
					-72.68702755286276,-37.47895071201299,0.000
					-72.68685276505344,-37.479045558334704,0.000
					-72.68682061754474,-37.479121645965314,0.000
					-72.68683036628832,-37.47922860308807,0.000
					-72.68689298961596,-37.47931603092891,0.000
					-72.68689553643539,-37.479458966392095,0.000
					-72.68687533310177,-37.479595462431625,0.000
					-72.68674867517677,-37.47975673661697,0.000
					-72.68670554788942,-37.47988322301162,0.000
					-72.68666777727223,-37.4800274182251,0.000
					-72.68649184355417,-37.48019023179322,0.000
					-72.68637658622434,-37.480309675491064,0.000
					-72.68632001853825,-37.48043658167808,0.000
					-72.68625018784314,-37.480567476906735,0.000
					-72.68616726972367,-37.48070593217202,0.000
					-72.6859565503351,-37.480891284448816,0.000
					-72.68585053070011,-37.481016159683506,0.000
					-72.68576690896921,-37.481140334259756,0.000
					-72.68568636218146,-37.48123581061455,0.000
					-72.68546255158101,-37.48142872129533,0.000
					-72.6853830575999,-37.481545617281654,0.000
					-72.68529987078549,-37.48176988941972,0.000
					-72.68529995581649,-37.481862846113145,0.000
					-72.68533350096412,-37.48218000800611,0.000
					-72.68525101576245,-37.48241855970633,0.000
					-72.68521034279085,-37.48259502377303,0.000
					-72.68522474450845,-37.482705410402765,0.000
					-72.6852620729914,-37.48282580773259,0.000
					-72.68536519118744,-37.48291554709115,0.000
				</coordinates>
			</LinearRing>
		</outerBoundaryIs>
	</Polygon>
</MultiGeometry>
</Placemark>

<Placemark>
<name>ZMC</name>
<description><![CDATA[<p><b>ZONA NOMBRE: </b> ZMC</p>
<p><b>ZONA GLOSA: </b>Zona Microcentro</p>
<p><b>USOS PERMITIDOS: </b>Residencial; Equipamiento científico, comercio, culto y cultura, deporte, educación, esparcimiento, salud, seguridad, servicios y social; Actividades productivas inofensivas (panaderías). Más detalle en Ordenanza.</p>
<p><b>USOS PROHIBIDOS: </b>Residencial; Equipamiento científico, comercio, culto y cultura, deporte, educación, esparcimiento, salud, seguridad, servicios y social; Actividades productivas inofensivas (panaderías). Más detalle en Ordenanza.</p>]]></description>
<ExtendedData>
	<Data name="fid"><displayName>fid</displayName><value><![CDATA[28]]></value></Data>
	<Data name="ZONA_NOM"><displayName>ZONA_NOM</displayName><value><![CDATA[ZMC]]></value></Data>
	<Data name="ZONA_GLOSA"><displayName>ZONA_GLOSA</displayName><value><![CDATA[Zona Microcentro]]></value></Data>
	<Data name="USOS_PERMITIDOS"><displayName>USOS_PERMITIDOS</displayName><value><![CDATA[Residencial; Equipamiento científico, comercio, culto y cultura, deporte, educación, esparcimiento, salud, seguridad, servicios y social; Actividades productivas inofensivas (panaderías). Más detalle en Ordenanza.]]></value></Data>
	<Data name="USOS_PROHIBIDOS"><displayName>USOS_PROHIBIDOS</displayName><value><![CDATA[Residencial; Equipamiento científico, comercio, culto y cultura, deporte, educación, esparcimiento, salud, seguridad, servicios y social; Actividades productivas inofensivas (panaderías). Más detalle en Ordenanza.]]></value></Data>
	<Data name="P_DO"><displayName>P_DO</displayName><value><![CDATA[13/07/2009]]></value></Data>
	<Data name="N_DOC"><displayName>N_DOC</displayName><value><![CDATA[15]]></value></Data>
	<Data name="T_DO"><displayName>T_DO</displayName><value><![CDATA[Resolución]]></value></Data>
	<Data name="color_"><displayName>color_</displayName><value><![CDATA[255,63,0,254]]></value></Data>
</ExtendedData>
<styleUrl>#style15</styleUrl>
<MultiGeometry>
	<Polygon>
		<outerBoundaryIs>
			<LinearRing>
				<tessellate>1</tessellate>
				<coordinates>
					-72.69215933214288,-37.4916122138245,0.000
					-72.6914555407002,-37.49124321035785,0.000
					-72.6912839168951,-37.49113394958376,0.000
					-72.69086932895661,-37.49171931803381,0.000
					-72.69166268068635,-37.492156910934625,0.000
					-72.69215933214288,-37.4916122138245,0.000
				</coordinates>
			</LinearRing>
		</outerBoundaryIs>
	</Polygon>
</MultiGeometry>
</Placemark>

<Placemark>
<name>ZPR-2</name>
<description><![CDATA[<p><b>ZONA NOMBRE: </b> ZPR-2</p>
<p><b>ZONA GLOSA: </b>Zona de Protección de Drenaje</p>
<p><b>USOS PERMITIDOS: </b>Áreas verdes.</p>
<p><b>USOS PROHIBIDOS: </b>Todos los usos de suelo no mencionados como permitidos.</p>]]></description>
<ExtendedData>
	<Data name="fid"><displayName>fid</displayName><value><![CDATA[29]]></value></Data>
	<Data name="ZONA_NOM"><displayName>ZONA_NOM</displayName><value><![CDATA[ZPR-2]]></value></Data>
	<Data name="ZONA_GLOSA"><displayName>ZONA_GLOSA</displayName><value><![CDATA[Zona de Protección de Drenaje]]></value></Data>
	<Data name="USOS_PERMITIDOS"><displayName>USOS_PERMITIDOS</displayName><value><![CDATA[Áreas verdes.]]></value></Data>
	<Data name="USOS_PROHIBIDOS"><displayName>USOS_PROHIBIDOS</displayName><value><![CDATA[Todos los usos de suelo no mencionados como permitidos.]]></value></Data>
	<Data name="P_DO"><displayName>P_DO</displayName><value><![CDATA[13/07/2009]]></value></Data>
	<Data name="N_DOC"><displayName>N_DOC</displayName><value><![CDATA[15]]></value></Data>
	<Data name="T_DO"><displayName>T_DO</displayName><value><![CDATA[Resolución]]></value></Data>
	<Data name="color_"><displayName>color_</displayName><value><![CDATA[127,255,0,254]]></value></Data>
</ExtendedData>
<styleUrl>#style17</styleUrl>
<MultiGeometry>
	<Polygon>
		<outerBoundaryIs>
			<LinearRing>
				<tessellate>1</tessellate>
				<coordinates>
					-72.69784994058496,-37.48570905969279,0.000
					-72.69765154412893,-37.4856316004883,0.000
					-72.69752293813967,-37.4855712740157,0.000
					-72.6973196594259,-37.48545250609291,0.000
					-72.69715134005318,-37.48531476617542,0.000
					-72.69704302034339,-37.48521089909838,0.000
					-72.69694524531008,-37.48513888000074,0.000
					-72.69685554876087,-37.48504873154687,0.000
					-72.69681636374698,-37.484982026760804,0.000
					-72.69679456952082,-37.48490405208979,0.000
					-72.69670865002945,-37.48479948280844,0.000
					-72.69664188166567,-37.484719341646624,0.000
					-72.69655218709224,-37.484629191975635,0.000
					-72.69653381538556,-37.48452965737919,0.000
					-72.6965652501433,-37.4844392881727,0.000
					-72.69666237241877,-37.4842834569985,0.000
					-72.69661379844551,-37.48429413633114,0.000
					-72.69628405849615,-37.48434022024778,0.000
					-72.69595019025971,-37.48439358374965,0.000
					-72.6957673154806,-37.484443622039414,0.000
					-72.69578728066762,-37.4845852220738,0.000
					-72.69583859321297,-37.484715903455225,0.000
					-72.69596747235539,-37.484872758803256,0.000
					-72.69612252569078,-37.48501449167198,0.000
					-72.69623190056822,-37.485139778312416,0.000
					-72.6962951685645,-37.48533086633285,0.000
					-72.69645742236031,-37.48543661904602,0.000
					-72.6965745256927,-37.48553663587983,0.000
					-72.69669784538257,-37.485702006674224,0.000
					-72.69713752206646,-37.485974258762425,0.000
					-72.69749674210195,-37.48615350323486,0.000
					-72.69784994058496,-37.48570905969279,0.000
				</coordinates>
			</LinearRing>
		</outerBoundaryIs>
	</Polygon>
</MultiGeometry>
</Placemark>

<Placemark>
<name>ZexR-2</name>
<description><![CDATA[<p><b>ZONA NOMBRE: </b> ZexR-2</p>
<p><b>ZONA GLOSA: </b>Zona de Extensión Residencial</p>
<p><b>USOS PERMITIDOS: </b>Residencial; Equipamiento científico, comercio pequeño asociado a vivienda, culto y cultura, deporte, educación, esparcimiento, salud (Postas y Policlínicos), seguridad, servicios y social; Actividad productiva inofensiva. Ver Ordenanza.</p>
<p><b>USOS PROHIBIDOS: </b>Todos los usos de suelo no mencionados como permitidos. En especial los centros de orientación o rehabilitación conductual</p>]]></description>
<ExtendedData>
	<Data name="fid"><displayName>fid</displayName><value><![CDATA[30]]></value></Data>
	<Data name="ZONA_NOM"><displayName>ZONA_NOM</displayName><value><![CDATA[ZexR-2]]></value></Data>
	<Data name="ZONA_GLOSA"><displayName>ZONA_GLOSA</displayName><value><![CDATA[Zona de Extensión Residencial]]></value></Data>
	<Data name="USOS_PERMITIDOS"><displayName>USOS_PERMITIDOS</displayName><value><![CDATA[Residencial; Equipamiento científico, comercio pequeño asociado a vivienda, culto y cultura, deporte, educación, esparcimiento, salud (Postas y Policlínicos), seguridad, servicios y social; Actividad productiva inofensiva. Ver Ordenanza.]]></value></Data>
	<Data name="USOS_PROHIBIDOS"><displayName>USOS_PROHIBIDOS</displayName><value><![CDATA[Todos los usos de suelo no mencionados como permitidos. En especial los centros de orientación o rehabilitación conductual]]></value></Data>
	<Data name="P_DO"><displayName>P_DO</displayName><value><![CDATA[13/07/2009]]></value></Data>
	<Data name="N_DOC"><displayName>N_DOC</displayName><value><![CDATA[15]]></value></Data>
	<Data name="T_DO"><displayName>T_DO</displayName><value><![CDATA[Resolución]]></value></Data>
	<Data name="color_"><displayName>color_</displayName><value><![CDATA[255,127,127,254]]></value></Data>
</ExtendedData>
<styleUrl>#style12</styleUrl>
<MultiGeometry>
	<Polygon>
		<outerBoundaryIs>
			<LinearRing>
				<tessellate>1</tessellate>
				<coordinates>
					-72.69666237241877,-37.4842834569985,0.000
					-72.6965652501433,-37.4844392881727,0.000
					-72.69653381538556,-37.48452965737919,0.000
					-72.69655218709224,-37.484629191975635,0.000
					-72.69664188166567,-37.484719341646624,0.000
					-72.69670865002945,-37.48479948280844,0.000
					-72.69679456952082,-37.48490405208979,0.000
					-72.69681636374698,-37.484982026760804,0.000
					-72.69685554876087,-37.48504873154687,0.000
					-72.69694524531008,-37.48513888000074,0.000
					-72.69704302034339,-37.48521089909838,0.000
					-72.69715134005318,-37.48531476617542,0.000
					-72.6973196594259,-37.48545250609291,0.000
					-72.69752293813967,-37.4855712740157,0.000
					-72.69765154412893,-37.4856316004883,0.000
					-72.69784994058496,-37.48570905969279,0.000
					-72.698624261724,-37.4847346793386,0.000
					-72.69906526212642,-37.48412495960639,0.000
					-72.69948708729092,-37.48358138750882,0.000
					-72.69986151235909,-37.483164231525954,0.000
					-72.69943016773412,-37.48326911518234,0.000
					-72.69876247495404,-37.48355820160497,0.000
					-72.69812938101586,-37.483821172562216,0.000
					-72.69764129450846,-37.484022389047624,0.000
					-72.69745596462626,-37.484085402947244,0.000
					-72.69682240925124,-37.48424827041789,0.000
					-72.69666237241877,-37.4842834569985,0.000
				</coordinates>
			</LinearRing>
		</outerBoundaryIs>
	</Polygon>
</MultiGeometry>
</Placemark>

<Placemark>
<name>ZPR-5</name>
<description><![CDATA[<p><b>ZONA NOMBRE: </b> ZPR-5</p>
<p><b>ZONA GLOSA: </b>Zona de Protección</p>
<p><b>USOS PERMITIDOS: </b>Áreas verdes públicas o privadas.</p>
<p><b>USOS PROHIBIDOS: </b>Todos los usos de suelo no mencionados como permitidos.</p>]]></description>
<ExtendedData>
	<Data name="fid"><displayName>fid</displayName><value><![CDATA[31]]></value></Data>
	<Data name="ZONA_NOM"><displayName>ZONA_NOM</displayName><value><![CDATA[ZPR-5]]></value></Data>
	<Data name="ZONA_GLOSA"><displayName>ZONA_GLOSA</displayName><value><![CDATA[Zona de Protección]]></value></Data>
	<Data name="USOS_PERMITIDOS"><displayName>USOS_PERMITIDOS</displayName><value><![CDATA[Áreas verdes públicas o privadas.]]></value></Data>
	<Data name="USOS_PROHIBIDOS"><displayName>USOS_PROHIBIDOS</displayName><value><![CDATA[Todos los usos de suelo no mencionados como permitidos.]]></value></Data>
	<Data name="P_DO"><displayName>P_DO</displayName><value><![CDATA[13/07/2009]]></value></Data>
	<Data name="N_DOC"><displayName>N_DOC</displayName><value><![CDATA[15]]></value></Data>
	<Data name="T_DO"><displayName>T_DO</displayName><value><![CDATA[Resolución]]></value></Data>
	<Data name="color_"><displayName>color_</displayName><value><![CDATA[223,255,127,254]]></value></Data>
</ExtendedData>
<styleUrl>#style20</styleUrl>
<MultiGeometry>
	<Polygon>
		<outerBoundaryIs>
			<LinearRing>
				<tessellate>1</tessellate>
				<coordinates>
					-72.69147058624328,-37.48726898819117,0.000
					-72.69150836075694,-37.48730713600785,0.000
					-72.69156423095873,-37.4873482923046,0.000
					-72.69161526914776,-37.48738244857862,0.000
					-72.69168941110664,-37.48743018428022,0.000
					-72.69173667402185,-37.48747876100195,0.000
					-72.69177980858358,-37.48753461716991,0.000
					-72.69188952064462,-37.48748470409207,0.000
					-72.69224979159095,-37.48728393520331,0.000
					-72.69250196780159,-37.487029341576054,0.000
					-72.69271268600829,-37.48684397769067,0.000
					-72.6928256298589,-37.486586591766624,0.000
					-72.69299119586474,-37.48639548947623,0.000
					-72.6932610136379,-37.4860438074325,0.000
					-72.69343342470084,-37.48580958678391,0.000
					-72.69362901832157,-37.48549955721297,0.000
					-72.69388312019056,-37.48528423023606,0.000
					-72.69416251462704,-37.4850359322884,0.000
					-72.69442083810637,-37.48490628081666,0.000
					-72.69482865562713,-37.48471474143945,0.000
					-72.6951976108033,-37.48459950074086,0.000
					-72.69595019025971,-37.48439358374965,0.000
					-72.69628405849615,-37.48434022024778,0.000
					-72.69661379844551,-37.48429413633114,0.000
					-72.69682240925124,-37.48424827041789,0.000
					-72.69745596462626,-37.484085402947244,0.000
					-72.69764129450846,-37.484022389047624,0.000
					-72.69812938101586,-37.483821172562216,0.000
					-72.69876247495404,-37.48355820160497,0.000
					-72.69943016773412,-37.48326911518234,0.000
					-72.69986907268306,-37.48316239358375,0.000
					-72.70028541087203,-37.483045668475484,0.000
					-72.70008561905509,-37.48268284073337,0.000
					-72.69998688789558,-37.482697257373616,0.000
					-72.69993259521756,-37.48271230826869,0.000
					-72.69987038410707,-37.48271235197423,0.000
					-72.69978742178535,-37.48272830183742,0.000
					-72.69964567185829,-37.48276516303277,0.000
					-72.69955048209698,-37.482775775563084,0.000
					-72.69940863796894,-37.482810733171654,0.000
					-72.6992475858182,-37.48284438568773,0.000
					-72.69919615347223,-37.48286888056552,0.000
					-72.69906738222458,-37.48292631021405,0.000
					-72.69877529006895,-37.48304415847247,0.000
					-72.69853849654415,-37.48314311083161,0.000
					-72.69826774569964,-37.48328126492956,0.000
					-72.6980202268818,-37.48340534194229,0.000
					-72.69795492744497,-37.48343980492963,0.000
					-72.69775906927039,-37.48349552151377,0.000
					-72.69756232574889,-37.483581776492905,0.000
					-72.69736932616054,-37.48364693685827,0.000
					-72.69711455684357,-37.48369687166295,0.000
					-72.69687723513054,-37.48373672522736,0.000
					-72.69670742795773,-37.48383548222478,0.000
					-72.69664709446256,-37.48387360233428,0.000
					-72.69650150077084,-37.48392964915626,0.000
					-72.69638077967912,-37.48395631364908,0.000
					-72.69617573856343,-37.48401994398743,0.000
					-72.69598802566637,-37.48404679958829,0.000
					-72.69571448971206,-37.484080157534095,0.000
					-72.69537970541975,-37.48415738356428,0.000
					-72.6949590285473,-37.484263995270275,0.000
					-72.69453985364667,-37.48440106855635,0.000
					-72.6942140439001,-37.48453903048585,0.000
					-72.69396660750189,-37.48466500286589,0.000
					-72.69386375106536,-37.48474831136339,0.000
					-72.6935139608306,-37.48498236591529,0.000
					-72.69328484224822,-37.485140180732984,0.000
					-72.69315471324718,-37.48531587176175,0.000
					-72.6930030371094,-37.48553990897238,0.000
					-72.69284306621121,-37.48574132327308,0.000
					-72.69278952950258,-37.48586885278503,0.000
					-72.6927625041379,-37.48595169405419,0.000
					-72.69270142283017,-37.48607183101634,0.000
					-72.69244856736572,-37.48634289273526,0.000
					-72.69210642403341,-37.48674450734006,0.000
					-72.69205178952986,-37.48678912146057,0.000
					-72.69194492071736,-37.4868663567776,0.000
					-72.69161547093637,-37.48710072260551,0.000
					-72.69147785828552,-37.48722182389773,0.000
					-72.69147058624328,-37.48726898819117,0.000
				</coordinates>
			</LinearRing>
		</outerBoundaryIs>
	</Polygon>
</MultiGeometry>
</Placemark>

<Placemark>
<name>AGUA</name>
<description><![CDATA[<p><b>ZONA NOMBRE: </b> AGUA</p>
<p><b>ZONA GLOSA: </b>AGUA</p>
<p><b>USOS PERMITIDOS: </b>NULL</p>
<p><b>USOS PROHIBIDOS: </b>NULL</p>]]></description>
<ExtendedData>
	<Data name="fid"><displayName>fid</displayName><value><![CDATA[32]]></value></Data>
	<Data name="ZONA_NOM"><displayName>ZONA_NOM</displayName><value><![CDATA[AGUA]]></value></Data>
	<Data name="ZONA_GLOSA"><displayName>ZONA_GLOSA</displayName><value><![CDATA[AGUA]]></value></Data>
	<Data name="USOS_PERMITIDOS"><displayName>USOS_PERMITIDOS</displayName><value><![CDATA[NULL]]></value></Data>
	<Data name="USOS_PROHIBIDOS"><displayName>USOS_PROHIBIDOS</displayName><value><![CDATA[NULL]]></value></Data>
	<Data name="P_DO"><displayName>P_DO</displayName><value><![CDATA[13/07/2009]]></value></Data>
	<Data name="N_DOC"><displayName>N_DOC</displayName><value><![CDATA[15]]></value></Data>
	<Data name="T_DO"><displayName>T_DO</displayName><value><![CDATA[Resolución]]></value></Data>
	<Data name="color_"><displayName>color_</displayName><value><![CDATA[67,89,255,254]]></value></Data>
</ExtendedData>
<styleUrl>#style1</styleUrl>
<MultiGeometry>
	<Polygon>
		<outerBoundaryIs>
			<LinearRing>
				<tessellate>1</tessellate>
				<coordinates>
					-72.69984569247126,-37.48224712525375,0.000
					-72.69963688365614,-37.482306091452436,0.000
					-72.69928069758126,-37.48242213722309,0.000
					-72.69897056538895,-37.48253197066881,0.000
					-72.69873816299837,-37.482610763697814,0.000
					-72.69781774192224,-37.4829304116947,0.000
					-72.69722847258396,-37.483141947800306,0.000
					-72.69692714219997,-37.48321813069626,0.000
					-72.69677729983876,-37.48327288126203,0.000
					-72.696589923571,-37.48335502590446,0.000
					-72.69639429256966,-37.48345173123068,0.000
					-72.69630921065294,-37.4834853833931,0.000
					-72.69611732159463,-37.483536682936496,0.000
					-72.69583092155514,-37.48361239535636,0.000
					-72.69557426776882,-37.48368479074529,0.000
					-72.69525191032062,-37.48375924431415,0.000
					-72.69501109407872,-37.48381922473229,0.000
					-72.69480415353847,-37.48386860981543,0.000
					-72.69447476602166,-37.48392182968886,0.000
					-72.69419040929535,-37.483978404370276,0.000
					-72.69388034759983,-37.48405961952829,0.000
					-72.69371662361557,-37.48413625353266,0.000
					-72.69356098442412,-37.484255537726874,0.000
					-72.69333332643647,-37.48449148794552,0.000
					-72.69320526789032,-37.48462421069108,0.000
					-72.69296571488407,-37.484800942967645,0.000
					-72.69277643194562,-37.484935580704246,0.000
					-72.69266711196875,-37.48508440159848,0.000
					-72.69257822829262,-37.485223046983194,0.000
					-72.69237492633542,-37.485467768089364,0.000
					-72.69217320128445,-37.48568383657267,0.000
					-72.69199554005645,-37.48584194581998,0.000
					-72.69181073290781,-37.48597644202439,0.000
					-72.69170861078611,-37.486089282721416,0.000
					-72.69158458883788,-37.48624332835844,0.000
					-72.69143116885962,-37.4864078294972,0.000
					-72.6912314884707,-37.48660476355097,0.000
					-72.69112614333446,-37.48671293714972,0.000
					-72.69097927494919,-37.48676758660791,0.000
					-72.69080218776243,-37.486816030926526,0.000
					-72.69067101214748,-37.48682490183289,0.000
					-72.69040426487837,-37.486814176854196,0.000
					-72.69024319172526,-37.486792995763324,0.000
					-72.69009379860549,-37.48673569498656,0.000
					-72.68980602476722,-37.48660168040263,0.000
					-72.68961546325941,-37.486497994588056,0.000
					-72.68954741319212,-37.48645245165138,0.000
					-72.68946606744211,-37.48631913091136,0.000
					-72.68927158279901,-37.48619649914517,0.000
					-72.6890732927667,-37.48605729990987,0.000
					-72.6889549975572,-37.4859632719993,0.000
					-72.68891406250233,-37.48592164743607,0.000
					-72.68884560188339,-37.48580699230103,0.000
					-72.68877597081104,-37.485668537301265,0.000
					-72.68873468092751,-37.4854982103708,0.000
					-72.68869292366955,-37.485318363104724,0.000
					-72.68866943748893,-37.485145095784986,0.000
					-72.6886680291421,-37.48499497373136,0.000
					-72.68868928095787,-37.4847583342923,0.000
					-72.68867446003506,-37.48451805516303,0.000
					-72.68866355792959,-37.48405359712721,0.000
					-72.688637026147,-37.483818451558435,0.000
					-72.68860015316045,-37.483555502855445,0.000
					-72.68858562696695,-37.483381955355966,0.000
					-72.68854978733373,-37.4832615126664,0.000
					-72.68845286875971,-37.483054786715755,0.000
					-72.68841134834837,-37.48287969932175,0.000
					-72.688372343608,-37.48257343608884,0.000
					-72.68832982348968,-37.48207421209273,0.000
					-72.68832483909608,-37.48154759452183,0.000
					-72.68830181964884,-37.4810191578616,0.000
					-72.68829320589623,-37.4805403265381,0.000
					-72.68832681443844,-37.48025086137305,0.000
					-72.68843291281941,-37.47985425310212,0.000
					-72.6885040535106,-37.47953739534721,0.000
					-72.68858807689013,-37.47923920378314,0.000
					-72.68870793534204,-37.47893989187415,0.000
					-72.68873914177158,-37.47878398353806,0.000
					-72.68875096632686,-37.478538103774135,0.000
					-72.68876021520265,-37.478361429186116,0.000
					-72.68878796743401,-37.4781960938909,0.000
					-72.68884886040031,-37.47797490023881,0.000
					-72.68891203532259,-37.47765167431539,0.000
					-72.68825015303707,-37.47756086242987,0.000
					-72.68815165497669,-37.4778622728424,0.000
					-72.68803396238026,-37.478205612900865,0.000
					-72.68792004724972,-37.47871687810092,0.000
					-72.68788008465125,-37.47890762227232,0.000
					-72.68785224274959,-37.47934468870686,0.000
					-72.68776098547272,-37.47976943657278,0.000
					-72.68771636785173,-37.48013909538262,0.000
					-72.68769651866882,-37.480647420345726,0.000
					-72.68769037276384,-37.48125185188644,0.000
					-72.68767245598471,-37.48161710052282,0.000
					-72.68765471343441,-37.48180357453002,0.000
					-72.68770100548765,-37.48210603563484,0.000
					-72.68772129618934,-37.48224484081946,0.000
					-72.68773104760892,-37.48253414247071,0.000
					-72.68774413674737,-37.4827089269197,0.000
					-72.68780246318742,-37.48298240790327,0.000
					-72.68783601978028,-37.483299568445766,0.000
					-72.68793466533377,-37.48375413381348,0.000
					-72.68799641935352,-37.48400605571237,0.000
					-72.68812537414104,-37.484620565442775,0.000
					-72.68817957542473,-37.48490132626968,0.000
					-72.68825995623051,-37.48534931095775,0.000
					-72.68832900401613,-37.485658210539036,0.000
					-72.68836950271391,-37.48584286385048,0.000
					-72.68839401024721,-37.48588500306891,0.000
					-72.68848888140475,-37.48598929789061,0.000
					-72.6885101403031,-37.48605656602205,0.000
					-72.68855371271474,-37.48621252017914,0.000
					-72.68859860069618,-37.48630407694103,0.000
					-72.68887798761676,-37.48655634426985,0.000
					-72.68911613106857,-37.486745544277326,0.000
					-72.68932458386485,-37.48687846537119,0.000
					-72.68948973012559,-37.48695195972139,0.000
					-72.68959540541685,-37.48700228537994,0.000
					-72.69000879815825,-37.48719672877219,0.000
					-72.69035139300811,-37.48741126223994,0.000
					-72.69064189658985,-37.48757021825839,0.000
					-72.69088109353802,-37.48759848881651,0.000
					-72.69112880648056,-37.48752638303099,0.000
					-72.69131133639455,-37.48740625963075,0.000
					-72.69147058624328,-37.48726898819117,0.000
					-72.69147785828552,-37.48722182389773,0.000
					-72.69161547093637,-37.48710072260551,0.000
					-72.69194492071736,-37.4868663567776,0.000
					-72.69205178952986,-37.48678912146057,0.000
					-72.69210642403341,-37.48674450734006,0.000
					-72.69244856736572,-37.48634289273526,0.000
					-72.69270142283017,-37.48607183101634,0.000
					-72.6927625041379,-37.48595169405419,0.000
					-72.69278952950258,-37.48586885278503,0.000
					-72.69284306621121,-37.48574132327308,0.000
					-72.6930030371094,-37.48553990897238,0.000
					-72.69315471324718,-37.48531587176175,0.000
					-72.69328484224822,-37.485140180732984,0.000
					-72.6935139608306,-37.48498236591529,0.000
					-72.69386375106536,-37.48474831136339,0.000
					-72.69396660750189,-37.48466500286589,0.000
					-72.6942140439001,-37.48453903048585,0.000
					-72.69453985364667,-37.48440106855635,0.000
					-72.6949590285473,-37.484263995270275,0.000
					-72.69537970541975,-37.48415738356428,0.000
					-72.69571448971206,-37.484080157534095,0.000
					-72.69598802566637,-37.48404679958829,0.000
					-72.69617573856343,-37.48401994398743,0.000
					-72.69638077967912,-37.48395631364908,0.000
					-72.69650150077084,-37.48392964915626,0.000
					-72.69664709446256,-37.48387360233428,0.000
					-72.69670742795773,-37.48383548222478,0.000
					-72.69687723513054,-37.48373672522736,0.000
					-72.69711455684357,-37.48369687166295,0.000
					-72.69736932616054,-37.48364693685827,0.000
					-72.69756232574889,-37.483581776492905,0.000
					-72.69775906927039,-37.48349552151377,0.000
					-72.69795492744497,-37.48343980492963,0.000
					-72.6980202268818,-37.48340534194229,0.000
					-72.69826774569964,-37.48328126492956,0.000
					-72.69853849654415,-37.48314311083161,0.000
					-72.69877529006895,-37.48304415847247,0.000
					-72.69906738222458,-37.48292631021405,0.000
					-72.69919615347223,-37.48286888056552,0.000
					-72.6992475858182,-37.48284438568773,0.000
					-72.69940863796894,-37.482810733171654,0.000
					-72.69955048209698,-37.482775775563084,0.000
					-72.69964567185829,-37.48276516303277,0.000
					-72.69978742178535,-37.48272830183742,0.000
					-72.69987038410707,-37.48271235197423,0.000
					-72.69993259521756,-37.48271230826869,0.000
					-72.69998688789558,-37.482697257373616,0.000
					-72.70008561905509,-37.48268284073337,0.000
					-72.69984569247126,-37.48224712525375,0.000
				</coordinates>
			</LinearRing>
		</outerBoundaryIs>
	</Polygon>
</MultiGeometry>
</Placemark>

<Placemark>
<name>ZEC</name>
<description><![CDATA[<p><b>ZONA NOMBRE: </b> ZEC</p>
<p><b>ZONA GLOSA: </b>Zona de Equipamiento de Cementerio</p>
<p><b>USOS PERMITIDOS: </b>Equipamiento de culto y cultura y salud.</p>
<p><b>USOS PROHIBIDOS: </b>Todos los usos de suelo no mencionados como permitidos.</p>]]></description>
<ExtendedData>
	<Data name="fid"><displayName>fid</displayName><value><![CDATA[33]]></value></Data>
	<Data name="ZONA_NOM"><displayName>ZONA_NOM</displayName><value><![CDATA[ZEC]]></value></Data>
	<Data name="ZONA_GLOSA"><displayName>ZONA_GLOSA</displayName><value><![CDATA[Zona de Equipamiento de Cementerio]]></value></Data>
	<Data name="USOS_PERMITIDOS"><displayName>USOS_PERMITIDOS</displayName><value><![CDATA[Equipamiento de culto y cultura y salud.]]></value></Data>
	<Data name="USOS_PROHIBIDOS"><displayName>USOS_PROHIBIDOS</displayName><value><![CDATA[Todos los usos de suelo no mencionados como permitidos.]]></value></Data>
	<Data name="P_DO"><displayName>P_DO</displayName><value><![CDATA[13/07/2009]]></value></Data>
	<Data name="N_DOC"><displayName>N_DOC</displayName><value><![CDATA[15]]></value></Data>
	<Data name="T_DO"><displayName>T_DO</displayName><value><![CDATA[Resolución]]></value></Data>
	<Data name="color_"><displayName>color_</displayName><value><![CDATA[192,192,192,254]]></value></Data>
</ExtendedData>
<styleUrl>#style7</styleUrl>
<MultiGeometry>
	<Polygon>
		<outerBoundaryIs>
			<LinearRing>
				<tessellate>1</tessellate>
				<coordinates>
					-72.68992335319727,-37.48550088686433,0.000
					-72.6900662073841,-37.485823718936636,0.000
					-72.69063781424096,-37.485431463658614,0.000
					-72.69065347265756,-37.48529391837246,0.000
					-72.69058791321326,-37.48434253462922,0.000
					-72.69052934076564,-37.48406429554496,0.000
					-72.6904211366386,-37.48368928579372,0.000
					-72.68938842708467,-37.483825268881084,0.000
					-72.6895789174591,-37.48465654682209,0.000
					-72.68970827633211,-37.48508154693651,0.000
					-72.68992335319727,-37.48550088686433,0.000
				</coordinates>
			</LinearRing>
		</outerBoundaryIs>
	</Polygon>
</MultiGeometry>
</Placemark>

<Placemark>
<name>ZST</name>
<description><![CDATA[<p><b>ZONA NOMBRE: </b> ZST</p>
<p><b>ZONA GLOSA: </b>Zona Servicio Turístico</p>
<p><b>USOS PERMITIDOS: </b>Vivienda asociada a la actividad principal, hospedaje; Equipamiento  comercio (restaurantes, fuentes de soda, bares, discotecas, cabañas en arriendo y similares), culto y cultura, deportivo y esparcimiento.</p>
<p><b>USOS PROHIBIDOS: </b>Todos los usos de suelo no mencionados como permitidos.</p>]]></description>
<ExtendedData>
	<Data name="fid"><displayName>fid</displayName><value><![CDATA[34]]></value></Data>
	<Data name="ZONA_NOM"><displayName>ZONA_NOM</displayName><value><![CDATA[ZST]]></value></Data>
	<Data name="ZONA_GLOSA"><displayName>ZONA_GLOSA</displayName><value><![CDATA[Zona Servicio Turístico]]></value></Data>
	<Data name="USOS_PERMITIDOS"><displayName>USOS_PERMITIDOS</displayName><value><![CDATA[Vivienda asociada a la actividad principal, hospedaje; Equipamiento  comercio (restaurantes, fuentes de soda, bares, discotecas, cabañas en arriendo y similares), culto y cultura, deportivo y esparcimiento.]]></value></Data>
	<Data name="USOS_PROHIBIDOS"><displayName>USOS_PROHIBIDOS</displayName><value><![CDATA[Todos los usos de suelo no mencionados como permitidos.]]></value></Data>
	<Data name="P_DO"><displayName>P_DO</displayName><value><![CDATA[13/07/2009]]></value></Data>
	<Data name="N_DOC"><displayName>N_DOC</displayName><value><![CDATA[15]]></value></Data>
	<Data name="T_DO"><displayName>T_DO</displayName><value><![CDATA[Resolución]]></value></Data>
	<Data name="color_"><displayName>color_</displayName><value><![CDATA[153,204,0,254]]></value></Data>
</ExtendedData>
<styleUrl>#style29</styleUrl>
<MultiGeometry>
	<Polygon>
		<outerBoundaryIs>
			<LinearRing>
				<tessellate>1</tessellate>
				<coordinates>
					-72.688372343608,-37.48257343608884,0.000
					-72.68841134834837,-37.48287969932175,0.000
					-72.68845286875971,-37.483054786715755,0.000
					-72.68854978733373,-37.4832615126664,0.000
					-72.68858562696695,-37.483381955355966,0.000
					-72.68860015316045,-37.483555502855445,0.000
					-72.688637026147,-37.483818451558435,0.000
					-72.68866355792959,-37.48405359712721,0.000
					-72.68867446003506,-37.48451805516303,0.000
					-72.68868928095787,-37.4847583342923,0.000
					-72.6886680291421,-37.48499497373136,0.000
					-72.68866943748893,-37.485145095784986,0.000
					-72.68869292366955,-37.485318363104724,0.000
					-72.68873468092751,-37.4854982103708,0.000
					-72.68877597081104,-37.485668537301265,0.000
					-72.68884560188339,-37.48580699230103,0.000
					-72.68891406250233,-37.48592164743607,0.000
					-72.6889549975572,-37.4859632719993,0.000
					-72.6890732927667,-37.48605729990987,0.000
					-72.68927158279901,-37.48619649914517,0.000
					-72.68946606744211,-37.48631913091136,0.000
					-72.68954741319212,-37.48645245165138,0.000
					-72.68961546325941,-37.486497994588056,0.000
					-72.68980602476722,-37.48660168040263,0.000
					-72.69009379860549,-37.48673569498656,0.000
					-72.69024319172526,-37.486792995763324,0.000
					-72.69040426487837,-37.486814176854196,0.000
					-72.69067101214748,-37.48682490183289,0.000
					-72.69080218776243,-37.486816030926526,0.000
					-72.69097927494919,-37.48676758660791,0.000
					-72.69112614333446,-37.48671293714972,0.000
					-72.6912314884707,-37.48660476355097,0.000
					-72.69143116885962,-37.4864078294972,0.000
					-72.69158458883788,-37.48624332835844,0.000
					-72.69170861078611,-37.486089282721416,0.000
					-72.69181073290781,-37.48597644202439,0.000
					-72.69199554005645,-37.48584194581998,0.000
					-72.69217320128445,-37.48568383657267,0.000
					-72.69237492633542,-37.485467768089364,0.000
					-72.69257822829262,-37.485223046983194,0.000
					-72.69266711196875,-37.48508440159848,0.000
					-72.69277643194562,-37.484935580704246,0.000
					-72.69296571488407,-37.484800942967645,0.000
					-72.69320526789032,-37.48462421069108,0.000
					-72.69333332643647,-37.48449148794552,0.000
					-72.69356098442412,-37.484255537726874,0.000
					-72.69371662361557,-37.48413625353266,0.000
					-72.69388034759983,-37.48405961952829,0.000
					-72.69419040929535,-37.483978404370276,0.000
					-72.69447476602166,-37.48392182968886,0.000
					-72.69480415353847,-37.48386860981543,0.000
					-72.69501109407872,-37.48381922473229,0.000
					-72.69525191032062,-37.48375924431415,0.000
					-72.69557426776882,-37.48368479074529,0.000
					-72.69583092155514,-37.48361239535636,0.000
					-72.69611732159463,-37.483536682936496,0.000
					-72.69630921065294,-37.4834853833931,0.000
					-72.69639429256966,-37.48345173123068,0.000
					-72.696589923571,-37.48335502590446,0.000
					-72.69677729983876,-37.48327288126203,0.000
					-72.69692714219997,-37.48321813069626,0.000
					-72.69722847258396,-37.483141947800306,0.000
					-72.69781774192224,-37.4829304116947,0.000
					-72.69873816299837,-37.482610763697814,0.000
					-72.69897056538895,-37.48253197066881,0.000
					-72.69928069758126,-37.48242213722309,0.000
					-72.69963688365614,-37.482306091452436,0.000
					-72.69984569247126,-37.48224712525375,0.000
					-72.69837611119182,-37.47957816728987,0.000
					-72.69748068905692,-37.47961576572488,0.000
					-72.69687570891782,-37.479720531398485,0.000
					-72.69655788359015,-37.47982583192701,0.000
					-72.69629300217795,-37.48003435164124,0.000
					-72.69594356440636,-37.48022644967558,0.000
					-72.69570606606676,-37.48026249276963,0.000
					-72.69538776601897,-37.480358271073044,0.000
					-72.69480270072148,-37.48062448615754,0.000
					-72.69416750308919,-37.48084459617119,0.000
					-72.69374732142114,-37.48105797263544,0.000
					-72.69337820239201,-37.481336489160775,0.000
					-72.69307840928417,-37.481565162780214,0.000
					-72.69281585865184,-37.48182127300202,0.000
					-72.69261444121405,-37.48210407237388,0.000
					-72.69237859367695,-37.48241655276787,0.000
					-72.69193450598415,-37.48263067025505,0.000
					-72.69172673736018,-37.48254182847351,0.000
					-72.69167986331954,-37.48207611192885,0.000
					-72.69166460589082,-37.48152359811287,0.000
					-72.69175639060396,-37.48095820013877,0.000
					-72.6918184059112,-37.48003142813468,0.000
					-72.69195165134357,-37.47957914547742,0.000
					-72.69212354620588,-37.47918285831684,0.000
					-72.69233362006669,-37.478833048095936,0.000
					-72.69259053394232,-37.47846270361964,0.000
					-72.69276805237196,-37.47818065236552,0.000
					-72.68891203532259,-37.47765167431539,0.000
					-72.68884886040031,-37.47797490023881,0.000
					-72.68878796743401,-37.4781960938909,0.000
					-72.68876021520265,-37.478361429186116,0.000
					-72.68875096632686,-37.478538103774135,0.000
					-72.68873914177158,-37.47878398353806,0.000
					-72.68870793534204,-37.47893989187415,0.000
					-72.68858807689013,-37.47923920378314,0.000
					-72.6885040535106,-37.47953739534721,0.000
					-72.68843291281941,-37.47985425310212,0.000
					-72.68832681443844,-37.48025086137305,0.000
					-72.68829320589623,-37.4805403265381,0.000
					-72.68830181964884,-37.4810191578616,0.000
					-72.68832483909608,-37.48154759452183,0.000
					-72.68832982348968,-37.48207421209273,0.000
					-72.688372343608,-37.48257343608884,0.000
				</coordinates>
			</LinearRing>
		</outerBoundaryIs>
		<innerBoundaryIs>
			<LinearRing>
				<tessellate>1</tessellate>
				<coordinates>
					-72.68992335319727,-37.48550088686433,0.000
					-72.68970827633211,-37.48508154693651,0.000
					-72.6895789174591,-37.48465654682209,0.000
					-72.68938842708467,-37.483825268881084,0.000
					-72.6904211366386,-37.48368928579372,0.000
					-72.69052934076564,-37.48406429554496,0.000
					-72.69058791321326,-37.48434253462922,0.000
					-72.69065347265756,-37.48529391837246,0.000
					-72.69063781424096,-37.485431463658614,0.000
					-72.6900662073841,-37.485823718936636,0.000
					-72.68992335319727,-37.48550088686433,0.000
				</coordinates>
			</LinearRing>
		</innerBoundaryIs>
	</Polygon>
</MultiGeometry>
</Placemark>

<Placemark>
<name>ZexR-2</name>
<description><![CDATA[<p><b>ZONA NOMBRE: </b> ZexR-2</p>
<p><b>ZONA GLOSA: </b>Zona de Extensión Residencial</p>
<p><b>USOS PERMITIDOS: </b>Residencial; Equipamiento científico, comercio pequeño asociado a vivienda, culto y cultura, deporte, educación, esparcimiento, salud (Postas y Policlínicos), seguridad, servicios y social; Actividad productiva inofensiva. Ver Ordenanza.</p>
<p><b>USOS PROHIBIDOS: </b>Todos los usos de suelo no mencionados como permitidos. En especial los centros de orientación o rehabilitación conductual</p>]]></description>
<ExtendedData>
	<Data name="fid"><displayName>fid</displayName><value><![CDATA[35]]></value></Data>
	<Data name="ZONA_NOM"><displayName>ZONA_NOM</displayName><value><![CDATA[ZexR-2]]></value></Data>
	<Data name="ZONA_GLOSA"><displayName>ZONA_GLOSA</displayName><value><![CDATA[Zona de Extensión Residencial]]></value></Data>
	<Data name="USOS_PERMITIDOS"><displayName>USOS_PERMITIDOS</displayName><value><![CDATA[Residencial; Equipamiento científico, comercio pequeño asociado a vivienda, culto y cultura, deporte, educación, esparcimiento, salud (Postas y Policlínicos), seguridad, servicios y social; Actividad productiva inofensiva. Ver Ordenanza.]]></value></Data>
	<Data name="USOS_PROHIBIDOS"><displayName>USOS_PROHIBIDOS</displayName><value><![CDATA[Todos los usos de suelo no mencionados como permitidos. En especial los centros de orientación o rehabilitación conductual]]></value></Data>
	<Data name="P_DO"><displayName>P_DO</displayName><value><![CDATA[13/07/2009]]></value></Data>
	<Data name="N_DOC"><displayName>N_DOC</displayName><value><![CDATA[15]]></value></Data>
	<Data name="T_DO"><displayName>T_DO</displayName><value><![CDATA[Resolución]]></value></Data>
	<Data name="color_"><displayName>color_</displayName><value><![CDATA[255,127,127,254]]></value></Data>
</ExtendedData>
<styleUrl>#style12</styleUrl>
<MultiGeometry>
	<Polygon>
		<outerBoundaryIs>
			<LinearRing>
				<tessellate>1</tessellate>
				<coordinates>
					-72.69308442868306,-37.49140638910852,0.000
					-72.69300068065989,-37.49135968662138,0.000
					-72.69288706515006,-37.49136085930522,0.000
					-72.69275564625433,-37.49136497286396,0.000
					-72.69260366210227,-37.49125531824667,0.000
					-72.6924585264047,-37.491102543785075,0.000
					-72.69245775920923,-37.4910262930188,0.000
					-72.69258868825484,-37.4907695353353,0.000
					-72.69264507545273,-37.490639057281975,0.000
					-72.6926807357963,-37.49057358498999,0.000
					-72.69268793563852,-37.49053760552566,0.000
					-72.69265724723833,-37.490521880868826,0.000
					-72.69257086627563,-37.490529351971794,0.000
					-72.6924335381461,-37.490595623407444,0.000
					-72.69235049591947,-37.49061014013864,0.000
					-72.69210862240244,-37.49055812018698,0.000
					-72.6919804796725,-37.49050730818099,0.000
					-72.69193684243794,-37.4904109462986,0.000
					-72.69188184523188,-37.49032685852361,0.000
					-72.6918536748442,-37.49030152084342,0.000
					-72.69176266384349,-37.490275765840906,0.000
					-72.69156817371116,-37.49027470044292,0.000
					-72.69146029904307,-37.490270925523994,0.000
					-72.6913869752148,-37.49023984935034,0.000
					-72.69134199388452,-37.49017689967734,0.000
					-72.69130922533387,-37.490094106161806,0.000
					-72.69120926566144,-37.490240396102514,0.000
					-72.69170602124657,-37.49048704690981,0.000
					-72.69170836707715,-37.49053464536738,0.000
					-72.6912839168951,-37.49113394958376,0.000
					-72.6914555407002,-37.49124321035785,0.000
					-72.69215933214288,-37.4916122138245,0.000
					-72.69267472480473,-37.49187257843752,0.000
					-72.69308442868306,-37.49140638910852,0.000
				</coordinates>
			</LinearRing>
		</outerBoundaryIs>
	</Polygon>
</MultiGeometry>
</Placemark>

<Placemark>
<name>ZexR-2</name>
<description><![CDATA[<p><b>ZONA NOMBRE: </b> ZexR-2</p>
<p><b>ZONA GLOSA: </b>Zona de Extensión Residencial</p>
<p><b>USOS PERMITIDOS: </b>Residencial; Equipamiento científico, comercio pequeño asociado a vivienda, culto y cultura, deporte, educación, esparcimiento, salud (Postas y Policlínicos), seguridad, servicios y social; Actividad productiva inofensiva. Ver Ordenanza.</p>
<p><b>USOS PROHIBIDOS: </b>Todos los usos de suelo no mencionados como permitidos. En especial los centros de orientación o rehabilitación conductual</p>]]></description>
<ExtendedData>
	<Data name="fid"><displayName>fid</displayName><value><![CDATA[36]]></value></Data>
	<Data name="ZONA_NOM"><displayName>ZONA_NOM</displayName><value><![CDATA[ZexR-2]]></value></Data>
	<Data name="ZONA_GLOSA"><displayName>ZONA_GLOSA</displayName><value><![CDATA[Zona de Extensión Residencial]]></value></Data>
	<Data name="USOS_PERMITIDOS"><displayName>USOS_PERMITIDOS</displayName><value><![CDATA[Residencial; Equipamiento científico, comercio pequeño asociado a vivienda, culto y cultura, deporte, educación, esparcimiento, salud (Postas y Policlínicos), seguridad, servicios y social; Actividad productiva inofensiva. Ver Ordenanza.]]></value></Data>
	<Data name="USOS_PROHIBIDOS"><displayName>USOS_PROHIBIDOS</displayName><value><![CDATA[Todos los usos de suelo no mencionados como permitidos. En especial los centros de orientación o rehabilitación conductual]]></value></Data>
	<Data name="P_DO"><displayName>P_DO</displayName><value><![CDATA[13/07/2009]]></value></Data>
	<Data name="N_DOC"><displayName>N_DOC</displayName><value><![CDATA[15]]></value></Data>
	<Data name="T_DO"><displayName>T_DO</displayName><value><![CDATA[Resolución]]></value></Data>
	<Data name="color_"><displayName>color_</displayName><value><![CDATA[255,127,127,254]]></value></Data>
</ExtendedData>
<styleUrl>#style12</styleUrl>
<MultiGeometry>
	<Polygon>
		<outerBoundaryIs>
			<LinearRing>
				<tessellate>1</tessellate>
				<coordinates>
					-72.69177980858358,-37.48753461716991,0.000
					-72.69178520425471,-37.48757684375276,0.000
					-72.69172044445335,-37.487719502044875,0.000
					-72.69164813120177,-37.48789099869745,0.000
					-72.69175829444731,-37.48800196429836,0.000
					-72.69177862251452,-37.48811097252462,0.000
					-72.69173757509935,-37.48818853176119,0.000
					-72.69171632521461,-37.488303608462466,0.000
					-72.69165818620331,-37.48851995064264,0.000
					-72.69162141653905,-37.488623595204714,0.000
					-72.69156110362205,-37.4887351267042,0.000
					-72.6913686183315,-37.48889608271123,0.000
					-72.69129723443339,-37.4889650560576,0.000
					-72.69118093327957,-37.489033051847436,0.000
					-72.69126487237298,-37.48934029148873,0.000
					-72.6915529413463,-37.48929790783561,0.000
					-72.69187247328627,-37.48946906187664,0.000
					-72.69190023803893,-37.489546851575135,0.000
					-72.69191652438954,-37.489634534470824,0.000
					-72.69193749437284,-37.48969585158815,0.000
					-72.69201286636732,-37.48970779440712,0.000
					-72.69210545491087,-37.489704896926185,0.000
					-72.6921571684892,-37.48972234658442,0.000
					-72.69220454944706,-37.489773303102496,0.000
					-72.69241258416658,-37.48998846556539,0.000
					-72.69250862804607,-37.489994993627384,0.000
					-72.69283300974536,-37.48996100518673,0.000
					-72.69304395875074,-37.48999253905836,0.000
					-72.69317842480392,-37.490050303149076,0.000
					-72.693327303998,-37.49015767054514,0.000
					-72.69336901193854,-37.49027554401749,0.000
					-72.69340914122473,-37.49042206981487,0.000
					-72.693399893574,-37.49047718233977,0.000
					-72.69334696412017,-37.49061708648732,0.000
					-72.6932884126426,-37.49076431779174,0.000
					-72.69326288706408,-37.49085330936141,0.000
					-72.69347811234422,-37.49095842117938,0.000
					-72.6938301877406,-37.49055779419279,0.000
					-72.69554924304815,-37.48856729977116,0.000
					-72.69662822698398,-37.48724636393243,0.000
					-72.69749674210195,-37.48615350323486,0.000
					-72.69713752206646,-37.485974258762425,0.000
					-72.69669784538257,-37.485702006674224,0.000
					-72.6965745256927,-37.48553663587983,0.000
					-72.69645742236031,-37.48543661904602,0.000
					-72.6962951685645,-37.48533086633285,0.000
					-72.69623190056822,-37.485139778312416,0.000
					-72.69612252569078,-37.48501449167198,0.000
					-72.69596747235539,-37.484872758803256,0.000
					-72.69583859321297,-37.484715903455225,0.000
					-72.69578728066762,-37.4845852220738,0.000
					-72.6957673154806,-37.484443622039414,0.000
					-72.6951976108033,-37.48459950074086,0.000
					-72.69482865562713,-37.48471474143945,0.000
					-72.69442083810637,-37.48490628081666,0.000
					-72.69416251462704,-37.4850359322884,0.000
					-72.69388312019056,-37.48528423023606,0.000
					-72.69362901832157,-37.48549955721297,0.000
					-72.69343342470084,-37.48580958678391,0.000
					-72.6932610136379,-37.4860438074325,0.000
					-72.69299119586474,-37.48639548947623,0.000
					-72.6928256298589,-37.486586591766624,0.000
					-72.69271268600829,-37.48684397769067,0.000
					-72.69250196780159,-37.487029341576054,0.000
					-72.69224979159095,-37.48728393520331,0.000
					-72.69188952064462,-37.48748470409207,0.000
					-72.69177980858358,-37.48753461716991,0.000
				</coordinates>
			</LinearRing>
		</outerBoundaryIs>
	</Polygon>
</MultiGeometry>
</Placemark>

<Placemark>
<name>ZPR-3</name>
<description><![CDATA[<p><b>ZONA NOMBRE: </b> ZPR-3</p>
<p><b>ZONA GLOSA: </b>Zona de Protección de Drenaje</p>
<p><b>USOS PERMITIDOS: </b>Áreas verdes públicas o privadas.</p>
<p><b>USOS PROHIBIDOS: </b>Todos los usos de suelo no mencionados como permitidos.</p>]]></description>
<ExtendedData>
	<Data name="fid"><displayName>fid</displayName><value><![CDATA[37]]></value></Data>
	<Data name="ZONA_NOM"><displayName>ZONA_NOM</displayName><value><![CDATA[ZPR-3]]></value></Data>
	<Data name="ZONA_GLOSA"><displayName>ZONA_GLOSA</displayName><value><![CDATA[Zona de Protección de Drenaje]]></value></Data>
	<Data name="USOS_PERMITIDOS"><displayName>USOS_PERMITIDOS</displayName><value><![CDATA[Áreas verdes públicas o privadas.]]></value></Data>
	<Data name="USOS_PROHIBIDOS"><displayName>USOS_PROHIBIDOS</displayName><value><![CDATA[Todos los usos de suelo no mencionados como permitidos.]]></value></Data>
	<Data name="P_DO"><displayName>P_DO</displayName><value><![CDATA[13/07/2009]]></value></Data>
	<Data name="N_DOC"><displayName>N_DOC</displayName><value><![CDATA[15]]></value></Data>
	<Data name="T_DO"><displayName>T_DO</displayName><value><![CDATA[Resolución]]></value></Data>
	<Data name="color_"><displayName>color_</displayName><value><![CDATA[0,153,0,254]]></value></Data>
</ExtendedData>
<styleUrl>#style18</styleUrl>
<MultiGeometry>
	<Polygon>
		<outerBoundaryIs>
			<LinearRing>
				<tessellate>1</tessellate>
				<coordinates>
					-72.67401727933975,-37.49660613091262,0.000
					-72.67420276667038,-37.496525552875205,0.000
					-72.67435365592083,-37.49643027675804,0.000
					-72.67450314467662,-37.496306441011626,0.000
					-72.67459723143968,-37.49615096019571,0.000
					-72.67463227635655,-37.49601161988406,0.000
					-72.67470550213307,-37.49591876326859,0.000
					-72.6747495573573,-37.49584111587275,0.000
					-72.67482184890241,-37.4958142329895,0.000
					-72.67482181456434,-37.49581353317146,0.000
					-72.67496052037016,-37.49571386924654,0.000
					-72.67499332822894,-37.495650873657986,0.000
					-72.67444889173866,-37.495529583288544,0.000
					-72.67399980801751,-37.49540055431255,0.000
					-72.6736703026776,-37.49539174639156,0.000
					-72.67310780937443,-37.495390191790605,0.000
					-72.67306435679163,-37.49535817500875,0.000
					-72.67310934839918,-37.49529956805917,0.000
					-72.67323410231451,-37.49528138137676,0.000
					-72.67343147818936,-37.49528000324256,0.000
					-72.67355553160066,-37.49524753739665,0.000
					-72.6736313262979,-37.495207040107985,0.000
					-72.67367631736217,-37.495148432969,0.000
					-72.67359538636286,-37.49508421198177,0.000
					-72.67347403801294,-37.49504985342389,0.000
					-72.67339590877896,-37.49504275120583,0.000
					-72.67330536510099,-37.49502650231797,0.000
					-72.67319806664841,-37.49503460972457,0.000
					-72.6732024069302,-37.495001104930395,0.000
					-72.67334508228845,-37.4949823601482,0.000
					-72.67356061280033,-37.49498518401849,0.000
					-72.67372261199738,-37.49499444103989,0.000
					-72.67390733897436,-37.494979154470606,0.000
					-72.67403185862935,-37.49495620767379,0.000
					-72.67413822274148,-37.494929058693636,0.000
					-72.67420160220918,-37.494879413644185,0.000
					-72.67416108710843,-37.49478533126332,0.000
					-72.67405742855615,-37.4947456548995,0.000
					-72.67359346341665,-37.49467906132064,0.000
					-72.67332440045104,-37.49468267178913,0.000
					-72.67298738581201,-37.4947646724183,0.000
					-72.6727804912231,-37.49493796550817,0.000
					-72.6725448941715,-37.49513598736152,0.000
					-72.67237304758403,-37.49516993988189,0.000
					-72.6721381940959,-37.49513911221392,0.000
					-72.67191776123765,-37.49503632841608,0.000
					-72.67170306997036,-37.494928598015015,0.000
					-72.67167567448588,-37.4948579420019,0.000
					-72.6717493697629,-37.494774606613824,0.000
					-72.67191290783624,-37.49469324149805,0.000
					-72.67213641784993,-37.49461477695782,0.000
					-72.67272037229301,-37.49444404882161,0.000
					-72.6730100615608,-37.49437305645936,0.000
					-72.67341348994366,-37.494303289434164,0.000
					-72.67382279340376,-37.49410939172597,0.000
					-72.6740673934815,-37.493973059785965,0.000
					-72.67435534789458,-37.493744801301425,0.000
					-72.67457488345518,-37.493585413381886,0.000
					-72.67479842532356,-37.493263816816516,0.000
					-72.67528685323354,-37.492609798682544,0.000
					-72.67549270162321,-37.49229351866477,0.000
					-72.67574797405453,-37.49200906900454,0.000
					-72.67591620726198,-37.491779769436725,0.000
					-72.6760577411476,-37.49149409543464,0.000
					-72.67621347521548,-37.49143680331433,0.000
					-72.67670511785501,-37.491092547522186,0.000
					-72.67710608543159,-37.49085122570064,0.000
					-72.67728846440765,-37.490788335168375,0.000
					-72.67755670839816,-37.49064649276323,0.000
					-72.67775713883145,-37.49046385914578,0.000
					-72.67794011494308,-37.49029130338305,0.000
					-72.67805467825926,-37.49018762121203,0.000
					-72.67835769550068,-37.490144803653706,0.000
					-72.67879002619387,-37.49005504953774,0.000
					-72.67890809553074,-37.4900227648566,0.000
					-72.67924708087357,-37.48985964380523,0.000
					-72.67961195836206,-37.48961467262722,0.000
					-72.67975726800594,-37.48946712447226,0.000
					-72.68003534557995,-37.4892820653349,0.000
					-72.68007939177268,-37.489204416377156,0.000
					-72.68014301726558,-37.48891640136386,0.000
					-72.68019703418692,-37.4886763571695,0.000
					-72.68034989863406,-37.48849997053911,0.000
					-72.68039254102248,-37.488393762228256,0.000
					-72.68042066452134,-37.48823556731558,0.000
					-72.68055607625833,-37.48806925891768,0.000
					-72.68067743517209,-37.4878604842246,0.000
					-72.68073952723095,-37.487663092446056,0.000
					-72.68074609476169,-37.48755324288196,0.000
					-72.68088537240072,-37.487343908975646,0.000
					-72.68108028011568,-37.48717097634619,0.000
					-72.68117257914325,-37.487101356455995,0.000
					-72.68142111902459,-37.48704592950968,0.000
					-72.68180610933483,-37.486967175034344,0.000
					-72.68199925222385,-37.4868801060024,0.000
					-72.68211357080128,-37.4867716602426,0.000
					-72.68224370444216,-37.48661981625225,0.000
					-72.68230532365791,-37.48641290445002,0.000
					-72.68235850577943,-37.4862777635148,0.000
					-72.68244776103917,-37.48614626414027,0.000
					-72.68248759177618,-37.48598293593965,0.000
					-72.68250809907195,-37.4857916087224,0.000
					-72.68258610944494,-37.48567476174114,0.000
					-72.68267969829942,-37.48550975644685,0.000
					-72.68280596098414,-37.485400937251704,0.000
					-72.68296431848135,-37.48521484104012,0.000
					-72.68308894237158,-37.485072703118924,0.000
					-72.68320595427862,-37.48489743130565,0.000
					-72.6833126578894,-37.484755852588975,0.000
					-72.6834280308076,-37.484547262144815,0.000
					-72.68348941257513,-37.48433558973007,0.000
					-72.68359353961205,-37.48414165174371,0.000
					-72.68368946586436,-37.48402424474031,0.000
					-72.68370938007158,-37.483942580492126,0.000
					-72.68377006452614,-37.483892695799845,0.000
					-72.68385412688988,-37.4838686193567,0.000
					-72.68395698700706,-37.4838618321348,0.000
					-72.68402831234636,-37.48385245477422,0.000
					-72.68410912318521,-37.483853506193604,0.000
					-72.68425555162477,-37.48382033087123,0.000
					-72.68433961485279,-37.48379625405887,0.000
					-72.68440320990464,-37.48381214528011,0.000
					-72.68450756439869,-37.48374452927866,0.000
					-72.6846310666648,-37.48370134353288,0.000
					-72.68475035525925,-37.48357247930928,0.000
					-72.68482326653307,-37.48341288566835,0.000
					-72.68485594427946,-37.483347507877134,0.000
					-72.68494097423613,-37.48325189202122,0.000
					-72.68520071416656,-37.48315082025165,0.000
					-72.68527291650014,-37.483159290968004,0.000
					-72.68555504989261,-37.48323986293882,0.000
					-72.68634488637315,-37.48342613597833,0.000
					-72.6867555721071,-37.48352056468274,0.000
					-72.68695698403785,-37.483875384884435,0.000
					-72.687107539589,-37.484199615391766,0.000
					-72.6871907241831,-37.48452237551616,0.000
					-72.68714127062687,-37.484702690142896,0.000
					-72.68709295900011,-37.48481503628396,0.000
					-72.68728965806345,-37.48480150013779,0.000
					-72.68750201031054,-37.48478592492407,0.000
					-72.68769701378932,-37.484797707214994,0.000
					-72.68780688718797,-37.48482704706446,0.000
					-72.68787986809585,-37.484866478517766,0.000
					-72.68791968934245,-37.48491588496494,0.000
					-72.68797576112873,-37.48499159907292,0.000
					-72.68801221597236,-37.48512453683137,0.000
					-72.68805006629312,-37.48551366592621,0.000
					-72.68808198644047,-37.48585828763816,0.000
					-72.68806339614535,-37.48608828898148,0.000
					-72.68803565550914,-37.48620833551099,0.000
					-72.68799005197238,-37.48626935071317,0.000
					-72.68789518368645,-37.48631700884367,0.000
					-72.68780575499221,-37.486319804153005,0.000
					-72.6878270513182,-37.4863295067341,0.000
					-72.68789723694901,-37.486388094465,0.000
					-72.68792385427741,-37.48647307140281,0.000
					-72.68793184909003,-37.48654432894988,0.000
					-72.68777285659705,-37.4865957787259,0.000
					-72.6876340667715,-37.48669307691618,0.000
					-72.68762809470408,-37.48675404513873,0.000
					-72.68768071231115,-37.486820332384916,0.000
					-72.6877862117637,-37.48686709050075,0.000
					-72.68791788741748,-37.48689872791159,0.000
					-72.6880483330074,-37.48690537624291,0.000
					-72.68829068683719,-37.48681556686129,0.000
					-72.6885645843216,-37.48709303478739,0.000
					-72.68912326852166,-37.48732226774937,0.000
					-72.68985421952169,-37.487678399410925,0.000
					-72.69016769625695,-37.4878938440276,0.000
					-72.69042367629895,-37.4879895232552,0.000
					-72.69059673024285,-37.488041315948195,0.000
					-72.69083329052877,-37.48801603873931,0.000
					-72.69105087536721,-37.48796990294613,0.000
					-72.69129770867563,-37.48787994723573,0.000
					-72.69126970269686,-37.48813109970316,0.000
					-72.69125153443655,-37.48839982143729,0.000
					-72.69102586853047,-37.488464087509286,0.000
					-72.6909447000376,-37.48845590005767,0.000
					-72.69079026847106,-37.488417826818406,0.000
					-72.69060105221045,-37.48840229415582,0.000
					-72.69036826741164,-37.4884131504518,0.000
					-72.69019996072662,-37.48845774460582,0.000
					-72.6901582423534,-37.48861279012643,0.000
					-72.69016571213798,-37.48867333799356,0.000
					-72.69025671956796,-37.48869909440325,0.000
					-72.69042160167992,-37.48867606084441,0.000
					-72.69054651482375,-37.48866142671921,0.000
					-72.69068144384306,-37.48866793270906,0.000
					-72.69083016436888,-37.48868115648491,0.000
					-72.69096272378398,-37.488730640702286,0.000
					-72.69057674593364,-37.48891075733042,0.000
					-72.69055821463795,-37.488989995578315,0.000
					-72.69049593855367,-37.489092053961805,0.000
					-72.6902275870774,-37.48938290271356,0.000
					-72.68988052676394,-37.48971554142238,0.000
					-72.68955155857483,-37.49005118896493,0.000
					-72.68931816319875,-37.49032306550589,0.000
					-72.68919228285324,-37.49040923602942,0.000
					-72.68903433707985,-37.490482106691175,0.000
					-72.68894324246989,-37.490545736579236,0.000
					-72.68889712559931,-37.490611535659944,0.000
					-72.68885882931254,-37.49074502200138,0.000
					-72.68880067731625,-37.49083980031265,0.000
					-72.68878161637753,-37.49090832809131,0.000
					-72.68884460552869,-37.491002893378194,0.000
					-72.68887904679374,-37.49115555807103,0.000
					-72.68862886419986,-37.49136002643215,0.000
					-72.68828175875966,-37.4916283050056,0.000
					-72.68812855657252,-37.491797561896846,0.000
					-72.68808762075328,-37.491877500198996,0.000
					-72.68813330714183,-37.49207629272525,0.000
					-72.68820523164868,-37.49238271838713,0.000
					-72.68819645000936,-37.49250813154927,0.000
					-72.68813539851763,-37.492635177862844,0.000
					-72.68800596994846,-37.49274052707553,0.000
					-72.68779586749048,-37.492878191879214,0.000
					-72.68773607514261,-37.49306121270349,0.000
					-72.68764143579209,-37.493326365970724,0.000
					-72.68763710670127,-37.49360299689333,0.000
					-72.68761731517596,-37.49380860372452,0.000
					-72.687225393377,-37.49435477680583,0.000
					-72.6869614924915,-37.4947062610628,0.000
					-72.68677267294288,-37.49500295907254,0.000
					-72.68558936900374,-37.49503039825041,0.000
					-72.68547490463082,-37.495058741167284,0.000
					-72.68522386816713,-37.49504870612821,0.000
					-72.68484647143,-37.49505453606597,0.000
					-72.6844538472033,-37.495054881034285,0.000
					-72.68428822305478,-37.49509487530694,0.000
					-72.68405734719967,-37.49514498973871,0.000
					-72.68399701828125,-37.49525651904601,0.000
					-72.68398237429365,-37.49532371634129,0.000
					-72.68398389224451,-37.49547621880784,0.000
					-72.68401680655626,-37.49553716442057,0.000
					-72.68421945324319,-37.495521301170015,0.000
					-72.68438766108125,-37.49553511700869,0.000
					-72.68448113729369,-37.49548929317489,0.000
					-72.68464266821984,-37.4954890156875,0.000
					-72.68478768233447,-37.49551785594557,0.000
					-72.68496209874304,-37.49553624450451,0.000
					-72.68503976052233,-37.495533818672534,0.000
					-72.68545418987827,-37.49544459785149,0.000
					-72.6858640504622,-37.49538412130461,0.000
					-72.68640603879057,-37.495333816207605,0.000
					-72.68694463056389,-37.49533605414322,0.000
					-72.6871712938651,-37.49568650808098,0.000
					-72.68714622964936,-37.49590658110479,0.000
					-72.68706587746752,-37.4962189584206,0.000
					-72.68700766255455,-37.496373327551545,0.000
					-72.68695331167255,-37.496484670554665,0.000
					-72.68689322058067,-37.496600960389856,0.000
					-72.68690751472555,-37.49689131161953,0.000
					-72.68651065271969,-37.49733752574617,0.000
					-72.68627836633723,-37.49760221184613,0.000
					-72.6861472878343,-37.49797814704003,0.000
					-72.68593725575063,-37.498451891912964,0.000
					-72.6858132025853,-37.49872749689765,0.000
					-72.68559684142052,-37.499072725627705,0.000
					-72.68548063483861,-37.49938622213555,0.000
					-72.68537602422946,-37.49981376813379,0.000
					-72.68539300802459,-37.5000372946978,0.000
					-72.68544689417998,-37.50015955802509,0.000
					-72.68572487629422,-37.49985054128291,0.000
					-72.68569882182577,-37.499716285368876,0.000
					-72.68574193123943,-37.49961959559158,0.000
					-72.68578984262408,-37.49949891936741,0.000
					-72.6857910137665,-37.49927959220651,0.000
					-72.6859608695185,-37.49908359846769,0.000
					-72.68617664446607,-37.498848032700366,0.000
					-72.6862517321764,-37.498793247066814,0.000
					-72.68631920506489,-37.49870532981763,0.000
					-72.6863852719262,-37.49858885351024,0.000
					-72.68641760234318,-37.4985163358329,0.000
					-72.68639054160826,-37.49833126131038,0.000
					-72.68643435239487,-37.4982488508654,0.000
					-72.68649444420043,-37.498132561217176,0.000
					-72.68656144759396,-37.498035123593624,0.000
					-72.68665141046982,-37.497917900401745,0.000
					-72.68665946857112,-37.49783851342986,0.000
					-72.6866905088847,-37.49761825374899,0.000
					-72.68674404151882,-37.49761181333826,0.000
					-72.68684806045395,-37.49753705517474,0.000
					-72.68698652129483,-37.497675742678034,0.000
					-72.68708175737571,-37.497787178914265,0.000
					-72.68712849799604,-37.49788582840515,0.000
					-72.68717500437707,-37.49797971773569,0.000
					-72.68713154881465,-37.498190831527204,0.000
					-72.68736066527944,-37.497957462872925,0.000
					-72.68740480814539,-37.49790770222872,0.000
					-72.6874167426254,-37.497894518673505,0.000
					-72.68742251756645,-37.49778129479511,0.000
					-72.68738772561578,-37.497682271951085,0.000
					-72.6872991657236,-37.4975849296758,0.000
					-72.68719151311211,-37.49746434767668,0.000
					-72.68710014158006,-37.497309887203755,0.000
					-72.68710236647638,-37.4972335428161,0.000
					-72.68711056469112,-37.49715701173645,0.000
					-72.68713551449302,-37.49705612159886,0.000
					-72.68717908831366,-37.49696895084655,0.000
					-72.68724515248798,-37.49685247418232,0.000
					-72.68725522534908,-37.49681402147595,0.000
					-72.68734436381885,-37.4965585753408,0.000
					-72.68742483405214,-37.496370140917165,0.000
					-72.68753306528548,-37.496137933371195,0.000
					-72.68758073762216,-37.496012497400216,0.000
					-72.68756433597065,-37.49592243375267,0.000
					-72.68752778048291,-37.49542302373704,0.000
					-72.68751348469397,-37.49513267263824,0.000
					-72.68757193329141,-37.49498306343729,0.000
					-72.68767653070822,-37.49479864216362,0.000
					-72.68788291951117,-37.49461580540045,0.000
					-72.68803765101003,-37.49447748761648,0.000
					-72.68805018172466,-37.494367450621745,0.000
					-72.68815021039819,-37.49421177384028,0.000
					-72.68821392702307,-37.49404769818157,0.000
					-72.68839406581664,-37.49357488420872,0.000
					-72.68868089923046,-37.49271735983483,0.000
					-72.68884358032912,-37.4922546250975,0.000
					-72.68890213691267,-37.491985832639074,0.000
					-72.68904572249231,-37.491499859230615,0.000
					-72.68918310710347,-37.49125243813891,0.000
					-72.6893744873445,-37.49100809493521,0.000
					-72.68950519277352,-37.49074657998905,0.000
					-72.68979648018333,-37.49046574221832,0.000
					-72.69017267700724,-37.490086903306,0.000
					-72.6905606945826,-37.48958374857796,0.000
					-72.69102546487727,-37.489788498545366,0.000
					-72.6913989947795,-37.489962731039434,0.000
					-72.69130922533387,-37.490094106161806,0.000
					-72.69134199388452,-37.49017689967734,0.000
					-72.6913869752148,-37.49023984935034,0.000
					-72.69146029904307,-37.490270925523994,0.000
					-72.69156817371116,-37.49027470044292,0.000
					-72.69176266384349,-37.490275765840906,0.000
					-72.6918536748442,-37.49030152084342,0.000
					-72.69188184523188,-37.49032685852361,0.000
					-72.69193684243794,-37.4904109462986,0.000
					-72.6919804796725,-37.49050730818099,0.000
					-72.69210862240244,-37.49055812018698,0.000
					-72.69235049591947,-37.49061014013864,0.000
					-72.6924335381461,-37.490595623407444,0.000
					-72.69257086627563,-37.490529351971794,0.000
					-72.69265724723833,-37.490521880868826,0.000
					-72.69268793563852,-37.49053760552566,0.000
					-72.6926807357963,-37.49057358498999,0.000
					-72.69264507545273,-37.490639057281975,0.000
					-72.69258868825484,-37.4907695353353,0.000
					-72.69245775920923,-37.4910262930188,0.000
					-72.6924585264047,-37.491102543785075,0.000
					-72.69260366210227,-37.49125531824667,0.000
					-72.69275564625433,-37.49136497286396,0.000
					-72.69288706515006,-37.49136085930522,0.000
					-72.69300068065989,-37.49135968662138,0.000
					-72.69308442868306,-37.49140638910852,0.000
					-72.69347811234422,-37.49095842117938,0.000
					-72.69326288706408,-37.49085330936141,0.000
					-72.6932884126426,-37.49076431779174,0.000
					-72.69334696412017,-37.49061708648732,0.000
					-72.693399893574,-37.49047718233977,0.000
					-72.69340914122473,-37.49042206981487,0.000
					-72.69336901193854,-37.49027554401749,0.000
					-72.693327303998,-37.49015767054514,0.000
					-72.69317842480392,-37.490050303149076,0.000
					-72.69304395875074,-37.48999253905836,0.000
					-72.69283300974536,-37.48996100518673,0.000
					-72.69250862804607,-37.489994993627384,0.000
					-72.69241258416658,-37.48998846556539,0.000
					-72.69220454944706,-37.489773303102496,0.000
					-72.6921571684892,-37.48972234658442,0.000
					-72.69210545491087,-37.489704896926185,0.000
					-72.69201286636732,-37.48970779440712,0.000
					-72.69193749437284,-37.48969585158815,0.000
					-72.69191652438954,-37.489634534470824,0.000
					-72.69190023803893,-37.489546851575135,0.000
					-72.69187247328627,-37.48946906187664,0.000
					-72.6915529413463,-37.48929790783561,0.000
					-72.69126487237298,-37.48934029148873,0.000
					-72.69118093327957,-37.489033051847436,0.000
					-72.69129723443339,-37.4889650560576,0.000
					-72.6913686183315,-37.48889608271123,0.000
					-72.69156110362205,-37.4887351267042,0.000
					-72.69162141653905,-37.488623595204714,0.000
					-72.69165818620331,-37.48851995064264,0.000
					-72.69171632521461,-37.488303608462466,0.000
					-72.69173757509935,-37.48818853176119,0.000
					-72.69177862251452,-37.48811097252462,0.000
					-72.69175829444731,-37.48800196429836,0.000
					-72.69164813120177,-37.48789099869745,0.000
					-72.69172044445335,-37.487719502044875,0.000
					-72.69178520425471,-37.48757684375276,0.000
					-72.69177980858358,-37.48753461716991,0.000
					-72.69173667402185,-37.48747876100195,0.000
					-72.69168941110664,-37.48743018428022,0.000
					-72.69161526914776,-37.48738244857862,0.000
					-72.69156423095873,-37.4873482923046,0.000
					-72.69150836075694,-37.48730713600785,0.000
					-72.69147058624328,-37.48726898819117,0.000
					-72.69131133639455,-37.48740625963075,0.000
					-72.69112880648056,-37.48752638303099,0.000
					-72.69088109353802,-37.48759848881651,0.000
					-72.69064189658985,-37.48757021825839,0.000
					-72.69035139300811,-37.48741126223994,0.000
					-72.69000879815825,-37.48719672877219,0.000
					-72.68959540541685,-37.48700228537994,0.000
					-72.68948973012559,-37.48695195972139,0.000
					-72.68932458386485,-37.48687846537119,0.000
					-72.68911613106857,-37.486745544277326,0.000
					-72.68887798761676,-37.48655634426985,0.000
					-72.68859860069618,-37.48630407694103,0.000
					-72.68855371271474,-37.48621252017914,0.000
					-72.6885101403031,-37.48605656602205,0.000
					-72.68848888140475,-37.48598929789061,0.000
					-72.68839401024721,-37.48588500306891,0.000
					-72.68836950271391,-37.48584286385048,0.000
					-72.68832900401613,-37.485658210539036,0.000
					-72.68825995623051,-37.48534931095775,0.000
					-72.68817957542473,-37.48490132626968,0.000
					-72.68812537414104,-37.484620565442775,0.000
					-72.68799641935352,-37.48400605571237,0.000
					-72.68793466533377,-37.48375413381348,0.000
					-72.68783601978028,-37.483299568445766,0.000
					-72.68780246318742,-37.48298240790327,0.000
					-72.68774413674737,-37.4827089269197,0.000
					-72.68773104760892,-37.48253414247071,0.000
					-72.68772129618934,-37.48224484081946,0.000
					-72.68770100548765,-37.48210603563484,0.000
					-72.68765471343441,-37.48180357453002,0.000
					-72.68767245598471,-37.48161710052282,0.000
					-72.68769037276384,-37.48125185188644,0.000
					-72.68769651866882,-37.480647420345726,0.000
					-72.68771636785173,-37.48013909538262,0.000
					-72.68776098547272,-37.47976943657278,0.000
					-72.68785224274959,-37.47934468870686,0.000
					-72.68788008465125,-37.47890762227232,0.000
					-72.68792004724972,-37.47871687810092,0.000
					-72.68803396238026,-37.478205612900865,0.000
					-72.68815165497669,-37.4778622728424,0.000
					-72.68825015303707,-37.47756086242987,0.000
					-72.68807057499662,-37.47753622307279,0.000
					-72.68772580970179,-37.47782349573977,0.000
					-72.68713394042186,-37.478194763537324,0.000
					-72.68676808659433,-37.478539897640296,0.000
					-72.68635538657263,-37.47890556324734,0.000
					-72.68629027105715,-37.479041078642034,0.000
					-72.68627668236878,-37.47925125922159,0.000
					-72.68625114869805,-37.4794618129806,0.000
					-72.68625559264983,-37.47979537626819,0.000
					-72.6861298123273,-37.479913717881445,0.000
					-72.68595086087892,-37.480167202352554,0.000
					-72.68586278885671,-37.480322502757595,0.000
					-72.68573021254323,-37.480545934292195,0.000
					-72.68558241164885,-37.480703101183245,0.000
					-72.68556131578303,-37.48068808028433,0.000
					-72.6855780205444,-37.48075556429816,0.000
					-72.68555049815409,-37.480804095991594,0.000
					-72.6855052903781,-37.480857947569,0.000
					-72.68529459713996,-37.481074283736234,0.000
					-72.68510802850129,-37.48129463444606,0.000
					-72.68502569270343,-37.481444988546684,0.000
					-72.6849266084271,-37.48161970121965,0.000
					-72.68490810042628,-37.48172992475193,0.000
					-72.68490153031725,-37.48208290110392,0.000
					-72.68490807725637,-37.482459303330046,0.000
					-72.68488699424128,-37.48251716871239,0.000
					-72.68481039606135,-37.48266257602057,0.000
					-72.68461257787027,-37.482897577964586,0.000
					-72.68456947596353,-37.482994267976416,0.000
					-72.68452520248078,-37.483067158111105,0.000
					-72.68445493125516,-37.483097955553255,0.000
					-72.68436287419114,-37.48317233778861,0.000
					-72.68422900683233,-37.483248025520204,0.000
					-72.684125236684,-37.48332754079712,0.000
					-72.68402029728938,-37.483383256944215,0.000
					-72.68379589696357,-37.48344270198361,0.000
					-72.6835404615918,-37.48347927996501,0.000
					-72.68329556876296,-37.48348692525392,0.000
					-72.68307960350808,-37.483474598947296,0.000
					-72.68295757007654,-37.483425968795004,0.000
					-72.68282429195939,-37.483391991919326,0.000
					-72.68245326319003,-37.48338927105198,0.000
					-72.68196300733415,-37.48339503630858,0.000
					-72.68189590122827,-37.483368527398575,0.000
					-72.68173826339708,-37.483325774496116,0.000
					-72.6816184611675,-37.48320079912649,0.000
					-72.6811857454837,-37.482794788947,0.000
					-72.68048818450814,-37.48211249567437,0.000
					-72.6801456158386,-37.48230295787941,0.000
					-72.68004212026251,-37.48242003241582,0.000
					-72.68015263142392,-37.48251162785608,0.000
					-72.6804880309196,-37.48276336092653,0.000
					-72.68072939417073,-37.482927450845,0.000
					-72.68098876616074,-37.48318409641355,0.000
					-72.68117539254926,-37.48332987000337,0.000
					-72.68130104091041,-37.483573843980885,0.000
					-72.68151488250207,-37.483786462011984,0.000
					-72.68169711431732,-37.48384274927576,0.000
					-72.68218444074384,-37.483899049130166,0.000
					-72.6827040967025,-37.483882830273316,0.000
					-72.68284556443955,-37.484083403240355,0.000
					-72.68273675512972,-37.48418214272187,0.000
					-72.68265347594718,-37.48431345665106,0.000
					-72.68250109278635,-37.484499365067514,0.000
					-72.68242202271443,-37.48471635656644,0.000
					-72.68234845895411,-37.484923641220014,0.000
					-72.68229153455145,-37.4849826238937,0.000
					-72.68216761104843,-37.48513904155917,0.000
					-72.68212380302793,-37.48522145036985,0.000
					-72.68207682854619,-37.48536116495006,0.000
					-72.68193392324078,-37.485618285385954,0.000
					-72.68189736621908,-37.485848250473005,0.000
					-72.68179603855211,-37.4860993066807,0.000
					-72.68175311009239,-37.48613878337017,0.000
					-72.68160611806151,-37.48619104226656,0.000
					-72.68119266880642,-37.48629928609177,0.000
					-72.68101053812609,-37.486366942126914,0.000
					-72.68074852351211,-37.48651336513303,0.000
					-72.6805181372408,-37.486572990901806,0.000
					-72.680377584688,-37.486634581463356,0.000
					-72.680274742208,-37.486733133564,0.000
					-72.68015514752413,-37.486856043687794,0.000
					-72.67999735371758,-37.4871755999052,0.000
					-72.67979200488787,-37.487501405719094,0.000
					-72.67970063921749,-37.487590064448504,0.000
					-72.67914436422474,-37.48807936374065,0.000
					-72.67912878167037,-37.48812752171331,0.000
					-72.67925568215641,-37.4887623672875,0.000
					-72.67837656570406,-37.48950008994239,0.000
					-72.67777030338245,-37.48958096299875,0.000
					-72.67763431471793,-37.48961380600889,0.000
					-72.67739887801137,-37.48969265234325,0.000
					-72.67717058182158,-37.48979511124683,0.000
					-72.67698854066924,-37.48998670570112,0.000
					-72.676796419687,-37.49021675023954,0.000
					-72.67665679048972,-37.490297376778365,0.000
					-72.67619902483574,-37.4904784932552,0.000
					-72.67606303368754,-37.49051133367144,0.000
					-72.6759146272755,-37.490535026702126,0.000
					-72.67564651401688,-37.49055768158526,0.000
					-72.67553161463623,-37.490532658136765,0.000
					-72.67531306005623,-37.490467959081826,0.000
					-72.67507588549788,-37.49038953718686,0.000
					-72.67485065828417,-37.49031074356656,0.000
					-72.67471116306207,-37.4902721838718,0.000
					-72.6745518803848,-37.490196103159114,0.000
					-72.67436683428582,-37.4900826865548,0.000
					-72.67418893113911,-37.489992882801204,0.000
					-72.67411080724206,-37.489985781675955,0.000
					-72.67405587765748,-37.489963655757705,0.000
					-72.6740075883547,-37.48986345957236,0.000
					-72.67388788377872,-37.48986242062434,0.000
					-72.67313758898088,-37.48969032715705,0.000
					-72.67289467719705,-37.48961684685263,0.000
					-72.67254766134445,-37.48942648625459,0.000
					-72.6724730543216,-37.489472727663866,0.000
					-72.67197425906612,-37.48979335299576,0.000
					-72.67165961778007,-37.48996522987368,0.000
					-72.67115381852108,-37.49014305427948,0.000
					-72.67079913227991,-37.490230365642624,0.000
					-72.67067499410338,-37.490138884553176,0.000
					-72.67035335137804,-37.49016795937679,0.000
					-72.67025626940894,-37.49023665319517,0.000
					-72.6704487512116,-37.49036063227067,0.000
					-72.67064286914257,-37.49047615665232,0.000
					-72.67074633316548,-37.490573048489,0.000
					-72.67084048649205,-37.49066307869393,0.000
					-72.67088983814698,-37.490754503710264,0.000
					-72.67100261276286,-37.49085825683552,0.000
					-72.67146603730761,-37.4911584712774,0.000
					-72.67165644730825,-37.491381370467664,0.000
					-72.67174094170021,-37.491457399846176,0.000
					-72.67211287720336,-37.49153878351027,0.000
					-72.67224728537902,-37.49153459995825,0.000
					-72.67245743969866,-37.49142794761298,0.000
					-72.6724082956846,-37.49115774794977,0.000
					-72.67236069213232,-37.49110202352904,0.000
					-72.67226618638682,-37.49100485344149,0.000
					-72.6721823909956,-37.490943105131066,0.000
					-72.67220577288167,-37.49087086960756,0.000
					-72.6722570856972,-37.49081921657378,0.000
					-72.67246142739853,-37.49077710169977,0.000
					-72.67254137112829,-37.49076031164422,0.000
					-72.67255439137165,-37.490659795504925,0.000
					-72.67254984069437,-37.4905669766469,0.000
					-72.67262418441143,-37.49043594847506,0.000
					-72.67272785903114,-37.49035406215942,0.000
					-72.67312281942208,-37.49035606791027,0.000
					-72.67329446864647,-37.49037932685257,0.000
					-72.67358470394875,-37.49044179868055,0.000
					-72.67452058883879,-37.490677232931624,0.000
					-72.67483805936862,-37.49074600277824,0.000
					-72.67512669343627,-37.49095868630228,0.000
					-72.67516708934558,-37.49105038837827,0.000
					-72.6751027605648,-37.49120255885308,0.000
					-72.6750277212079,-37.49131930863691,0.000
					-72.67490136925497,-37.49148771254587,0.000
					-72.67475884700258,-37.49169237429136,0.000
					-72.67462493483822,-37.49188961558186,0.000
					-72.67460065112007,-37.49212634775832,0.000
					-72.67448830728364,-37.4925803466086,0.000
					-72.67434102486322,-37.49287096537975,0.000
					-72.67408866274279,-37.49321491139879,0.000
					-72.67379905546129,-37.49353141365961,0.000
					-72.67365197410817,-37.49364325568639,0.000
					-72.67345112726133,-37.49375677075406,0.000
					-72.6732385182953,-37.493813446446914,0.000
					-72.67311446704497,-37.493845911846805,0.000
					-72.67283738033461,-37.49386883997312,0.000
					-72.67268644564071,-37.49390214185899,0.000
					-72.67237666574893,-37.49399044406356,0.000
					-72.67186498440692,-37.49417083885311,0.000
					-72.67138476912791,-37.49433714257563,0.000
					-72.67127789086288,-37.49429279642644,0.000
					-72.67107790511612,-37.49417983970604,0.000
					-72.6708032444874,-37.49406920614503,0.000
					-72.67054352038637,-37.49395810721127,0.000
					-72.67025684342158,-37.49390743614842,0.000
					-72.6699994518178,-37.49384393556459,0.000
					-72.66991275835157,-37.49390622234146,0.000
					-72.66991625676512,-37.49397762128823,0.000
					-72.66998299342984,-37.49411856082008,0.000
					-72.6700520627707,-37.49430709988579,0.000
					-72.6700877632406,-37.494425169204646,0.000
					-72.67022240470702,-37.494730848164146,0.000
					-72.67030466072339,-37.49488322337713,0.000
					-72.67041853627575,-37.49507036821433,0.000
					-72.67057488539076,-37.4952085193132,0.000
					-72.67067091114744,-37.49533662929811,0.000
					-72.67063368713356,-37.49549272168244,0.000
					-72.67052062174658,-37.49562733720172,0.000
					-72.67031911014809,-37.49578854083113,0.000
					-72.67020721006676,-37.49594695542998,0.000
					-72.67021829015889,-37.496173052687546,0.000
					-72.67021734993708,-37.496459112934964,0.000
					-72.67028840859736,-37.49671870122468,0.000
					-72.67021246882663,-37.49687838081372,0.000
					-72.6701114653688,-37.49701500447017,0.000
					-72.67001056297853,-37.49716592645137,0.000
					-72.66972593849117,-37.49758475884116,0.000
					-72.66949437841534,-37.497987638499175,0.000
					-72.66887786252884,-37.49798297783906,0.000
					-72.66800212250692,-37.49793870188727,0.000
					-72.66766499879094,-37.497896743627024,0.000
					-72.66755769412306,-37.497904847078566,0.000
					-72.66703865689003,-37.49830235745021,0.000
					-72.66574514693096,-37.49925785972519,0.000
					-72.66576044093783,-37.499448072309974,0.000
					-72.66575581819791,-37.50008702062206,0.000
					-72.6657625947279,-37.5005921331297,0.000
					-72.66577812350025,-37.50078710587238,0.000
					-72.66582632093305,-37.50103826969718,0.000
					-72.6658721884167,-37.50124183372227,0.000
					-72.66589873432076,-37.50141739502224,0.000
					-72.66593591610254,-37.50168796922817,0.000
					-72.66599924211381,-37.50188145656665,0.000
					-72.66591746261797,-37.50192213602435,0.000
					-72.66573324554821,-37.501993662106,0.000
					-72.66574104267298,-37.50201787706302,0.000
					-72.66583445912866,-37.50227597789178,0.000
					-72.66591204866154,-37.5025774751343,0.000
					-72.66596920576929,-37.5027365916849,0.000
					-72.66603154251368,-37.50290984969253,0.000
					-72.66618391289636,-37.50318041961672,0.000
					-72.66631020913138,-37.503376716286475,0.000
					-72.666477360183,-37.50358246985437,0.000
					-72.66651967685621,-37.503713444220374,0.000
					-72.66656116738312,-37.50390660983441,0.000
					-72.66662612904162,-37.504133415568745,0.000
					-72.66665570272927,-37.50427908749836,0.000
					-72.66676358287201,-37.50455747620879,0.000
					-72.66686008820504,-37.50478687689472,0.000
					-72.66690555474385,-37.50498210969507,0.000
					-72.66697515224729,-37.505181360735264,0.000
					-72.66710641531577,-37.50557057336562,0.000
					-72.66713129780308,-37.505652872257606,0.000
					-72.66749616366856,-37.505560072943915,0.000
					-72.66789782316553,-37.505819314062705,0.000
					-72.66791924589016,-37.50589015658417,0.000
					-72.66798645665446,-37.506040616254026,0.000
					-72.6680667855234,-37.50621450447918,0.000
					-72.66807970950346,-37.50635616491587,0.000
					-72.66811993498754,-37.506688617985006,0.000
					-72.66815727253453,-37.506840006443014,0.000
					-72.66822915059467,-37.507085665916335,0.000
					-72.66825104049845,-37.507166026986404,0.000
					-72.668300096181,-37.50731228440292,0.000
					-72.6683643671657,-37.50752480975783,0.000
					-72.66842056386646,-37.50769468063916,0.000
					-72.66854047824097,-37.507943612577506,0.000
					-72.66854514340079,-37.50803881079334,0.000
					-72.6685894806555,-37.50833299766752,0.000
					-72.66859974437888,-37.50854243497362,0.000
					-72.66861994932563,-37.508832605750094,0.000
					-72.66856929516105,-37.50902010110779,0.000
					-72.66924425265053,-37.50884782878714,0.000
					-72.66923879596702,-37.508614406464375,0.000
					-72.66930107412371,-37.508297835448765,0.000
					-72.66932581627836,-37.508192187580626,0.000
					-72.66921140881168,-37.507933550263026,0.000
					-72.66913238471295,-37.50766427907741,0.000
					-72.6690664784452,-37.50741843540271,0.000
					-72.6689674321762,-37.507106881312495,0.000
					-72.6689988497438,-37.50701532741385,0.000
					-72.66871527470835,-37.505982322865364,0.000
					-72.66874493532946,-37.50589153897187,0.000
					-72.66870278817973,-37.50576413498488,0.000
					-72.66857909148628,-37.50568217266017,0.000
					-72.66825262713495,-37.50549210335679,0.000
					-72.6681293989064,-37.50541966003187,0.000
					-72.66892107629987,-37.505089940063314,0.000
					-72.66918104097032,-37.504994092909016,0.000
					-72.66938549328796,-37.50489238921859,0.000
					-72.66959475485406,-37.50476669997943,0.000
					-72.66979477309302,-37.504574557715955,0.000
					-72.67003661513981,-37.50438111394922,0.000
					-72.67024059903693,-37.50426988934101,0.000
					-72.67029777901871,-37.504215670718125,0.000
					-72.67050362889319,-37.5041425256468,0.000
					-72.67082299853494,-37.504065846892104,0.000
					-72.67097647406932,-37.50402293384393,0.000
					-72.67129738310972,-37.503855629230685,0.000
					-72.67116976566894,-37.50344962289385,0.000
					-72.67091976266178,-37.503476471879225,0.000
					-72.67084232480371,-37.50348364907898,0.000
					-72.67082192618211,-37.503555791522295,0.000
					-72.67076040550654,-37.50364351510729,0.000
					-72.67060786288556,-37.50370546784944,0.000
					-72.67046012837419,-37.503743435199596,0.000
					-72.67027584543933,-37.503768237967265,0.000
					-72.67014262734467,-37.50385819195067,0.000
					-72.6699866762162,-37.50397268863033,0.000
					-72.66986703855122,-37.50409559037836,0.000
					-72.66972901079339,-37.504209530041905,0.000
					-72.6695817413413,-37.50425701591032,0.000
					-72.669381165418,-37.504315693801196,0.000
					-72.66911122467968,-37.504424201864246,0.000
					-72.66886153992836,-37.504579750549794,0.000
					-72.66873429267328,-37.5046695172967,0.000
					-72.66853581396389,-37.504771033191126,0.000
					-72.66814730606526,-37.50490229443658,0.000
					-72.66778246319782,-37.50502805114658,0.000
					-72.66739934547522,-37.50465858725675,0.000
					-72.66732243060228,-37.504432153626425,0.000
					-72.66718157278795,-37.50412189752641,0.000
					-72.66709690653373,-37.503981513986595,0.000
					-72.66699973910201,-37.50370803752244,0.000
					-72.66696100718967,-37.503528087901046,0.000
					-72.66695471290552,-37.50339956867831,0.000
					-72.66672161274737,-37.503282867797495,0.000
					-72.66656338743707,-37.50310663212949,0.000
					-72.66644931678977,-37.502976696051256,0.000
					-72.66642075611014,-37.502882240315174,0.000
					-72.66632401618178,-37.50272435421747,0.000
					-72.66630939738234,-37.50251743552923,0.000
					-72.6663228864117,-37.502334670772456,0.000
					-72.66632916323644,-37.50218788450532,0.000
					-72.66645705969658,-37.50195865933293,0.000
					-72.66663000405786,-37.50182457007106,0.000
					-72.6665585769892,-37.50146567466007,0.000
					-72.66652450741101,-37.501044837150474,0.000
					-72.66656650227176,-37.500711019565934,0.000
					-72.66659028768102,-37.5004635781833,0.000
					-72.66657013807232,-37.50023537949979,0.000
					-72.66649917425771,-37.499794235812,0.000
					-72.66642215731603,-37.499321101431065,0.000
					-72.66689290828606,-37.498945354503284,0.000
					-72.6674596076582,-37.49851299239188,0.000
					-72.66776038572914,-37.49833202285216,0.000
					-72.6692385675123,-37.4983682904286,0.000
					-72.66905040190413,-37.49864944872797,0.000
					-72.66891646326367,-37.49884668569947,0.000
					-72.66904291784402,-37.49950420072549,0.000
					-72.66932818175218,-37.49955611009485,0.000
					-72.66959296612929,-37.49964798483311,0.000
					-72.66979827587063,-37.499716681620846,0.000
					-72.66996070199495,-37.49982604115157,0.000
					-72.67007856528946,-37.50003332292236,0.000
					-72.67021173064477,-37.499957672308916,0.000
					-72.67031542041171,-37.499875787383644,0.000
					-72.67039211920289,-37.49988412701752,0.000
					-72.67047154926364,-37.49985662821259,0.000
					-72.67061836585923,-37.499830607363506,0.000
					-72.6708141207916,-37.49979591323315,0.000
					-72.67097077322323,-37.499787463945104,0.000
					-72.67110985353744,-37.49978671069629,0.000
					-72.67129549145768,-37.4998202635947,0.000
					-72.67148112947727,-37.49985381529216,0.000
					-72.67157953240454,-37.49984717712761,0.000
					-72.67177150591542,-37.4998269006388,0.000
					-72.67198605970736,-37.49980949660627,0.000
					-72.6721943804887,-37.49975653191473,0.000
					-72.67225676188737,-37.499747439758984,0.000
					-72.67240980930914,-37.499756977021875,0.000
					-72.67259026611848,-37.49977638671626,0.000
					-72.67271572798953,-37.499772480822706,0.000
					-72.67279445657275,-37.499730700773206,0.000
					-72.67279403495365,-37.499630602258556,0.000
					-72.67273263302597,-37.49956815742998,0.000
					-72.67251835933914,-37.499499744873276,0.000
					-72.672122300107,-37.49947631959095,0.000
					-72.67176576424686,-37.49952674703568,0.000
					-72.67133042783178,-37.49952599432021,0.000
					-72.67109137142303,-37.49950125501105,0.000
					-72.670834985989,-37.49958074084293,0.000
					-72.67046966126304,-37.499635012574515,0.000
					-72.67035774582239,-37.49967114987265,0.000
					-72.6702838852634,-37.49953758271526,0.000
					-72.67020869339993,-37.49946841432724,0.000
					-72.67002235691344,-37.49942058076819,0.000
					-72.66988775817403,-37.49942119239954,0.000
					-72.66970817727984,-37.499419627532426,0.000
					-72.66964212197612,-37.49935375016814,0.000
					-72.66961586912558,-37.49927590783229,0.000
					-72.66962115746738,-37.49920065997926,0.000
					-72.66970401737935,-37.49915160223893,0.000
					-72.66996372697538,-37.49913994848876,0.000
					-72.67010781102556,-37.499149767625376,0.000
					-72.67028308625797,-37.49915504056341,0.000
					-72.6704207645653,-37.4991257295854,0.000
					-72.6705356898554,-37.4990899751635,0.000
					-72.67067546892213,-37.49910350316074,0.000
					-72.67086330985224,-37.499090507096945,0.000
					-72.67094669492887,-37.49905215899172,0.000
					-72.67100109479253,-37.498971807261164,0.000
					-72.67090745384947,-37.4988924874799,0.000
					-72.67076162033092,-37.49884696944074,0.000
					-72.67056772410275,-37.49882797503396,0.000
					-72.67046414137566,-37.49882047103912,0.000
					-72.67039976744354,-37.49869733560429,0.000
					-72.67033521871228,-37.49857062905381,0.000
					-72.67034253778175,-37.49844526303835,0.000
					-72.67043985806956,-37.49814190179147,0.000
					-72.67076698658818,-37.497949378966965,0.000
					-72.67116720294118,-37.497783183060754,0.000
					-72.6713823817503,-37.49768710186452,0.000
					-72.67144941637788,-37.49768144006895,0.000
					-72.67145550737561,-37.49753108475973,0.000
					-72.67150833052413,-37.49741860319076,0.000
					-72.67157109474833,-37.497234304498214,0.000
					-72.6715822622625,-37.49718747760151,0.000
					-72.67153381475549,-37.4969315567077,0.000
					-72.67148543225058,-37.4967135330741,0.000
					-72.67144095355124,-37.496538531287754,0.000
					-72.67131927792182,-37.49637546591839,0.000
					-72.67127325874003,-37.49629108874469,0.000
					-72.67130210332773,-37.49614717566061,0.000
					-72.67133374784866,-37.49606038161884,0.000
					-72.67143064122922,-37.49596202203756,0.000
					-72.67153584115964,-37.495911075985894,0.000
					-72.6715999233011,-37.49587571196514,0.000
					-72.67172290472108,-37.495943392188636,0.000
					-72.67185396112845,-37.496053725580865,0.000
					-72.67199556659007,-37.49613512738797,0.000
					-72.67207533057191,-37.496175549295664,0.000
					-72.67217922366801,-37.49621998756206,0.000
					-72.67226379534092,-37.49623642408584,0.000
					-72.6723194293809,-37.49627282945085,0.000
					-72.67236661561427,-37.4963810063628,0.000
					-72.67238346608592,-37.4964805926129,0.000
					-72.67239070170187,-37.496628150261124,0.000
					-72.67245977983798,-37.49681668740821,0.000
					-72.67256120084159,-37.49693270996135,0.000
					-72.67264376710119,-37.49703025037351,0.000
					-72.67275680958319,-37.49701719710712,0.000
					-72.67286681727484,-37.496942264584334,0.000
					-72.6729509218379,-37.49694918017503,0.000
					-72.67299647644067,-37.497024037042706,0.000
					-72.67299540547576,-37.49712418114679,0.000
					-72.6730332133129,-37.4972850884062,0.000
					-72.67304362351442,-37.49737534098689,0.000
					-72.67305813954701,-37.49742732860067,0.000
					-72.67314481273434,-37.497486602731286,0.000
					-72.67319354087614,-37.49750415455405,0.000
					-72.67326817059413,-37.49743985723441,0.000
					-72.67330144752577,-37.49738638243376,0.000
					-72.67329878251536,-37.49721007950778,0.000
					-72.67328417075305,-37.497034148561276,0.000
					-72.67324318960252,-37.49693054633849,0.000
					-72.67321098349471,-37.49688387702482,0.000
					-72.6733493233669,-37.49689863860446,0.000
					-72.67345018294971,-37.49688119653993,0.000
					-72.67362086531865,-37.496823442136446,0.000
					-72.67390038612932,-37.49666695485073,0.000
					-72.67401581796392,-37.496606765602095,0.000
					-72.6740170659909,-37.49660611503479,0.000
					-72.67401727933975,-37.49660613091262,0.000
				</coordinates>
			</LinearRing>
		</outerBoundaryIs>
		<innerBoundaryIs>
			<LinearRing>
				<tessellate>1</tessellate>
				<coordinates>
					-72.68564746420004,-37.48299897479984,0.000
					-72.68556990401069,-37.482972794568475,0.000
					-72.6855666073777,-37.482973228169314,0.000
					-72.68536519118744,-37.48291554709115,0.000
					-72.6852620729914,-37.48282580773259,0.000
					-72.68522474450845,-37.482705410402765,0.000
					-72.68521034279085,-37.48259502377303,0.000
					-72.68525101576245,-37.48241855970633,0.000
					-72.68533350096412,-37.48218000800611,0.000
					-72.68529995581649,-37.481862846113145,0.000
					-72.68529987078549,-37.48176988941972,0.000
					-72.6853830575999,-37.481545617281654,0.000
					-72.68546255158101,-37.48142872129533,0.000
					-72.68568636218146,-37.48123581061455,0.000
					-72.68576690896921,-37.481140334259756,0.000
					-72.68585053070011,-37.481016159683506,0.000
					-72.6859565503351,-37.480891284448816,0.000
					-72.68616726972367,-37.48070593217202,0.000
					-72.68625018784314,-37.480567476906735,0.000
					-72.68632001853825,-37.48043658167808,0.000
					-72.68637658622434,-37.480309675491064,0.000
					-72.68649184355417,-37.48019023179322,0.000
					-72.68666777727223,-37.4800274182251,0.000
					-72.68670554788942,-37.47988322301162,0.000
					-72.68674867517677,-37.47975673661697,0.000
					-72.68687533310177,-37.479595462431625,0.000
					-72.68689553643539,-37.479458966392095,0.000
					-72.68689298961596,-37.47931603092891,0.000
					-72.68683036628832,-37.47922860308807,0.000
					-72.68682061754474,-37.479121645965314,0.000
					-72.68685276505344,-37.479045558334704,0.000
					-72.68702755286276,-37.47895071201299,0.000
					-72.68720198894383,-37.47884872613005,0.000
					-72.68733549495175,-37.47882667692247,0.000
					-72.68739012671577,-37.47884284672411,0.000
					-72.68739724130148,-37.478896254794904,0.000
					-72.68733136655135,-37.479016301082034,0.000
					-72.687292543552,-37.479139077556425,0.000
					-72.6872693559916,-37.47921488529593,0.000
					-72.68727234093981,-37.479457917564815,0.000
					-72.68723369446732,-37.47958426410585,0.000
					-72.6871380423859,-37.47973741944767,0.000
					-72.68713654979031,-37.47979824770292,0.000
					-72.68712978510302,-37.479934322921395,0.000
					-72.68710729979902,-37.48002441018945,0.000
					-72.6869887220621,-37.48016755592789,0.000
					-72.68685314013402,-37.48032982439295,0.000
					-72.6868342549083,-37.480401922018345,0.000
					-72.68687369219391,-37.480565157447046,0.000
					-72.68685366434445,-37.480705223592686,0.000
					-72.68672094305245,-37.481016853468006,0.000
					-72.68667456473997,-37.481168468839606,0.000
					-72.68667420915835,-37.48170836234287,0.000
					-72.68670591554441,-37.48189686676231,0.000
					-72.68675843915545,-37.4822348869058,0.000
					-72.68680367409294,-37.4825159287553,0.000
					-72.68686735406973,-37.482807120101846,0.000
					-72.6868762254992,-37.48289622748436,0.000
					-72.68683458975367,-37.48296188571545,0.000
					-72.68676124492467,-37.4830213835569,0.000
					-72.68660155619308,-37.48305855187533,0.000
					-72.68625178669186,-37.48306232900051,0.000
					-72.68578326101164,-37.483023335745905,0.000
					-72.68564746420004,-37.48299897479984,0.000
				</coordinates>
			</LinearRing>
		</innerBoundaryIs>
	</Polygon>
</MultiGeometry>
</Placemark>

<Placemark>
<name>ZPR-3</name>
<description><![CDATA[<p><b>ZONA NOMBRE: </b> ZPR-3</p>
<p><b>ZONA GLOSA: </b>Zona de Protección de Drenaje</p>
<p><b>USOS PERMITIDOS: </b>Áreas verdes públicas o privadas.</p>
<p><b>USOS PROHIBIDOS: </b>Todos los usos de suelo no mencionados como permitidos.</p>]]></description>
<ExtendedData>
	<Data name="fid"><displayName>fid</displayName><value><![CDATA[38]]></value></Data>
	<Data name="ZONA_NOM"><displayName>ZONA_NOM</displayName><value><![CDATA[ZPR-3]]></value></Data>
	<Data name="ZONA_GLOSA"><displayName>ZONA_GLOSA</displayName><value><![CDATA[Zona de Protección de Drenaje]]></value></Data>
	<Data name="USOS_PERMITIDOS"><displayName>USOS_PERMITIDOS</displayName><value><![CDATA[Áreas verdes públicas o privadas.]]></value></Data>
	<Data name="USOS_PROHIBIDOS"><displayName>USOS_PROHIBIDOS</displayName><value><![CDATA[Todos los usos de suelo no mencionados como permitidos.]]></value></Data>
	<Data name="P_DO"><displayName>P_DO</displayName><value><![CDATA[13/07/2009]]></value></Data>
	<Data name="N_DOC"><displayName>N_DOC</displayName><value><![CDATA[15]]></value></Data>
	<Data name="T_DO"><displayName>T_DO</displayName><value><![CDATA[Resolución]]></value></Data>
	<Data name="color_"><displayName>color_</displayName><value><![CDATA[0,153,0,254]]></value></Data>
</ExtendedData>
<styleUrl>#style18</styleUrl>
<MultiGeometry>
	<Polygon>
		<outerBoundaryIs>
			<LinearRing>
				<tessellate>1</tessellate>
				<coordinates>
					-72.6957635718829,-37.49755973721757,0.000
					-72.6974078061747,-37.49568456734457,0.000
					-72.69709702460483,-37.49514608422333,0.000
					-72.6970281822746,-37.49496351386675,0.000
					-72.69698438451957,-37.4948337897043,0.000
					-72.69706358705159,-37.494771718184,0.000
					-72.69705888792555,-37.49467652281223,0.000
					-72.69696693133346,-37.4946317327523,0.000
					-72.69692577706459,-37.49455555589578,0.000
					-72.69688462288485,-37.49447937901964,0.000
					-72.69686981325232,-37.49433087027986,0.000
					-72.6968665827852,-37.49426542271192,0.000
					-72.69691327442787,-37.49415073988753,0.000
					-72.6969103376399,-37.49409124242674,0.000
					-72.6968461945783,-37.4940038682017,0.000
					-72.69664852279178,-37.49393855508372,0.000
					-72.69662406646886,-37.49389760803727,0.000
					-72.69667340007075,-37.4938364727034,0.000
					-72.69672843816832,-37.4937394054431,0.000
					-72.69673296919997,-37.49367967396748,0.000
					-72.69655623189547,-37.49358390993723,0.000
					-72.69641318154568,-37.493564555778704,0.000
					-72.69622650229314,-37.49357040471907,0.000
					-72.69612884162193,-37.493561546734966,0.000
					-72.69599896392317,-37.49350602620555,0.000
					-72.69593423526496,-37.493406752067294,0.000
					-72.69590055039767,-37.4933303408019,0.000
					-72.69585910445117,-37.4932482142493,0.000
					-72.69574474868475,-37.493204124879966,0.000
					-72.69561122065386,-37.493226184806105,0.000
					-72.69547198737003,-37.49328417646642,0.000
					-72.69533757844734,-37.49328838664271,0.000
					-72.6952384516343,-37.49324977906998,0.000
					-72.69516143190049,-37.49320451967241,0.000
					-72.69510563869092,-37.49313475993631,0.000
					-72.69487692845375,-37.4930465804491,0.000
					-72.694806496208,-37.492983237454254,0.000
					-72.69474923715478,-37.492883728677015,0.000
					-72.69476788046751,-37.49253395063012,0.000
					-72.69478520120244,-37.492399927651356,0.000
					-72.69470647386699,-37.4922593777824,0.000
					-72.69406340819864,-37.4920792947865,0.000
					-72.69389379915394,-37.49203693361934,0.000
					-72.69403596720707,-37.491765521063606,0.000
					-72.69399308354181,-37.491623849237996,0.000
					-72.69403383080058,-37.49147955881452,0.000
					-72.69386234531902,-37.491399118500844,0.000
					-72.69339087675412,-37.49199151496206,0.000
					-72.69344733391509,-37.49215063913134,0.000
					-72.69356382152631,-37.49231384318161,0.000
					-72.69361755777035,-37.4923419555898,0.000
					-72.69374135134929,-37.49234999750508,0.000
					-72.69401148560766,-37.49236835506882,0.000
					-72.69413718660485,-37.492415070137696,0.000
					-72.69439473485534,-37.49248149182753,0.000
					-72.69437689891885,-37.49272636784279,0.000
					-72.69438526264308,-37.49289593603883,0.000
					-72.6944175602572,-37.49302006213352,0.000
					-72.6945697071611,-37.49322386090811,0.000
					-72.6947186276098,-37.493362212563824,0.000
					-72.6948231674343,-37.49335893855731,0.000
					-72.69486138373192,-37.49337561780418,0.000
					-72.6949671801393,-37.49347360723275,0.000
					-72.6952835257624,-37.49359479564,0.000
					-72.69546676555548,-37.49359501434449,0.000
					-72.69559611960041,-37.49356414770291,0.000
					-72.69564641776377,-37.49359832525354,0.000
					-72.69571026553905,-37.49367975101469,0.000
					-72.6959066971048,-37.49379575559223,0.000
					-72.69614873006054,-37.49385074163286,0.000
					-72.69620232153294,-37.49387587814022,0.000
					-72.69615328109626,-37.49394296251009,0.000
					-72.69615263083895,-37.49400555249274,0.000
					-72.69621712972588,-37.494024387947775,0.000
					-72.69652265520244,-37.49422933685527,0.000
					-72.69651409705746,-37.494283235197024,0.000
					-72.6965194669443,-37.4944677947363,0.000
					-72.69655185318193,-37.494669383877216,0.000
					-72.6966685610072,-37.494761070466694,0.000
					-72.69665282887988,-37.49482115291938,0.000
					-72.69665394106738,-37.49491944081804,0.000
					-72.69672022489492,-37.49512592612091,0.000
					-72.69675252764743,-37.495250052180374,0.000
					-72.69673994150338,-37.495298118343996,0.000
					-72.69664133503652,-37.49534589985772,0.000
					-72.6964227472479,-37.495462989515566,0.000
					-72.69619369283058,-37.495595304534845,0.000
					-72.6960255502692,-37.495749546232105,0.000
					-72.69597468264259,-37.49585542105321,0.000
					-72.69594198046428,-37.4960262755566,0.000
					-72.69595129265694,-37.4961392034951,0.000
					-72.69597971454725,-37.49626047215246,0.000
					-72.69611473585081,-37.49642011258989,0.000
					-72.69612140564655,-37.4964794931112,0.000
					-72.69612360797929,-37.49652411667836,0.000
					-72.69596402197351,-37.49662445915587,0.000
					-72.6958600018665,-37.496714123028596,0.000
					-72.69578182287356,-37.49679701796019,0.000
					-72.69570181878032,-37.496918703279825,0.000
					-72.69566376739435,-37.49705695043503,0.000
					-72.6956694928365,-37.49717297085792,0.000
					-72.69570340991683,-37.49732982057771,0.000
					-72.6957635718829,-37.49755973721757,0.000
				</coordinates>
			</LinearRing>
		</outerBoundaryIs>
	</Polygon>
</MultiGeometry>
</Placemark>

<Placemark>
<name>ZR-4</name>
<description><![CDATA[<p><b>ZONA NOMBRE: </b> ZR-4</p>
<p><b>ZONA GLOSA: </b>Zona Residencial</p>
<p><b>USOS PERMITIDOS: </b>Residencial, sólo vivienda en extensión. Equipamiento: comercio (sólo locales comerciales), educación y seguridad.</p>
<p><b>USOS PROHIBIDOS: </b>Residencial. Equipamiento: comercio (sólo locales comerciales), educación y seguridad.</p>]]></description>
<ExtendedData>
	<Data name="fid"><displayName>fid</displayName><value><![CDATA[39]]></value></Data>
	<Data name="ZONA_NOM"><displayName>ZONA_NOM</displayName><value><![CDATA[ZR-4]]></value></Data>
	<Data name="ZONA_GLOSA"><displayName>ZONA_GLOSA</displayName><value><![CDATA[Zona Residencial]]></value></Data>
	<Data name="USOS_PERMITIDOS"><displayName>USOS_PERMITIDOS</displayName><value><![CDATA[Residencial, sólo vivienda en extensión. Equipamiento: comercio (sólo locales comerciales), educación y seguridad.]]></value></Data>
	<Data name="USOS_PROHIBIDOS"><displayName>USOS_PROHIBIDOS</displayName><value><![CDATA[Residencial. Equipamiento: comercio (sólo locales comerciales), educación y seguridad.]]></value></Data>
	<Data name="P_DO"><displayName>P_DO</displayName><value><![CDATA[13/07/2009]]></value></Data>
	<Data name="N_DOC"><displayName>N_DOC</displayName><value><![CDATA[15]]></value></Data>
	<Data name="T_DO"><displayName>T_DO</displayName><value><![CDATA[Resolución]]></value></Data>
	<Data name="color_"><displayName>color_</displayName><value><![CDATA[255,255,127,254]]></value></Data>
</ExtendedData>
<styleUrl>#style21</styleUrl>
<MultiGeometry>
	<Polygon>
		<outerBoundaryIs>
			<LinearRing>
				<tessellate>1</tessellate>
				<coordinates>
					-72.69026076169938,-37.5040863068587,0.000
					-72.69034910305754,-37.50390846009813,0.000
					-72.69070694980284,-37.503277533893886,0.000
					-72.69334700746899,-37.50023926776965,0.000
					-72.69542527281392,-37.49794553722821,0.000
					-72.6957635718829,-37.49755973721757,0.000
					-72.69570340991683,-37.49732982057771,0.000
					-72.6956694928365,-37.49717297085792,0.000
					-72.69566376739435,-37.49705695043503,0.000
					-72.69570181878032,-37.496918703279825,0.000
					-72.69578182287356,-37.49679701796019,0.000
					-72.6958600018665,-37.496714123028596,0.000
					-72.69596402197351,-37.49662445915587,0.000
					-72.69612360797929,-37.49652411667836,0.000
					-72.69612140564655,-37.4964794931112,0.000
					-72.69611473585081,-37.49642011258989,0.000
					-72.69597971454725,-37.49626047215246,0.000
					-72.69595129265694,-37.4961392034951,0.000
					-72.69594198046428,-37.4960262755566,0.000
					-72.69597468264259,-37.49585542105321,0.000
					-72.6960255502692,-37.495749546232105,0.000
					-72.69619369283058,-37.495595304534845,0.000
					-72.6964227472479,-37.495462989515566,0.000
					-72.69664133503652,-37.49534589985772,0.000
					-72.69673994150338,-37.495298118343996,0.000
					-72.69675252764743,-37.495250052180374,0.000
					-72.69672022489492,-37.49512592612091,0.000
					-72.69665394106738,-37.49491944081804,0.000
					-72.69665282887988,-37.49482115291938,0.000
					-72.6966685610072,-37.494761070466694,0.000
					-72.69655185318193,-37.494669383877216,0.000
					-72.6965194669443,-37.4944677947363,0.000
					-72.69651409705746,-37.494283235197024,0.000
					-72.69652265520244,-37.49422933685527,0.000
					-72.69621712972588,-37.494024387947775,0.000
					-72.69615263083895,-37.49400555249274,0.000
					-72.69615328109626,-37.49394296251009,0.000
					-72.69620232153294,-37.49387587814022,0.000
					-72.69614873006054,-37.49385074163286,0.000
					-72.6959066971048,-37.49379575559223,0.000
					-72.69571026553905,-37.49367975101469,0.000
					-72.69564641776377,-37.49359832525354,0.000
					-72.69559611960041,-37.49356414770291,0.000
					-72.69546676555548,-37.49359501434449,0.000
					-72.6952835257624,-37.49359479564,0.000
					-72.6949671801393,-37.49347360723275,0.000
					-72.69486138373192,-37.49337561780418,0.000
					-72.6948231674343,-37.49335893855731,0.000
					-72.6947186276098,-37.493362212563824,0.000
					-72.6945697071611,-37.49322386090811,0.000
					-72.6944175602572,-37.49302006213352,0.000
					-72.69438526264308,-37.49289593603883,0.000
					-72.69437689891885,-37.49272636784279,0.000
					-72.69439473485534,-37.49248149182753,0.000
					-72.69413718660485,-37.492415070137696,0.000
					-72.69401148560766,-37.49236835506882,0.000
					-72.69374135134929,-37.49234999750508,0.000
					-72.69361755777035,-37.4923419555898,0.000
					-72.69356382152631,-37.49231384318161,0.000
					-72.69344733391509,-37.49215063913134,0.000
					-72.69339087675412,-37.49199151496206,0.000
					-72.69289176058882,-37.492561917978655,0.000
					-72.6945775959198,-37.49345958827519,0.000
					-72.69405875395717,-37.49469146178338,0.000
					-72.69382666111647,-37.49521715779368,0.000
					-72.69368510594947,-37.495531455333534,0.000
					-72.69356836396211,-37.49581816028918,0.000
					-72.69342752483176,-37.49599537991069,0.000
					-72.69321406542709,-37.49621658443535,0.000
					-72.69307549111498,-37.496363937087835,0.000
					-72.69284504013079,-37.49654396129508,0.000
					-72.69212773011587,-37.49712655441664,0.000
					-72.6917447077164,-37.497397755707276,0.000
					-72.6914471203296,-37.49765734393967,0.000
					-72.69109873498462,-37.49810026876675,0.000
					-72.69048313903673,-37.498888233359246,0.000
					-72.6900341892188,-37.49945348035485,0.000
					-72.68961865381269,-37.499975968146515,0.000
					-72.68937508300323,-37.500269616102116,0.000
					-72.68921753158465,-37.50041159955423,0.000
					-72.68882643545622,-37.500823078883286,0.000
					-72.68888220638351,-37.50106851288946,0.000
					-72.68893396532158,-37.501299293383035,0.000
					-72.68906189744729,-37.501527691770306,0.000
					-72.68927769841494,-37.501899933135654,0.000
					-72.68946485582379,-37.502237315792755,0.000
					-72.68964042562902,-37.50270377367238,0.000
					-72.68973699783612,-37.502933152046595,0.000
					-72.68975589378726,-37.50304339709412,0.000
					-72.68974176834703,-37.50339422600296,0.000
					-72.6898336736514,-37.50343783127775,0.000
					-72.68998365529268,-37.50347604424588,0.000
					-72.69026076169938,-37.5040863068587,0.000
				</coordinates>
			</LinearRing>
		</outerBoundaryIs>
	</Polygon>
</MultiGeometry>
</Placemark>

<Placemark>
<name>ZM-2</name>
<description><![CDATA[<p><b>ZONA NOMBRE: </b> ZM-2</p>
<p><b>ZONA GLOSA: </b>Zona Mixta</p>
<p><b>USOS PERMITIDOS: </b>Residencial; Equipamiento de comercio (restaurante, pub y similares), culto y cultura, deporte, educación, salud, seguridad, servicios y social; Actividad productiva inofensiva y molesta.  Detalle en Ordenanza.</p>
<p><b>USOS PROHIBIDOS: </b>Todos los usos de suelo no mencionados como permitidos.</p>]]></description>
<ExtendedData>
	<Data name="fid"><displayName>fid</displayName><value><![CDATA[40]]></value></Data>
	<Data name="ZONA_NOM"><displayName>ZONA_NOM</displayName><value><![CDATA[ZM-2]]></value></Data>
	<Data name="ZONA_GLOSA"><displayName>ZONA_GLOSA</displayName><value><![CDATA[Zona Mixta]]></value></Data>
	<Data name="USOS_PERMITIDOS"><displayName>USOS_PERMITIDOS</displayName><value><![CDATA[Residencial; Equipamiento de comercio (restaurante, pub y similares), culto y cultura, deporte, educación, salud, seguridad, servicios y social; Actividad productiva inofensiva y molesta.  Detalle en Ordenanza.]]></value></Data>
	<Data name="USOS_PROHIBIDOS"><displayName>USOS_PROHIBIDOS</displayName><value><![CDATA[Todos los usos de suelo no mencionados como permitidos.]]></value></Data>
	<Data name="P_DO"><displayName>P_DO</displayName><value><![CDATA[13/07/2009]]></value></Data>
	<Data name="N_DOC"><displayName>N_DOC</displayName><value><![CDATA[15]]></value></Data>
	<Data name="T_DO"><displayName>T_DO</displayName><value><![CDATA[Resolución]]></value></Data>
	<Data name="color_"><displayName>color_</displayName><value><![CDATA[255,127,159,254]]></value></Data>
</ExtendedData>
<styleUrl>#style13</styleUrl>
<MultiGeometry>
	<Polygon>
		<outerBoundaryIs>
			<LinearRing>
				<tessellate>1</tessellate>
				<coordinates>
					-72.68456944161532,-37.50315861078133,0.000
					-72.68483951818963,-37.50322263532297,0.000
					-72.68599123649766,-37.50337138111138,0.000
					-72.68727738589304,-37.50351591450643,0.000
					-72.68824489055542,-37.50356909380574,0.000
					-72.68920974634737,-37.503547356046454,0.000
					-72.68917173976726,-37.50338059100454,0.000
					-72.68909089461665,-37.503106027692205,0.000
					-72.68889735823349,-37.502593650810674,0.000
					-72.68871839668289,-37.50214934589523,0.000
					-72.68863145345604,-37.501998919481544,0.000
					-72.68843309292104,-37.50154032276553,0.000
					-72.68815404301156,-37.5008101367321,0.000
					-72.68805445880405,-37.50045869258468,0.000
					-72.68800181052619,-37.50022495930459,0.000
					-72.68757423130413,-37.50004763922189,0.000
					-72.68731043732707,-37.49993074720364,0.000
					-72.68709672065214,-37.499767596752214,0.000
					-72.68676835185036,-37.4995543978478,0.000
					-72.68602641329181,-37.500466302163794,0.000
					-72.68570209941502,-37.50091107226614,0.000
					-72.68572244305376,-37.500963064300336,0.000
					-72.68566138207133,-37.50127245428817,0.000
					-72.68552080675356,-37.5015163966627,0.000
					-72.685364854348,-37.501903834064606,0.000
					-72.68533919854892,-37.50211200746123,0.000
					-72.68532101092526,-37.5021983845242,0.000
					-72.68526715317239,-37.50228945152198,0.000
					-72.68518465132887,-37.502345659176946,0.000
					-72.68504697258038,-37.502557331995924,0.000
					-72.68502298586816,-37.50270824727858,0.000
					-72.68475650266136,-37.50285601151544,0.000
					-72.68472214741381,-37.50297864675679,0.000
					-72.68468621096676,-37.50306915372424,0.000
					-72.68456944161532,-37.50315861078133,0.000
				</coordinates>
			</LinearRing>
		</outerBoundaryIs>
	</Polygon>
</MultiGeometry>
</Placemark>

<Placemark>
<name>ZMC</name>
<description><![CDATA[<p><b>ZONA NOMBRE: </b> ZMC</p>
<p><b>ZONA GLOSA: </b>Zona Microcentro</p>
<p><b>USOS PERMITIDOS: </b>Residencial; Equipamiento científico, comercio, culto y cultura, deporte, educación, esparcimiento, salud, seguridad, servicios y social; Actividades productivas inofensivas (panaderías). Más detalle en Ordenanza.</p>
<p><b>USOS PROHIBIDOS: </b>Residencial; Equipamiento científico, comercio, culto y cultura, deporte, educación, esparcimiento, salud, seguridad, servicios y social; Actividades productivas inofensivas (panaderías). Más detalle en Ordenanza.</p>]]></description>
<ExtendedData>
	<Data name="fid"><displayName>fid</displayName><value><![CDATA[41]]></value></Data>
	<Data name="ZONA_NOM"><displayName>ZONA_NOM</displayName><value><![CDATA[ZMC]]></value></Data>
	<Data name="ZONA_GLOSA"><displayName>ZONA_GLOSA</displayName><value><![CDATA[Zona Microcentro]]></value></Data>
	<Data name="USOS_PERMITIDOS"><displayName>USOS_PERMITIDOS</displayName><value><![CDATA[Residencial; Equipamiento científico, comercio, culto y cultura, deporte, educación, esparcimiento, salud, seguridad, servicios y social; Actividades productivas inofensivas (panaderías). Más detalle en Ordenanza.]]></value></Data>
	<Data name="USOS_PROHIBIDOS"><displayName>USOS_PROHIBIDOS</displayName><value><![CDATA[Residencial; Equipamiento científico, comercio, culto y cultura, deporte, educación, esparcimiento, salud, seguridad, servicios y social; Actividades productivas inofensivas (panaderías). Más detalle en Ordenanza.]]></value></Data>
	<Data name="P_DO"><displayName>P_DO</displayName><value><![CDATA[13/07/2009]]></value></Data>
	<Data name="N_DOC"><displayName>N_DOC</displayName><value><![CDATA[15]]></value></Data>
	<Data name="T_DO"><displayName>T_DO</displayName><value><![CDATA[Resolución]]></value></Data>
	<Data name="color_"><displayName>color_</displayName><value><![CDATA[255,63,0,254]]></value></Data>
</ExtendedData>
<styleUrl>#style15</styleUrl>
<MultiGeometry>
	<Polygon>
		<outerBoundaryIs>
			<LinearRing>
				<tessellate>1</tessellate>
				<coordinates>
					-72.68713305372448,-37.504427776804796,0.000
					-72.6872951907664,-37.50443939314368,0.000
					-72.6876801255603,-37.50375042299224,0.000
					-72.68671282323614,-37.50367101355012,0.000
					-72.68663157743512,-37.50366951042831,0.000
					-72.68663515317527,-37.503673440927834,0.000
					-72.68658098198864,-37.50433538616059,0.000
					-72.68661788456738,-37.50435568553741,0.000
					-72.68686079578292,-37.50436716181522,0.000
					-72.68702316601328,-37.504383539602436,0.000
					-72.68710153999575,-37.50439539141867,0.000
					-72.68713305372448,-37.504427776804796,0.000
				</coordinates>
			</LinearRing>
		</outerBoundaryIs>
	</Polygon>
</MultiGeometry>
</Placemark>

<Placemark>
<name>AV</name>
<description><![CDATA[<p><b>ZONA NOMBRE: </b> AV</p>
<p><b>ZONA GLOSA: </b>Área Verde</p>
<p><b>USOS PERMITIDOS: </b>Área Verde</p>
<p><b>USOS PROHIBIDOS: </b>Todos los usos de suelo no mencionados como permitidos.</p>]]></description>
<ExtendedData>
	<Data name="fid"><displayName>fid</displayName><value><![CDATA[42]]></value></Data>
	<Data name="ZONA_NOM"><displayName>ZONA_NOM</displayName><value><![CDATA[AV]]></value></Data>
	<Data name="ZONA_GLOSA"><displayName>ZONA_GLOSA</displayName><value><![CDATA[Área Verde]]></value></Data>
	<Data name="USOS_PERMITIDOS"><displayName>USOS_PERMITIDOS</displayName><value><![CDATA[Área Verde]]></value></Data>
	<Data name="USOS_PROHIBIDOS"><displayName>USOS_PROHIBIDOS</displayName><value><![CDATA[Todos los usos de suelo no mencionados como permitidos.]]></value></Data>
	<Data name="P_DO"><displayName>P_DO</displayName><value><![CDATA[13/07/2009]]></value></Data>
	<Data name="N_DOC"><displayName>N_DOC</displayName><value><![CDATA[15]]></value></Data>
	<Data name="T_DO"><displayName>T_DO</displayName><value><![CDATA[Resolución]]></value></Data>
	<Data name="color_"><displayName>color_</displayName><value><![CDATA[1,255,56,254]]></value></Data>
</ExtendedData>
<styleUrl>#style2</styleUrl>
<MultiGeometry>
	<Polygon>
		<outerBoundaryIs>
			<LinearRing>
				<tessellate>1</tessellate>
				<coordinates>
					-72.68862460136884,-37.50442433129121,0.000
					-72.68911446718477,-37.504468602113526,0.000
					-72.68923599721724,-37.504202606774264,0.000
					-72.68924092730694,-37.50415863291733,0.000
					-72.68921274051175,-37.50415566317947,0.000
					-72.68865416888042,-37.504113541130614,0.000
					-72.68862460136884,-37.50442433129121,0.000
				</coordinates>
			</LinearRing>
		</outerBoundaryIs>
	</Polygon>
</MultiGeometry>
</Placemark>

<Placemark>
<name>AV</name>
<description><![CDATA[<p><b>ZONA NOMBRE: </b> AV</p>
<p><b>ZONA GLOSA: </b>Área Verde</p>
<p><b>USOS PERMITIDOS: </b>Área Verde</p>
<p><b>USOS PROHIBIDOS: </b>Todos los usos de suelo no mencionados como permitidos.</p>]]></description>
<ExtendedData>
	<Data name="fid"><displayName>fid</displayName><value><![CDATA[43]]></value></Data>
	<Data name="ZONA_NOM"><displayName>ZONA_NOM</displayName><value><![CDATA[AV]]></value></Data>
	<Data name="ZONA_GLOSA"><displayName>ZONA_GLOSA</displayName><value><![CDATA[Área Verde]]></value></Data>
	<Data name="USOS_PERMITIDOS"><displayName>USOS_PERMITIDOS</displayName><value><![CDATA[Área Verde]]></value></Data>
	<Data name="USOS_PROHIBIDOS"><displayName>USOS_PROHIBIDOS</displayName><value><![CDATA[Todos los usos de suelo no mencionados como permitidos.]]></value></Data>
	<Data name="P_DO"><displayName>P_DO</displayName><value><![CDATA[13/07/2009]]></value></Data>
	<Data name="N_DOC"><displayName>N_DOC</displayName><value><![CDATA[15]]></value></Data>
	<Data name="T_DO"><displayName>T_DO</displayName><value><![CDATA[Resolución]]></value></Data>
	<Data name="color_"><displayName>color_</displayName><value><![CDATA[1,255,56,254]]></value></Data>
</ExtendedData>
<styleUrl>#style2</styleUrl>
<MultiGeometry>
	<Polygon>
		<outerBoundaryIs>
			<LinearRing>
				<tessellate>1</tessellate>
				<coordinates>
					-72.68673199910792,-37.505422627566986,0.000
					-72.68692354282769,-37.505423792198435,0.000
					-72.68700206209404,-37.50524872136809,0.000
					-72.68678863696992,-37.50517534874209,0.000
					-72.68675747652827,-37.50527166544253,0.000
					-72.68673199910792,-37.505422627566986,0.000
				</coordinates>
			</LinearRing>
		</outerBoundaryIs>
	</Polygon>
</MultiGeometry>
</Placemark>

<Placemark>
<name>AV</name>
<description><![CDATA[<p><b>ZONA NOMBRE: </b> AV</p>
<p><b>ZONA GLOSA: </b>Área Verde</p>
<p><b>USOS PERMITIDOS: </b>Área Verde</p>
<p><b>USOS PROHIBIDOS: </b>Todos los usos de suelo no mencionados como permitidos.</p>]]></description>
<ExtendedData>
	<Data name="fid"><displayName>fid</displayName><value><![CDATA[44]]></value></Data>
	<Data name="ZONA_NOM"><displayName>ZONA_NOM</displayName><value><![CDATA[AV]]></value></Data>
	<Data name="ZONA_GLOSA"><displayName>ZONA_GLOSA</displayName><value><![CDATA[Área Verde]]></value></Data>
	<Data name="USOS_PERMITIDOS"><displayName>USOS_PERMITIDOS</displayName><value><![CDATA[Área Verde]]></value></Data>
	<Data name="USOS_PROHIBIDOS"><displayName>USOS_PROHIBIDOS</displayName><value><![CDATA[Todos los usos de suelo no mencionados como permitidos.]]></value></Data>
	<Data name="P_DO"><displayName>P_DO</displayName><value><![CDATA[13/07/2009]]></value></Data>
	<Data name="N_DOC"><displayName>N_DOC</displayName><value><![CDATA[15]]></value></Data>
	<Data name="T_DO"><displayName>T_DO</displayName><value><![CDATA[Resolución]]></value></Data>
	<Data name="color_"><displayName>color_</displayName><value><![CDATA[1,255,56,254]]></value></Data>
</ExtendedData>
<styleUrl>#style2</styleUrl>
<MultiGeometry>
	<Polygon>
		<outerBoundaryIs>
			<LinearRing>
				<tessellate>1</tessellate>
				<coordinates>
					-72.68601116396084,-37.50548805833937,0.000
					-72.68604385141832,-37.50566580577396,0.000
					-72.68626084733447,-37.505654340387196,0.000
					-72.68622391318338,-37.50555530138418,0.000
					-72.6861888258646,-37.505511109688534,0.000
					-72.68611630759544,-37.50549669057824,0.000
					-72.68601116396084,-37.50548805833937,0.000
				</coordinates>
			</LinearRing>
		</outerBoundaryIs>
	</Polygon>
</MultiGeometry>
</Placemark>

<Placemark>
<name>AV</name>
<description><![CDATA[<p><b>ZONA NOMBRE: </b> AV</p>
<p><b>ZONA GLOSA: </b>Área Verde</p>
<p><b>USOS PERMITIDOS: </b>Área Verde</p>
<p><b>USOS PROHIBIDOS: </b>Todos los usos de suelo no mencionados como permitidos.</p>]]></description>
<ExtendedData>
	<Data name="fid"><displayName>fid</displayName><value><![CDATA[45]]></value></Data>
	<Data name="ZONA_NOM"><displayName>ZONA_NOM</displayName><value><![CDATA[AV]]></value></Data>
	<Data name="ZONA_GLOSA"><displayName>ZONA_GLOSA</displayName><value><![CDATA[Área Verde]]></value></Data>
	<Data name="USOS_PERMITIDOS"><displayName>USOS_PERMITIDOS</displayName><value><![CDATA[Área Verde]]></value></Data>
	<Data name="USOS_PROHIBIDOS"><displayName>USOS_PROHIBIDOS</displayName><value><![CDATA[Todos los usos de suelo no mencionados como permitidos.]]></value></Data>
	<Data name="P_DO"><displayName>P_DO</displayName><value><![CDATA[13/07/2009]]></value></Data>
	<Data name="N_DOC"><displayName>N_DOC</displayName><value><![CDATA[15]]></value></Data>
	<Data name="T_DO"><displayName>T_DO</displayName><value><![CDATA[Resolución]]></value></Data>
	<Data name="color_"><displayName>color_</displayName><value><![CDATA[1,255,56,254]]></value></Data>
</ExtendedData>
<styleUrl>#style2</styleUrl>
<MultiGeometry>
	<Polygon>
		<outerBoundaryIs>
			<LinearRing>
				<tessellate>1</tessellate>
				<coordinates>
					-72.68824672137217,-37.50562078614478,0.000
					-72.6882811165178,-37.505893823118136,0.000
					-72.6883623614135,-37.50590320056176,0.000
					-72.68842175762968,-37.505894193100545,0.000
					-72.68844460173833,-37.50587202616965,0.000
					-72.68855835696658,-37.505873236657166,0.000
					-72.68856433096767,-37.5058730498555,0.000
					-72.68855319166816,-37.505646957637346,0.000
					-72.68824672137217,-37.50562078614478,0.000
				</coordinates>
			</LinearRing>
		</outerBoundaryIs>
	</Polygon>
</MultiGeometry>
</Placemark>

<Placemark>
<name>ZR-2</name>
<description><![CDATA[<p><b>ZONA NOMBRE: </b> ZR-2</p>
<p><b>ZONA GLOSA: </b>Zona Residencial</p>
<p><b>USOS PERMITIDOS: </b>Residencial, vivienda en extensión. Equipamiento: comercio, culto y cultura, deporte, educación, salud, seguridad, servicios y social.</p>
<p><b>USOS PROHIBIDOS: </b>Residencial. Equipamiento: comercio, culto y cultura, deporte, educación, salud, seguridad, servicios y social.</p>]]></description>
<ExtendedData>
	<Data name="fid"><displayName>fid</displayName><value><![CDATA[46]]></value></Data>
	<Data name="ZONA_NOM"><displayName>ZONA_NOM</displayName><value><![CDATA[ZR-2]]></value></Data>
	<Data name="ZONA_GLOSA"><displayName>ZONA_GLOSA</displayName><value><![CDATA[Zona Residencial]]></value></Data>
	<Data name="USOS_PERMITIDOS"><displayName>USOS_PERMITIDOS</displayName><value><![CDATA[Residencial, vivienda en extensión. Equipamiento: comercio, culto y cultura, deporte, educación, salud, seguridad, servicios y social.]]></value></Data>
	<Data name="USOS_PROHIBIDOS"><displayName>USOS_PROHIBIDOS</displayName><value><![CDATA[Residencial. Equipamiento: comercio, culto y cultura, deporte, educación, salud, seguridad, servicios y social.]]></value></Data>
	<Data name="P_DO"><displayName>P_DO</displayName><value><![CDATA[13/07/2009]]></value></Data>
	<Data name="N_DOC"><displayName>N_DOC</displayName><value><![CDATA[15]]></value></Data>
	<Data name="T_DO"><displayName>T_DO</displayName><value><![CDATA[Resolución]]></value></Data>
	<Data name="color_"><displayName>color_</displayName><value><![CDATA[255,255,127,254]]></value></Data>
</ExtendedData>
<styleUrl>#style21</styleUrl>
<MultiGeometry>
	<Polygon>
		<outerBoundaryIs>
			<LinearRing>
				<tessellate>1</tessellate>
				<coordinates>
					-72.68722622004574,-37.506041213275545,0.000
					-72.68713419686958,-37.50605600741962,0.000
					-72.68703848282257,-37.50605661538925,0.000
					-72.68703104493295,-37.50608783452884,0.000
					-72.68702782541249,-37.506204730612794,0.000
					-72.68706437741393,-37.50621788959736,0.000
					-72.68738917596107,-37.50619692203084,0.000
					-72.68738941868503,-37.50619581176681,0.000
					-72.68738455253629,-37.50603626404336,0.000
					-72.68722622004574,-37.506041213275545,0.000
				</coordinates>
			</LinearRing>
		</outerBoundaryIs>
	</Polygon>
</MultiGeometry>
</Placemark>

<Placemark>
<name>AV</name>
<description><![CDATA[<p><b>ZONA NOMBRE: </b> AV</p>
<p><b>ZONA GLOSA: </b>Área Verde</p>
<p><b>USOS PERMITIDOS: </b>Área Verde</p>
<p><b>USOS PROHIBIDOS: </b>Todos los usos de suelo no mencionados como permitidos.</p>]]></description>
<ExtendedData>
	<Data name="fid"><displayName>fid</displayName><value><![CDATA[47]]></value></Data>
	<Data name="ZONA_NOM"><displayName>ZONA_NOM</displayName><value><![CDATA[AV]]></value></Data>
	<Data name="ZONA_GLOSA"><displayName>ZONA_GLOSA</displayName><value><![CDATA[Área Verde]]></value></Data>
	<Data name="USOS_PERMITIDOS"><displayName>USOS_PERMITIDOS</displayName><value><![CDATA[Área Verde]]></value></Data>
	<Data name="USOS_PROHIBIDOS"><displayName>USOS_PROHIBIDOS</displayName><value><![CDATA[Todos los usos de suelo no mencionados como permitidos.]]></value></Data>
	<Data name="P_DO"><displayName>P_DO</displayName><value><![CDATA[13/07/2009]]></value></Data>
	<Data name="N_DOC"><displayName>N_DOC</displayName><value><![CDATA[15]]></value></Data>
	<Data name="T_DO"><displayName>T_DO</displayName><value><![CDATA[Resolución]]></value></Data>
	<Data name="color_"><displayName>color_</displayName><value><![CDATA[1,255,56,254]]></value></Data>
</ExtendedData>
<styleUrl>#style2</styleUrl>
<MultiGeometry>
	<Polygon>
		<outerBoundaryIs>
			<LinearRing>
				<tessellate>1</tessellate>
				<coordinates>
					-72.68697229181977,-37.5060491502401,0.000
					-72.68698236807212,-37.506132260368474,0.000
					-72.68698231180299,-37.506191851718896,0.000
					-72.68699625357351,-37.506231937527865,0.000
					-72.68698354372806,-37.50627762291015,0.000
					-72.68702068179634,-37.50630268132747,0.000
					-72.68716706452906,-37.506298105878656,0.000
					-72.68717866597498,-37.506412154966334,0.000
					-72.68700598186008,-37.50642947025212,0.000
					-72.68701974913475,-37.50652676737149,0.000
					-72.68716326306033,-37.506524665313485,0.000
					-72.68730449150758,-37.50653693508447,0.000
					-72.68742240762899,-37.50656185205843,0.000
					-72.687510974861,-37.50653763170268,0.000
					-72.687449384893,-37.50587692131391,0.000
					-72.68743357539137,-37.50587741551238,0.000
					-72.68717115503073,-37.50589515236405,0.000
					-72.68716682086972,-37.50592865822469,0.000
					-72.68695243243073,-37.50594966069221,0.000
					-72.68697229181977,-37.5060491502401,0.000
				</coordinates>
			</LinearRing>
		</outerBoundaryIs>
		<innerBoundaryIs>
			<LinearRing>
				<tessellate>1</tessellate>
				<coordinates>
					-72.68722622004574,-37.506041213275545,0.000
					-72.68738455253629,-37.50603626404336,0.000
					-72.68738941868503,-37.50619581176681,0.000
					-72.68738917596107,-37.50619692203084,0.000
					-72.68706437741393,-37.50621788959736,0.000
					-72.68702782541249,-37.506204730612794,0.000
					-72.68703104493295,-37.50608783452884,0.000
					-72.68703848282257,-37.50605661538925,0.000
					-72.68713419686958,-37.50605600741962,0.000
					-72.68722622004574,-37.506041213275545,0.000
				</coordinates>
			</LinearRing>
		</innerBoundaryIs>
	</Polygon>
</MultiGeometry>
</Placemark>

<Placemark>
<name>AV</name>
<description><![CDATA[<p><b>ZONA NOMBRE: </b> AV</p>
<p><b>ZONA GLOSA: </b>Área Verde</p>
<p><b>USOS PERMITIDOS: </b>Área Verde</p>
<p><b>USOS PROHIBIDOS: </b>Todos los usos de suelo no mencionados como permitidos.</p>]]></description>
<ExtendedData>
	<Data name="fid"><displayName>fid</displayName><value><![CDATA[48]]></value></Data>
	<Data name="ZONA_NOM"><displayName>ZONA_NOM</displayName><value><![CDATA[AV]]></value></Data>
	<Data name="ZONA_GLOSA"><displayName>ZONA_GLOSA</displayName><value><![CDATA[Área Verde]]></value></Data>
	<Data name="USOS_PERMITIDOS"><displayName>USOS_PERMITIDOS</displayName><value><![CDATA[Área Verde]]></value></Data>
	<Data name="USOS_PROHIBIDOS"><displayName>USOS_PROHIBIDOS</displayName><value><![CDATA[Todos los usos de suelo no mencionados como permitidos.]]></value></Data>
	<Data name="P_DO"><displayName>P_DO</displayName><value><![CDATA[13/07/2009]]></value></Data>
	<Data name="N_DOC"><displayName>N_DOC</displayName><value><![CDATA[15]]></value></Data>
	<Data name="T_DO"><displayName>T_DO</displayName><value><![CDATA[Resolución]]></value></Data>
	<Data name="color_"><displayName>color_</displayName><value><![CDATA[1,255,56,254]]></value></Data>
</ExtendedData>
<styleUrl>#style2</styleUrl>
<MultiGeometry>
	<Polygon>
		<outerBoundaryIs>
			<LinearRing>
				<tessellate>1</tessellate>
				<coordinates>
					-72.68716198479062,-37.50517738468409,0.000
					-72.68726988117987,-37.50518116329996,0.000
					-72.68727209301849,-37.505180932904985,0.000
					-72.6872531864055,-37.50514593102672,0.000
					-72.68725429857938,-37.50510775931944,0.000
					-72.6872076123665,-37.505071080772446,0.000
					-72.68716684399293,-37.50509380772783,0.000
					-72.68716198479062,-37.50517738468409,0.000
				</coordinates>
			</LinearRing>
		</outerBoundaryIs>
	</Polygon>
</MultiGeometry>
</Placemark>

<Placemark>
<name>AV</name>
<description><![CDATA[<p><b>ZONA NOMBRE: </b> AV</p>
<p><b>ZONA GLOSA: </b>Área Verde</p>
<p><b>USOS PERMITIDOS: </b>Área Verde</p>
<p><b>USOS PROHIBIDOS: </b>Todos los usos de suelo no mencionados como permitidos.</p>]]></description>
<ExtendedData>
	<Data name="fid"><displayName>fid</displayName><value><![CDATA[49]]></value></Data>
	<Data name="ZONA_NOM"><displayName>ZONA_NOM</displayName><value><![CDATA[AV]]></value></Data>
	<Data name="ZONA_GLOSA"><displayName>ZONA_GLOSA</displayName><value><![CDATA[Área Verde]]></value></Data>
	<Data name="USOS_PERMITIDOS"><displayName>USOS_PERMITIDOS</displayName><value><![CDATA[Área Verde]]></value></Data>
	<Data name="USOS_PROHIBIDOS"><displayName>USOS_PROHIBIDOS</displayName><value><![CDATA[Todos los usos de suelo no mencionados como permitidos.]]></value></Data>
	<Data name="P_DO"><displayName>P_DO</displayName><value><![CDATA[13/07/2009]]></value></Data>
	<Data name="N_DOC"><displayName>N_DOC</displayName><value><![CDATA[15]]></value></Data>
	<Data name="T_DO"><displayName>T_DO</displayName><value><![CDATA[Resolución]]></value></Data>
	<Data name="color_"><displayName>color_</displayName><value><![CDATA[1,255,56,254]]></value></Data>
</ExtendedData>
<styleUrl>#style2</styleUrl>
<MultiGeometry>
	<Polygon>
		<outerBoundaryIs>
			<LinearRing>
				<tessellate>1</tessellate>
				<coordinates>
					-72.6851146448801,-37.50503875622295,0.000
					-72.68493809562807,-37.50534221957679,0.000
					-72.68507710769371,-37.50535148571312,0.000
					-72.68507229424387,-37.50521169693559,0.000
					-72.68511423371301,-37.505212770499774,0.000
					-72.68511968204974,-37.50514109292002,0.000
					-72.68513977373594,-37.50512378005693,0.000
					-72.6851146448801,-37.50503875622295,0.000
				</coordinates>
			</LinearRing>
		</outerBoundaryIs>
	</Polygon>
</MultiGeometry>
</Placemark>

<Placemark>
<name>AV</name>
<description><![CDATA[<p><b>ZONA NOMBRE: </b> AV</p>
<p><b>ZONA GLOSA: </b>Área Verde</p>
<p><b>USOS PERMITIDOS: </b>Área Verde</p>
<p><b>USOS PROHIBIDOS: </b>Todos los usos de suelo no mencionados como permitidos.</p>]]></description>
<ExtendedData>
	<Data name="fid"><displayName>fid</displayName><value><![CDATA[50]]></value></Data>
	<Data name="ZONA_NOM"><displayName>ZONA_NOM</displayName><value><![CDATA[AV]]></value></Data>
	<Data name="ZONA_GLOSA"><displayName>ZONA_GLOSA</displayName><value><![CDATA[Área Verde]]></value></Data>
	<Data name="USOS_PERMITIDOS"><displayName>USOS_PERMITIDOS</displayName><value><![CDATA[Área Verde]]></value></Data>
	<Data name="USOS_PROHIBIDOS"><displayName>USOS_PROHIBIDOS</displayName><value><![CDATA[Todos los usos de suelo no mencionados como permitidos.]]></value></Data>
	<Data name="P_DO"><displayName>P_DO</displayName><value><![CDATA[13/07/2009]]></value></Data>
	<Data name="N_DOC"><displayName>N_DOC</displayName><value><![CDATA[15]]></value></Data>
	<Data name="T_DO"><displayName>T_DO</displayName><value><![CDATA[Resolución]]></value></Data>
	<Data name="color_"><displayName>color_</displayName><value><![CDATA[1,255,56,254]]></value></Data>
</ExtendedData>
<styleUrl>#style2</styleUrl>
<MultiGeometry>
	<Polygon>
		<outerBoundaryIs>
			<LinearRing>
				<tessellate>1</tessellate>
				<coordinates>
					-72.68483500278629,-37.50519289028132,0.000
					-72.68482480950048,-37.50535052492944,0.000
					-72.68491904291105,-37.50519378661199,0.000
					-72.68483500278629,-37.50519289028132,0.000
				</coordinates>
			</LinearRing>
		</outerBoundaryIs>
	</Polygon>
</MultiGeometry>
</Placemark>

<Placemark>
<name>AV</name>
<description><![CDATA[<p><b>ZONA NOMBRE: </b> AV</p>
<p><b>ZONA GLOSA: </b>Área Verde</p>
<p><b>USOS PERMITIDOS: </b>Área Verde</p>
<p><b>USOS PROHIBIDOS: </b>Todos los usos de suelo no mencionados como permitidos.</p>]]></description>
<ExtendedData>
	<Data name="fid"><displayName>fid</displayName><value><![CDATA[51]]></value></Data>
	<Data name="ZONA_NOM"><displayName>ZONA_NOM</displayName><value><![CDATA[AV]]></value></Data>
	<Data name="ZONA_GLOSA"><displayName>ZONA_GLOSA</displayName><value><![CDATA[Área Verde]]></value></Data>
	<Data name="USOS_PERMITIDOS"><displayName>USOS_PERMITIDOS</displayName><value><![CDATA[Área Verde]]></value></Data>
	<Data name="USOS_PROHIBIDOS"><displayName>USOS_PROHIBIDOS</displayName><value><![CDATA[Todos los usos de suelo no mencionados como permitidos.]]></value></Data>
	<Data name="P_DO"><displayName>P_DO</displayName><value><![CDATA[13/07/2009]]></value></Data>
	<Data name="N_DOC"><displayName>N_DOC</displayName><value><![CDATA[15]]></value></Data>
	<Data name="T_DO"><displayName>T_DO</displayName><value><![CDATA[Resolución]]></value></Data>
	<Data name="color_"><displayName>color_</displayName><value><![CDATA[1,255,56,254]]></value></Data>
</ExtendedData>
<styleUrl>#style2</styleUrl>
<MultiGeometry>
	<Polygon>
		<outerBoundaryIs>
			<LinearRing>
				<tessellate>1</tessellate>
				<coordinates>
					-72.68543599055262,-37.50451624683626,0.000
					-72.68562959701818,-37.504524191368915,0.000
					-72.6856954190496,-37.50401235551312,0.000
					-72.68541666074796,-37.5044882477895,0.000
					-72.68543599055262,-37.50451624683626,0.000
				</coordinates>
			</LinearRing>
		</outerBoundaryIs>
	</Polygon>
</MultiGeometry>
</Placemark>

<Placemark>
<name>ZR-2</name>
<description><![CDATA[<p><b>ZONA NOMBRE: </b> ZR-2</p>
<p><b>ZONA GLOSA: </b>Zona Residencial</p>
<p><b>USOS PERMITIDOS: </b>Residencial, vivienda en extensión. Equipamiento: comercio, culto y cultura, deporte, educación, salud, seguridad, servicios y social.</p>
<p><b>USOS PROHIBIDOS: </b>Residencial. Equipamiento: comercio, culto y cultura, deporte, educación, salud, seguridad, servicios y social.</p>]]></description>
<ExtendedData>
	<Data name="fid"><displayName>fid</displayName><value><![CDATA[52]]></value></Data>
	<Data name="ZONA_NOM"><displayName>ZONA_NOM</displayName><value><![CDATA[ZR-2]]></value></Data>
	<Data name="ZONA_GLOSA"><displayName>ZONA_GLOSA</displayName><value><![CDATA[Zona Residencial]]></value></Data>
	<Data name="USOS_PERMITIDOS"><displayName>USOS_PERMITIDOS</displayName><value><![CDATA[Residencial, vivienda en extensión. Equipamiento: comercio, culto y cultura, deporte, educación, salud, seguridad, servicios y social.]]></value></Data>
	<Data name="USOS_PROHIBIDOS"><displayName>USOS_PROHIBIDOS</displayName><value><![CDATA[Residencial. Equipamiento: comercio, culto y cultura, deporte, educación, salud, seguridad, servicios y social.]]></value></Data>
	<Data name="P_DO"><displayName>P_DO</displayName><value><![CDATA[13/07/2009]]></value></Data>
	<Data name="N_DOC"><displayName>N_DOC</displayName><value><![CDATA[15]]></value></Data>
	<Data name="T_DO"><displayName>T_DO</displayName><value><![CDATA[Resolución]]></value></Data>
	<Data name="color_"><displayName>color_</displayName><value><![CDATA[255,255,127,254]]></value></Data>
</ExtendedData>
<styleUrl>#style21</styleUrl>
<MultiGeometry>
	<Polygon>
		<outerBoundaryIs>
			<LinearRing>
				<tessellate>1</tessellate>
				<coordinates>
					-72.68441541701745,-37.50340297112206,0.000
					-72.68411922404,-37.504041488770646,0.000
					-72.68378313378092,-37.504781361135535,0.000
					-72.68372593064085,-37.50498694470654,0.000
					-72.6837715253418,-37.50527512609,0.000
					-72.6838479618657,-37.50555161840153,0.000
					-72.68388705522926,-37.50589005836442,0.000
					-72.68393335404953,-37.50619251912301,0.000
					-72.68398580183683,-37.50661992641888,0.000
					-72.68401743238961,-37.50671547422861,0.000
					-72.68401004821348,-37.50693022700277,0.000
					-72.68408209474097,-37.50711747261003,0.000
					-72.6841303311454,-37.507276857944966,0.000
					-72.68425141002182,-37.507366035508184,0.000
					-72.68439419150602,-37.50744023450529,0.000
					-72.68492428957178,-37.50754166353442,0.000
					-72.68561246039856,-37.50766317868095,0.000
					-72.68612358184532,-37.50774374339151,0.000
					-72.68782010996993,-37.50774434674937,0.000
					-72.68938163259203,-37.50700904727362,0.000
					-72.68997167644864,-37.50673316429883,0.000
					-72.69072591718589,-37.506709568221304,0.000
					-72.69089606576773,-37.50620341994289,0.000
					-72.69094428749122,-37.506139442390165,0.000
					-72.69005606431034,-37.50526694664696,0.000
					-72.68971150419951,-37.504953557608545,0.000
					-72.68935499694943,-37.50464054114031,0.000
					-72.68941341715372,-37.50449033558901,0.000
					-72.68950873847174,-37.50429964798822,0.000
					-72.68953582578078,-37.504242190432535,0.000
					-72.68955112524708,-37.50417318382894,0.000
					-72.68954416513692,-37.50410785354579,0.000
					-72.68955258224774,-37.504050979932316,0.000
					-72.6896763092055,-37.50382960808192,0.000
					-72.68961868417553,-37.503798636475445,0.000
					-72.6895901998183,-37.50375185556274,0.000
					-72.68948776612808,-37.503722285371964,0.000
					-72.68929285960044,-37.50371348333513,0.000
					-72.68923376895349,-37.50365276258717,0.000
					-72.68920974634737,-37.503547356046454,0.000
					-72.68824489055542,-37.50356909380574,0.000
					-72.68727738589304,-37.50351591450643,0.000
					-72.68599123649766,-37.50337138111138,0.000
					-72.68483951818963,-37.50322263532297,0.000
					-72.68456944161532,-37.50315861078133,0.000
					-72.68441541701745,-37.50340297112206,0.000
				</coordinates>
			</LinearRing>
		</outerBoundaryIs>
		<innerBoundaryIs>
			<LinearRing>
				<tessellate>1</tessellate>
				<coordinates>
					-72.6876801255603,-37.50375042299224,0.000
					-72.6872951907664,-37.50443939314368,0.000
					-72.68713305372448,-37.504427776804796,0.000
					-72.68710153999575,-37.50439539141867,0.000
					-72.68702316601328,-37.504383539602436,0.000
					-72.68686079578292,-37.50436716181522,0.000
					-72.68661788456738,-37.50435568553741,0.000
					-72.68658098198864,-37.50433538616059,0.000
					-72.68663515317527,-37.503673440927834,0.000
					-72.68663157743512,-37.50366951042831,0.000
					-72.68671282323614,-37.50367101355012,0.000
					-72.6876801255603,-37.50375042299224,0.000
				</coordinates>
			</LinearRing>
		</innerBoundaryIs>
		<innerBoundaryIs>
			<LinearRing>
				<tessellate>1</tessellate>
				<coordinates>
					-72.68543599055262,-37.50451624683626,0.000
					-72.68541666074796,-37.5044882477895,0.000
					-72.6856954190496,-37.50401235551312,0.000
					-72.68562959701818,-37.504524191368915,0.000
					-72.68543599055262,-37.50451624683626,0.000
				</coordinates>
			</LinearRing>
		</innerBoundaryIs>
		<innerBoundaryIs>
			<LinearRing>
				<tessellate>1</tessellate>
				<coordinates>
					-72.68862460136884,-37.50442433129121,0.000
					-72.68865416888042,-37.504113541130614,0.000
					-72.68921274051175,-37.50415566317947,0.000
					-72.68924092730694,-37.50415863291733,0.000
					-72.68923599721724,-37.504202606774264,0.000
					-72.68911446718477,-37.504468602113526,0.000
					-72.68862460136884,-37.50442433129121,0.000
				</coordinates>
			</LinearRing>
		</innerBoundaryIs>
		<innerBoundaryIs>
			<LinearRing>
				<tessellate>1</tessellate>
				<coordinates>
					-72.68513977373594,-37.50512378005693,0.000
					-72.68511968204974,-37.50514109292002,0.000
					-72.68511423371301,-37.505212770499774,0.000
					-72.68507229424387,-37.50521169693559,0.000
					-72.68507710769371,-37.50535148571312,0.000
					-72.68493809562807,-37.50534221957679,0.000
					-72.6851146448801,-37.50503875622295,0.000
					-72.68513977373594,-37.50512378005693,0.000
				</coordinates>
			</LinearRing>
		</innerBoundaryIs>
		<innerBoundaryIs>
			<LinearRing>
				<tessellate>1</tessellate>
				<coordinates>
					-72.68491904291105,-37.50519378661199,0.000
					-72.68482480950048,-37.50535052492944,0.000
					-72.68483500278629,-37.50519289028132,0.000
					-72.68491904291105,-37.50519378661199,0.000
				</coordinates>
			</LinearRing>
		</innerBoundaryIs>
		<innerBoundaryIs>
			<LinearRing>
				<tessellate>1</tessellate>
				<coordinates>
					-72.68675747652827,-37.50527166544253,0.000
					-72.68678863696992,-37.50517534874209,0.000
					-72.68700206209404,-37.50524872136809,0.000
					-72.68692354282769,-37.505423792198435,0.000
					-72.68673199910792,-37.505422627566986,0.000
					-72.68675747652827,-37.50527166544253,0.000
				</coordinates>
			</LinearRing>
		</innerBoundaryIs>
		<innerBoundaryIs>
			<LinearRing>
				<tessellate>1</tessellate>
				<coordinates>
					-72.68716198479062,-37.50517738468409,0.000
					-72.68716684399293,-37.50509380772783,0.000
					-72.6872076123665,-37.505071080772446,0.000
					-72.68725429857938,-37.50510775931944,0.000
					-72.6872531864055,-37.50514593102672,0.000
					-72.68727209301849,-37.505180932904985,0.000
					-72.68726988117987,-37.50518116329996,0.000
					-72.68716198479062,-37.50517738468409,0.000
				</coordinates>
			</LinearRing>
		</innerBoundaryIs>
		<innerBoundaryIs>
			<LinearRing>
				<tessellate>1</tessellate>
				<coordinates>
					-72.68626084733447,-37.505654340387196,0.000
					-72.68604385141832,-37.50566580577396,0.000
					-72.68601116396084,-37.50548805833937,0.000
					-72.68611630759544,-37.50549669057824,0.000
					-72.6861888258646,-37.505511109688534,0.000
					-72.68622391318338,-37.50555530138418,0.000
					-72.68626084733447,-37.505654340387196,0.000
				</coordinates>
			</LinearRing>
		</innerBoundaryIs>
		<innerBoundaryIs>
			<LinearRing>
				<tessellate>1</tessellate>
				<coordinates>
					-72.68855319166816,-37.505646957637346,0.000
					-72.68856433096767,-37.5058730498555,0.000
					-72.68855835696658,-37.505873236657166,0.000
					-72.68844460173833,-37.50587202616965,0.000
					-72.68842175762968,-37.505894193100545,0.000
					-72.6883623614135,-37.50590320056176,0.000
					-72.6882811165178,-37.505893823118136,0.000
					-72.68824672137217,-37.50562078614478,0.000
					-72.68855319166816,-37.505646957637346,0.000
				</coordinates>
			</LinearRing>
		</innerBoundaryIs>
		<innerBoundaryIs>
			<LinearRing>
				<tessellate>1</tessellate>
				<coordinates>
					-72.687449384893,-37.50587692131391,0.000
					-72.687510974861,-37.50653763170268,0.000
					-72.68742240762899,-37.50656185205843,0.000
					-72.68730449150758,-37.50653693508447,0.000
					-72.68716326306033,-37.506524665313485,0.000
					-72.68701974913475,-37.50652676737149,0.000
					-72.68700598186008,-37.50642947025212,0.000
					-72.68717866597498,-37.506412154966334,0.000
					-72.68716706452906,-37.506298105878656,0.000
					-72.68702068179634,-37.50630268132747,0.000
					-72.68698354372806,-37.50627762291015,0.000
					-72.68699625357351,-37.506231937527865,0.000
					-72.68698231180299,-37.506191851718896,0.000
					-72.68698236807212,-37.506132260368474,0.000
					-72.68697229181977,-37.5060491502401,0.000
					-72.68695243243073,-37.50594966069221,0.000
					-72.68716682086972,-37.50592865822469,0.000
					-72.68717115503073,-37.50589515236405,0.000
					-72.68743357539137,-37.50587741551238,0.000
					-72.687449384893,-37.50587692131391,0.000
				</coordinates>
			</LinearRing>
		</innerBoundaryIs>
	</Polygon>
</MultiGeometry>
</Placemark>

<Placemark>
<name>ZPR-4</name>
<description><![CDATA[<p><b>ZONA NOMBRE: </b> ZPR-4</p>
<p><b>ZONA GLOSA: </b>Zona de Riesgo por Subsidencia</p>
<p><b>USOS PERMITIDOS: </b>Equipamiento de esparcimiento, sólo parques de entretención y parques zoológicos y áreas verdes públicas o privadas.</p>
<p><b>USOS PROHIBIDOS: </b>Todos los usos de suelo no mencionados como permitidos.</p>]]></description>
<ExtendedData>
	<Data name="fid"><displayName>fid</displayName><value><![CDATA[53]]></value></Data>
	<Data name="ZONA_NOM"><displayName>ZONA_NOM</displayName><value><![CDATA[ZPR-4]]></value></Data>
	<Data name="ZONA_GLOSA"><displayName>ZONA_GLOSA</displayName><value><![CDATA[Zona de Riesgo por Subsidencia]]></value></Data>
	<Data name="USOS_PERMITIDOS"><displayName>USOS_PERMITIDOS</displayName><value><![CDATA[Equipamiento de esparcimiento, sólo parques de entretención y parques zoológicos y áreas verdes públicas o privadas.]]></value></Data>
	<Data name="USOS_PROHIBIDOS"><displayName>USOS_PROHIBIDOS</displayName><value><![CDATA[Todos los usos de suelo no mencionados como permitidos.]]></value></Data>
	<Data name="P_DO"><displayName>P_DO</displayName><value><![CDATA[13/07/2009]]></value></Data>
	<Data name="N_DOC"><displayName>N_DOC</displayName><value><![CDATA[15]]></value></Data>
	<Data name="T_DO"><displayName>T_DO</displayName><value><![CDATA[Resolución]]></value></Data>
	<Data name="color_"><displayName>color_</displayName><value><![CDATA[153,204,102,254]]></value></Data>
</ExtendedData>
<styleUrl>#style19</styleUrl>
<MultiGeometry>
	<Polygon>
		<outerBoundaryIs>
			<LinearRing>
				<tessellate>1</tessellate>
				<coordinates>
					-72.6831642743017,-37.51245777705414,0.000
					-72.68418283297672,-37.51266422734386,0.000
					-72.6842477132544,-37.51261452900501,0.000
					-72.68567182289547,-37.5117596214845,0.000
					-72.6869892815374,-37.5108663184854,0.000
					-72.68704194025378,-37.51083003009763,0.000
					-72.68693556556374,-37.51066066190339,0.000
					-72.68687358369058,-37.51049574916573,0.000
					-72.68680269878995,-37.51039308705106,0.000
					-72.68665671103614,-37.51010208573623,0.000
					-72.68647253099806,-37.50976460597336,0.000
					-72.68607863283782,-37.5090570739935,0.000
					-72.68594190741773,-37.50883252207309,0.000
					-72.68586165393685,-37.50878259137006,0.000
					-72.6857073569453,-37.50868730141178,0.000
					-72.68542910741019,-37.508505308618496,0.000
					-72.68486792715788,-37.50828924936549,0.000
					-72.68438653319078,-37.5081135997417,0.000
					-72.68433592160318,-37.50805797464925,0.000
					-72.68423446551851,-37.50794196420904,0.000
					-72.68401292793779,-37.507696223256104,0.000
					-72.6839999221459,-37.5077967397718,0.000
					-72.6839470801081,-37.50806058499312,0.000
					-72.68388662034641,-37.50853442276995,0.000
					-72.68387852880943,-37.508978022101836,0.000
					-72.68386434487998,-37.509540990934674,0.000
					-72.68375596655,-37.509892378408026,0.000
					-72.68372374539501,-37.51008883873123,0.000
					-72.68376064792315,-37.510230701026224,0.000
					-72.68382344487101,-37.51029071324035,0.000
					-72.68388963949782,-37.5102981799719,0.000
					-72.68403397985543,-37.51031274096812,0.000
					-72.68433707297675,-37.5102699040054,0.000
					-72.68457174319552,-37.51029594437108,0.000
					-72.68482141063325,-37.510383489106054,0.000
					-72.68489803296288,-37.51048120578598,0.000
					-72.6848355871208,-37.51054989642031,0.000
					-72.68472229317535,-37.51055820298708,0.000
					-72.68454760717994,-37.51053505672726,0.000
					-72.68423502456079,-37.51050668238824,0.000
					-72.68406771989942,-37.510511907806595,0.000
					-72.68381746614102,-37.5105340249993,0.000
					-72.68376603220807,-37.51058330315328,0.000
					-72.68400398297976,-37.510675982086575,0.000
					-72.68421897149614,-37.51078844664861,0.000
					-72.68454022506879,-37.51074980936356,0.000
					-72.68489299506632,-37.5107435570527,0.000
					-72.68505069345258,-37.51078630241473,0.000
					-72.68512567615916,-37.51085069975977,0.000
					-72.68508068714226,-37.510909311136686,0.000
					-72.68499914283885,-37.510954763033666,0.000
					-72.68481918437706,-37.510946083381974,0.000
					-72.68459329816133,-37.510976975951735,0.000
					-72.68420584724437,-37.51100814698564,0.000
					-72.68402378019695,-37.51095662666,0.000
					-72.6837784474195,-37.510835575383496,0.000
					-72.6836635084664,-37.5110536878522,0.000
					-72.68360117573211,-37.51124632102852,0.000
					-72.68361019645508,-37.51130801177259,0.000
					-72.68375852108764,-37.511403490916344,0.000
					-72.6839895629756,-37.51147731665003,0.000
					-72.68422833830502,-37.51146509245551,0.000
					-72.68454561268643,-37.511345537124114,0.000
					-72.6848262131145,-37.51133200434605,0.000
					-72.6851179455879,-37.511423000839926,0.000
					-72.68522374222525,-37.51150550524935,0.000
					-72.68524588731636,-37.511590622175696,0.000
					-72.68518824373449,-37.51163532749213,0.000
					-72.68510072426041,-37.5116809661489,0.000
					-72.68502808288537,-37.51166416661982,0.000
					-72.6849117421352,-37.511610595266,0.000
					-72.68474302922968,-37.511587262756116,0.000
					-72.68455299248785,-37.5116170354071,0.000
					-72.68434596698592,-37.51166640642292,0.000
					-72.68418123685464,-37.51172399006547,0.000
					-72.6840679410155,-37.511732296099815,0.000
					-72.68395300637482,-37.51170728280942,0.000
					-72.68364709615494,-37.51169300009356,0.000
					-72.68346116026565,-37.51168450506688,0.000
					-72.6833731711258,-37.51172062311224,0.000
					-72.68333579434506,-37.51181236655635,0.000
					-72.68326537658163,-37.511962347619146,0.000
					-72.68323573017095,-37.5122111658508,0.000
					-72.6831642743017,-37.51245777705414,0.000
				</coordinates>
			</LinearRing>
		</outerBoundaryIs>
	</Polygon>
</MultiGeometry>
</Placemark>

<Placemark>
<name>ZPR-4</name>
<description><![CDATA[<p><b>ZONA NOMBRE: </b> ZPR-4</p>
<p><b>ZONA GLOSA: </b>Zona de Riesgo por Subsidencia</p>
<p><b>USOS PERMITIDOS: </b>Equipamiento de esparcimiento, sólo parques de entretención y parques zoológicos y áreas verdes públicas o privadas.</p>
<p><b>USOS PROHIBIDOS: </b>Todos los usos de suelo no mencionados como permitidos.</p>]]></description>
<ExtendedData>
	<Data name="fid"><displayName>fid</displayName><value><![CDATA[54]]></value></Data>
	<Data name="ZONA_NOM"><displayName>ZONA_NOM</displayName><value><![CDATA[ZPR-4]]></value></Data>
	<Data name="ZONA_GLOSA"><displayName>ZONA_GLOSA</displayName><value><![CDATA[Zona de Riesgo por Subsidencia]]></value></Data>
	<Data name="USOS_PERMITIDOS"><displayName>USOS_PERMITIDOS</displayName><value><![CDATA[Equipamiento de esparcimiento, sólo parques de entretención y parques zoológicos y áreas verdes públicas o privadas.]]></value></Data>
	<Data name="USOS_PROHIBIDOS"><displayName>USOS_PROHIBIDOS</displayName><value><![CDATA[Todos los usos de suelo no mencionados como permitidos.]]></value></Data>
	<Data name="P_DO"><displayName>P_DO</displayName><value><![CDATA[13/07/2009]]></value></Data>
	<Data name="N_DOC"><displayName>N_DOC</displayName><value><![CDATA[15]]></value></Data>
	<Data name="T_DO"><displayName>T_DO</displayName><value><![CDATA[Resolución]]></value></Data>
	<Data name="color_"><displayName>color_</displayName><value><![CDATA[153,204,102,254]]></value></Data>
</ExtendedData>
<styleUrl>#style19</styleUrl>
<MultiGeometry>
	<Polygon>
		<outerBoundaryIs>
			<LinearRing>
				<tessellate>1</tessellate>
				<coordinates>
					-72.68437699819911,-37.50743129966639,0.000
					-72.68435609104074,-37.507474796744596,0.000
					-72.68437008999109,-37.50753633286149,0.000
					-72.68448243947688,-37.507752113261844,0.000
					-72.68453586221615,-37.5078648563826,0.000
					-72.68473772094798,-37.50795389481255,0.000
					-72.68534693304147,-37.50817322159241,0.000
					-72.68583957694422,-37.5083342142329,0.000
					-72.68614887314439,-37.50853907134168,0.000
					-72.68633058543897,-37.50870501129088,0.000
					-72.68655799491545,-37.50906974236786,0.000
					-72.68675892750453,-37.50938286298236,0.000
					-72.68702769721851,-37.50973676631121,0.000
					-72.68708511108188,-37.509930425593204,0.000
					-72.68718388129317,-37.51011325719494,0.000
					-72.68723461703748,-37.51029282367147,0.000
					-72.68728089812873,-37.510381953162984,0.000
					-72.68735295487751,-37.510508413806534,0.000
					-72.68735609968432,-37.51061353008819,0.000
					-72.68813961557477,-37.51007356961267,0.000
					-72.68839588944589,-37.509809322166035,0.000
					-72.68850923368257,-37.50968063956688,0.000
					-72.68893318177876,-37.509327721862235,0.000
					-72.68937044207838,-37.50878965932447,0.000
					-72.68959170974075,-37.50857417520696,0.000
					-72.69000991811909,-37.50795328048244,0.000
					-72.69043588109449,-37.50733810108965,0.000
					-72.69057922942038,-37.50705950411756,0.000
					-72.69071993574659,-37.50672735943785,0.000
					-72.69072591718589,-37.506709568221304,0.000
					-72.68997167644864,-37.50673316429883,0.000
					-72.68938163259203,-37.50700904727362,0.000
					-72.68782010996993,-37.50774434674937,0.000
					-72.68612358184532,-37.50774374339151,0.000
					-72.68561246039856,-37.50766317868095,0.000
					-72.68492428957178,-37.50754166353442,0.000
					-72.68439419150602,-37.50744023450529,0.000
					-72.68437699819911,-37.50743129966639,0.000
				</coordinates>
			</LinearRing>
		</outerBoundaryIs>
	</Polygon>
</MultiGeometry>
</Placemark>

<Placemark>
<name>ZPR-4</name>
<description><![CDATA[<p><b>ZONA NOMBRE: </b> ZPR-4</p>
<p><b>ZONA GLOSA: </b>Zona de Riesgo por Subsidencia</p>
<p><b>USOS PERMITIDOS: </b>Equipamiento de esparcimiento, sólo parques de entretención y parques zoológicos y áreas verdes públicas o privadas.</p>
<p><b>USOS PROHIBIDOS: </b>Todos los usos de suelo no mencionados como permitidos.</p>]]></description>
<ExtendedData>
	<Data name="fid"><displayName>fid</displayName><value><![CDATA[55]]></value></Data>
	<Data name="ZONA_NOM"><displayName>ZONA_NOM</displayName><value><![CDATA[ZPR-4]]></value></Data>
	<Data name="ZONA_GLOSA"><displayName>ZONA_GLOSA</displayName><value><![CDATA[Zona de Riesgo por Subsidencia]]></value></Data>
	<Data name="USOS_PERMITIDOS"><displayName>USOS_PERMITIDOS</displayName><value><![CDATA[Equipamiento de esparcimiento, sólo parques de entretención y parques zoológicos y áreas verdes públicas o privadas.]]></value></Data>
	<Data name="USOS_PROHIBIDOS"><displayName>USOS_PROHIBIDOS</displayName><value><![CDATA[Todos los usos de suelo no mencionados como permitidos.]]></value></Data>
	<Data name="P_DO"><displayName>P_DO</displayName><value><![CDATA[13/07/2009]]></value></Data>
	<Data name="N_DOC"><displayName>N_DOC</displayName><value><![CDATA[15]]></value></Data>
	<Data name="T_DO"><displayName>T_DO</displayName><value><![CDATA[Resolución]]></value></Data>
	<Data name="color_"><displayName>color_</displayName><value><![CDATA[153,204,102,254]]></value></Data>
</ExtendedData>
<styleUrl>#style19</styleUrl>
<MultiGeometry>
	<Polygon>
		<outerBoundaryIs>
			<LinearRing>
				<tessellate>1</tessellate>
				<coordinates>
					-72.66834371470739,-37.50984709056833,0.000
					-72.66834986873587,-37.50997266894104,0.000
					-72.66843451779192,-37.510234615348686,0.000
					-72.66850649051342,-37.51060421788422,0.000
					-72.66856495263802,-37.51088128010185,0.000
					-72.6686726426868,-37.51106385079049,0.000
					-72.66876415824831,-37.511282678718054,0.000
					-72.66895138968461,-37.51180601286106,0.000
					-72.66899144163064,-37.51189057717117,0.000
					-72.66899529139663,-37.511969115404725,0.000
					-72.66899426842939,-37.512609338751325,0.000
					-72.67019625279396,-37.51255798425888,0.000
					-72.67321738567905,-37.51223154340557,0.000
					-72.67445114109579,-37.51206797830361,0.000
					-72.6757162272642,-37.51193321982613,0.000
					-72.67667081848809,-37.51187367444905,0.000
					-72.67896224878858,-37.51161750042035,0.000
					-72.6803182979525,-37.51140866802433,0.000
					-72.68034237675168,-37.511320632187896,0.000
					-72.67956060738663,-37.5110303877507,0.000
					-72.67875832584772,-37.51073362739396,0.000
					-72.6778806068139,-37.510499994238735,0.000
					-72.67657735755014,-37.51010084996539,0.000
					-72.675418538015,-37.50967216338188,0.000
					-72.67488300097081,-37.50946002359537,0.000
					-72.6745521821056,-37.509395246245845,0.000
					-72.67440877787003,-37.50939971334771,0.000
					-72.67422732023165,-37.50945184572574,0.000
					-72.67381475902705,-37.50955050467162,0.000
					-72.67372548225289,-37.50956043635391,0.000
					-72.67350897425474,-37.509538576055625,0.000
					-72.67301287083671,-37.50948966747501,0.000
					-72.67240231712593,-37.50944074529046,0.000
					-72.67172660892534,-37.50939027149093,0.000
					-72.67116178164679,-37.50940427681195,0.000
					-72.67056232714822,-37.509444383477685,0.000
					-72.67030887926256,-37.50949138344683,0.000
					-72.66983441031861,-37.5096762153533,0.000
					-72.66945216029255,-37.509752463365984,0.000
					-72.66899811047622,-37.50979549273821,0.000
					-72.66834371470739,-37.50984709056833,0.000
				</coordinates>
			</LinearRing>
		</outerBoundaryIs>
	</Polygon>
</MultiGeometry>
</Placemark>

<Placemark>
<name>ZPR-3</name>
<description><![CDATA[<p><b>ZONA NOMBRE: </b> ZPR-3</p>
<p><b>ZONA GLOSA: </b>Zona de Protección de Drenaje</p>
<p><b>USOS PERMITIDOS: </b>Áreas verdes públicas o privadas.</p>
<p><b>USOS PROHIBIDOS: </b>Todos los usos de suelo no mencionados como permitidos.</p>]]></description>
<ExtendedData>
	<Data name="fid"><displayName>fid</displayName><value><![CDATA[56]]></value></Data>
	<Data name="ZONA_NOM"><displayName>ZONA_NOM</displayName><value><![CDATA[ZPR-3]]></value></Data>
	<Data name="ZONA_GLOSA"><displayName>ZONA_GLOSA</displayName><value><![CDATA[Zona de Protección de Drenaje]]></value></Data>
	<Data name="USOS_PERMITIDOS"><displayName>USOS_PERMITIDOS</displayName><value><![CDATA[Áreas verdes públicas o privadas.]]></value></Data>
	<Data name="USOS_PROHIBIDOS"><displayName>USOS_PROHIBIDOS</displayName><value><![CDATA[Todos los usos de suelo no mencionados como permitidos.]]></value></Data>
	<Data name="P_DO"><displayName>P_DO</displayName><value><![CDATA[13/07/2009]]></value></Data>
	<Data name="N_DOC"><displayName>N_DOC</displayName><value><![CDATA[15]]></value></Data>
	<Data name="T_DO"><displayName>T_DO</displayName><value><![CDATA[Resolución]]></value></Data>
	<Data name="color_"><displayName>color_</displayName><value><![CDATA[0,153,0,254]]></value></Data>
</ExtendedData>
<styleUrl>#style18</styleUrl>
<MultiGeometry>
	<Polygon>
		<outerBoundaryIs>
			<LinearRing>
				<tessellate>1</tessellate>
				<coordinates>
					-72.68336971262356,-37.50503188081141,0.000
					-72.68341243792466,-37.505343408195415,0.000
					-72.68345980040948,-37.505773953842564,0.000
					-72.68351132982944,-37.5065172154396,0.000
					-72.6835167323068,-37.50723510172349,0.000
					-72.68348816510391,-37.5077186693574,0.000
					-72.68343705163164,-37.50789605516015,0.000
					-72.68336404529505,-37.508008575593685,0.000
					-72.68320873812634,-37.508120685683025,0.000
					-72.68264491466581,-37.50836770937775,0.000
					-72.68227271177756,-37.508632585291394,0.000
					-72.68211644672299,-37.50880133434368,0.000
					-72.68186043960552,-37.509223473801256,0.000
					-72.6817002909226,-37.5093893643446,0.000
					-72.68148903114083,-37.509580685379476,0.000
					-72.68145050859316,-37.509710005538054,0.000
					-72.68145460521892,-37.509793302855805,0.000
					-72.68152723963746,-37.50990127671557,0.000
					-72.68160170520606,-37.509970460902736,0.000
					-72.68173497552513,-37.50994246490664,0.000
					-72.68192660997279,-37.50980836555567,0.000
					-72.68212923024834,-37.509593477032915,0.000
					-72.68229003816712,-37.50936499647391,0.000
					-72.68240918259363,-37.50912589770733,0.000
					-72.68256215255167,-37.508966189678354,0.000
					-72.6827820479051,-37.50879843269003,0.000
					-72.68310423439684,-37.50865727628734,0.000
					-72.68339127144728,-37.508561908384024,0.000
					-72.6834347633401,-37.508685688902844,0.000
					-72.68344442454601,-37.508882032301656,0.000
					-72.68342391826282,-37.509073359296224,0.000
					-72.68341322223324,-37.509312051836424,0.000
					-72.68336144774639,-37.5095520270929,0.000
					-72.6833039613784,-37.50982793482548,0.000
					-72.68328850508398,-37.51004591880693,0.000
					-72.68330614946703,-37.51017646486164,0.000
					-72.68334253766304,-37.510383892316774,0.000
					-72.68335439511506,-37.510624860682604,0.000
					-72.68335827317634,-37.51077967207679,0.000
					-72.68333308211557,-37.51087580246148,0.000
					-72.68320387044822,-37.511100318612876,0.000
					-72.6827486782424,-37.51188323705192,0.000
					-72.68266607847966,-37.51187687737003,0.000
					-72.68253764021246,-37.511851092417466,0.000
					-72.68222482163061,-37.51172678093659,0.000
					-72.68133850659619,-37.51134923667867,0.000
					-72.680752787354,-37.5110755251756,0.000
					-72.68002929940732,-37.510776314898436,0.000
					-72.67934217170537,-37.510493842976345,0.000
					-72.67873310134867,-37.51027745993849,0.000
					-72.67819447167874,-37.51012442624239,0.000
					-72.67754205577917,-37.50993918425176,0.000
					-72.67705314678977,-37.509808430619145,0.000
					-72.67655992078103,-37.50966589169699,0.000
					-72.67595503545382,-37.50942016498286,0.000
					-72.67558732428427,-37.50924391550997,0.000
					-72.675444539136,-37.50923048836629,0.000
					-72.6752781773952,-37.50919395827768,0.000
					-72.6750932913671,-37.50916098610634,0.000
					-72.67493022701034,-37.509115414228305,0.000
					-72.67466662498433,-37.509078934342604,0.000
					-72.67448979171432,-37.509057627227484,0.000
					-72.67427891013085,-37.50902844274782,0.000
					-72.67418009376864,-37.509034499917114,0.000
					-72.67407559074312,-37.50911522182378,0.000
					-72.673846599346,-37.509250472135506,0.000
					-72.67367986197868,-37.509282479831754,0.000
					-72.67350734650263,-37.509272955453476,0.000
					-72.67319373752032,-37.50920823376515,0.000
					-72.6729567147073,-37.509179860931155,0.000
					-72.67264272821551,-37.50918367789355,0.000
					-72.67231059327723,-37.50912251074434,0.000
					-72.67200188616494,-37.5090814697077,0.000
					-72.67163246716264,-37.509098928211635,0.000
					-72.67128084418822,-37.50909795365609,0.000
					-72.67081190609723,-37.50914532259503,0.000
					-72.67058885908715,-37.50917311977946,0.000
					-72.67056176013632,-37.509135050247714,0.000
					-72.67009191303826,-37.50919604886161,0.000
					-72.66827344089752,-37.50947415672147,0.000
					-72.66831444854547,-37.509616231087776,0.000
					-72.66833873840102,-37.509806328960096,0.000
					-72.66834357065085,-37.50984415095836,0.000
					-72.66834371470739,-37.50984709056833,0.000
					-72.66899811047622,-37.50979549273821,0.000
					-72.66945216029255,-37.509752463365984,0.000
					-72.66983441031861,-37.5096762153533,0.000
					-72.67030887926256,-37.50949138344683,0.000
					-72.67056232714822,-37.509444383477685,0.000
					-72.67116178164679,-37.50940427681195,0.000
					-72.67172660892534,-37.50939027149093,0.000
					-72.67240231712593,-37.50944074529046,0.000
					-72.67301287083671,-37.50948966747501,0.000
					-72.67350897425474,-37.509538576055625,0.000
					-72.67372548225289,-37.50956043635391,0.000
					-72.67381475902705,-37.50955050467162,0.000
					-72.67422732023165,-37.50945184572574,0.000
					-72.67440877787003,-37.50939971334771,0.000
					-72.6745521821056,-37.509395246245845,0.000
					-72.67488300097081,-37.50946002359537,0.000
					-72.675418538015,-37.50967216338188,0.000
					-72.67657735755014,-37.51010084996539,0.000
					-72.6778806068139,-37.510499994238735,0.000
					-72.67875832584772,-37.51073362739396,0.000
					-72.67956060738663,-37.5110303877507,0.000
					-72.68034237675168,-37.511320632187896,0.000
					-72.6803182979525,-37.51140866802433,0.000
					-72.6803209030372,-37.51140826603037,0.000
					-72.68065919813517,-37.511594356609066,0.000
					-72.68149264309586,-37.51196163837039,0.000
					-72.68239961660713,-37.51230278310082,0.000
					-72.6831642743017,-37.51245777705414,0.000
					-72.68323573017095,-37.5122111658508,0.000
					-72.68326537658163,-37.511962347619146,0.000
					-72.68333579434506,-37.51181236655635,0.000
					-72.6833731711258,-37.51172062311224,0.000
					-72.68346116026565,-37.51168450506688,0.000
					-72.68364709615494,-37.51169300009356,0.000
					-72.68395300637482,-37.51170728280942,0.000
					-72.6840679410155,-37.511732296099815,0.000
					-72.68418123685464,-37.51172399006547,0.000
					-72.68434596698592,-37.51166640642292,0.000
					-72.68455299248785,-37.5116170354071,0.000
					-72.68474302922968,-37.511587262756116,0.000
					-72.6849117421352,-37.511610595266,0.000
					-72.68502808288537,-37.51166416661982,0.000
					-72.68510072426041,-37.5116809661489,0.000
					-72.68518824373449,-37.51163532749213,0.000
					-72.68524588731636,-37.511590622175696,0.000
					-72.68522374222525,-37.51150550524935,0.000
					-72.6851179455879,-37.511423000839926,0.000
					-72.6848262131145,-37.51133200434605,0.000
					-72.68454561268643,-37.511345537124114,0.000
					-72.68422833830502,-37.51146509245551,0.000
					-72.6839895629756,-37.51147731665003,0.000
					-72.68375852108764,-37.511403490916344,0.000
					-72.68361019645508,-37.51130801177259,0.000
					-72.68360117573211,-37.51124632102852,0.000
					-72.6836635084664,-37.5110536878522,0.000
					-72.6837784474195,-37.510835575383496,0.000
					-72.68402378019695,-37.51095662666,0.000
					-72.68420584724437,-37.51100814698564,0.000
					-72.68459329816133,-37.510976975951735,0.000
					-72.68481918437706,-37.510946083381974,0.000
					-72.68499914283885,-37.510954763033666,0.000
					-72.68508068714226,-37.510909311136686,0.000
					-72.68512567615916,-37.51085069975977,0.000
					-72.68505069345258,-37.51078630241473,0.000
					-72.68489299506632,-37.5107435570527,0.000
					-72.68454022506879,-37.51074980936356,0.000
					-72.68421897149614,-37.51078844664861,0.000
					-72.68400398297976,-37.510675982086575,0.000
					-72.68376603220807,-37.51058330315328,0.000
					-72.68381746614102,-37.5105340249993,0.000
					-72.68406771989942,-37.510511907806595,0.000
					-72.68423502456079,-37.51050668238824,0.000
					-72.68454760717994,-37.51053505672726,0.000
					-72.68472229317535,-37.51055820298708,0.000
					-72.6848355871208,-37.51054989642031,0.000
					-72.68489803296288,-37.51048120578598,0.000
					-72.68482141063325,-37.510383489106054,0.000
					-72.68457174319552,-37.51029594437108,0.000
					-72.68433707297675,-37.5102699040054,0.000
					-72.68403397985543,-37.51031274096812,0.000
					-72.68388963949782,-37.5102981799719,0.000
					-72.68382344487101,-37.51029071324035,0.000
					-72.68376064792315,-37.510230701026224,0.000
					-72.68372374539501,-37.51008883873123,0.000
					-72.68375596655,-37.509892378408026,0.000
					-72.68386434487998,-37.509540990934674,0.000
					-72.68387852880943,-37.508978022101836,0.000
					-72.68388662034641,-37.50853442276995,0.000
					-72.6839470801081,-37.50806058499312,0.000
					-72.6839999221459,-37.5077967397718,0.000
					-72.68401292793779,-37.507696223256104,0.000
					-72.68423446551851,-37.50794196420904,0.000
					-72.68433592160318,-37.50805797464925,0.000
					-72.68438653319078,-37.5081135997417,0.000
					-72.68486792715788,-37.50828924936549,0.000
					-72.68542910741019,-37.508505308618496,0.000
					-72.6857073569453,-37.50868730141178,0.000
					-72.68586165393685,-37.50878259137006,0.000
					-72.68594190741773,-37.50883252207309,0.000
					-72.68607863283782,-37.5090570739935,0.000
					-72.68647253099806,-37.50976460597336,0.000
					-72.68665671103614,-37.51010208573623,0.000
					-72.68680269878995,-37.51039308705106,0.000
					-72.68687358369058,-37.51049574916573,0.000
					-72.68693556556374,-37.51066066190339,0.000
					-72.68704194025378,-37.51083003009763,0.000
					-72.68735609968432,-37.51061353008819,0.000
					-72.68735295487751,-37.510508413806534,0.000
					-72.68728089812873,-37.510381953162984,0.000
					-72.68723461703748,-37.51029282367147,0.000
					-72.68718388129317,-37.51011325719494,0.000
					-72.68708511108188,-37.509930425593204,0.000
					-72.68702769721851,-37.50973676631121,0.000
					-72.68675892750453,-37.50938286298236,0.000
					-72.68655799491545,-37.50906974236786,0.000
					-72.68633058543897,-37.50870501129088,0.000
					-72.68614887314439,-37.50853907134168,0.000
					-72.68583957694422,-37.5083342142329,0.000
					-72.68534693304147,-37.50817322159241,0.000
					-72.68473772094798,-37.50795389481255,0.000
					-72.68453586221615,-37.5078648563826,0.000
					-72.68448243947688,-37.507752113261844,0.000
					-72.68437008999109,-37.50753633286149,0.000
					-72.68435609104074,-37.507474796744596,0.000
					-72.68437699819911,-37.50743129966639,0.000
					-72.68425141002182,-37.507366035508184,0.000
					-72.6841303311454,-37.507276857944966,0.000
					-72.68408209474097,-37.50711747261003,0.000
					-72.68401004821348,-37.50693022700277,0.000
					-72.68401743238961,-37.50671547422861,0.000
					-72.68398580183683,-37.50661992641888,0.000
					-72.68393335404953,-37.50619251912301,0.000
					-72.68388705522926,-37.50589005836442,0.000
					-72.6838479618657,-37.50555161840153,0.000
					-72.6837715253418,-37.50527512609,0.000
					-72.68372593064085,-37.50498694470654,0.000
					-72.68378313378092,-37.504781361135535,0.000
					-72.68411922404,-37.504041488770646,0.000
					-72.68441541701745,-37.50340297112206,0.000
					-72.68456944161532,-37.50315861078133,0.000
					-72.68468621096676,-37.50306915372424,0.000
					-72.68472214741381,-37.50297864675679,0.000
					-72.68475650266136,-37.50285601151544,0.000
					-72.68502298586816,-37.50270824727858,0.000
					-72.68504697258038,-37.502557331995924,0.000
					-72.68518465132887,-37.502345659176946,0.000
					-72.68526715317239,-37.50228945152198,0.000
					-72.68532101092526,-37.5021983845242,0.000
					-72.68533919854892,-37.50211200746123,0.000
					-72.685364854348,-37.501903834064606,0.000
					-72.68552080675356,-37.5015163966627,0.000
					-72.68566138207133,-37.50127245428817,0.000
					-72.68572244305376,-37.500963064300336,0.000
					-72.68570209941502,-37.50091107226614,0.000
					-72.68565647225611,-37.50097364687325,0.000
					-72.68522396837696,-37.501668863285374,0.000
					-72.68482460849077,-37.50242978468405,0.000
					-72.68452938992924,-37.50299676452664,0.000
					-72.68422530756703,-37.503520520598244,0.000
					-72.68379886781851,-37.50427870806064,0.000
					-72.68348986920397,-37.504839561034515,0.000
					-72.68336971262356,-37.50503188081141,0.000
				</coordinates>
			</LinearRing>
		</outerBoundaryIs>
	</Polygon>
</MultiGeometry>
</Placemark>

<Placemark>
<name>ZMC</name>
<description><![CDATA[<p><b>ZONA NOMBRE: </b> ZMC</p>
<p><b>ZONA GLOSA: </b>Zona Microcentro</p>
<p><b>USOS PERMITIDOS: </b>Residencial; Equipamiento científico, comercio, culto y cultura, deporte, educación, esparcimiento, salud, seguridad, servicios y social; Actividades productivas inofensivas (panaderías). Más detalle en Ordenanza.</p>
<p><b>USOS PROHIBIDOS: </b>Residencial; Equipamiento científico, comercio, culto y cultura, deporte, educación, esparcimiento, salud, seguridad, servicios y social; Actividades productivas inofensivas (panaderías). Más detalle en Ordenanza.</p>]]></description>
<ExtendedData>
	<Data name="fid"><displayName>fid</displayName><value><![CDATA[57]]></value></Data>
	<Data name="ZONA_NOM"><displayName>ZONA_NOM</displayName><value><![CDATA[ZMC]]></value></Data>
	<Data name="ZONA_GLOSA"><displayName>ZONA_GLOSA</displayName><value><![CDATA[Zona Microcentro]]></value></Data>
	<Data name="USOS_PERMITIDOS"><displayName>USOS_PERMITIDOS</displayName><value><![CDATA[Residencial; Equipamiento científico, comercio, culto y cultura, deporte, educación, esparcimiento, salud, seguridad, servicios y social; Actividades productivas inofensivas (panaderías). Más detalle en Ordenanza.]]></value></Data>
	<Data name="USOS_PROHIBIDOS"><displayName>USOS_PROHIBIDOS</displayName><value><![CDATA[Residencial; Equipamiento científico, comercio, culto y cultura, deporte, educación, esparcimiento, salud, seguridad, servicios y social; Actividades productivas inofensivas (panaderías). Más detalle en Ordenanza.]]></value></Data>
	<Data name="P_DO"><displayName>P_DO</displayName><value><![CDATA[13/07/2009]]></value></Data>
	<Data name="N_DOC"><displayName>N_DOC</displayName><value><![CDATA[15]]></value></Data>
	<Data name="T_DO"><displayName>T_DO</displayName><value><![CDATA[Resolución]]></value></Data>
	<Data name="color_"><displayName>color_</displayName><value><![CDATA[255,63,0,254]]></value></Data>
</ExtendedData>
<styleUrl>#style15</styleUrl>
<MultiGeometry>
	<Polygon>
		<outerBoundaryIs>
			<LinearRing>
				<tessellate>1</tessellate>
				<coordinates>
					-72.68035176304569,-37.51002560474946,0.000
					-72.68106679365862,-37.51019100081196,0.000
					-72.68106241317255,-37.50994979961385,0.000
					-72.68104725974334,-37.50986982653108,0.000
					-72.6810674027809,-37.50974703847842,0.000
					-72.68103877474547,-37.50969728072357,0.000
					-72.68025894718625,-37.509507091304506,0.000
					-72.6802672639888,-37.50998056920436,0.000
					-72.68026809256625,-37.509983436983234,0.000
					-72.68035176304569,-37.51002560474946,0.000
				</coordinates>
			</LinearRing>
		</outerBoundaryIs>
	</Polygon>
</MultiGeometry>
</Placemark>

<Placemark>
<name>ZPR-3</name>
<description><![CDATA[<p><b>ZONA NOMBRE: </b> ZPR-3</p>
<p><b>ZONA GLOSA: </b>Zona de Protección de Drenaje</p>
<p><b>USOS PERMITIDOS: </b>Áreas verdes públicas o privadas.</p>
<p><b>USOS PROHIBIDOS: </b>Todos los usos de suelo no mencionados como permitidos.</p>]]></description>
<ExtendedData>
	<Data name="fid"><displayName>fid</displayName><value><![CDATA[58]]></value></Data>
	<Data name="ZONA_NOM"><displayName>ZONA_NOM</displayName><value><![CDATA[ZPR-3]]></value></Data>
	<Data name="ZONA_GLOSA"><displayName>ZONA_GLOSA</displayName><value><![CDATA[Zona de Protección de Drenaje]]></value></Data>
	<Data name="USOS_PERMITIDOS"><displayName>USOS_PERMITIDOS</displayName><value><![CDATA[Áreas verdes públicas o privadas.]]></value></Data>
	<Data name="USOS_PROHIBIDOS"><displayName>USOS_PROHIBIDOS</displayName><value><![CDATA[Todos los usos de suelo no mencionados como permitidos.]]></value></Data>
	<Data name="P_DO"><displayName>P_DO</displayName><value><![CDATA[13/07/2009]]></value></Data>
	<Data name="N_DOC"><displayName>N_DOC</displayName><value><![CDATA[15]]></value></Data>
	<Data name="T_DO"><displayName>T_DO</displayName><value><![CDATA[Resolución]]></value></Data>
	<Data name="color_"><displayName>color_</displayName><value><![CDATA[0,153,0,254]]></value></Data>
</ExtendedData>
<styleUrl>#style18</styleUrl>
<MultiGeometry>
	<Polygon>
		<outerBoundaryIs>
			<LinearRing>
				<tessellate>1</tessellate>
				<coordinates>
					-72.67176952475916,-37.508455078018514,0.000
					-72.67237487881707,-37.50837556535623,0.000
					-72.67285767503401,-37.50817032495813,0.000
					-72.67286430284662,-37.50812244745349,0.000
					-72.67269117589375,-37.50758199534754,0.000
					-72.67275017642173,-37.50750388327894,0.000
					-72.67304964729365,-37.50738729695675,0.000
					-72.67309821575982,-37.50734049633422,0.000
					-72.67313076755727,-37.50708920564169,0.000
					-72.67315223439225,-37.50691691893131,0.000
					-72.67319242452332,-37.50688229694847,0.000
					-72.67336312817693,-37.50682454181369,0.000
					-72.67342935827979,-37.506588887557726,0.000
					-72.67347672909612,-37.5063347515705,0.000
					-72.67348283953591,-37.50621538163474,0.000
					-72.6731686421345,-37.50615365802676,0.000
					-72.67280249926696,-37.50637481483469,0.000
					-72.67277472564017,-37.50641858414554,0.000
					-72.67277188331938,-37.50660459336234,0.000
					-72.67274560788582,-37.506800865314744,0.000
					-72.67258116665928,-37.507230265132335,0.000
					-72.67242283575489,-37.5075402939412,0.000
					-72.67201831734,-37.5080772767557,0.000
					-72.67176952475916,-37.508455078018514,0.000
				</coordinates>
			</LinearRing>
		</outerBoundaryIs>
	</Polygon>
</MultiGeometry>
</Placemark>

<Placemark>
<name>AV</name>
<description><![CDATA[<p><b>ZONA NOMBRE: </b> AV</p>
<p><b>ZONA GLOSA: </b>Área Verde</p>
<p><b>USOS PERMITIDOS: </b>Área Verde</p>
<p><b>USOS PROHIBIDOS: </b>Todos los usos de suelo no mencionados como permitidos.</p>]]></description>
<ExtendedData>
	<Data name="fid"><displayName>fid</displayName><value><![CDATA[59]]></value></Data>
	<Data name="ZONA_NOM"><displayName>ZONA_NOM</displayName><value><![CDATA[AV]]></value></Data>
	<Data name="ZONA_GLOSA"><displayName>ZONA_GLOSA</displayName><value><![CDATA[Área Verde]]></value></Data>
	<Data name="USOS_PERMITIDOS"><displayName>USOS_PERMITIDOS</displayName><value><![CDATA[Área Verde]]></value></Data>
	<Data name="USOS_PROHIBIDOS"><displayName>USOS_PROHIBIDOS</displayName><value><![CDATA[Todos los usos de suelo no mencionados como permitidos.]]></value></Data>
	<Data name="P_DO"><displayName>P_DO</displayName><value><![CDATA[13/07/2009]]></value></Data>
	<Data name="N_DOC"><displayName>N_DOC</displayName><value><![CDATA[15]]></value></Data>
	<Data name="T_DO"><displayName>T_DO</displayName><value><![CDATA[Resolución]]></value></Data>
	<Data name="color_"><displayName>color_</displayName><value><![CDATA[1,255,56,254]]></value></Data>
</ExtendedData>
<styleUrl>#style2</styleUrl>
<MultiGeometry>
	<Polygon>
		<outerBoundaryIs>
			<LinearRing>
				<tessellate>1</tessellate>
				<coordinates>
					-72.6854114856926,-37.49160268402988,0.000
					-72.68542855678263,-37.49171302944613,0.000
					-72.68569393041447,-37.49171069863398,0.000
					-72.68575776876145,-37.49148822255849,0.000
					-72.68613683196654,-37.4914406254138,0.000
					-72.6861276820873,-37.4913306704511,0.000
					-72.68635776839723,-37.491219199851386,0.000
					-72.6863165373213,-37.491090083791036,0.000
					-72.68611923686827,-37.49119933087084,0.000
					-72.6854114856926,-37.49160268402988,0.000
				</coordinates>
			</LinearRing>
		</outerBoundaryIs>
	</Polygon>
</MultiGeometry>
</Placemark>

<Placemark>
<name>AV</name>
<description><![CDATA[<p><b>ZONA NOMBRE: </b> AV</p>
<p><b>ZONA GLOSA: </b>Área Verde</p>
<p><b>USOS PERMITIDOS: </b>Área Verde</p>
<p><b>USOS PROHIBIDOS: </b>Todos los usos de suelo no mencionados como permitidos.</p>]]></description>
<ExtendedData>
	<Data name="fid"><displayName>fid</displayName><value><![CDATA[60]]></value></Data>
	<Data name="ZONA_NOM"><displayName>ZONA_NOM</displayName><value><![CDATA[AV]]></value></Data>
	<Data name="ZONA_GLOSA"><displayName>ZONA_GLOSA</displayName><value><![CDATA[Área Verde]]></value></Data>
	<Data name="USOS_PERMITIDOS"><displayName>USOS_PERMITIDOS</displayName><value><![CDATA[Área Verde]]></value></Data>
	<Data name="USOS_PROHIBIDOS"><displayName>USOS_PROHIBIDOS</displayName><value><![CDATA[Todos los usos de suelo no mencionados como permitidos.]]></value></Data>
	<Data name="P_DO"><displayName>P_DO</displayName><value><![CDATA[13/07/2009]]></value></Data>
	<Data name="N_DOC"><displayName>N_DOC</displayName><value><![CDATA[15]]></value></Data>
	<Data name="T_DO"><displayName>T_DO</displayName><value><![CDATA[Resolución]]></value></Data>
	<Data name="color_"><displayName>color_</displayName><value><![CDATA[1,255,56,254]]></value></Data>
</ExtendedData>
<styleUrl>#style2</styleUrl>
<MultiGeometry>
	<Polygon>
		<outerBoundaryIs>
			<LinearRing>
				<tessellate>1</tessellate>
				<coordinates>
					-72.68461252443609,-37.4931776089379,0.000
					-72.68478946414025,-37.49335383188184,0.000
					-72.68483653778722,-37.49332256674861,0.000
					-72.68486457911865,-37.49320846992741,0.000
					-72.68486992580834,-37.49308912351745,0.000
					-72.68485191814395,-37.49302711704656,0.000
					-72.6848510273325,-37.49302495933155,0.000
					-72.68461252443609,-37.4931776089379,0.000
				</coordinates>
			</LinearRing>
		</outerBoundaryIs>
	</Polygon>
</MultiGeometry>
</Placemark>

<Placemark>
<name>AV</name>
<description><![CDATA[<p><b>ZONA NOMBRE: </b> AV</p>
<p><b>ZONA GLOSA: </b>Área Verde</p>
<p><b>USOS PERMITIDOS: </b>Área Verde</p>
<p><b>USOS PROHIBIDOS: </b>Todos los usos de suelo no mencionados como permitidos.</p>]]></description>
<ExtendedData>
	<Data name="fid"><displayName>fid</displayName><value><![CDATA[61]]></value></Data>
	<Data name="ZONA_NOM"><displayName>ZONA_NOM</displayName><value><![CDATA[AV]]></value></Data>
	<Data name="ZONA_GLOSA"><displayName>ZONA_GLOSA</displayName><value><![CDATA[Área Verde]]></value></Data>
	<Data name="USOS_PERMITIDOS"><displayName>USOS_PERMITIDOS</displayName><value><![CDATA[Área Verde]]></value></Data>
	<Data name="USOS_PROHIBIDOS"><displayName>USOS_PROHIBIDOS</displayName><value><![CDATA[Todos los usos de suelo no mencionados como permitidos.]]></value></Data>
	<Data name="P_DO"><displayName>P_DO</displayName><value><![CDATA[13/07/2009]]></value></Data>
	<Data name="N_DOC"><displayName>N_DOC</displayName><value><![CDATA[15]]></value></Data>
	<Data name="T_DO"><displayName>T_DO</displayName><value><![CDATA[Resolución]]></value></Data>
	<Data name="color_"><displayName>color_</displayName><value><![CDATA[1,255,56,254]]></value></Data>
</ExtendedData>
<styleUrl>#style2</styleUrl>
<MultiGeometry>
	<Polygon>
		<outerBoundaryIs>
			<LinearRing>
				<tessellate>1</tessellate>
				<coordinates>
					-72.6848866507676,-37.49372956385922,0.000
					-72.6848311828396,-37.493897773832344,0.000
					-72.68473659216657,-37.49410333376383,0.000
					-72.68465591208282,-37.49428760195706,0.000
					-72.6847720945862,-37.49429291176784,0.000
					-72.68494486815649,-37.494308371613236,0.000
					-72.68496734454799,-37.49423318198847,0.000
					-72.68501683468219,-37.49417502656289,0.000
					-72.68508931235452,-37.494128069934966,0.000
					-72.68517372291056,-37.494095638392515,0.000
					-72.68522138231779,-37.49407627256208,0.000
					-72.68524583781897,-37.493813314340784,0.000
					-72.68524305668377,-37.49375679073547,0.000
					-72.68520857536976,-37.49373999164881,0.000
					-72.68517197080065,-37.49375603203746,0.000
					-72.68504817505041,-37.49374798119509,0.000
					-72.6848866507676,-37.49372956385922,0.000
				</coordinates>
			</LinearRing>
		</outerBoundaryIs>
	</Polygon>
</MultiGeometry>
</Placemark>

<Placemark>
<name>ZEC</name>
<description><![CDATA[<p><b>ZONA NOMBRE: </b> ZEC</p>
<p><b>ZONA GLOSA: </b>Zona de Equipamiento de Cementerio</p>
<p><b>USOS PERMITIDOS: </b>Equipamiento de culto y cultura y salud.</p>
<p><b>USOS PROHIBIDOS: </b>Todos los usos de suelo no mencionados como permitidos.</p>]]></description>
<ExtendedData>
	<Data name="fid"><displayName>fid</displayName><value><![CDATA[62]]></value></Data>
	<Data name="ZONA_NOM"><displayName>ZONA_NOM</displayName><value><![CDATA[ZEC]]></value></Data>
	<Data name="ZONA_GLOSA"><displayName>ZONA_GLOSA</displayName><value><![CDATA[Zona de Equipamiento de Cementerio]]></value></Data>
	<Data name="USOS_PERMITIDOS"><displayName>USOS_PERMITIDOS</displayName><value><![CDATA[Equipamiento de culto y cultura y salud.]]></value></Data>
	<Data name="USOS_PROHIBIDOS"><displayName>USOS_PROHIBIDOS</displayName><value><![CDATA[Todos los usos de suelo no mencionados como permitidos.]]></value></Data>
	<Data name="P_DO"><displayName>P_DO</displayName><value><![CDATA[13/07/2009]]></value></Data>
	<Data name="N_DOC"><displayName>N_DOC</displayName><value><![CDATA[15]]></value></Data>
	<Data name="T_DO"><displayName>T_DO</displayName><value><![CDATA[Resolución]]></value></Data>
	<Data name="color_"><displayName>color_</displayName><value><![CDATA[192,192,192,254]]></value></Data>
</ExtendedData>
<styleUrl>#style7</styleUrl>
<MultiGeometry>
	<Polygon>
		<outerBoundaryIs>
			<LinearRing>
				<tessellate>1</tessellate>
				<coordinates>
					-72.68216474531044,-37.49352786526507,0.000
					-72.68219633878145,-37.493622502424884,0.000
					-72.68265127626005,-37.49473752808972,0.000
					-72.68378808138979,-37.49458583627515,0.000
					-72.68382022057047,-37.49455503785847,0.000
					-72.68322903143054,-37.49287706668362,0.000
					-72.68218306096885,-37.49350680664979,0.000
					-72.68216474531044,-37.49352786526507,0.000
				</coordinates>
			</LinearRing>
		</outerBoundaryIs>
	</Polygon>
</MultiGeometry>
</Placemark>

<Placemark>
<name>AV</name>
<description><![CDATA[<p><b>ZONA NOMBRE: </b> AV</p>
<p><b>ZONA GLOSA: </b>Área Verde</p>
<p><b>USOS PERMITIDOS: </b>Área Verde</p>
<p><b>USOS PROHIBIDOS: </b>Todos los usos de suelo no mencionados como permitidos.</p>]]></description>
<ExtendedData>
	<Data name="fid"><displayName>fid</displayName><value><![CDATA[63]]></value></Data>
	<Data name="ZONA_NOM"><displayName>ZONA_NOM</displayName><value><![CDATA[AV]]></value></Data>
	<Data name="ZONA_GLOSA"><displayName>ZONA_GLOSA</displayName><value><![CDATA[Área Verde]]></value></Data>
	<Data name="USOS_PERMITIDOS"><displayName>USOS_PERMITIDOS</displayName><value><![CDATA[Área Verde]]></value></Data>
	<Data name="USOS_PROHIBIDOS"><displayName>USOS_PROHIBIDOS</displayName><value><![CDATA[Todos los usos de suelo no mencionados como permitidos.]]></value></Data>
	<Data name="P_DO"><displayName>P_DO</displayName><value><![CDATA[13/07/2009]]></value></Data>
	<Data name="N_DOC"><displayName>N_DOC</displayName><value><![CDATA[15]]></value></Data>
	<Data name="T_DO"><displayName>T_DO</displayName><value><![CDATA[Resolución]]></value></Data>
	<Data name="color_"><displayName>color_</displayName><value><![CDATA[1,255,56,254]]></value></Data>
</ExtendedData>
<styleUrl>#style2</styleUrl>
<MultiGeometry>
	<Polygon>
		<outerBoundaryIs>
			<LinearRing>
				<tessellate>1</tessellate>
				<coordinates>
					-72.68378092892175,-37.50020298200619,0.000
					-72.68341994243458,-37.50046691325759,0.000
					-72.68355834938093,-37.500422070846504,0.000
					-72.68372440413432,-37.50033107674267,0.000
					-72.6838088073815,-37.50028315290992,0.000
					-72.68387481688829,-37.500347832481005,0.000
					-72.68393869947096,-37.50048847135517,0.000
					-72.68396126741706,-37.500402338747875,0.000
					-72.68400086678041,-37.500234250836584,0.000
					-72.68380459245758,-37.50019747560375,0.000
					-72.68378092892175,-37.50020298200619,0.000
				</coordinates>
			</LinearRing>
		</outerBoundaryIs>
	</Polygon>
</MultiGeometry>
</Placemark>

<Placemark>
<name>AV</name>
<description><![CDATA[<p><b>ZONA NOMBRE: </b> AV</p>
<p><b>ZONA GLOSA: </b>Área Verde</p>
<p><b>USOS PERMITIDOS: </b>Área Verde</p>
<p><b>USOS PROHIBIDOS: </b>Todos los usos de suelo no mencionados como permitidos.</p>]]></description>
<ExtendedData>
	<Data name="fid"><displayName>fid</displayName><value><![CDATA[64]]></value></Data>
	<Data name="ZONA_NOM"><displayName>ZONA_NOM</displayName><value><![CDATA[AV]]></value></Data>
	<Data name="ZONA_GLOSA"><displayName>ZONA_GLOSA</displayName><value><![CDATA[Área Verde]]></value></Data>
	<Data name="USOS_PERMITIDOS"><displayName>USOS_PERMITIDOS</displayName><value><![CDATA[Área Verde]]></value></Data>
	<Data name="USOS_PROHIBIDOS"><displayName>USOS_PROHIBIDOS</displayName><value><![CDATA[Todos los usos de suelo no mencionados como permitidos.]]></value></Data>
	<Data name="P_DO"><displayName>P_DO</displayName><value><![CDATA[13/07/2009]]></value></Data>
	<Data name="N_DOC"><displayName>N_DOC</displayName><value><![CDATA[15]]></value></Data>
	<Data name="T_DO"><displayName>T_DO</displayName><value><![CDATA[Resolución]]></value></Data>
	<Data name="color_"><displayName>color_</displayName><value><![CDATA[1,255,56,254]]></value></Data>
</ExtendedData>
<styleUrl>#style2</styleUrl>
<MultiGeometry>
	<Polygon>
		<outerBoundaryIs>
			<LinearRing>
				<tessellate>1</tessellate>
				<coordinates>
					-72.68349165291187,-37.4998568604234,0.000
					-72.68362414170484,-37.49987417526576,0.000
					-72.68367744219637,-37.49986297689886,0.000
					-72.68374386279703,-37.499875204328646,0.000
					-72.68382029801471,-37.49990857077532,0.000
					-72.68388525579202,-37.499830268314426,0.000
					-72.68389348418766,-37.49981335226722,0.000
					-72.6838145610916,-37.499791954285705,0.000
					-72.68374860889703,-37.49978924719403,0.000
					-72.68360305782524,-37.499810477366196,0.000
					-72.68349165291187,-37.4998568604234,0.000
				</coordinates>
			</LinearRing>
		</outerBoundaryIs>
	</Polygon>
</MultiGeometry>
</Placemark>

<Placemark>
<name>AV</name>
<description><![CDATA[<p><b>ZONA NOMBRE: </b> AV</p>
<p><b>ZONA GLOSA: </b>Área Verde</p>
<p><b>USOS PERMITIDOS: </b>Área Verde</p>
<p><b>USOS PROHIBIDOS: </b>Todos los usos de suelo no mencionados como permitidos.</p>]]></description>
<ExtendedData>
	<Data name="fid"><displayName>fid</displayName><value><![CDATA[65]]></value></Data>
	<Data name="ZONA_NOM"><displayName>ZONA_NOM</displayName><value><![CDATA[AV]]></value></Data>
	<Data name="ZONA_GLOSA"><displayName>ZONA_GLOSA</displayName><value><![CDATA[Área Verde]]></value></Data>
	<Data name="USOS_PERMITIDOS"><displayName>USOS_PERMITIDOS</displayName><value><![CDATA[Área Verde]]></value></Data>
	<Data name="USOS_PROHIBIDOS"><displayName>USOS_PROHIBIDOS</displayName><value><![CDATA[Todos los usos de suelo no mencionados como permitidos.]]></value></Data>
	<Data name="P_DO"><displayName>P_DO</displayName><value><![CDATA[13/07/2009]]></value></Data>
	<Data name="N_DOC"><displayName>N_DOC</displayName><value><![CDATA[15]]></value></Data>
	<Data name="T_DO"><displayName>T_DO</displayName><value><![CDATA[Resolución]]></value></Data>
	<Data name="color_"><displayName>color_</displayName><value><![CDATA[1,255,56,254]]></value></Data>
</ExtendedData>
<styleUrl>#style2</styleUrl>
<MultiGeometry>
	<Polygon>
		<outerBoundaryIs>
			<LinearRing>
				<tessellate>1</tessellate>
				<coordinates>
					-72.68388753137332,-37.50018058415112,0.000
					-72.68391763683834,-37.500184411484646,0.000
					-72.6839973541659,-37.500162853096406,0.000
					-72.68401662526713,-37.50012888084777,0.000
					-72.68403349655547,-37.49998533910667,0.000
					-72.68401493126196,-37.49991202771187,0.000
					-72.68398353797288,-37.49988202137424,0.000
					-72.68395541901548,-37.49984387241223,0.000
					-72.68381883272187,-37.49993960323973,0.000
					-72.68386311089826,-37.499988276211134,0.000
					-72.683894856546,-37.50002542187067,0.000
					-72.68390030266625,-37.50007530745726,0.000
					-72.68389702087899,-37.5001302321587,0.000
					-72.68388753137332,-37.50018058415112,0.000
				</coordinates>
			</LinearRing>
		</outerBoundaryIs>
	</Polygon>
</MultiGeometry>
</Placemark>

<Placemark>
<name>AV</name>
<description><![CDATA[<p><b>ZONA NOMBRE: </b> AV</p>
<p><b>ZONA GLOSA: </b>Área Verde</p>
<p><b>USOS PERMITIDOS: </b>Área Verde</p>
<p><b>USOS PROHIBIDOS: </b>Todos los usos de suelo no mencionados como permitidos.</p>]]></description>
<ExtendedData>
	<Data name="fid"><displayName>fid</displayName><value><![CDATA[66]]></value></Data>
	<Data name="ZONA_NOM"><displayName>ZONA_NOM</displayName><value><![CDATA[AV]]></value></Data>
	<Data name="ZONA_GLOSA"><displayName>ZONA_GLOSA</displayName><value><![CDATA[Área Verde]]></value></Data>
	<Data name="USOS_PERMITIDOS"><displayName>USOS_PERMITIDOS</displayName><value><![CDATA[Área Verde]]></value></Data>
	<Data name="USOS_PROHIBIDOS"><displayName>USOS_PROHIBIDOS</displayName><value><![CDATA[Todos los usos de suelo no mencionados como permitidos.]]></value></Data>
	<Data name="P_DO"><displayName>P_DO</displayName><value><![CDATA[13/07/2009]]></value></Data>
	<Data name="N_DOC"><displayName>N_DOC</displayName><value><![CDATA[15]]></value></Data>
	<Data name="T_DO"><displayName>T_DO</displayName><value><![CDATA[Resolución]]></value></Data>
	<Data name="color_"><displayName>color_</displayName><value><![CDATA[1,255,56,254]]></value></Data>
</ExtendedData>
<styleUrl>#style2</styleUrl>
<MultiGeometry>
	<Polygon>
		<outerBoundaryIs>
			<LinearRing>
				<tessellate>1</tessellate>
				<coordinates>
					-72.68370713323607,-37.500040818823415,0.000
					-72.68384957790138,-37.50013886488305,0.000
					-72.68386240604951,-37.50009555982992,0.000
					-72.68385731121998,-37.50005281446555,0.000
					-72.68384348961858,-37.50001510817657,0.000
					-72.68381680519852,-37.49998352505045,0.000
					-72.68379684365841,-37.49996698660354,0.000
					-72.68379546120197,-37.49996708742975,0.000
					-72.68370713323607,-37.500040818823415,0.000
				</coordinates>
			</LinearRing>
		</outerBoundaryIs>
	</Polygon>
</MultiGeometry>
</Placemark>

<Placemark>
<name>AV</name>
<description><![CDATA[<p><b>ZONA NOMBRE: </b> AV</p>
<p><b>ZONA GLOSA: </b>Área Verde</p>
<p><b>USOS PERMITIDOS: </b>Área Verde</p>
<p><b>USOS PROHIBIDOS: </b>Todos los usos de suelo no mencionados como permitidos.</p>]]></description>
<ExtendedData>
	<Data name="fid"><displayName>fid</displayName><value><![CDATA[67]]></value></Data>
	<Data name="ZONA_NOM"><displayName>ZONA_NOM</displayName><value><![CDATA[AV]]></value></Data>
	<Data name="ZONA_GLOSA"><displayName>ZONA_GLOSA</displayName><value><![CDATA[Área Verde]]></value></Data>
	<Data name="USOS_PERMITIDOS"><displayName>USOS_PERMITIDOS</displayName><value><![CDATA[Área Verde]]></value></Data>
	<Data name="USOS_PROHIBIDOS"><displayName>USOS_PROHIBIDOS</displayName><value><![CDATA[Todos los usos de suelo no mencionados como permitidos.]]></value></Data>
	<Data name="P_DO"><displayName>P_DO</displayName><value><![CDATA[13/07/2009]]></value></Data>
	<Data name="N_DOC"><displayName>N_DOC</displayName><value><![CDATA[15]]></value></Data>
	<Data name="T_DO"><displayName>T_DO</displayName><value><![CDATA[Resolución]]></value></Data>
	<Data name="color_"><displayName>color_</displayName><value><![CDATA[1,255,56,254]]></value></Data>
</ExtendedData>
<styleUrl>#style2</styleUrl>
<MultiGeometry>
	<Polygon>
		<outerBoundaryIs>
			<LinearRing>
				<tessellate>1</tessellate>
				<coordinates>
					-72.68358875010765,-37.49996967020478,0.000
					-72.68368705574743,-37.50002190024682,0.000
					-72.68375872168838,-37.49993340031318,0.000
					-72.68373199492264,-37.49991371192153,0.000
					-72.6836718768168,-37.49990796231404,0.000
					-72.68363668653483,-37.49992240860978,0.000
					-72.68360187093265,-37.49994447185773,0.000
					-72.68358875010765,-37.49996967020478,0.000
				</coordinates>
			</LinearRing>
		</outerBoundaryIs>
	</Polygon>
</MultiGeometry>
</Placemark>

<Placemark>
<name>AV</name>
<description><![CDATA[<p><b>ZONA NOMBRE: </b> AV</p>
<p><b>ZONA GLOSA: </b>Área Verde</p>
<p><b>USOS PERMITIDOS: </b>Área Verde</p>
<p><b>USOS PROHIBIDOS: </b>Todos los usos de suelo no mencionados como permitidos.</p>]]></description>
<ExtendedData>
	<Data name="fid"><displayName>fid</displayName><value><![CDATA[68]]></value></Data>
	<Data name="ZONA_NOM"><displayName>ZONA_NOM</displayName><value><![CDATA[AV]]></value></Data>
	<Data name="ZONA_GLOSA"><displayName>ZONA_GLOSA</displayName><value><![CDATA[Área Verde]]></value></Data>
	<Data name="USOS_PERMITIDOS"><displayName>USOS_PERMITIDOS</displayName><value><![CDATA[Área Verde]]></value></Data>
	<Data name="USOS_PROHIBIDOS"><displayName>USOS_PROHIBIDOS</displayName><value><![CDATA[Todos los usos de suelo no mencionados como permitidos.]]></value></Data>
	<Data name="P_DO"><displayName>P_DO</displayName><value><![CDATA[13/07/2009]]></value></Data>
	<Data name="N_DOC"><displayName>N_DOC</displayName><value><![CDATA[15]]></value></Data>
	<Data name="T_DO"><displayName>T_DO</displayName><value><![CDATA[Resolución]]></value></Data>
	<Data name="color_"><displayName>color_</displayName><value><![CDATA[1,255,56,254]]></value></Data>
</ExtendedData>
<styleUrl>#style2</styleUrl>
<MultiGeometry>
	<Polygon>
		<outerBoundaryIs>
			<LinearRing>
				<tessellate>1</tessellate>
				<coordinates>
					-72.68210433893627,-37.4999959896878,0.000
					-72.68220794037455,-37.50000991777391,0.000
					-72.68215344154963,-37.49961631832224,0.000
					-72.68178089827738,-37.499697172313866,0.000
					-72.68181350668166,-37.49977624299276,0.000
					-72.6818798518173,-37.49985998132115,0.000
					-72.68198940064507,-37.49994618549565,0.000
					-72.68210433893627,-37.4999959896878,0.000
				</coordinates>
			</LinearRing>
		</outerBoundaryIs>
	</Polygon>
</MultiGeometry>
</Placemark>

<Placemark>
<name>AV</name>
<description><![CDATA[<p><b>ZONA NOMBRE: </b> AV</p>
<p><b>ZONA GLOSA: </b>Área Verde</p>
<p><b>USOS PERMITIDOS: </b>Área Verde</p>
<p><b>USOS PROHIBIDOS: </b>Todos los usos de suelo no mencionados como permitidos.</p>]]></description>
<ExtendedData>
	<Data name="fid"><displayName>fid</displayName><value><![CDATA[69]]></value></Data>
	<Data name="ZONA_NOM"><displayName>ZONA_NOM</displayName><value><![CDATA[AV]]></value></Data>
	<Data name="ZONA_GLOSA"><displayName>ZONA_GLOSA</displayName><value><![CDATA[Área Verde]]></value></Data>
	<Data name="USOS_PERMITIDOS"><displayName>USOS_PERMITIDOS</displayName><value><![CDATA[Área Verde]]></value></Data>
	<Data name="USOS_PROHIBIDOS"><displayName>USOS_PROHIBIDOS</displayName><value><![CDATA[Todos los usos de suelo no mencionados como permitidos.]]></value></Data>
	<Data name="P_DO"><displayName>P_DO</displayName><value><![CDATA[13/07/2009]]></value></Data>
	<Data name="N_DOC"><displayName>N_DOC</displayName><value><![CDATA[15]]></value></Data>
	<Data name="T_DO"><displayName>T_DO</displayName><value><![CDATA[Resolución]]></value></Data>
	<Data name="color_"><displayName>color_</displayName><value><![CDATA[1,255,56,254]]></value></Data>
</ExtendedData>
<styleUrl>#style2</styleUrl>
<MultiGeometry>
	<Polygon>
		<outerBoundaryIs>
			<LinearRing>
				<tessellate>1</tessellate>
				<coordinates>
					-72.68394714461931,-37.50220715429257,0.000
					-72.68402633561459,-37.502235667022205,0.000
					-72.68407296135544,-37.50221037540836,0.000
					-72.68409176336318,-37.50216688377114,0.000
					-72.6840813970183,-37.50213860454451,0.000
					-72.68408395350109,-37.50213255636991,0.000
					-72.68367624753748,-37.501991556570395,0.000
					-72.68361316481693,-37.50198637520994,0.000
					-72.68356917524541,-37.50200443403383,0.000
					-72.68354404688121,-37.50204097284407,0.000
					-72.68355142557984,-37.50206934541366,0.000
					-72.68358557407834,-37.5020944983483,0.000
					-72.68370717096165,-37.50213360579201,0.000
					-72.68394714461931,-37.50220715429257,0.000
				</coordinates>
			</LinearRing>
		</outerBoundaryIs>
	</Polygon>
</MultiGeometry>
</Placemark>

<Placemark>
<name>AV</name>
<description><![CDATA[<p><b>ZONA NOMBRE: </b> AV</p>
<p><b>ZONA GLOSA: </b>Área Verde</p>
<p><b>USOS PERMITIDOS: </b>Área Verde</p>
<p><b>USOS PROHIBIDOS: </b>Todos los usos de suelo no mencionados como permitidos.</p>]]></description>
<ExtendedData>
	<Data name="fid"><displayName>fid</displayName><value><![CDATA[70]]></value></Data>
	<Data name="ZONA_NOM"><displayName>ZONA_NOM</displayName><value><![CDATA[AV]]></value></Data>
	<Data name="ZONA_GLOSA"><displayName>ZONA_GLOSA</displayName><value><![CDATA[Área Verde]]></value></Data>
	<Data name="USOS_PERMITIDOS"><displayName>USOS_PERMITIDOS</displayName><value><![CDATA[Área Verde]]></value></Data>
	<Data name="USOS_PROHIBIDOS"><displayName>USOS_PROHIBIDOS</displayName><value><![CDATA[Todos los usos de suelo no mencionados como permitidos.]]></value></Data>
	<Data name="P_DO"><displayName>P_DO</displayName><value><![CDATA[13/07/2009]]></value></Data>
	<Data name="N_DOC"><displayName>N_DOC</displayName><value><![CDATA[15]]></value></Data>
	<Data name="T_DO"><displayName>T_DO</displayName><value><![CDATA[Resolución]]></value></Data>
	<Data name="color_"><displayName>color_</displayName><value><![CDATA[1,255,56,254]]></value></Data>
</ExtendedData>
<styleUrl>#style2</styleUrl>
<MultiGeometry>
	<Polygon>
		<outerBoundaryIs>
			<LinearRing>
				<tessellate>1</tessellate>
				<coordinates>
					-72.68083922160176,-37.50217854930808,0.000
					-72.68090451596309,-37.502573861130294,0.000
					-72.68135682735816,-37.50252399347457,0.000
					-72.68134816111612,-37.50246944077375,0.000
					-72.68126821385994,-37.502364674882045,0.000
					-72.68114779416199,-37.50222780052291,0.000
					-72.6810939688818,-37.50216750667986,0.000
					-72.68094952768949,-37.502150562019864,0.000
					-72.68083922160176,-37.50217854930808,0.000
				</coordinates>
			</LinearRing>
		</outerBoundaryIs>
	</Polygon>
</MultiGeometry>
</Placemark>

<Placemark>
<name>ZMC</name>
<description><![CDATA[<p><b>ZONA NOMBRE: </b> ZMC</p>
<p><b>ZONA GLOSA: </b>Zona Microcentro</p>
<p><b>USOS PERMITIDOS: </b>Residencial; Equipamiento científico, comercio, culto y cultura, deporte, educación, esparcimiento, salud, seguridad, servicios y social; Actividades productivas inofensivas (panaderías). Más detalle en Ordenanza.</p>
<p><b>USOS PROHIBIDOS: </b>Residencial; Equipamiento científico, comercio, culto y cultura, deporte, educación, esparcimiento, salud, seguridad, servicios y social; Actividades productivas inofensivas (panaderías). Más detalle en Ordenanza.</p>]]></description>
<ExtendedData>
	<Data name="fid"><displayName>fid</displayName><value><![CDATA[71]]></value></Data>
	<Data name="ZONA_NOM"><displayName>ZONA_NOM</displayName><value><![CDATA[ZMC]]></value></Data>
	<Data name="ZONA_GLOSA"><displayName>ZONA_GLOSA</displayName><value><![CDATA[Zona Microcentro]]></value></Data>
	<Data name="USOS_PERMITIDOS"><displayName>USOS_PERMITIDOS</displayName><value><![CDATA[Residencial; Equipamiento científico, comercio, culto y cultura, deporte, educación, esparcimiento, salud, seguridad, servicios y social; Actividades productivas inofensivas (panaderías). Más detalle en Ordenanza.]]></value></Data>
	<Data name="USOS_PROHIBIDOS"><displayName>USOS_PROHIBIDOS</displayName><value><![CDATA[Residencial; Equipamiento científico, comercio, culto y cultura, deporte, educación, esparcimiento, salud, seguridad, servicios y social; Actividades productivas inofensivas (panaderías). Más detalle en Ordenanza.]]></value></Data>
	<Data name="P_DO"><displayName>P_DO</displayName><value><![CDATA[13/07/2009]]></value></Data>
	<Data name="N_DOC"><displayName>N_DOC</displayName><value><![CDATA[15]]></value></Data>
	<Data name="T_DO"><displayName>T_DO</displayName><value><![CDATA[Resolución]]></value></Data>
	<Data name="color_"><displayName>color_</displayName><value><![CDATA[255,63,0,254]]></value></Data>
</ExtendedData>
<styleUrl>#style15</styleUrl>
<MultiGeometry>
	<Polygon>
		<outerBoundaryIs>
			<LinearRing>
				<tessellate>1</tessellate>
				<coordinates>
					-72.68185160483708,-37.50280692839355,0.000
					-72.6823612935219,-37.50183858596801,0.000
					-72.68236412775339,-37.501809165700955,0.000
					-72.68223082036516,-37.50174064193691,0.000
					-72.68194346599907,-37.501616130188566,0.000
					-72.68173477206551,-37.50157020426598,0.000
					-72.68151647012182,-37.50157224976517,0.000
					-72.68128557123798,-37.5016223608153,0.000
					-72.68110685991519,-37.50169944503463,0.000
					-72.68105007211511,-37.501822302765014,0.000
					-72.68105416717455,-37.50190560113111,0.000
					-72.6810750702717,-37.50202651113644,0.000
					-72.6811605784981,-37.502183543966225,0.000
					-72.68144850483631,-37.502563082918584,0.000
					-72.68182442076241,-37.502784943097495,0.000
					-72.68185160483708,-37.50280692839355,0.000
				</coordinates>
			</LinearRing>
		</outerBoundaryIs>
	</Polygon>
</MultiGeometry>
</Placemark>

<Placemark>
<name>ZED</name>
<description><![CDATA[<p><b>ZONA NOMBRE: </b> ZED</p>
<p><b>ZONA GLOSA: </b>Zona Equipamiento Deportivo</p>
<p><b>USOS PERMITIDOS: </b>Equipamiento deportivo y educacional.</p>
<p><b>USOS PROHIBIDOS: </b>Todos los usos de suelo no mencionados como permitidos.</p>]]></description>
<ExtendedData>
	<Data name="fid"><displayName>fid</displayName><value><![CDATA[72]]></value></Data>
	<Data name="ZONA_NOM"><displayName>ZONA_NOM</displayName><value><![CDATA[ZED]]></value></Data>
	<Data name="ZONA_GLOSA"><displayName>ZONA_GLOSA</displayName><value><![CDATA[Zona Equipamiento Deportivo]]></value></Data>
	<Data name="USOS_PERMITIDOS"><displayName>USOS_PERMITIDOS</displayName><value><![CDATA[Equipamiento deportivo y educacional.]]></value></Data>
	<Data name="USOS_PROHIBIDOS"><displayName>USOS_PROHIBIDOS</displayName><value><![CDATA[Todos los usos de suelo no mencionados como permitidos.]]></value></Data>
	<Data name="P_DO"><displayName>P_DO</displayName><value><![CDATA[13/07/2009]]></value></Data>
	<Data name="N_DOC"><displayName>N_DOC</displayName><value><![CDATA[15]]></value></Data>
	<Data name="T_DO"><displayName>T_DO</displayName><value><![CDATA[Resolución]]></value></Data>
	<Data name="color_"><displayName>color_</displayName><value><![CDATA[191,255,0,254]]></value></Data>
</ExtendedData>
<styleUrl>#style8</styleUrl>
<MultiGeometry>
	<Polygon>
		<outerBoundaryIs>
			<LinearRing>
				<tessellate>1</tessellate>
				<coordinates>
					-72.68185160483708,-37.50280692839355,0.000
					-72.68198332630058,-37.50291346338546,0.000
					-72.68222745440387,-37.50313228433838,0.000
					-72.6825261735437,-37.50336608580865,0.000
					-72.68268015487558,-37.50343881229394,0.000
					-72.68272842970583,-37.50340267625182,0.000
					-72.6827875955242,-37.50326734830056,0.000
					-72.68304788048383,-37.50278059751171,0.000
					-72.68340532174173,-37.5020186077938,0.000
					-72.68338183522927,-37.50196690265305,0.000
					-72.68332976455812,-37.50194230925036,0.000
					-72.68304597595522,-37.50195116978109,0.000
					-72.6828297240932,-37.501934084784764,0.000
					-72.68267620379902,-37.501915041955975,0.000
					-72.68247254719016,-37.501849892064094,0.000
					-72.68237508250955,-37.50181479658832,0.000
					-72.68236412775339,-37.501809165700955,0.000
					-72.6823612935219,-37.50183858596801,0.000
					-72.68185160483708,-37.50280692839355,0.000
				</coordinates>
			</LinearRing>
		</outerBoundaryIs>
	</Polygon>
</MultiGeometry>
</Placemark>

<Placemark>
<name>AV</name>
<description><![CDATA[<p><b>ZONA NOMBRE: </b> AV</p>
<p><b>ZONA GLOSA: </b>Área Verde</p>
<p><b>USOS PERMITIDOS: </b>Área Verde</p>
<p><b>USOS PROHIBIDOS: </b>Todos los usos de suelo no mencionados como permitidos.</p>]]></description>
<ExtendedData>
	<Data name="fid"><displayName>fid</displayName><value><![CDATA[73]]></value></Data>
	<Data name="ZONA_NOM"><displayName>ZONA_NOM</displayName><value><![CDATA[AV]]></value></Data>
	<Data name="ZONA_GLOSA"><displayName>ZONA_GLOSA</displayName><value><![CDATA[Área Verde]]></value></Data>
	<Data name="USOS_PERMITIDOS"><displayName>USOS_PERMITIDOS</displayName><value><![CDATA[Área Verde]]></value></Data>
	<Data name="USOS_PROHIBIDOS"><displayName>USOS_PROHIBIDOS</displayName><value><![CDATA[Todos los usos de suelo no mencionados como permitidos.]]></value></Data>
	<Data name="P_DO"><displayName>P_DO</displayName><value><![CDATA[13/07/2009]]></value></Data>
	<Data name="N_DOC"><displayName>N_DOC</displayName><value><![CDATA[15]]></value></Data>
	<Data name="T_DO"><displayName>T_DO</displayName><value><![CDATA[Resolución]]></value></Data>
	<Data name="color_"><displayName>color_</displayName><value><![CDATA[1,255,56,254]]></value></Data>
</ExtendedData>
<styleUrl>#style2</styleUrl>
<MultiGeometry>
	<Polygon>
		<outerBoundaryIs>
			<LinearRing>
				<tessellate>1</tessellate>
				<coordinates>
					-72.68306738092268,-37.504028511580124,0.000
					-72.6830671800825,-37.5040340375484,0.000
					-72.68333467155998,-37.50356251755714,0.000
					-72.68288066538311,-37.50339553980591,0.000
					-72.68280217582624,-37.503381305012766,0.000
					-72.68277692959784,-37.503415463620506,0.000
					-72.6827848934929,-37.50345573572429,0.000
					-72.68282677225314,-37.50351640170227,0.000
					-72.68292622953595,-37.503591955262884,0.000
					-72.68297835873416,-37.503678520398275,0.000
					-72.68301877217331,-37.503770217851226,0.000
					-72.68303206520278,-37.50385799546956,0.000
					-72.68306738092268,-37.504028511580124,0.000
				</coordinates>
			</LinearRing>
		</outerBoundaryIs>
	</Polygon>
</MultiGeometry>
</Placemark>

<Placemark>
<name>AV</name>
<description><![CDATA[<p><b>ZONA NOMBRE: </b> AV</p>
<p><b>ZONA GLOSA: </b>Área Verde</p>
<p><b>USOS PERMITIDOS: </b>Área Verde</p>
<p><b>USOS PROHIBIDOS: </b>Todos los usos de suelo no mencionados como permitidos.</p>]]></description>
<ExtendedData>
	<Data name="fid"><displayName>fid</displayName><value><![CDATA[74]]></value></Data>
	<Data name="ZONA_NOM"><displayName>ZONA_NOM</displayName><value><![CDATA[AV]]></value></Data>
	<Data name="ZONA_GLOSA"><displayName>ZONA_GLOSA</displayName><value><![CDATA[Área Verde]]></value></Data>
	<Data name="USOS_PERMITIDOS"><displayName>USOS_PERMITIDOS</displayName><value><![CDATA[Área Verde]]></value></Data>
	<Data name="USOS_PROHIBIDOS"><displayName>USOS_PROHIBIDOS</displayName><value><![CDATA[Todos los usos de suelo no mencionados como permitidos.]]></value></Data>
	<Data name="P_DO"><displayName>P_DO</displayName><value><![CDATA[13/07/2009]]></value></Data>
	<Data name="N_DOC"><displayName>N_DOC</displayName><value><![CDATA[15]]></value></Data>
	<Data name="T_DO"><displayName>T_DO</displayName><value><![CDATA[Resolución]]></value></Data>
	<Data name="color_"><displayName>color_</displayName><value><![CDATA[1,255,56,254]]></value></Data>
</ExtendedData>
<styleUrl>#style2</styleUrl>
<MultiGeometry>
	<Polygon>
		<outerBoundaryIs>
			<LinearRing>
				<tessellate>1</tessellate>
				<coordinates>
					-72.67986801251818,-37.50428319203126,0.000
					-72.68004039721835,-37.504320718901006,0.000
					-72.68010495763075,-37.50417330613578,0.000
					-72.68013115021802,-37.50403662433363,0.000
					-72.68013411822713,-37.50397381145342,0.000
					-72.68006595915095,-37.503988603283425,0.000
					-72.68001095430982,-37.50402607251524,0.000
					-72.67986801251818,-37.50428319203126,0.000
				</coordinates>
			</LinearRing>
		</outerBoundaryIs>
	</Polygon>
</MultiGeometry>
</Placemark>

<Placemark>
<name>AV</name>
<description><![CDATA[<p><b>ZONA NOMBRE: </b> AV</p>
<p><b>ZONA GLOSA: </b>Área Verde</p>
<p><b>USOS PERMITIDOS: </b>Área Verde</p>
<p><b>USOS PROHIBIDOS: </b>Todos los usos de suelo no mencionados como permitidos.</p>]]></description>
<ExtendedData>
	<Data name="fid"><displayName>fid</displayName><value><![CDATA[75]]></value></Data>
	<Data name="ZONA_NOM"><displayName>ZONA_NOM</displayName><value><![CDATA[AV]]></value></Data>
	<Data name="ZONA_GLOSA"><displayName>ZONA_GLOSA</displayName><value><![CDATA[Área Verde]]></value></Data>
	<Data name="USOS_PERMITIDOS"><displayName>USOS_PERMITIDOS</displayName><value><![CDATA[Área Verde]]></value></Data>
	<Data name="USOS_PROHIBIDOS"><displayName>USOS_PROHIBIDOS</displayName><value><![CDATA[Todos los usos de suelo no mencionados como permitidos.]]></value></Data>
	<Data name="P_DO"><displayName>P_DO</displayName><value><![CDATA[13/07/2009]]></value></Data>
	<Data name="N_DOC"><displayName>N_DOC</displayName><value><![CDATA[15]]></value></Data>
	<Data name="T_DO"><displayName>T_DO</displayName><value><![CDATA[Resolución]]></value></Data>
	<Data name="color_"><displayName>color_</displayName><value><![CDATA[1,255,56,254]]></value></Data>
</ExtendedData>
<styleUrl>#style2</styleUrl>
<MultiGeometry>
	<Polygon>
		<outerBoundaryIs>
			<LinearRing>
				<tessellate>1</tessellate>
				<coordinates>
					-72.67910640966329,-37.50144870719863,0.000
					-72.67914684931858,-37.50184550529001,0.000
					-72.67935261910779,-37.50183193637767,0.000
					-72.67935758587076,-37.50183162291067,0.000
					-72.67932978390645,-37.501732538068865,0.000
					-72.67930132473211,-37.5016404654622,0.000
					-72.679274270125,-37.501576952949556,0.000
					-72.67924539637568,-37.50153733180609,0.000
					-72.6792208603589,-37.50146420578995,0.000
					-72.67920388337028,-37.501362241003946,0.000
					-72.6790924202512,-37.50134664921805,0.000
					-72.67910640966329,-37.50144870719863,0.000
				</coordinates>
			</LinearRing>
		</outerBoundaryIs>
	</Polygon>
</MultiGeometry>
</Placemark>

<Placemark>
<name>AV</name>
<description><![CDATA[<p><b>ZONA NOMBRE: </b> AV</p>
<p><b>ZONA GLOSA: </b>Área Verde</p>
<p><b>USOS PERMITIDOS: </b>Área Verde</p>
<p><b>USOS PROHIBIDOS: </b>Todos los usos de suelo no mencionados como permitidos.</p>]]></description>
<ExtendedData>
	<Data name="fid"><displayName>fid</displayName><value><![CDATA[76]]></value></Data>
	<Data name="ZONA_NOM"><displayName>ZONA_NOM</displayName><value><![CDATA[AV]]></value></Data>
	<Data name="ZONA_GLOSA"><displayName>ZONA_GLOSA</displayName><value><![CDATA[Área Verde]]></value></Data>
	<Data name="USOS_PERMITIDOS"><displayName>USOS_PERMITIDOS</displayName><value><![CDATA[Área Verde]]></value></Data>
	<Data name="USOS_PROHIBIDOS"><displayName>USOS_PROHIBIDOS</displayName><value><![CDATA[Todos los usos de suelo no mencionados como permitidos.]]></value></Data>
	<Data name="P_DO"><displayName>P_DO</displayName><value><![CDATA[13/07/2009]]></value></Data>
	<Data name="N_DOC"><displayName>N_DOC</displayName><value><![CDATA[15]]></value></Data>
	<Data name="T_DO"><displayName>T_DO</displayName><value><![CDATA[Resolución]]></value></Data>
	<Data name="color_"><displayName>color_</displayName><value><![CDATA[1,255,56,254]]></value></Data>
</ExtendedData>
<styleUrl>#style2</styleUrl>
<MultiGeometry>
	<Polygon>
		<outerBoundaryIs>
			<LinearRing>
				<tessellate>1</tessellate>
				<coordinates>
					-72.67989840409902,-37.50115848187528,0.000
					-72.67995697511532,-37.50118144436146,0.000
					-72.68027655059377,-37.501158126528296,0.000
					-72.68031485189998,-37.50114830838207,0.000
					-72.68018240605006,-37.50060616437579,0.000
					-72.68013217842098,-37.50055815304257,0.000
					-72.68008302171118,-37.50058066175796,0.000
					-72.67987235392427,-37.50111543684271,0.000
					-72.67989840409902,-37.50115848187528,0.000
				</coordinates>
			</LinearRing>
		</outerBoundaryIs>
	</Polygon>
</MultiGeometry>
</Placemark>

<Placemark>
<name>AV</name>
<description><![CDATA[<p><b>ZONA NOMBRE: </b> AV</p>
<p><b>ZONA GLOSA: </b>Área Verde</p>
<p><b>USOS PERMITIDOS: </b>Área Verde</p>
<p><b>USOS PROHIBIDOS: </b>Todos los usos de suelo no mencionados como permitidos.</p>]]></description>
<ExtendedData>
	<Data name="fid"><displayName>fid</displayName><value><![CDATA[77]]></value></Data>
	<Data name="ZONA_NOM"><displayName>ZONA_NOM</displayName><value><![CDATA[AV]]></value></Data>
	<Data name="ZONA_GLOSA"><displayName>ZONA_GLOSA</displayName><value><![CDATA[Área Verde]]></value></Data>
	<Data name="USOS_PERMITIDOS"><displayName>USOS_PERMITIDOS</displayName><value><![CDATA[Área Verde]]></value></Data>
	<Data name="USOS_PROHIBIDOS"><displayName>USOS_PROHIBIDOS</displayName><value><![CDATA[Todos los usos de suelo no mencionados como permitidos.]]></value></Data>
	<Data name="P_DO"><displayName>P_DO</displayName><value><![CDATA[13/07/2009]]></value></Data>
	<Data name="N_DOC"><displayName>N_DOC</displayName><value><![CDATA[15]]></value></Data>
	<Data name="T_DO"><displayName>T_DO</displayName><value><![CDATA[Resolución]]></value></Data>
	<Data name="color_"><displayName>color_</displayName><value><![CDATA[1,255,56,254]]></value></Data>
</ExtendedData>
<styleUrl>#style2</styleUrl>
<MultiGeometry>
	<Polygon>
		<outerBoundaryIs>
			<LinearRing>
				<tessellate>1</tessellate>
				<coordinates>
					-72.68104499429141,-37.498988444656305,0.000
					-72.68114974806946,-37.4992692996942,0.000
					-72.68143064578395,-37.49920013274824,0.000
					-72.68134816140633,-37.49892368564271,0.000
					-72.68104499429141,-37.498988444656305,0.000
				</coordinates>
			</LinearRing>
		</outerBoundaryIs>
	</Polygon>
</MultiGeometry>
</Placemark>

<Placemark>
<name>AV</name>
<description><![CDATA[<p><b>ZONA NOMBRE: </b> AV</p>
<p><b>ZONA GLOSA: </b>Área Verde</p>
<p><b>USOS PERMITIDOS: </b>Área Verde</p>
<p><b>USOS PROHIBIDOS: </b>Todos los usos de suelo no mencionados como permitidos.</p>]]></description>
<ExtendedData>
	<Data name="fid"><displayName>fid</displayName><value><![CDATA[78]]></value></Data>
	<Data name="ZONA_NOM"><displayName>ZONA_NOM</displayName><value><![CDATA[AV]]></value></Data>
	<Data name="ZONA_GLOSA"><displayName>ZONA_GLOSA</displayName><value><![CDATA[Área Verde]]></value></Data>
	<Data name="USOS_PERMITIDOS"><displayName>USOS_PERMITIDOS</displayName><value><![CDATA[Área Verde]]></value></Data>
	<Data name="USOS_PROHIBIDOS"><displayName>USOS_PROHIBIDOS</displayName><value><![CDATA[Todos los usos de suelo no mencionados como permitidos.]]></value></Data>
	<Data name="P_DO"><displayName>P_DO</displayName><value><![CDATA[13/07/2009]]></value></Data>
	<Data name="N_DOC"><displayName>N_DOC</displayName><value><![CDATA[15]]></value></Data>
	<Data name="T_DO"><displayName>T_DO</displayName><value><![CDATA[Resolución]]></value></Data>
	<Data name="color_"><displayName>color_</displayName><value><![CDATA[1,255,56,254]]></value></Data>
</ExtendedData>
<styleUrl>#style2</styleUrl>
<MultiGeometry>
	<Polygon>
		<outerBoundaryIs>
			<LinearRing>
				<tessellate>1</tessellate>
				<coordinates>
					-72.68249379685386,-37.49825667647337,0.000
					-72.68258787318881,-37.498514981061525,0.000
					-72.6829557464582,-37.49845201060236,0.000
					-72.68296235307052,-37.49844832874746,0.000
					-72.68288673889873,-37.49816813506599,0.000
					-72.68249379685386,-37.49825667647337,0.000
				</coordinates>
			</LinearRing>
		</outerBoundaryIs>
	</Polygon>
</MultiGeometry>
</Placemark>

<Placemark>
<name>AV</name>
<description><![CDATA[<p><b>ZONA NOMBRE: </b> AV</p>
<p><b>ZONA GLOSA: </b>Área Verde</p>
<p><b>USOS PERMITIDOS: </b>Área Verde</p>
<p><b>USOS PROHIBIDOS: </b>Todos los usos de suelo no mencionados como permitidos.</p>]]></description>
<ExtendedData>
	<Data name="fid"><displayName>fid</displayName><value><![CDATA[79]]></value></Data>
	<Data name="ZONA_NOM"><displayName>ZONA_NOM</displayName><value><![CDATA[AV]]></value></Data>
	<Data name="ZONA_GLOSA"><displayName>ZONA_GLOSA</displayName><value><![CDATA[Área Verde]]></value></Data>
	<Data name="USOS_PERMITIDOS"><displayName>USOS_PERMITIDOS</displayName><value><![CDATA[Área Verde]]></value></Data>
	<Data name="USOS_PROHIBIDOS"><displayName>USOS_PROHIBIDOS</displayName><value><![CDATA[Todos los usos de suelo no mencionados como permitidos.]]></value></Data>
	<Data name="P_DO"><displayName>P_DO</displayName><value><![CDATA[13/07/2009]]></value></Data>
	<Data name="N_DOC"><displayName>N_DOC</displayName><value><![CDATA[15]]></value></Data>
	<Data name="T_DO"><displayName>T_DO</displayName><value><![CDATA[Resolución]]></value></Data>
	<Data name="color_"><displayName>color_</displayName><value><![CDATA[1,255,56,254]]></value></Data>
</ExtendedData>
<styleUrl>#style2</styleUrl>
<MultiGeometry>
	<Polygon>
		<outerBoundaryIs>
			<LinearRing>
				<tessellate>1</tessellate>
				<coordinates>
					-72.68045862317852,-37.4970223702677,0.000
					-72.6805481913779,-37.497286537953336,0.000
					-72.68074008339394,-37.49723999603868,0.000
					-72.68065705658435,-37.497018086607746,0.000
					-72.68045862317852,-37.4970223702677,0.000
				</coordinates>
			</LinearRing>
		</outerBoundaryIs>
	</Polygon>
</MultiGeometry>
</Placemark>

<Placemark>
<name>ZCC</name>
<description><![CDATA[<p><b>ZONA NOMBRE: </b> ZCC</p>
<p><b>ZONA GLOSA: </b>Zona Centro Cívico</p>
<p><b>USOS PERMITIDOS: </b>Residencial, vivienda en estensión, vivienda en altura; Equipamiento científico, comercio, culto y cultura, deporte, educación, esparcimiento, salud, seguridad, servicios y social.</p>
<p><b>USOS PROHIBIDOS: </b>Estadios, multicanchas, cementerios, crematorios y cárceles. Actividades productivas.</p>]]></description>
<ExtendedData>
	<Data name="fid"><displayName>fid</displayName><value><![CDATA[80]]></value></Data>
	<Data name="ZONA_NOM"><displayName>ZONA_NOM</displayName><value><![CDATA[ZCC]]></value></Data>
	<Data name="ZONA_GLOSA"><displayName>ZONA_GLOSA</displayName><value><![CDATA[Zona Centro Cívico]]></value></Data>
	<Data name="USOS_PERMITIDOS"><displayName>USOS_PERMITIDOS</displayName><value><![CDATA[Residencial, vivienda en estensión, vivienda en altura; Equipamiento científico, comercio, culto y cultura, deporte, educación, esparcimiento, salud, seguridad, servicios y social.]]></value></Data>
	<Data name="USOS_PROHIBIDOS"><displayName>USOS_PROHIBIDOS</displayName><value><![CDATA[Estadios, multicanchas, cementerios, crematorios y cárceles. Actividades productivas.]]></value></Data>
	<Data name="P_DO"><displayName>P_DO</displayName><value><![CDATA[13/07/2009]]></value></Data>
	<Data name="N_DOC"><displayName>N_DOC</displayName><value><![CDATA[15]]></value></Data>
	<Data name="T_DO"><displayName>T_DO</displayName><value><![CDATA[Resolución]]></value></Data>
	<Data name="color_"><displayName>color_</displayName><value><![CDATA[255,127,0,254]]></value></Data>
</ExtendedData>
<styleUrl>#style6</styleUrl>
<MultiGeometry>
	<Polygon>
		<outerBoundaryIs>
			<LinearRing>
				<tessellate>1</tessellate>
				<coordinates>
					-72.67267457481034,-37.50216245405736,0.000
					-72.67252331770047,-37.50172462093808,0.000
					-72.67271457135294,-37.50165907688955,0.000
					-72.67331173313657,-37.50163452448324,0.000
					-72.6734083328633,-37.5020685288711,0.000
					-72.67358939449387,-37.502045246812294,0.000
					-72.67432972240545,-37.5019506825112,0.000
					-72.67499387367845,-37.5018584858112,0.000
					-72.67554617588756,-37.501773346864624,0.000
					-72.67558324964386,-37.50179721917546,0.000
					-72.67560762521792,-37.501623085630754,0.000
					-72.67565726266186,-37.500988695639194,0.000
					-72.67569731390432,-37.500433262209754,0.000
					-72.6757297777009,-37.499449019497405,0.000
					-72.67574316979368,-37.499173296787944,0.000
					-72.67569873773687,-37.498999487320084,0.000
					-72.67564314087127,-37.49887250587035,0.000
					-72.67560494245966,-37.498734255489154,0.000
					-72.67558752923905,-37.49866931191428,0.000
					-72.67489574651961,-37.49905128817742,0.000
					-72.67426927116544,-37.499392586676095,0.000
					-72.67417540010995,-37.49946105862152,0.000
					-72.6735775735326,-37.50008153436221,0.000
					-72.67346701277961,-37.500114772110344,0.000
					-72.67322891209939,-37.50014006325854,0.000
					-72.67192300116392,-37.500353528634385,0.000
					-72.67134545186457,-37.500472806707506,0.000
					-72.66989512334185,-37.50079204684028,0.000
					-72.66762394904849,-37.50129198939823,0.000
					-72.66771127884822,-37.50197563171072,0.000
					-72.66799445637393,-37.50271765991988,0.000
					-72.66798465172417,-37.50285161828023,0.000
					-72.66821765909052,-37.50286312589884,0.000
					-72.66844944717089,-37.502830889765896,0.000
					-72.66884759900593,-37.50276845269887,0.000
					-72.66990794868929,-37.50261033121372,0.000
					-72.67122363891426,-37.502351294608026,0.000
					-72.67224693788641,-37.502215758035724,0.000
					-72.67267457481034,-37.50216245405736,0.000
				</coordinates>
			</LinearRing>
		</outerBoundaryIs>
	</Polygon>
</MultiGeometry>
</Placemark>

<Placemark>
<name>AV</name>
<description><![CDATA[<p><b>ZONA NOMBRE: </b> AV</p>
<p><b>ZONA GLOSA: </b>Área Verde</p>
<p><b>USOS PERMITIDOS: </b>Área Verde</p>
<p><b>USOS PROHIBIDOS: </b>Todos los usos de suelo no mencionados como permitidos.</p>]]></description>
<ExtendedData>
	<Data name="fid"><displayName>fid</displayName><value><![CDATA[81]]></value></Data>
	<Data name="ZONA_NOM"><displayName>ZONA_NOM</displayName><value><![CDATA[AV]]></value></Data>
	<Data name="ZONA_GLOSA"><displayName>ZONA_GLOSA</displayName><value><![CDATA[Área Verde]]></value></Data>
	<Data name="USOS_PERMITIDOS"><displayName>USOS_PERMITIDOS</displayName><value><![CDATA[Área Verde]]></value></Data>
	<Data name="USOS_PROHIBIDOS"><displayName>USOS_PROHIBIDOS</displayName><value><![CDATA[Todos los usos de suelo no mencionados como permitidos.]]></value></Data>
	<Data name="P_DO"><displayName>P_DO</displayName><value><![CDATA[13/07/2009]]></value></Data>
	<Data name="N_DOC"><displayName>N_DOC</displayName><value><![CDATA[15]]></value></Data>
	<Data name="T_DO"><displayName>T_DO</displayName><value><![CDATA[Resolución]]></value></Data>
	<Data name="color_"><displayName>color_</displayName><value><![CDATA[1,255,56,254]]></value></Data>
</ExtendedData>
<styleUrl>#style2</styleUrl>
<MultiGeometry>
	<Polygon>
		<outerBoundaryIs>
			<LinearRing>
				<tessellate>1</tessellate>
				<coordinates>
					-72.67574316979368,-37.499173296787944,0.000
					-72.67578807669601,-37.49908251281895,0.000
					-72.67578079197311,-37.49902553370913,0.000
					-72.6757796907424,-37.49872881074316,0.000
					-72.67574604703827,-37.498683379746666,0.000
					-72.67569229720377,-37.49861146311488,0.000
					-72.67558752923905,-37.49866931191428,0.000
					-72.67560494245966,-37.498734255489154,0.000
					-72.67564314087127,-37.49887250587035,0.000
					-72.67569873773687,-37.498999487320084,0.000
					-72.67574316979368,-37.499173296787944,0.000
				</coordinates>
			</LinearRing>
		</outerBoundaryIs>
	</Polygon>
</MultiGeometry>
</Placemark>

<Placemark>
<name>AV</name>
<description><![CDATA[<p><b>ZONA NOMBRE: </b> AV</p>
<p><b>ZONA GLOSA: </b>Área Verde</p>
<p><b>USOS PERMITIDOS: </b>Área Verde</p>
<p><b>USOS PROHIBIDOS: </b>Todos los usos de suelo no mencionados como permitidos.</p>]]></description>
<ExtendedData>
	<Data name="fid"><displayName>fid</displayName><value><![CDATA[82]]></value></Data>
	<Data name="ZONA_NOM"><displayName>ZONA_NOM</displayName><value><![CDATA[AV]]></value></Data>
	<Data name="ZONA_GLOSA"><displayName>ZONA_GLOSA</displayName><value><![CDATA[Área Verde]]></value></Data>
	<Data name="USOS_PERMITIDOS"><displayName>USOS_PERMITIDOS</displayName><value><![CDATA[Área Verde]]></value></Data>
	<Data name="USOS_PROHIBIDOS"><displayName>USOS_PROHIBIDOS</displayName><value><![CDATA[Todos los usos de suelo no mencionados como permitidos.]]></value></Data>
	<Data name="P_DO"><displayName>P_DO</displayName><value><![CDATA[13/07/2009]]></value></Data>
	<Data name="N_DOC"><displayName>N_DOC</displayName><value><![CDATA[15]]></value></Data>
	<Data name="T_DO"><displayName>T_DO</displayName><value><![CDATA[Resolución]]></value></Data>
	<Data name="color_"><displayName>color_</displayName><value><![CDATA[1,255,56,254]]></value></Data>
</ExtendedData>
<styleUrl>#style2</styleUrl>
<MultiGeometry>
	<Polygon>
		<outerBoundaryIs>
			<LinearRing>
				<tessellate>1</tessellate>
				<coordinates>
					-72.67412441183248,-37.50212276312664,0.000
					-72.67413413331279,-37.50213795374191,0.000
					-72.67418485842917,-37.502135182008814,0.000
					-72.67450289653505,-37.50206211058423,0.000
					-72.67446156314583,-37.5019775862032,0.000
					-72.67408629683926,-37.502016688331544,0.000
					-72.6741154600944,-37.50206226022285,0.000
					-72.67412271847883,-37.50208825347176,0.000
					-72.67412441183248,-37.50212276312664,0.000
				</coordinates>
			</LinearRing>
		</outerBoundaryIs>
	</Polygon>
</MultiGeometry>
</Placemark>

<Placemark>
<name>ZR-1</name>
<description><![CDATA[<p><b>ZONA NOMBRE: </b> ZR-1</p>
<p><b>ZONA GLOSA: </b>Zona Residencial</p>
<p><b>USOS PERMITIDOS: </b>Residencial, vivienda en extensión, vivienda  en altura. Equipamiento: científico, comercio, culto y cultura, deporte, educación, esparcimiento, salud, seguridad, servicios y social.</p>
<p><b>USOS PROHIBIDOS: </b>Residencial. Equipamiento: científico, comercio, culto y cultura, deporte, educación, esparcimiento, salud, seguridad, servicios y social.</p>]]></description>
<ExtendedData>
	<Data name="fid"><displayName>fid</displayName><value><![CDATA[83]]></value></Data>
	<Data name="ZONA_NOM"><displayName>ZONA_NOM</displayName><value><![CDATA[ZR-1]]></value></Data>
	<Data name="ZONA_GLOSA"><displayName>ZONA_GLOSA</displayName><value><![CDATA[Zona Residencial]]></value></Data>
	<Data name="USOS_PERMITIDOS"><displayName>USOS_PERMITIDOS</displayName><value><![CDATA[Residencial, vivienda en extensión, vivienda  en altura. Equipamiento: científico, comercio, culto y cultura, deporte, educación, esparcimiento, salud, seguridad, servicios y social.]]></value></Data>
	<Data name="USOS_PROHIBIDOS"><displayName>USOS_PROHIBIDOS</displayName><value><![CDATA[Residencial. Equipamiento: científico, comercio, culto y cultura, deporte, educación, esparcimiento, salud, seguridad, servicios y social.]]></value></Data>
	<Data name="P_DO"><displayName>P_DO</displayName><value><![CDATA[13/07/2009]]></value></Data>
	<Data name="N_DOC"><displayName>N_DOC</displayName><value><![CDATA[15]]></value></Data>
	<Data name="T_DO"><displayName>T_DO</displayName><value><![CDATA[Resolución]]></value></Data>
	<Data name="color_"><displayName>color_</displayName><value><![CDATA[255,255,127,254]]></value></Data>
</ExtendedData>
<styleUrl>#style21</styleUrl>
<MultiGeometry>
	<Polygon>
		<outerBoundaryIs>
			<LinearRing>
				<tessellate>1</tessellate>
				<coordinates>
					-72.67432972240545,-37.5019506825112,0.000
					-72.67358939449387,-37.502045246812294,0.000
					-72.67278219872695,-37.50214903868007,0.000
					-72.67224693788641,-37.502215758035724,0.000
					-72.67122363891426,-37.502351294608026,0.000
					-72.66990794868929,-37.50261033121372,0.000
					-72.66884759900593,-37.50276845269887,0.000
					-72.66844944717089,-37.502830889765896,0.000
					-72.66821765909052,-37.50286312589884,0.000
					-72.66786226219014,-37.502845573436204,0.000
					-72.66758461509748,-37.50285778050127,0.000
					-72.66731179777842,-37.5028769888939,0.000
					-72.66711603279114,-37.50291167770263,0.000
					-72.66691508697606,-37.50293222567728,0.000
					-72.6667797822855,-37.502918554275865,0.000
					-72.66661759220524,-37.502905718364616,0.000
					-72.666476932274,-37.50287433679289,0.000
					-72.66641799701688,-37.502877737858356,0.000
					-72.66642075611014,-37.502882240315174,0.000
					-72.66644931678977,-37.502976696051256,0.000
					-72.66656338743707,-37.50310663212949,0.000
					-72.66672161274737,-37.503282867797495,0.000
					-72.66695471290552,-37.50339956867831,0.000
					-72.66696100718967,-37.503528087901046,0.000
					-72.66699973910201,-37.50370803752244,0.000
					-72.66709690653373,-37.503981513986595,0.000
					-72.66718157278795,-37.50412189752641,0.000
					-72.66732243060228,-37.504432153626425,0.000
					-72.66739934547522,-37.50465858725675,0.000
					-72.66778246319782,-37.50502805114658,0.000
					-72.66814730606526,-37.50490229443658,0.000
					-72.66853581396389,-37.504771033191126,0.000
					-72.66873429267328,-37.5046695172967,0.000
					-72.66886153992836,-37.504579750549794,0.000
					-72.66911122467968,-37.504424201864246,0.000
					-72.669381165418,-37.504315693801196,0.000
					-72.6695817413413,-37.50425701591032,0.000
					-72.66972901079339,-37.504209530041905,0.000
					-72.66986703855122,-37.50409559037836,0.000
					-72.6699866762162,-37.50397268863033,0.000
					-72.67014262734467,-37.50385819195067,0.000
					-72.67027584543933,-37.503768237967265,0.000
					-72.67046012837419,-37.503743435199596,0.000
					-72.67060786288556,-37.50370546784944,0.000
					-72.67076040550654,-37.50364351510729,0.000
					-72.67082192618211,-37.503555791522295,0.000
					-72.67084232480371,-37.50348364907898,0.000
					-72.67091976266178,-37.503476471879225,0.000
					-72.67116976566894,-37.50344962289385,0.000
					-72.67129738310972,-37.503855629230685,0.000
					-72.67097647406932,-37.50402293384393,0.000
					-72.67082299853494,-37.504065846892104,0.000
					-72.67050362889319,-37.5041425256468,0.000
					-72.67029777901871,-37.504215670718125,0.000
					-72.67024059903693,-37.50426988934101,0.000
					-72.67003661513981,-37.50438111394922,0.000
					-72.66979477309302,-37.504574557715955,0.000
					-72.66959475485406,-37.50476669997943,0.000
					-72.66938549328796,-37.50489238921859,0.000
					-72.66918104097032,-37.504994092909016,0.000
					-72.66922406826643,-37.505383663670244,0.000
					-72.66927854171784,-37.50539627082452,0.000
					-72.66933464934101,-37.505442197682704,0.000
					-72.66941946333547,-37.50546339596791,0.000
					-72.6694595117592,-37.50554795944314,0.000
					-72.66952299351989,-37.505622259899745,0.000
					-72.66959496923319,-37.505747781630895,0.000
					-72.66975888931006,-37.50677239481943,0.000
					-72.6689988497438,-37.50701532741385,0.000
					-72.6689674321762,-37.507106881312495,0.000
					-72.6690664784452,-37.50741843540271,0.000
					-72.66913238471295,-37.50766427907741,0.000
					-72.66921140881168,-37.507933550263026,0.000
					-72.66932581627836,-37.508192187580626,0.000
					-72.66930107412371,-37.508297835448765,0.000
					-72.66923879596702,-37.508614406464375,0.000
					-72.66924425265053,-37.50884782878714,0.000
					-72.66856929516105,-37.50902010110779,0.000
					-72.66919506230101,-37.50886318384785,0.000
					-72.67022991701091,-37.508610507472376,0.000
					-72.67170752719981,-37.508463221200316,0.000
					-72.67176952475916,-37.508455078018514,0.000
					-72.67201831734,-37.5080772767557,0.000
					-72.67242283575489,-37.5075402939412,0.000
					-72.67258116665928,-37.507230265132335,0.000
					-72.67274560788582,-37.506800865314744,0.000
					-72.67277188331938,-37.50660459336234,0.000
					-72.67277472564017,-37.50641858414554,0.000
					-72.67280249926696,-37.50637481483469,0.000
					-72.6731686421345,-37.50615365802676,0.000
					-72.67348283953591,-37.50621538163474,0.000
					-72.67347672909612,-37.5063347515705,0.000
					-72.67342935827979,-37.506588887557726,0.000
					-72.67336312817693,-37.50682454181369,0.000
					-72.67319242452332,-37.50688229694847,0.000
					-72.67315223439225,-37.50691691893131,0.000
					-72.67313076755727,-37.50708920564169,0.000
					-72.67309821575982,-37.50734049633422,0.000
					-72.67304964729365,-37.50738729695675,0.000
					-72.67275017642173,-37.50750388327894,0.000
					-72.67269117589375,-37.50758199534754,0.000
					-72.67286430284662,-37.50812244745349,0.000
					-72.67285767503401,-37.50817032495813,0.000
					-72.67237487881707,-37.50837556535623,0.000
					-72.67313453892973,-37.50827577935873,0.000
					-72.67470975092108,-37.50805986724222,0.000
					-72.67562169073304,-37.50795137552718,0.000
					-72.6754754079459,-37.507371031013086,0.000
					-72.67533586085827,-37.50681404346286,0.000
					-72.67502988702728,-37.50634089946409,0.000
					-72.67438035171735,-37.50536002530924,0.000
					-72.67453939826245,-37.50466859642137,0.000
					-72.67465465827796,-37.504182329097866,0.000
					-72.674965877997,-37.50412257830161,0.000
					-72.67502255459392,-37.504088633998066,0.000
					-72.67588491600252,-37.504194054504744,0.000
					-72.6759654167458,-37.50336563192219,0.000
					-72.67605660672882,-37.502754975411456,0.000
					-72.67609750744944,-37.5023997367519,0.000
					-72.67610293508261,-37.50187041058393,0.000
					-72.67561899776247,-37.50188549006612,0.000
					-72.67555468753751,-37.501855315177885,0.000
					-72.67558324964386,-37.50179721917546,0.000
					-72.67554617588756,-37.501773346864624,0.000
					-72.67499387367845,-37.5018584858112,0.000
					-72.67432972240545,-37.5019506825112,0.000
				</coordinates>
			</LinearRing>
		</outerBoundaryIs>
		<innerBoundaryIs>
			<LinearRing>
				<tessellate>1</tessellate>
				<coordinates>
					-72.67412441183248,-37.50212276312664,0.000
					-72.67412271847883,-37.50208825347176,0.000
					-72.6741154600944,-37.50206226022285,0.000
					-72.67408629683926,-37.502016688331544,0.000
					-72.67446156314583,-37.5019775862032,0.000
					-72.67450289653505,-37.50206211058423,0.000
					-72.67418485842917,-37.502135182008814,0.000
					-72.67413413331279,-37.50213795374191,0.000
					-72.67412441183248,-37.50212276312664,0.000
				</coordinates>
			</LinearRing>
		</innerBoundaryIs>
	</Polygon>
</MultiGeometry>
</Placemark>

<Placemark>
<name>AV</name>
<description><![CDATA[<p><b>ZONA NOMBRE: </b> AV</p>
<p><b>ZONA GLOSA: </b>Área Verde</p>
<p><b>USOS PERMITIDOS: </b>Área Verde</p>
<p><b>USOS PROHIBIDOS: </b>Todos los usos de suelo no mencionados como permitidos.</p>]]></description>
<ExtendedData>
	<Data name="fid"><displayName>fid</displayName><value><![CDATA[84]]></value></Data>
	<Data name="ZONA_NOM"><displayName>ZONA_NOM</displayName><value><![CDATA[AV]]></value></Data>
	<Data name="ZONA_GLOSA"><displayName>ZONA_GLOSA</displayName><value><![CDATA[Área Verde]]></value></Data>
	<Data name="USOS_PERMITIDOS"><displayName>USOS_PERMITIDOS</displayName><value><![CDATA[Área Verde]]></value></Data>
	<Data name="USOS_PROHIBIDOS"><displayName>USOS_PROHIBIDOS</displayName><value><![CDATA[Todos los usos de suelo no mencionados como permitidos.]]></value></Data>
	<Data name="P_DO"><displayName>P_DO</displayName><value><![CDATA[13/07/2009]]></value></Data>
	<Data name="N_DOC"><displayName>N_DOC</displayName><value><![CDATA[15]]></value></Data>
	<Data name="T_DO"><displayName>T_DO</displayName><value><![CDATA[Resolución]]></value></Data>
	<Data name="color_"><displayName>color_</displayName><value><![CDATA[1,255,56,254]]></value></Data>
</ExtendedData>
<styleUrl>#style2</styleUrl>
<MultiGeometry>
	<Polygon>
		<outerBoundaryIs>
			<LinearRing>
				<tessellate>1</tessellate>
				<coordinates>
					-72.68754359876166,-37.491875742085284,0.000
					-72.68770998323586,-37.49191344583631,0.000
					-72.6877547832976,-37.49179048241807,0.000
					-72.68780195348151,-37.49167340782812,0.000
					-72.68763712362289,-37.49164876161791,0.000
					-72.68754359876166,-37.491875742085284,0.000
				</coordinates>
			</LinearRing>
		</outerBoundaryIs>
	</Polygon>
</MultiGeometry>
</Placemark>

<Placemark>
<name>ZRM-2</name>
<description><![CDATA[<p><b>ZONA NOMBRE: </b> ZRM-2</p>
<p><b>ZONA GLOSA: </b>Zona Residencial Mixta</p>
<p><b>USOS PERMITIDOS: </b>Residencial; Equipamiento científico, comercio, culto y cultura, deporte, educación, esparcimiento, salud, seguridad, servicios y social; Actividad productiva inofensiva y molesta (sólo las existentes). Más detalle en Ordenanza.</p>
<p><b>USOS PROHIBIDOS: </b>Discotecas, casinos, salones de juego, cárceles y centros de detención.</p>]]></description>
<ExtendedData>
	<Data name="fid"><displayName>fid</displayName><value><![CDATA[85]]></value></Data>
	<Data name="ZONA_NOM"><displayName>ZONA_NOM</displayName><value><![CDATA[ZRM-2]]></value></Data>
	<Data name="ZONA_GLOSA"><displayName>ZONA_GLOSA</displayName><value><![CDATA[Zona Residencial Mixta]]></value></Data>
	<Data name="USOS_PERMITIDOS"><displayName>USOS_PERMITIDOS</displayName><value><![CDATA[Residencial; Equipamiento científico, comercio, culto y cultura, deporte, educación, esparcimiento, salud, seguridad, servicios y social; Actividad productiva inofensiva y molesta (sólo las existentes). Más detalle en Ordenanza.]]></value></Data>
	<Data name="USOS_PROHIBIDOS"><displayName>USOS_PROHIBIDOS</displayName><value><![CDATA[Discotecas, casinos, salones de juego, cárceles y centros de detención.]]></value></Data>
	<Data name="P_DO"><displayName>P_DO</displayName><value><![CDATA[13/07/2009]]></value></Data>
	<Data name="N_DOC"><displayName>N_DOC</displayName><value><![CDATA[15]]></value></Data>
	<Data name="T_DO"><displayName>T_DO</displayName><value><![CDATA[Resolución]]></value></Data>
	<Data name="color_"><displayName>color_</displayName><value><![CDATA[255,191,0,254]]></value></Data>
</ExtendedData>
<styleUrl>#style27</styleUrl>
<MultiGeometry>
	<Polygon>
		<outerBoundaryIs>
			<LinearRing>
				<tessellate>1</tessellate>
				<coordinates>
					-72.68575776876145,-37.49148822255849,0.000
					-72.68569393041447,-37.49171069863398,0.000
					-72.68542855678263,-37.49171302944613,0.000
					-72.6854114856926,-37.49160268402988,0.000
					-72.68499750195468,-37.49183861242704,0.000
					-72.68430823412108,-37.49223912964999,0.000
					-72.68322903143054,-37.49287706668362,0.000
					-72.68382022057047,-37.49455503785847,0.000
					-72.68378808138979,-37.49458583627515,0.000
					-72.68265127626005,-37.49473752808972,0.000
					-72.68219633878145,-37.493622502424884,0.000
					-72.68216474531044,-37.49352786526507,0.000
					-72.6818730156763,-37.49386329578688,0.000
					-72.68079403882396,-37.49500890825892,0.000
					-72.68037117308904,-37.49544399675667,0.000
					-72.67993406292078,-37.49595461039872,0.000
					-72.67970612557228,-37.49618643365022,0.000
					-72.679476154268,-37.49638906015669,0.000
					-72.67896093470078,-37.49686277760095,0.000
					-72.67849960542733,-37.49721563297582,0.000
					-72.67822747042163,-37.49740050377677,0.000
					-72.67794982821022,-37.49759508061353,0.000
					-72.67760413023497,-37.497744105462345,0.000
					-72.67594798585837,-37.49847027896721,0.000
					-72.67569229720377,-37.49861146311488,0.000
					-72.67574604703827,-37.498683379746666,0.000
					-72.6757796907424,-37.49872881074316,0.000
					-72.67578079197311,-37.49902553370913,0.000
					-72.67578807669601,-37.49908251281895,0.000
					-72.67574316979368,-37.499173296787944,0.000
					-72.6757297777009,-37.499449019497405,0.000
					-72.67569731390432,-37.500433262209754,0.000
					-72.67565726266186,-37.500988695639194,0.000
					-72.67560762521792,-37.501623085630754,0.000
					-72.67558324964386,-37.50179721917546,0.000
					-72.67555468753751,-37.501855315177885,0.000
					-72.67561899776247,-37.50188549006612,0.000
					-72.67610293508261,-37.50187041058393,0.000
					-72.67609750744944,-37.5023997367519,0.000
					-72.67605660672882,-37.502754975411456,0.000
					-72.6759654167458,-37.50336563192219,0.000
					-72.67588491600252,-37.504194054504744,0.000
					-72.67502255459392,-37.504088633998066,0.000
					-72.674965877997,-37.50412257830161,0.000
					-72.67465465827796,-37.504182329097866,0.000
					-72.67453939826245,-37.50466859642137,0.000
					-72.67438035171735,-37.50536002530924,0.000
					-72.67502988702728,-37.50634089946409,0.000
					-72.67533586085827,-37.50681404346286,0.000
					-72.6754754079459,-37.507371031013086,0.000
					-72.67562169073304,-37.50795137552718,0.000
					-72.67579551904313,-37.50793069440684,0.000
					-72.67677415541239,-37.507828687350575,0.000
					-72.67748793974818,-37.507740888730176,0.000
					-72.67801984213862,-37.507605125725156,0.000
					-72.67894686484017,-37.50729018666382,0.000
					-72.679210765687,-37.50718065354228,0.000
					-72.67992939796412,-37.50673515081773,0.000
					-72.68048927079082,-37.50640781743887,0.000
					-72.68114627766643,-37.50600236730084,0.000
					-72.6818332822946,-37.505613854432745,0.000
					-72.68243335591826,-37.505161310560624,0.000
					-72.68284035690299,-37.50467665468047,0.000
					-72.68337166471245,-37.503678028358095,0.000
					-72.68410516127474,-37.5024108923451,0.000
					-72.6843999138721,-37.50183439314621,0.000
					-72.6846972376401,-37.50131025233327,0.000
					-72.68508476121191,-37.50067364790433,0.000
					-72.68543795335873,-37.500190664581034,0.000
					-72.6858993237043,-37.49965662842818,0.000
					-72.68671322192483,-37.49868729633852,0.000
					-72.68736066527944,-37.497957462872925,0.000
					-72.68713154881465,-37.498190831527204,0.000
					-72.68717500437707,-37.49797971773569,0.000
					-72.68712849799604,-37.49788582840515,0.000
					-72.68708175737571,-37.497787178914265,0.000
					-72.68698652129483,-37.497675742678034,0.000
					-72.68684806045395,-37.49753705517474,0.000
					-72.68674404151882,-37.49761181333826,0.000
					-72.6866905088847,-37.49761825374899,0.000
					-72.68665946857112,-37.49783851342986,0.000
					-72.68665141046982,-37.497917900401745,0.000
					-72.68656144759396,-37.498035123593624,0.000
					-72.68649444420043,-37.498132561217176,0.000
					-72.68643435239487,-37.4982488508654,0.000
					-72.68639054160826,-37.49833126131038,0.000
					-72.68641760234318,-37.4985163358329,0.000
					-72.6863852719262,-37.49858885351024,0.000
					-72.68631920506489,-37.49870532981763,0.000
					-72.6862517321764,-37.498793247066814,0.000
					-72.68617664446607,-37.498848032700366,0.000
					-72.6859608695185,-37.49908359846769,0.000
					-72.6857910137665,-37.49927959220651,0.000
					-72.68578984262408,-37.49949891936741,0.000
					-72.68574193123943,-37.49961959559158,0.000
					-72.68569882182577,-37.499716285368876,0.000
					-72.68572487629422,-37.49985054128291,0.000
					-72.68544689417998,-37.50015955802509,0.000
					-72.68539300802459,-37.5000372946978,0.000
					-72.68537602422946,-37.49981376813379,0.000
					-72.68548063483861,-37.49938622213555,0.000
					-72.68559684142052,-37.499072725627705,0.000
					-72.6858132025853,-37.49872749689765,0.000
					-72.68593725575063,-37.498451891912964,0.000
					-72.6861472878343,-37.49797814704003,0.000
					-72.68627836633723,-37.49760221184613,0.000
					-72.68651065271969,-37.49733752574617,0.000
					-72.68690751472555,-37.49689131161953,0.000
					-72.68689322058067,-37.496600960389856,0.000
					-72.68695331167255,-37.496484670554665,0.000
					-72.68700766255455,-37.496373327551545,0.000
					-72.68706587746752,-37.4962189584206,0.000
					-72.68714622964936,-37.49590658110479,0.000
					-72.6871712938651,-37.49568650808098,0.000
					-72.68694463056389,-37.49533605414322,0.000
					-72.68640603879057,-37.495333816207605,0.000
					-72.6858640504622,-37.49538412130461,0.000
					-72.68545418987827,-37.49544459785149,0.000
					-72.68503976052233,-37.495533818672534,0.000
					-72.68496209874304,-37.49553624450451,0.000
					-72.68478768233447,-37.49551785594557,0.000
					-72.68464266821984,-37.4954890156875,0.000
					-72.68448113729369,-37.49548929317489,0.000
					-72.68438766108125,-37.49553511700869,0.000
					-72.68421945324319,-37.495521301170015,0.000
					-72.68401680655626,-37.49553716442057,0.000
					-72.68398389224451,-37.49547621880784,0.000
					-72.68398237429365,-37.49532371634129,0.000
					-72.68399701828125,-37.49525651904601,0.000
					-72.68405734719967,-37.49514498973871,0.000
					-72.68428822305478,-37.49509487530694,0.000
					-72.68460532584251,-37.4943651288914,0.000
					-72.6852413670208,-37.49440246819851,0.000
					-72.68598892030765,-37.49451736148297,0.000
					-72.68558936900374,-37.49503039825041,0.000
					-72.68677267294288,-37.49500295907254,0.000
					-72.6869614924915,-37.4947062610628,0.000
					-72.687225393377,-37.49435477680583,0.000
					-72.68761731517596,-37.49380860372452,0.000
					-72.68763710670127,-37.49360299689333,0.000
					-72.68764143579209,-37.493326365970724,0.000
					-72.68773607514261,-37.49306121270349,0.000
					-72.68779586749048,-37.492878191879214,0.000
					-72.68800596994846,-37.49274052707553,0.000
					-72.68813539851763,-37.492635177862844,0.000
					-72.68819645000936,-37.49250813154927,0.000
					-72.68820523164868,-37.49238271838713,0.000
					-72.68813330714183,-37.49207629272525,0.000
					-72.68808762075328,-37.491877500198996,0.000
					-72.68812855657252,-37.491797561896846,0.000
					-72.68828175875966,-37.4916283050056,0.000
					-72.68862886419986,-37.49136002643215,0.000
					-72.68887904679374,-37.49115555807103,0.000
					-72.68884460552869,-37.491002893378194,0.000
					-72.68878161637753,-37.49090832809131,0.000
					-72.68880067731625,-37.49083980031265,0.000
					-72.68885882931254,-37.49074502200138,0.000
					-72.68889712559931,-37.490611535659944,0.000
					-72.68894324246989,-37.490545736579236,0.000
					-72.68903433707985,-37.490482106691175,0.000
					-72.68919228285324,-37.49040923602942,0.000
					-72.68931816319875,-37.49032306550589,0.000
					-72.68955155857483,-37.49005118896493,0.000
					-72.68988052676394,-37.48971554142238,0.000
					-72.6902275870774,-37.48938290271356,0.000
					-72.69049593855367,-37.489092053961805,0.000
					-72.69055821463795,-37.488989995578315,0.000
					-72.69057674593364,-37.48891075733042,0.000
					-72.69013998803032,-37.48911075610124,0.000
					-72.68911604349124,-37.48959327535773,0.000
					-72.68837815178036,-37.48991667831997,0.000
					-72.68778432074551,-37.490249875305985,0.000
					-72.68704307833434,-37.4906877867712,0.000
					-72.6863165373213,-37.491090083791036,0.000
					-72.68635776839723,-37.491219199851386,0.000
					-72.6861276820873,-37.4913306704511,0.000
					-72.68613683196654,-37.4914406254138,0.000
					-72.68575776876145,-37.49148822255849,0.000
				</coordinates>
			</LinearRing>
		</outerBoundaryIs>
		<innerBoundaryIs>
			<LinearRing>
				<tessellate>1</tessellate>
				<coordinates>
					-72.68754359876166,-37.491875742085284,0.000
					-72.68763712362289,-37.49164876161791,0.000
					-72.68780195348151,-37.49167340782812,0.000
					-72.6877547832976,-37.49179048241807,0.000
					-72.68770998323586,-37.49191344583631,0.000
					-72.68754359876166,-37.491875742085284,0.000
				</coordinates>
			</LinearRing>
		</innerBoundaryIs>
		<innerBoundaryIs>
			<LinearRing>
				<tessellate>1</tessellate>
				<coordinates>
					-72.68483653778722,-37.49332256674861,0.000
					-72.68478946414025,-37.49335383188184,0.000
					-72.68461252443609,-37.4931776089379,0.000
					-72.6848510273325,-37.49302495933155,0.000
					-72.68485191814395,-37.49302711704656,0.000
					-72.68486992580834,-37.49308912351745,0.000
					-72.68486457911865,-37.49320846992741,0.000
					-72.68483653778722,-37.49332256674861,0.000
				</coordinates>
			</LinearRing>
		</innerBoundaryIs>
		<innerBoundaryIs>
			<LinearRing>
				<tessellate>1</tessellate>
				<coordinates>
					-72.6848866507676,-37.49372956385922,0.000
					-72.68504817505041,-37.49374798119509,0.000
					-72.68517197080065,-37.49375603203746,0.000
					-72.68520857536976,-37.49373999164881,0.000
					-72.68524305668377,-37.49375679073547,0.000
					-72.68524583781897,-37.493813314340784,0.000
					-72.68522138231779,-37.49407627256208,0.000
					-72.68517372291056,-37.494095638392515,0.000
					-72.68508931235452,-37.494128069934966,0.000
					-72.68501683468219,-37.49417502656289,0.000
					-72.68496734454799,-37.49423318198847,0.000
					-72.68494486815649,-37.494308371613236,0.000
					-72.6847720945862,-37.49429291176784,0.000
					-72.68465591208282,-37.49428760195706,0.000
					-72.68473659216657,-37.49410333376383,0.000
					-72.6848311828396,-37.493897773832344,0.000
					-72.6848866507676,-37.49372956385922,0.000
				</coordinates>
			</LinearRing>
		</innerBoundaryIs>
		<innerBoundaryIs>
			<LinearRing>
				<tessellate>1</tessellate>
				<coordinates>
					-72.68074008339394,-37.49723999603868,0.000
					-72.6805481913779,-37.497286537953336,0.000
					-72.68045862317852,-37.4970223702677,0.000
					-72.68065705658435,-37.497018086607746,0.000
					-72.68074008339394,-37.49723999603868,0.000
				</coordinates>
			</LinearRing>
		</innerBoundaryIs>
		<innerBoundaryIs>
			<LinearRing>
				<tessellate>1</tessellate>
				<coordinates>
					-72.6829557464582,-37.49845201060236,0.000
					-72.68258787318881,-37.498514981061525,0.000
					-72.68249379685386,-37.49825667647337,0.000
					-72.68288673889873,-37.49816813506599,0.000
					-72.68296235307052,-37.49844832874746,0.000
					-72.6829557464582,-37.49845201060236,0.000
				</coordinates>
			</LinearRing>
		</innerBoundaryIs>
		<innerBoundaryIs>
			<LinearRing>
				<tessellate>1</tessellate>
				<coordinates>
					-72.68143064578395,-37.49920013274824,0.000
					-72.68114974806946,-37.4992692996942,0.000
					-72.68104499429141,-37.498988444656305,0.000
					-72.68134816140633,-37.49892368564271,0.000
					-72.68143064578395,-37.49920013274824,0.000
				</coordinates>
			</LinearRing>
		</innerBoundaryIs>
		<innerBoundaryIs>
			<LinearRing>
				<tessellate>1</tessellate>
				<coordinates>
					-72.68215344154963,-37.49961631832224,0.000
					-72.68220794037455,-37.50000991777391,0.000
					-72.68210433893627,-37.4999959896878,0.000
					-72.68198940064507,-37.49994618549565,0.000
					-72.6818798518173,-37.49985998132115,0.000
					-72.68181350668166,-37.49977624299276,0.000
					-72.68178089827738,-37.499697172313866,0.000
					-72.68215344154963,-37.49961631832224,0.000
				</coordinates>
			</LinearRing>
		</innerBoundaryIs>
		<innerBoundaryIs>
			<LinearRing>
				<tessellate>1</tessellate>
				<coordinates>
					-72.68363668653483,-37.49992240860978,0.000
					-72.6836718768168,-37.49990796231404,0.000
					-72.68373199492264,-37.49991371192153,0.000
					-72.68375872168838,-37.49993340031318,0.000
					-72.68368705574743,-37.50002190024682,0.000
					-72.68358875010765,-37.49996967020478,0.000
					-72.68360187093265,-37.49994447185773,0.000
					-72.68363668653483,-37.49992240860978,0.000
				</coordinates>
			</LinearRing>
		</innerBoundaryIs>
		<innerBoundaryIs>
			<LinearRing>
				<tessellate>1</tessellate>
				<coordinates>
					-72.68379546120197,-37.49996708742975,0.000
					-72.68379684365841,-37.49996698660354,0.000
					-72.68381680519852,-37.49998352505045,0.000
					-72.68384348961858,-37.50001510817657,0.000
					-72.68385731121998,-37.50005281446555,0.000
					-72.68386240604951,-37.50009555982992,0.000
					-72.68384957790138,-37.50013886488305,0.000
					-72.68370713323607,-37.500040818823415,0.000
					-72.68379546120197,-37.49996708742975,0.000
				</coordinates>
			</LinearRing>
		</innerBoundaryIs>
		<innerBoundaryIs>
			<LinearRing>
				<tessellate>1</tessellate>
				<coordinates>
					-72.68386311089826,-37.499988276211134,0.000
					-72.68381883272187,-37.49993960323973,0.000
					-72.68395541901548,-37.49984387241223,0.000
					-72.68398353797288,-37.49988202137424,0.000
					-72.68401493126196,-37.49991202771187,0.000
					-72.68403349655547,-37.49998533910667,0.000
					-72.68401662526713,-37.50012888084777,0.000
					-72.6839973541659,-37.500162853096406,0.000
					-72.68391763683834,-37.500184411484646,0.000
					-72.68388753137332,-37.50018058415112,0.000
					-72.68389702087899,-37.5001302321587,0.000
					-72.68390030266625,-37.50007530745726,0.000
					-72.683894856546,-37.50002542187067,0.000
					-72.68386311089826,-37.499988276211134,0.000
				</coordinates>
			</LinearRing>
		</innerBoundaryIs>
		<innerBoundaryIs>
			<LinearRing>
				<tessellate>1</tessellate>
				<coordinates>
					-72.68388525579202,-37.499830268314426,0.000
					-72.68382029801471,-37.49990857077532,0.000
					-72.68374386279703,-37.499875204328646,0.000
					-72.68367744219637,-37.49986297689886,0.000
					-72.68362414170484,-37.49987417526576,0.000
					-72.68349165291187,-37.4998568604234,0.000
					-72.68360305782524,-37.499810477366196,0.000
					-72.68374860889703,-37.49978924719403,0.000
					-72.6838145610916,-37.499791954285705,0.000
					-72.68389348418766,-37.49981335226722,0.000
					-72.68388525579202,-37.499830268314426,0.000
				</coordinates>
			</LinearRing>
		</innerBoundaryIs>
		<innerBoundaryIs>
			<LinearRing>
				<tessellate>1</tessellate>
				<coordinates>
					-72.68380459245758,-37.50019747560375,0.000
					-72.68400086678041,-37.500234250836584,0.000
					-72.68396126741706,-37.500402338747875,0.000
					-72.68393869947096,-37.50048847135517,0.000
					-72.68387481688829,-37.500347832481005,0.000
					-72.6838088073815,-37.50028315290992,0.000
					-72.68372440413432,-37.50033107674267,0.000
					-72.68355834938093,-37.500422070846504,0.000
					-72.68341994243458,-37.50046691325759,0.000
					-72.68378092892175,-37.50020298200619,0.000
					-72.68380459245758,-37.50019747560375,0.000
				</coordinates>
			</LinearRing>
		</innerBoundaryIs>
		<innerBoundaryIs>
			<LinearRing>
				<tessellate>1</tessellate>
				<coordinates>
					-72.68013217842098,-37.50055815304257,0.000
					-72.68018240605006,-37.50060616437579,0.000
					-72.68031485189998,-37.50114830838207,0.000
					-72.68027655059377,-37.501158126528296,0.000
					-72.67995697511532,-37.50118144436146,0.000
					-72.67989840409902,-37.50115848187528,0.000
					-72.67987235392427,-37.50111543684271,0.000
					-72.68008302171118,-37.50058066175796,0.000
					-72.68013217842098,-37.50055815304257,0.000
				</coordinates>
			</LinearRing>
		</innerBoundaryIs>
		<innerBoundaryIs>
			<LinearRing>
				<tessellate>1</tessellate>
				<coordinates>
					-72.67930132473211,-37.5016404654622,0.000
					-72.67932978390645,-37.501732538068865,0.000
					-72.67935758587076,-37.50183162291067,0.000
					-72.67935261910779,-37.50183193637767,0.000
					-72.67914684931858,-37.50184550529001,0.000
					-72.67910640966329,-37.50144870719863,0.000
					-72.6790924202512,-37.50134664921805,0.000
					-72.67920388337028,-37.501362241003946,0.000
					-72.6792208603589,-37.50146420578995,0.000
					-72.67924539637568,-37.50153733180609,0.000
					-72.679274270125,-37.501576952949556,0.000
					-72.67930132473211,-37.5016404654622,0.000
				</coordinates>
			</LinearRing>
		</innerBoundaryIs>
		<innerBoundaryIs>
			<LinearRing>
				<tessellate>1</tessellate>
				<coordinates>
					-72.68128557123798,-37.5016223608153,0.000
					-72.68151647012182,-37.50157224976517,0.000
					-72.68173477206551,-37.50157020426598,0.000
					-72.68194346599907,-37.501616130188566,0.000
					-72.68223082036516,-37.50174064193691,0.000
					-72.68237508250955,-37.50181479658832,0.000
					-72.68247254719016,-37.501849892064094,0.000
					-72.68267620379902,-37.501915041955975,0.000
					-72.6828297240932,-37.501934084784764,0.000
					-72.68304597595522,-37.50195116978109,0.000
					-72.68332976455812,-37.50194230925036,0.000
					-72.68338183522927,-37.50196690265305,0.000
					-72.68340532174173,-37.5020186077938,0.000
					-72.68304788048383,-37.50278059751171,0.000
					-72.6827875955242,-37.50326734830056,0.000
					-72.68272842970583,-37.50340267625182,0.000
					-72.68268015487558,-37.50343881229394,0.000
					-72.6825261735437,-37.50336608580865,0.000
					-72.68222745440387,-37.50313228433838,0.000
					-72.68198332630058,-37.50291346338546,0.000
					-72.68182442076241,-37.502784943097495,0.000
					-72.68144850483631,-37.502563082918584,0.000
					-72.6811605784981,-37.502183543966225,0.000
					-72.6810750702717,-37.50202651113644,0.000
					-72.68105416717455,-37.50190560113111,0.000
					-72.68105007211511,-37.501822302765014,0.000
					-72.68110685991519,-37.50169944503463,0.000
					-72.68128557123798,-37.5016223608153,0.000
				</coordinates>
			</LinearRing>
		</innerBoundaryIs>
		<innerBoundaryIs>
			<LinearRing>
				<tessellate>1</tessellate>
				<coordinates>
					-72.68135682735816,-37.50252399347457,0.000
					-72.68090451596309,-37.502573861130294,0.000
					-72.68083922160176,-37.50217854930808,0.000
					-72.68094952768949,-37.502150562019864,0.000
					-72.6810939688818,-37.50216750667986,0.000
					-72.68114779416199,-37.50222780052291,0.000
					-72.68126821385994,-37.502364674882045,0.000
					-72.68134816111612,-37.50246944077375,0.000
					-72.68135682735816,-37.50252399347457,0.000
				</coordinates>
			</LinearRing>
		</innerBoundaryIs>
		<innerBoundaryIs>
			<LinearRing>
				<tessellate>1</tessellate>
				<coordinates>
					-72.68277692959784,-37.503415463620506,0.000
					-72.68280217582624,-37.503381305012766,0.000
					-72.68288066538311,-37.50339553980591,0.000
					-72.68333467155998,-37.50356251755714,0.000
					-72.6830671800825,-37.5040340375484,0.000
					-72.68306738092268,-37.504028511580124,0.000
					-72.68303206520278,-37.50385799546956,0.000
					-72.68301877217331,-37.503770217851226,0.000
					-72.68297835873416,-37.503678520398275,0.000
					-72.68292622953595,-37.503591955262884,0.000
					-72.68282677225314,-37.50351640170227,0.000
					-72.6827848934929,-37.50345573572429,0.000
					-72.68277692959784,-37.503415463620506,0.000
				</coordinates>
			</LinearRing>
		</innerBoundaryIs>
		<innerBoundaryIs>
			<LinearRing>
				<tessellate>1</tessellate>
				<coordinates>
					-72.68013115021802,-37.50403662433363,0.000
					-72.68010495763075,-37.50417330613578,0.000
					-72.68004039721835,-37.504320718901006,0.000
					-72.67986801251818,-37.50428319203126,0.000
					-72.68001095430982,-37.50402607251524,0.000
					-72.68006595915095,-37.503988603283425,0.000
					-72.68013411822713,-37.50397381145342,0.000
					-72.68013115021802,-37.50403662433363,0.000
				</coordinates>
			</LinearRing>
		</innerBoundaryIs>
		<innerBoundaryIs>
			<LinearRing>
				<tessellate>1</tessellate>
				<coordinates>
					-72.68356917524541,-37.50200443403383,0.000
					-72.68361316481693,-37.50198637520994,0.000
					-72.68367624753748,-37.501991556570395,0.000
					-72.68408395350109,-37.50213255636991,0.000
					-72.6840813970183,-37.50213860454451,0.000
					-72.68409176336318,-37.50216688377114,0.000
					-72.68407296135544,-37.50221037540836,0.000
					-72.68402633561459,-37.502235667022205,0.000
					-72.68394714461931,-37.50220715429257,0.000
					-72.68370717096165,-37.50213360579201,0.000
					-72.68358557407834,-37.5020944983483,0.000
					-72.68355142557984,-37.50206934541366,0.000
					-72.68354404688121,-37.50204097284407,0.000
					-72.68356917524541,-37.50200443403383,0.000
				</coordinates>
			</LinearRing>
		</innerBoundaryIs>
	</Polygon>
</MultiGeometry>
</Placemark>

<Placemark>
<name>ZRC-1</name>
<description><![CDATA[<p><b>ZONA NOMBRE: </b> ZRC-1</p>
<p><b>ZONA GLOSA: </b>Zona Residencial Condicionada</p>
<p><b>USOS PERMITIDOS: </b>Vivienda en extensión. Equipamiento: comercio (locales comerciales), culto y cultura, deporte, educación, esparcimiento, salud, seguridad, servicios y social. Actividades productivas existente. Más detalle en Ordenanza.</p>
<p><b>USOS PROHIBIDOS: </b>Todo los usos no mencionados como permitidos.</p>]]></description>
<ExtendedData>
	<Data name="fid"><displayName>fid</displayName><value><![CDATA[86]]></value></Data>
	<Data name="ZONA_NOM"><displayName>ZONA_NOM</displayName><value><![CDATA[ZRC-1]]></value></Data>
	<Data name="ZONA_GLOSA"><displayName>ZONA_GLOSA</displayName><value><![CDATA[Zona Residencial Condicionada]]></value></Data>
	<Data name="USOS_PERMITIDOS"><displayName>USOS_PERMITIDOS</displayName><value><![CDATA[Vivienda en extensión. Equipamiento: comercio (locales comerciales), culto y cultura, deporte, educación, esparcimiento, salud, seguridad, servicios y social. Actividades productivas existente. Más detalle en Ordenanza.]]></value></Data>
	<Data name="USOS_PROHIBIDOS"><displayName>USOS_PROHIBIDOS</displayName><value><![CDATA[Todo los usos no mencionados como permitidos.]]></value></Data>
	<Data name="P_DO"><displayName>P_DO</displayName><value><![CDATA[13/07/2009]]></value></Data>
	<Data name="N_DOC"><displayName>N_DOC</displayName><value><![CDATA[15]]></value></Data>
	<Data name="T_DO"><displayName>T_DO</displayName><value><![CDATA[Resolución]]></value></Data>
	<Data name="color_"><displayName>color_</displayName><value><![CDATA[255,255,0,254]]></value></Data>
</ExtendedData>
<styleUrl>#style25</styleUrl>
<MultiGeometry>
	<Polygon>
		<outerBoundaryIs>
			<LinearRing>
				<tessellate>1</tessellate>
				<coordinates>
					-72.6796824713103,-37.496207275543924,0.000
					-72.67960558146524,-37.49619376689403,0.000
					-72.67948750970191,-37.49616527178967,0.000
					-72.67868330959642,-37.49605448653678,0.000
					-72.67815109880762,-37.49599957330641,0.000
					-72.6772886557376,-37.49589059429566,0.000
					-72.67575097916226,-37.49573829196794,0.000
					-72.67499332822894,-37.495650873657986,0.000
					-72.67496052037016,-37.49571386924654,0.000
					-72.67482181456434,-37.49581353317146,0.000
					-72.67483022257211,-37.4959848896416,0.000
					-72.67484236765678,-37.496232405730616,0.000
					-72.67480017965306,-37.496348132113475,0.000
					-72.67466170607686,-37.49645255611688,0.000
					-72.67458871338137,-37.49655017383104,0.000
					-72.67451875652847,-37.496709669647714,0.000
					-72.67447717200808,-37.4967157323548,0.000
					-72.67419722346544,-37.49661957329971,0.000
					-72.6740170659909,-37.49660611503479,0.000
					-72.67390038612932,-37.49666695485073,0.000
					-72.67362086531865,-37.496823442136446,0.000
					-72.67345018294971,-37.49688119653993,0.000
					-72.6733493233669,-37.49689863860446,0.000
					-72.67321098349471,-37.49688387702482,0.000
					-72.67324318960252,-37.49693054633849,0.000
					-72.67328417075305,-37.497034148561276,0.000
					-72.67329878251536,-37.49721007950778,0.000
					-72.67330144752577,-37.49738638243376,0.000
					-72.67326817059413,-37.49743985723441,0.000
					-72.67319354087614,-37.49750415455405,0.000
					-72.67314481273434,-37.497486602731286,0.000
					-72.67305813954701,-37.49742732860067,0.000
					-72.67304362351442,-37.49737534098689,0.000
					-72.6730332133129,-37.4972850884062,0.000
					-72.67299540547576,-37.49712418114679,0.000
					-72.67299647644067,-37.497024037042706,0.000
					-72.6729509218379,-37.49694918017503,0.000
					-72.67286681727484,-37.496942264584334,0.000
					-72.67275680958319,-37.49701719710712,0.000
					-72.67264376710119,-37.49703025037351,0.000
					-72.67256120084159,-37.49693270996135,0.000
					-72.67245977983798,-37.49681668740821,0.000
					-72.67239070170187,-37.496628150261124,0.000
					-72.67238346608592,-37.4964805926129,0.000
					-72.67236661561427,-37.4963810063628,0.000
					-72.6723194293809,-37.49627282945085,0.000
					-72.67226379534092,-37.49623642408584,0.000
					-72.67217922366801,-37.49621998756206,0.000
					-72.67207533057191,-37.496175549295664,0.000
					-72.67199556659007,-37.49613512738797,0.000
					-72.67185396112845,-37.496053725580865,0.000
					-72.67172290472108,-37.495943392188636,0.000
					-72.6715999233011,-37.49587571196514,0.000
					-72.67153584115964,-37.495911075985894,0.000
					-72.67143064122922,-37.49596202203756,0.000
					-72.67133374784866,-37.49606038161884,0.000
					-72.67130210332773,-37.49614717566061,0.000
					-72.67127325874003,-37.49629108874469,0.000
					-72.67131927792182,-37.49637546591839,0.000
					-72.67144095355124,-37.496538531287754,0.000
					-72.67148543225058,-37.4967135330741,0.000
					-72.67153381475549,-37.4969315567077,0.000
					-72.6715822622625,-37.49718747760151,0.000
					-72.67157109474833,-37.497234304498214,0.000
					-72.67150833052413,-37.49741860319076,0.000
					-72.67145550737561,-37.49753108475973,0.000
					-72.67144941637788,-37.49768144006895,0.000
					-72.6713823817503,-37.49768710186452,0.000
					-72.67116720294118,-37.497783183060754,0.000
					-72.67076698658818,-37.497949378966965,0.000
					-72.67043985806956,-37.49814190179147,0.000
					-72.67034253778175,-37.49844526303835,0.000
					-72.67033521871228,-37.49857062905381,0.000
					-72.67039976744354,-37.49869733560429,0.000
					-72.67046414137566,-37.49882047103912,0.000
					-72.67056772410275,-37.49882797503396,0.000
					-72.67076162033092,-37.49884696944074,0.000
					-72.67090745384947,-37.4988924874799,0.000
					-72.67100109479253,-37.498971807261164,0.000
					-72.67094669492887,-37.49905215899172,0.000
					-72.67086330985224,-37.499090507096945,0.000
					-72.67067546892213,-37.49910350316074,0.000
					-72.6705356898554,-37.4990899751635,0.000
					-72.6704207645653,-37.4991257295854,0.000
					-72.67028308625797,-37.49915504056341,0.000
					-72.67010781102556,-37.499149767625376,0.000
					-72.66996372697538,-37.49913994848876,0.000
					-72.66970401737935,-37.49915160223893,0.000
					-72.66962115746738,-37.49920065997926,0.000
					-72.66961586912558,-37.49927590783229,0.000
					-72.66964212197612,-37.49935375016814,0.000
					-72.66970817727984,-37.499419627532426,0.000
					-72.66988775817403,-37.49942119239954,0.000
					-72.67002235691344,-37.49942058076819,0.000
					-72.67020869339993,-37.49946841432724,0.000
					-72.6702838852634,-37.49953758271526,0.000
					-72.67035774582239,-37.49967114987265,0.000
					-72.67046966126304,-37.499635012574515,0.000
					-72.670834985989,-37.49958074084293,0.000
					-72.67109137142303,-37.49950125501105,0.000
					-72.67133042783178,-37.49952599432021,0.000
					-72.67176576424686,-37.49952674703568,0.000
					-72.672122300107,-37.49947631959095,0.000
					-72.67251835933914,-37.499499744873276,0.000
					-72.67273263302597,-37.49956815742998,0.000
					-72.67279403495365,-37.499630602258556,0.000
					-72.67279445657275,-37.499730700773206,0.000
					-72.67271572798953,-37.499772480822706,0.000
					-72.67259026611848,-37.49977638671626,0.000
					-72.67240980930914,-37.499756977021875,0.000
					-72.67225676188737,-37.499747439758984,0.000
					-72.6721943804887,-37.49975653191473,0.000
					-72.67198605970736,-37.49980949660627,0.000
					-72.67177150591542,-37.4998269006388,0.000
					-72.67157953240454,-37.49984717712761,0.000
					-72.67148112947727,-37.49985381529216,0.000
					-72.67129549145768,-37.4998202635947,0.000
					-72.67110985353744,-37.49978671069629,0.000
					-72.67097077322323,-37.499787463945104,0.000
					-72.6708141207916,-37.49979591323315,0.000
					-72.67061836585923,-37.499830607363506,0.000
					-72.67047154926364,-37.49985662821259,0.000
					-72.67039211920289,-37.49988412701752,0.000
					-72.67031542041171,-37.499875787383644,0.000
					-72.67021173064477,-37.499957672308916,0.000
					-72.67007856528946,-37.50003332292236,0.000
					-72.66996070199495,-37.49982604115157,0.000
					-72.66979827587063,-37.499716681620846,0.000
					-72.66959296612929,-37.49964798483311,0.000
					-72.66932818175218,-37.49955611009485,0.000
					-72.66904291784402,-37.49950420072549,0.000
					-72.66891646326367,-37.49884668569947,0.000
					-72.66905040190413,-37.49864944872797,0.000
					-72.6692385675123,-37.4983682904286,0.000
					-72.66776038572914,-37.49833202285216,0.000
					-72.6674596076582,-37.49851299239188,0.000
					-72.66689290828606,-37.498945354503284,0.000
					-72.66642215731603,-37.499321101431065,0.000
					-72.66649917425771,-37.499794235812,0.000
					-72.66657013807232,-37.50023537949979,0.000
					-72.66659028768102,-37.5004635781833,0.000
					-72.66656650227176,-37.500711019565934,0.000
					-72.66652450741101,-37.501044837150474,0.000
					-72.6665585769892,-37.50146567466007,0.000
					-72.66663000405786,-37.50182457007106,0.000
					-72.66679008510637,-37.50168710568523,0.000
					-72.66706571901128,-37.50151168670189,0.000
					-72.667204991858,-37.501453725799294,0.000
					-72.66736492084364,-37.50135936915169,0.000
					-72.66759381228725,-37.50129862263794,0.000
					-72.66989512334185,-37.50079204684028,0.000
					-72.67134545186457,-37.500472806707506,0.000
					-72.67192300116392,-37.500353528634385,0.000
					-72.67322891209939,-37.50014006325854,0.000
					-72.67346701277961,-37.500114772110344,0.000
					-72.6735775735326,-37.50008153436221,0.000
					-72.67417540010995,-37.49946105862152,0.000
					-72.67426927116544,-37.499392586676095,0.000
					-72.67489574651961,-37.49905128817742,0.000
					-72.67594798585837,-37.49847027896721,0.000
					-72.67760413023497,-37.497744105462345,0.000
					-72.67794982821022,-37.49759508061353,0.000
					-72.67822747042163,-37.49740050377677,0.000
					-72.67849960542733,-37.49721563297582,0.000
					-72.67896093470078,-37.49686277760095,0.000
					-72.679476154268,-37.49638906015669,0.000
					-72.6796824713103,-37.496207275543924,0.000
				</coordinates>
			</LinearRing>
		</outerBoundaryIs>
	</Polygon>
</MultiGeometry>
</Placemark>

<Placemark>
<name>ZED</name>
<description><![CDATA[<p><b>ZONA NOMBRE: </b> ZED</p>
<p><b>ZONA GLOSA: </b>Zona Equipamiento Deportivo</p>
<p><b>USOS PERMITIDOS: </b>Equipamiento deportivo y educacional.</p>
<p><b>USOS PROHIBIDOS: </b>Todos los usos de suelo no mencionados como permitidos.</p>]]></description>
<ExtendedData>
	<Data name="fid"><displayName>fid</displayName><value><![CDATA[87]]></value></Data>
	<Data name="ZONA_NOM"><displayName>ZONA_NOM</displayName><value><![CDATA[ZED]]></value></Data>
	<Data name="ZONA_GLOSA"><displayName>ZONA_GLOSA</displayName><value><![CDATA[Zona Equipamiento Deportivo]]></value></Data>
	<Data name="USOS_PERMITIDOS"><displayName>USOS_PERMITIDOS</displayName><value><![CDATA[Equipamiento deportivo y educacional.]]></value></Data>
	<Data name="USOS_PROHIBIDOS"><displayName>USOS_PROHIBIDOS</displayName><value><![CDATA[Todos los usos de suelo no mencionados como permitidos.]]></value></Data>
	<Data name="P_DO"><displayName>P_DO</displayName><value><![CDATA[13/07/2009]]></value></Data>
	<Data name="N_DOC"><displayName>N_DOC</displayName><value><![CDATA[15]]></value></Data>
	<Data name="T_DO"><displayName>T_DO</displayName><value><![CDATA[Resolución]]></value></Data>
	<Data name="color_"><displayName>color_</displayName><value><![CDATA[191,255,0,254]]></value></Data>
</ExtendedData>
<styleUrl>#style8</styleUrl>
<MultiGeometry>
	<Polygon>
		<outerBoundaryIs>
			<LinearRing>
				<tessellate>1</tessellate>
				<coordinates>
					-72.67654811459077,-37.49581724887655,0.000
					-72.6772886557376,-37.49589059429566,0.000
					-72.67815109880762,-37.49599957330641,0.000
					-72.67868330959642,-37.49605448653678,0.000
					-72.6790855124388,-37.496109894219394,0.000
					-72.67921502738635,-37.49573399687372,0.000
					-72.67935740167687,-37.49516107078024,0.000
					-72.67921692897052,-37.49513327309589,0.000
					-72.67878865301617,-37.49509299831745,0.000
					-72.67874955592708,-37.49511924490029,0.000
					-72.67698278719975,-37.49487041648481,0.000
					-72.67654811459077,-37.49581724887655,0.000
				</coordinates>
			</LinearRing>
		</outerBoundaryIs>
	</Polygon>
</MultiGeometry>
</Placemark>

<Placemark>
<name>ZRC-2</name>
<description><![CDATA[<p><b>ZONA NOMBRE: </b> ZRC-2</p>
<p><b>ZONA GLOSA: </b>Zona Residencial Condicionada</p>
<p><b>USOS PERMITIDOS: </b>Vivienda en extensión. Equipamiento: comercio (locales comerciales), culto y cultura, educación, esparcimiento, salud, seguridad, servicios y social. Actividades productivas inofensivas y molestas (existente). Más detalle en Ordenanza.</p>
<p><b>USOS PROHIBIDOS: </b>Todo los usos no mencionados como permitidos.</p>]]></description>
<ExtendedData>
	<Data name="fid"><displayName>fid</displayName><value><![CDATA[88]]></value></Data>
	<Data name="ZONA_NOM"><displayName>ZONA_NOM</displayName><value><![CDATA[ZRC-2]]></value></Data>
	<Data name="ZONA_GLOSA"><displayName>ZONA_GLOSA</displayName><value><![CDATA[Zona Residencial Condicionada]]></value></Data>
	<Data name="USOS_PERMITIDOS"><displayName>USOS_PERMITIDOS</displayName><value><![CDATA[Vivienda en extensión. Equipamiento: comercio (locales comerciales), culto y cultura, educación, esparcimiento, salud, seguridad, servicios y social. Actividades productivas inofensivas y molestas (existente). Más detalle en Ordenanza.]]></value></Data>
	<Data name="USOS_PROHIBIDOS"><displayName>USOS_PROHIBIDOS</displayName><value><![CDATA[Todo los usos no mencionados como permitidos.]]></value></Data>
	<Data name="P_DO"><displayName>P_DO</displayName><value><![CDATA[13/07/2009]]></value></Data>
	<Data name="N_DOC"><displayName>N_DOC</displayName><value><![CDATA[15]]></value></Data>
	<Data name="T_DO"><displayName>T_DO</displayName><value><![CDATA[Resolución]]></value></Data>
	<Data name="color_"><displayName>color_</displayName><value><![CDATA[255,255,0,254]]></value></Data>
</ExtendedData>
<styleUrl>#style25</styleUrl>
<MultiGeometry>
	<Polygon>
		<outerBoundaryIs>
			<LinearRing>
				<tessellate>1</tessellate>
				<coordinates>
					-72.6778405692039,-37.490385179640505,0.000
					-72.67797401740704,-37.49041966291553,0.000
					-72.6781280309016,-37.49051020560048,0.000
					-72.67822020699545,-37.490559770507815,0.000
					-72.67826576114811,-37.49063462536478,0.000
					-72.67833918484378,-37.49078965296168,0.000
					-72.6784231533468,-37.49091574958575,0.000
					-72.67848849881102,-37.49102812437122,0.000
					-72.6784927062684,-37.491113802323305,0.000
					-72.67838281715875,-37.49131268328312,0.000
					-72.67824973361652,-37.4915265888145,0.000
					-72.67802951091772,-37.49167170232607,0.000
					-72.67792442422497,-37.49184659759965,0.000
					-72.67794952477742,-37.49192626128131,0.000
					-72.67808047534564,-37.492080091981585,0.000
					-72.67822423432175,-37.492266297325244,0.000
					-72.67830562643522,-37.492400815585874,0.000
					-72.67833870888528,-37.492465333301375,0.000
					-72.67834491002957,-37.49266774499595,0.000
					-72.6783700057812,-37.49279805997283,0.000
					-72.67830710297652,-37.49296389364275,0.000
					-72.67825064382485,-37.49310866913563,0.000
					-72.67821358262773,-37.49326773773144,0.000
					-72.67813743277404,-37.49339227073337,0.000
					-72.67801852239265,-37.49355984949204,0.000
					-72.67797964375667,-37.49360575438093,0.000
					-72.67796805187423,-37.4938265979264,0.000
					-72.67797550229729,-37.493978319428116,0.000
					-72.67803741672581,-37.494173035769315,0.000
					-72.6780659538276,-37.4942972841615,0.000
					-72.67814171560006,-37.494393245432065,0.000
					-72.67826703858555,-37.49450851776829,0.000
					-72.67835466612844,-37.49454153990293,0.000
					-72.67854010210729,-37.49458640928097,0.000
					-72.67869479118596,-37.49461435999347,0.000
					-72.67874362180541,-37.494618796688364,0.000
					-72.67892892619976,-37.494508735705146,0.000
					-72.67909307787839,-37.49434868375834,0.000
					-72.67917339977987,-37.494232957712335,0.000
					-72.67924186951666,-37.49402821744749,0.000
					-72.6792705988778,-37.49369957758384,0.000
					-72.67930275440628,-37.4935168261386,0.000
					-72.67934464947793,-37.493303976036245,0.000
					-72.6795826209623,-37.49281983576325,0.000
					-72.67987425448922,-37.49228635015543,0.000
					-72.68013468837735,-37.491878975143955,0.000
					-72.68025721149627,-37.49174703501653,0.000
					-72.68047516471464,-37.49154061017676,0.000
					-72.68058169524255,-37.491349578847945,0.000
					-72.68063449426818,-37.49113042883477,0.000
					-72.68067067253891,-37.49095351090549,0.000
					-72.6808023130307,-37.490740839683035,0.000
					-72.68108235939265,-37.490276240282675,0.000
					-72.68121341400138,-37.49005166913974,0.000
					-72.68120946674185,-37.489971346178784,0.000
					-72.68110026252681,-37.48972745579855,0.000
					-72.68103709699119,-37.489583432248594,0.000
					-72.68103053057114,-37.489297605930275,0.000
					-72.68106459309062,-37.489001574307,0.000
					-72.68120319033405,-37.4887022801658,0.000
					-72.68130489121812,-37.48841307569583,0.000
					-72.68136478336994,-37.48826223331585,0.000
					-72.6814949445556,-37.488171766373355,0.000
					-72.68159801782943,-37.48813875514123,0.000
					-72.68169925750156,-37.488144534493316,0.000
					-72.6819906842337,-37.48806393240784,0.000
					-72.68234075296678,-37.487883176120285,0.000
					-72.68248799844899,-37.48779038754442,0.000
					-72.68256384454213,-37.487659902079564,0.000
					-72.68257607632728,-37.48752842295737,0.000
					-72.68255676531324,-37.48728768737064,0.000
					-72.68246878237537,-37.48717125395748,0.000
					-72.6823503486814,-37.48704385219197,0.000
					-72.68228462027038,-37.48692374482117,0.000
					-72.68226172375151,-37.486686100271065,0.000
					-72.68223071340232,-37.486634973654844,0.000
					-72.68211357080128,-37.4867716602426,0.000
					-72.68199925222385,-37.4868801060024,0.000
					-72.68180610933483,-37.486967175034344,0.000
					-72.68142111902459,-37.48704592950968,0.000
					-72.68117257914325,-37.487101356455995,0.000
					-72.68108028011568,-37.48717097634619,0.000
					-72.68088537240072,-37.487343908975646,0.000
					-72.68074609476169,-37.48755324288196,0.000
					-72.68073952723095,-37.487663092446056,0.000
					-72.68067743517209,-37.4878604842246,0.000
					-72.68055607625833,-37.48806925891768,0.000
					-72.68042066452134,-37.48823556731558,0.000
					-72.68039254102248,-37.488393762228256,0.000
					-72.68034989863406,-37.48849997053911,0.000
					-72.68019703418692,-37.4886763571695,0.000
					-72.68014301726558,-37.48891640136386,0.000
					-72.68007939177268,-37.489204416377156,0.000
					-72.68003534557995,-37.4892820653349,0.000
					-72.67975726800594,-37.48946712447226,0.000
					-72.67961195836206,-37.48961467262722,0.000
					-72.67924708087357,-37.48985964380523,0.000
					-72.67890809553074,-37.4900227648566,0.000
					-72.67879002619387,-37.49005504953774,0.000
					-72.67835769550068,-37.490144803653706,0.000
					-72.67805467825926,-37.49018762121203,0.000
					-72.67794011494308,-37.49029130338305,0.000
					-72.6778405692039,-37.490385179640505,0.000
				</coordinates>
			</LinearRing>
		</outerBoundaryIs>
	</Polygon>
</MultiGeometry>
</Placemark>

<Placemark>
<name>ZexR-2</name>
<description><![CDATA[<p><b>ZONA NOMBRE: </b> ZexR-2</p>
<p><b>ZONA GLOSA: </b>Zona de Extensión Residencial</p>
<p><b>USOS PERMITIDOS: </b>Residencial; Equipamiento científico, comercio pequeño asociado a vivienda, culto y cultura, deporte, educación, esparcimiento, salud (Postas y Policlínicos), seguridad, servicios y social; Actividad productiva inofensiva. Ver Ordenanza.</p>
<p><b>USOS PROHIBIDOS: </b>Todos los usos de suelo no mencionados como permitidos. En especial los centros de orientación o rehabilitación conductual</p>]]></description>
<ExtendedData>
	<Data name="fid"><displayName>fid</displayName><value><![CDATA[89]]></value></Data>
	<Data name="ZONA_NOM"><displayName>ZONA_NOM</displayName><value><![CDATA[ZexR-2]]></value></Data>
	<Data name="ZONA_GLOSA"><displayName>ZONA_GLOSA</displayName><value><![CDATA[Zona de Extensión Residencial]]></value></Data>
	<Data name="USOS_PERMITIDOS"><displayName>USOS_PERMITIDOS</displayName><value><![CDATA[Residencial; Equipamiento científico, comercio pequeño asociado a vivienda, culto y cultura, deporte, educación, esparcimiento, salud (Postas y Policlínicos), seguridad, servicios y social; Actividad productiva inofensiva. Ver Ordenanza.]]></value></Data>
	<Data name="USOS_PROHIBIDOS"><displayName>USOS_PROHIBIDOS</displayName><value><![CDATA[Todos los usos de suelo no mencionados como permitidos. En especial los centros de orientación o rehabilitación conductual]]></value></Data>
	<Data name="P_DO"><displayName>P_DO</displayName><value><![CDATA[13/07/2009]]></value></Data>
	<Data name="N_DOC"><displayName>N_DOC</displayName><value><![CDATA[15]]></value></Data>
	<Data name="T_DO"><displayName>T_DO</displayName><value><![CDATA[Resolución]]></value></Data>
	<Data name="color_"><displayName>color_</displayName><value><![CDATA[255,127,127,254]]></value></Data>
</ExtendedData>
<styleUrl>#style12</styleUrl>
<MultiGeometry>
	<Polygon>
		<outerBoundaryIs>
			<LinearRing>
				<tessellate>1</tessellate>
				<coordinates>
					-72.67996398107158,-37.49214599923135,0.000
					-72.68057667415495,-37.491764877572734,0.000
					-72.68151750882407,-37.49118729670564,0.000
					-72.68362074395161,-37.48991555103525,0.000
					-72.68520105168486,-37.48896043568199,0.000
					-72.68579670037971,-37.48860335936714,0.000
					-72.68599206753369,-37.488439939367765,0.000
					-72.68674659004368,-37.48796824935304,0.000
					-72.68731792093834,-37.48766436401665,0.000
					-72.6877491685269,-37.48743159552635,0.000
					-72.68815628556604,-37.48719481237381,0.000
					-72.68841231412215,-37.487048561167406,0.000
					-72.68846414935278,-37.48699129053601,0.000
					-72.68829068683719,-37.48681556686129,0.000
					-72.6880483330074,-37.48690537624291,0.000
					-72.68791788741748,-37.48689872791159,0.000
					-72.6877862117637,-37.48686709050075,0.000
					-72.68768071231115,-37.486820332384916,0.000
					-72.68762809470408,-37.48675404513873,0.000
					-72.6876340667715,-37.48669307691618,0.000
					-72.68777285659705,-37.4865957787259,0.000
					-72.68793184909003,-37.48654432894988,0.000
					-72.68792385427741,-37.48647307140281,0.000
					-72.68789723694901,-37.486388094465,0.000
					-72.6878270513182,-37.4863295067341,0.000
					-72.68768018009794,-37.486262589971076,0.000
					-72.68747779216284,-37.48616165398106,0.000
					-72.68726091234657,-37.486039718745715,0.000
					-72.68719880825974,-37.48596300095995,0.000
					-72.6871224744799,-37.48577946707547,0.000
					-72.68694248848014,-37.48531314144101,0.000
					-72.6869354614018,-37.48517034517256,0.000
					-72.68702136949425,-37.48491023364786,0.000
					-72.68709295900011,-37.48481503628396,0.000
					-72.68714127062687,-37.484702690142896,0.000
					-72.6871907241831,-37.48452237551616,0.000
					-72.687107539589,-37.484199615391766,0.000
					-72.68695698403785,-37.483875384884435,0.000
					-72.6867555721071,-37.48352056468274,0.000
					-72.68634488637315,-37.48342613597833,0.000
					-72.68555504989261,-37.48323986293882,0.000
					-72.68527291650014,-37.483159290968004,0.000
					-72.68520071416656,-37.48315082025165,0.000
					-72.68494097423613,-37.48325189202122,0.000
					-72.68485594427946,-37.483347507877134,0.000
					-72.68482326653307,-37.48341288566835,0.000
					-72.68475035525925,-37.48357247930928,0.000
					-72.6846310666648,-37.48370134353288,0.000
					-72.68450756439869,-37.48374452927866,0.000
					-72.68440320990464,-37.48381214528011,0.000
					-72.68433961485279,-37.48379625405887,0.000
					-72.68425555162477,-37.48382033087123,0.000
					-72.68410912318521,-37.483853506193604,0.000
					-72.68402831234636,-37.48385245477422,0.000
					-72.68395698700706,-37.4838618321348,0.000
					-72.68385412688988,-37.4838686193567,0.000
					-72.68377006452614,-37.483892695799845,0.000
					-72.68370938007158,-37.483942580492126,0.000
					-72.68368946586436,-37.48402424474031,0.000
					-72.68359353961205,-37.48414165174371,0.000
					-72.68348941257513,-37.48433558973007,0.000
					-72.6834280308076,-37.484547262144815,0.000
					-72.6833126578894,-37.484755852588975,0.000
					-72.68320595427862,-37.48489743130565,0.000
					-72.68308894237158,-37.485072703118924,0.000
					-72.68296431848135,-37.48521484104012,0.000
					-72.68280596098414,-37.485400937251704,0.000
					-72.68267969829942,-37.48550975644685,0.000
					-72.68258610944494,-37.48567476174114,0.000
					-72.68250809907195,-37.4857916087224,0.000
					-72.68248759177618,-37.48598293593965,0.000
					-72.68244776103917,-37.48614626414027,0.000
					-72.68235850577943,-37.4862777635148,0.000
					-72.68230532365791,-37.48641290445002,0.000
					-72.68224370444216,-37.48661981625225,0.000
					-72.68223071340232,-37.486634973654844,0.000
					-72.68226172375151,-37.486686100271065,0.000
					-72.68228462027038,-37.48692374482117,0.000
					-72.6823503486814,-37.48704385219197,0.000
					-72.68246878237537,-37.48717125395748,0.000
					-72.68255676531324,-37.48728768737064,0.000
					-72.68257607632728,-37.48752842295737,0.000
					-72.68256384454213,-37.487659902079564,0.000
					-72.68248799844899,-37.48779038754442,0.000
					-72.68234075296678,-37.487883176120285,0.000
					-72.6819906842337,-37.48806393240784,0.000
					-72.68169925750156,-37.488144534493316,0.000
					-72.68159801782943,-37.48813875514123,0.000
					-72.6814949445556,-37.488171766373355,0.000
					-72.68136478336994,-37.48826223331585,0.000
					-72.68130489121812,-37.48841307569583,0.000
					-72.68120319033405,-37.4887022801658,0.000
					-72.68106459309062,-37.489001574307,0.000
					-72.68103053057114,-37.489297605930275,0.000
					-72.68103709699119,-37.489583432248594,0.000
					-72.68110026252681,-37.48972745579855,0.000
					-72.68120946674185,-37.489971346178784,0.000
					-72.68121341400138,-37.49005166913974,0.000
					-72.68108235939265,-37.490276240282675,0.000
					-72.6808023130307,-37.490740839683035,0.000
					-72.68067067253891,-37.49095351090549,0.000
					-72.68063449426818,-37.49113042883477,0.000
					-72.68058169524255,-37.491349578847945,0.000
					-72.68047516471464,-37.49154061017676,0.000
					-72.68025721149627,-37.49174703501653,0.000
					-72.68013468837735,-37.491878975143955,0.000
					-72.67996398107158,-37.49214599923135,0.000
				</coordinates>
			</LinearRing>
		</outerBoundaryIs>
	</Polygon>
</MultiGeometry>
</Placemark>

<Placemark>
<name>ZMC</name>
<description><![CDATA[<p><b>ZONA NOMBRE: </b> ZMC</p>
<p><b>ZONA GLOSA: </b>Zona Microcentro</p>
<p><b>USOS PERMITIDOS: </b>Residencial; Equipamiento científico, comercio, culto y cultura, deporte, educación, esparcimiento, salud, seguridad, servicios y social; Actividades productivas inofensivas (panaderías). Más detalle en Ordenanza.</p>
<p><b>USOS PROHIBIDOS: </b>Residencial; Equipamiento científico, comercio, culto y cultura, deporte, educación, esparcimiento, salud, seguridad, servicios y social; Actividades productivas inofensivas (panaderías). Más detalle en Ordenanza.</p>]]></description>
<ExtendedData>
	<Data name="fid"><displayName>fid</displayName><value><![CDATA[90]]></value></Data>
	<Data name="ZONA_NOM"><displayName>ZONA_NOM</displayName><value><![CDATA[ZMC]]></value></Data>
	<Data name="ZONA_GLOSA"><displayName>ZONA_GLOSA</displayName><value><![CDATA[Zona Microcentro]]></value></Data>
	<Data name="USOS_PERMITIDOS"><displayName>USOS_PERMITIDOS</displayName><value><![CDATA[Residencial; Equipamiento científico, comercio, culto y cultura, deporte, educación, esparcimiento, salud, seguridad, servicios y social; Actividades productivas inofensivas (panaderías). Más detalle en Ordenanza.]]></value></Data>
	<Data name="USOS_PROHIBIDOS"><displayName>USOS_PROHIBIDOS</displayName><value><![CDATA[Residencial; Equipamiento científico, comercio, culto y cultura, deporte, educación, esparcimiento, salud, seguridad, servicios y social; Actividades productivas inofensivas (panaderías). Más detalle en Ordenanza.]]></value></Data>
	<Data name="P_DO"><displayName>P_DO</displayName><value><![CDATA[13/07/2009]]></value></Data>
	<Data name="N_DOC"><displayName>N_DOC</displayName><value><![CDATA[15]]></value></Data>
	<Data name="T_DO"><displayName>T_DO</displayName><value><![CDATA[Resolución]]></value></Data>
	<Data name="color_"><displayName>color_</displayName><value><![CDATA[255,63,0,254]]></value></Data>
</ExtendedData>
<styleUrl>#style15</styleUrl>
<MultiGeometry>
	<Polygon>
		<outerBoundaryIs>
			<LinearRing>
				<tessellate>1</tessellate>
				<coordinates>
					-72.6866811646149,-37.48944493932192,0.000
					-72.68668431798173,-37.48945204152869,0.000
					-72.68673313947843,-37.48943735675142,0.000
					-72.68682954925741,-37.48934495947991,0.000
					-72.68704059642901,-37.48915065653278,0.000
					-72.68686754197616,-37.488977295505016,0.000
					-72.68677142469262,-37.488923688631225,0.000
					-72.68663870679543,-37.48888612324714,0.000
					-72.686322391183,-37.48922077116647,0.000
					-72.6866811646149,-37.48944493932192,0.000
				</coordinates>
			</LinearRing>
		</outerBoundaryIs>
	</Polygon>
</MultiGeometry>
</Placemark>

<Placemark>
<name>ZexR-1</name>
<description><![CDATA[<p><b>ZONA NOMBRE: </b> ZexR-1</p>
<p><b>ZONA GLOSA: </b>Zona de Extensión Residencial</p>
<p><b>USOS PERMITIDOS: </b>Residencial; Equipamiento científico, comercio, culto y cultura, deporte, educación, esparcimiento, salud, seguridad, servicios y social; Actividades productivas inofensivas. Más detalle en Ordenanza.</p>
<p><b>USOS PROHIBIDOS: </b>Todos los usos de suelo no mencionados como permitidos, además de centros de rehabilitación, cementerios, crematorios, cárceles y centros de detención.</p>]]></description>
<ExtendedData>
	<Data name="fid"><displayName>fid</displayName><value><![CDATA[91]]></value></Data>
	<Data name="ZONA_NOM"><displayName>ZONA_NOM</displayName><value><![CDATA[ZexR-1]]></value></Data>
	<Data name="ZONA_GLOSA"><displayName>ZONA_GLOSA</displayName><value><![CDATA[Zona de Extensión Residencial]]></value></Data>
	<Data name="USOS_PERMITIDOS"><displayName>USOS_PERMITIDOS</displayName><value><![CDATA[Residencial; Equipamiento científico, comercio, culto y cultura, deporte, educación, esparcimiento, salud, seguridad, servicios y social; Actividades productivas inofensivas. Más detalle en Ordenanza.]]></value></Data>
	<Data name="USOS_PROHIBIDOS"><displayName>USOS_PROHIBIDOS</displayName><value><![CDATA[Todos los usos de suelo no mencionados como permitidos, además de centros de rehabilitación, cementerios, crematorios, cárceles y centros de detención.]]></value></Data>
	<Data name="P_DO"><displayName>P_DO</displayName><value><![CDATA[13/07/2009]]></value></Data>
	<Data name="N_DOC"><displayName>N_DOC</displayName><value><![CDATA[15]]></value></Data>
	<Data name="T_DO"><displayName>T_DO</displayName><value><![CDATA[Resolución]]></value></Data>
	<Data name="color_"><displayName>color_</displayName><value><![CDATA[204,178,102,254]]></value></Data>
</ExtendedData>
<styleUrl>#style11</styleUrl>
<MultiGeometry>
	<Polygon>
		<outerBoundaryIs>
			<LinearRing>
				<tessellate>1</tessellate>
				<coordinates>
					-72.68674659004368,-37.48796824935304,0.000
					-72.68599206753369,-37.488439939367765,0.000
					-72.68579670037971,-37.48860335936714,0.000
					-72.68520105168486,-37.48896043568199,0.000
					-72.68362074395161,-37.48991555103525,0.000
					-72.68151750882407,-37.49118729670564,0.000
					-72.68057667415495,-37.491764877572734,0.000
					-72.67996398107158,-37.49214599923135,0.000
					-72.67987425448922,-37.49228635015543,0.000
					-72.6795826209623,-37.49281983576325,0.000
					-72.67934464947793,-37.493303976036245,0.000
					-72.67930275440628,-37.4935168261386,0.000
					-72.6792705988778,-37.49369957758384,0.000
					-72.67924186951666,-37.49402821744749,0.000
					-72.67917339977987,-37.494232957712335,0.000
					-72.67909307787839,-37.49434868375834,0.000
					-72.67892892619976,-37.494508735705146,0.000
					-72.67874362180541,-37.494618796688364,0.000
					-72.67869479118596,-37.49461435999347,0.000
					-72.67854010210729,-37.49458640928097,0.000
					-72.67835466612844,-37.49454153990293,0.000
					-72.67826703858555,-37.49450851776829,0.000
					-72.67814171560006,-37.494393245432065,0.000
					-72.6780659538276,-37.4942972841615,0.000
					-72.67803741672581,-37.494173035769315,0.000
					-72.67797550229729,-37.493978319428116,0.000
					-72.67796805187423,-37.4938265979264,0.000
					-72.67797964375667,-37.49360575438093,0.000
					-72.67801852239265,-37.49355984949204,0.000
					-72.67813743277404,-37.49339227073337,0.000
					-72.67821358262773,-37.49326773773144,0.000
					-72.67825064382485,-37.49310866913563,0.000
					-72.67830710297652,-37.49296389364275,0.000
					-72.6783700057812,-37.49279805997283,0.000
					-72.67834491002957,-37.49266774499595,0.000
					-72.67833870888528,-37.492465333301375,0.000
					-72.67830562643522,-37.492400815585874,0.000
					-72.67822423432175,-37.492266297325244,0.000
					-72.67808047534564,-37.492080091981585,0.000
					-72.67794952477742,-37.49192626128131,0.000
					-72.67792442422497,-37.49184659759965,0.000
					-72.67802951091772,-37.49167170232607,0.000
					-72.67824973361652,-37.4915265888145,0.000
					-72.67838281715875,-37.49131268328312,0.000
					-72.6784927062684,-37.491113802323305,0.000
					-72.67848849881102,-37.49102812437122,0.000
					-72.6784231533468,-37.49091574958575,0.000
					-72.67833918484378,-37.49078965296168,0.000
					-72.67826576114811,-37.49063462536478,0.000
					-72.67822020699545,-37.490559770507815,0.000
					-72.6781280309016,-37.49051020560048,0.000
					-72.67797401740704,-37.49041966291553,0.000
					-72.6778405692039,-37.490385179640505,0.000
					-72.67775713883145,-37.49046385914578,0.000
					-72.67755670839816,-37.49064649276323,0.000
					-72.67728846440765,-37.490788335168375,0.000
					-72.67710608543159,-37.49085122570064,0.000
					-72.67670511785501,-37.491092547522186,0.000
					-72.67621347521548,-37.49143680331433,0.000
					-72.6760577411476,-37.49149409543464,0.000
					-72.67591620726198,-37.491779769436725,0.000
					-72.67574797405453,-37.49200906900454,0.000
					-72.67549270162321,-37.49229351866477,0.000
					-72.67528685323354,-37.492609798682544,0.000
					-72.67479842532356,-37.493263816816516,0.000
					-72.67457488345518,-37.493585413381886,0.000
					-72.67435534789458,-37.493744801301425,0.000
					-72.6740673934815,-37.493973059785965,0.000
					-72.67382279340376,-37.49410939172597,0.000
					-72.67341348994366,-37.494303289434164,0.000
					-72.6730100615608,-37.49437305645936,0.000
					-72.67272037229301,-37.49444404882161,0.000
					-72.67213641784993,-37.49461477695782,0.000
					-72.67191290783624,-37.49469324149805,0.000
					-72.6717493697629,-37.494774606613824,0.000
					-72.67167567448588,-37.4948579420019,0.000
					-72.67170306997036,-37.494928598015015,0.000
					-72.67191776123765,-37.49503632841608,0.000
					-72.6721381940959,-37.49513911221392,0.000
					-72.67237304758403,-37.49516993988189,0.000
					-72.6725448941715,-37.49513598736152,0.000
					-72.6727804912231,-37.49493796550817,0.000
					-72.67298738581201,-37.4947646724183,0.000
					-72.67332440045104,-37.49468267178913,0.000
					-72.67359346341665,-37.49467906132064,0.000
					-72.67405742855615,-37.4947456548995,0.000
					-72.67416108710843,-37.49478533126332,0.000
					-72.67420160220918,-37.494879413644185,0.000
					-72.67413822274148,-37.494929058693636,0.000
					-72.67403185862935,-37.49495620767379,0.000
					-72.67390733897436,-37.494979154470606,0.000
					-72.67372261199738,-37.49499444103989,0.000
					-72.67356061280033,-37.49498518401849,0.000
					-72.67334508228845,-37.4949823601482,0.000
					-72.6732024069302,-37.495001104930395,0.000
					-72.67319806664841,-37.49503460972457,0.000
					-72.67330536510099,-37.49502650231797,0.000
					-72.67339590877896,-37.49504275120583,0.000
					-72.67347403801294,-37.49504985342389,0.000
					-72.67359538636286,-37.49508421198177,0.000
					-72.67367631736217,-37.495148432969,0.000
					-72.6736313262979,-37.495207040107985,0.000
					-72.67355553160066,-37.49524753739665,0.000
					-72.67343147818936,-37.49528000324256,0.000
					-72.67323410231451,-37.49528138137676,0.000
					-72.67310934839918,-37.49529956805917,0.000
					-72.67306435679163,-37.49535817500875,0.000
					-72.67310780937443,-37.495390191790605,0.000
					-72.6736703026776,-37.49539174639156,0.000
					-72.67399980801751,-37.49540055431255,0.000
					-72.67444889173866,-37.495529583288544,0.000
					-72.67499332822894,-37.495650873657986,0.000
					-72.67575097916226,-37.49573829196794,0.000
					-72.67654811459077,-37.49581724887655,0.000
					-72.67698278719975,-37.49487041648481,0.000
					-72.67874955592708,-37.49511924490029,0.000
					-72.67878865301617,-37.49509299831745,0.000
					-72.67921692897052,-37.49513327309589,0.000
					-72.67935740167687,-37.49516107078024,0.000
					-72.67921502738635,-37.49573399687372,0.000
					-72.6790855124388,-37.496109894219394,0.000
					-72.67948750970191,-37.49616527178967,0.000
					-72.67960558146524,-37.49619376689403,0.000
					-72.6796824713103,-37.496207275543924,0.000
					-72.67970612557228,-37.49618643365022,0.000
					-72.67993406292078,-37.49595461039872,0.000
					-72.68037117308904,-37.49544399675667,0.000
					-72.68079403882396,-37.49500890825892,0.000
					-72.6818730156763,-37.49386329578688,0.000
					-72.68218306096885,-37.49350680664979,0.000
					-72.68322903143054,-37.49287706668362,0.000
					-72.68430823412108,-37.49223912964999,0.000
					-72.68499750195468,-37.49183861242704,0.000
					-72.68611923686827,-37.49119933087084,0.000
					-72.68704307833434,-37.4906877867712,0.000
					-72.68778432074551,-37.490249875305985,0.000
					-72.68837815178036,-37.48991667831997,0.000
					-72.68911604349124,-37.48959327535773,0.000
					-72.69013998803032,-37.48911075610124,0.000
					-72.69057674593364,-37.48891075733042,0.000
					-72.69096272378398,-37.488730640702286,0.000
					-72.69083016436888,-37.48868115648491,0.000
					-72.69068144384306,-37.48866793270906,0.000
					-72.69054651482375,-37.48866142671921,0.000
					-72.69042160167992,-37.48867606084441,0.000
					-72.69025671956796,-37.48869909440325,0.000
					-72.69016571213798,-37.48867333799356,0.000
					-72.6901582423534,-37.48861279012643,0.000
					-72.69019996072662,-37.48845774460582,0.000
					-72.69036826741164,-37.4884131504518,0.000
					-72.69060105221045,-37.48840229415582,0.000
					-72.69079026847106,-37.488417826818406,0.000
					-72.6909447000376,-37.48845590005767,0.000
					-72.69102586853047,-37.488464087509286,0.000
					-72.69125153443655,-37.48839982143729,0.000
					-72.69126970269686,-37.48813109970316,0.000
					-72.69129770867563,-37.48787994723573,0.000
					-72.69105087536721,-37.48796990294613,0.000
					-72.69083329052877,-37.48801603873931,0.000
					-72.69059673024285,-37.488041315948195,0.000
					-72.69042367629895,-37.4879895232552,0.000
					-72.69016769625695,-37.4878938440276,0.000
					-72.68985421952169,-37.487678399410925,0.000
					-72.68912326852166,-37.48732226774937,0.000
					-72.6885645843216,-37.48709303478739,0.000
					-72.68846414935278,-37.48699129053601,0.000
					-72.68841231412215,-37.487048561167406,0.000
					-72.68815628556604,-37.48719481237381,0.000
					-72.6877491685269,-37.48743159552635,0.000
					-72.68731792093834,-37.48766436401665,0.000
					-72.68674659004368,-37.48796824935304,0.000
				</coordinates>
			</LinearRing>
		</outerBoundaryIs>
		<innerBoundaryIs>
			<LinearRing>
				<tessellate>1</tessellate>
				<coordinates>
					-72.6866811646149,-37.48944493932192,0.000
					-72.686322391183,-37.48922077116647,0.000
					-72.68663870679543,-37.48888612324714,0.000
					-72.68677142469262,-37.488923688631225,0.000
					-72.68686754197616,-37.488977295505016,0.000
					-72.68704059642901,-37.48915065653278,0.000
					-72.68682954925741,-37.48934495947991,0.000
					-72.68673313947843,-37.48943735675142,0.000
					-72.68668431798173,-37.48945204152869,0.000
					-72.6866811646149,-37.48944493932192,0.000
				</coordinates>
			</LinearRing>
		</innerBoundaryIs>
	</Polygon>
</MultiGeometry>
</Placemark>

<Placemark>
<name>AV</name>
<description><![CDATA[<p><b>ZONA NOMBRE: </b> AV</p>
<p><b>ZONA GLOSA: </b>Área Verde</p>
<p><b>USOS PERMITIDOS: </b>Área Verde</p>
<p><b>USOS PROHIBIDOS: </b>Todos los usos de suelo no mencionados como permitidos.</p>]]></description>
<ExtendedData>
	<Data name="fid"><displayName>fid</displayName><value><![CDATA[92]]></value></Data>
	<Data name="ZONA_NOM"><displayName>ZONA_NOM</displayName><value><![CDATA[AV]]></value></Data>
	<Data name="ZONA_GLOSA"><displayName>ZONA_GLOSA</displayName><value><![CDATA[Área Verde]]></value></Data>
	<Data name="USOS_PERMITIDOS"><displayName>USOS_PERMITIDOS</displayName><value><![CDATA[Área Verde]]></value></Data>
	<Data name="USOS_PROHIBIDOS"><displayName>USOS_PROHIBIDOS</displayName><value><![CDATA[Todos los usos de suelo no mencionados como permitidos.]]></value></Data>
	<Data name="P_DO"><displayName>P_DO</displayName><value><![CDATA[13/07/2009]]></value></Data>
	<Data name="N_DOC"><displayName>N_DOC</displayName><value><![CDATA[15]]></value></Data>
	<Data name="T_DO"><displayName>T_DO</displayName><value><![CDATA[Resolución]]></value></Data>
	<Data name="color_"><displayName>color_</displayName><value><![CDATA[1,255,56,254]]></value></Data>
</ExtendedData>
<styleUrl>#style2</styleUrl>
<MultiGeometry>
	<Polygon>
		<outerBoundaryIs>
			<LinearRing>
				<tessellate>1</tessellate>
				<coordinates>
					-72.69071750029671,-37.49723372623781,0.000
					-72.69137996993054,-37.49758521808771,0.000
					-72.69157198531053,-37.49745369102758,0.000
					-72.6918220023716,-37.49724564674632,0.000
					-72.691068975739,-37.49680798653014,0.000
					-72.69071108424228,-37.497194598165116,0.000
					-72.69071750029671,-37.49723372623781,0.000
				</coordinates>
			</LinearRing>
		</outerBoundaryIs>
	</Polygon>
</MultiGeometry>
</Placemark>

<Placemark>
<name>ZMC</name>
<description><![CDATA[<p><b>ZONA NOMBRE: </b> ZMC</p>
<p><b>ZONA GLOSA: </b>Zona Microcentro</p>
<p><b>USOS PERMITIDOS: </b>Residencial; Equipamiento científico, comercio, culto y cultura, deporte, educación, esparcimiento, salud, seguridad, servicios y social; Actividades productivas inofensivas (panaderías). Más detalle en Ordenanza.</p>
<p><b>USOS PROHIBIDOS: </b>Residencial; Equipamiento científico, comercio, culto y cultura, deporte, educación, esparcimiento, salud, seguridad, servicios y social; Actividades productivas inofensivas (panaderías). Más detalle en Ordenanza.</p>]]></description>
<ExtendedData>
	<Data name="fid"><displayName>fid</displayName><value><![CDATA[93]]></value></Data>
	<Data name="ZONA_NOM"><displayName>ZONA_NOM</displayName><value><![CDATA[ZMC]]></value></Data>
	<Data name="ZONA_GLOSA"><displayName>ZONA_GLOSA</displayName><value><![CDATA[Zona Microcentro]]></value></Data>
	<Data name="USOS_PERMITIDOS"><displayName>USOS_PERMITIDOS</displayName><value><![CDATA[Residencial; Equipamiento científico, comercio, culto y cultura, deporte, educación, esparcimiento, salud, seguridad, servicios y social; Actividades productivas inofensivas (panaderías). Más detalle en Ordenanza.]]></value></Data>
	<Data name="USOS_PROHIBIDOS"><displayName>USOS_PROHIBIDOS</displayName><value><![CDATA[Residencial; Equipamiento científico, comercio, culto y cultura, deporte, educación, esparcimiento, salud, seguridad, servicios y social; Actividades productivas inofensivas (panaderías). Más detalle en Ordenanza.]]></value></Data>
	<Data name="P_DO"><displayName>P_DO</displayName><value><![CDATA[13/07/2009]]></value></Data>
	<Data name="N_DOC"><displayName>N_DOC</displayName><value><![CDATA[15]]></value></Data>
	<Data name="T_DO"><displayName>T_DO</displayName><value><![CDATA[Resolución]]></value></Data>
	<Data name="color_"><displayName>color_</displayName><value><![CDATA[255,63,0,254]]></value></Data>
</ExtendedData>
<styleUrl>#style15</styleUrl>
<MultiGeometry>
	<Polygon>
		<outerBoundaryIs>
			<LinearRing>
				<tessellate>1</tessellate>
				<coordinates>
					-72.69144638024108,-37.49605361257192,0.000
					-72.69144761947028,-37.49605622778639,0.000
					-72.69192804403019,-37.49548882695423,0.000
					-72.69192613759115,-37.49545015330577,0.000
					-72.6908843974487,-37.494874936011605,0.000
					-72.69035439602568,-37.495502309199125,0.000
					-72.6903672097036,-37.49553468237676,0.000
					-72.6905479712617,-37.495636289197584,0.000
					-72.69096864908846,-37.49582573259345,0.000
					-72.69106186431875,-37.49583920406373,0.000
					-72.69144638024108,-37.49605361257192,0.000
				</coordinates>
			</LinearRing>
		</outerBoundaryIs>
	</Polygon>
</MultiGeometry>
</Placemark>

<Placemark>
<name>ZAM</name>
<description><![CDATA[<p><b>ZONA NOMBRE: </b> ZAM</p>
<p><b>ZONA GLOSA: </b>Zona Amortiguador Ambiental</p>
<p><b>USOS PERMITIDOS: </b>Se restringe el uso de cualquier actividad en esta zona.</p>
<p><b>USOS PROHIBIDOS: </b>Todos los usos de suelo no mencionados como permitidos.</p>]]></description>
<ExtendedData>
	<Data name="fid"><displayName>fid</displayName><value><![CDATA[94]]></value></Data>
	<Data name="ZONA_NOM"><displayName>ZONA_NOM</displayName><value><![CDATA[ZAM]]></value></Data>
	<Data name="ZONA_GLOSA"><displayName>ZONA_GLOSA</displayName><value><![CDATA[Zona Amortiguador Ambiental]]></value></Data>
	<Data name="USOS_PERMITIDOS"><displayName>USOS_PERMITIDOS</displayName><value><![CDATA[Se restringe el uso de cualquier actividad en esta zona.]]></value></Data>
	<Data name="USOS_PROHIBIDOS"><displayName>USOS_PROHIBIDOS</displayName><value><![CDATA[Todos los usos de suelo no mencionados como permitidos.]]></value></Data>
	<Data name="P_DO"><displayName>P_DO</displayName><value><![CDATA[13/07/2009]]></value></Data>
	<Data name="N_DOC"><displayName>N_DOC</displayName><value><![CDATA[15]]></value></Data>
	<Data name="T_DO"><displayName>T_DO</displayName><value><![CDATA[Resolución]]></value></Data>
	<Data name="color_"><displayName>color_</displayName><value><![CDATA[255,159,127,254]]></value></Data>
</ExtendedData>
<styleUrl>#style3</styleUrl>
<MultiGeometry>
	<Polygon>
		<outerBoundaryIs>
			<LinearRing>
				<tessellate>1</tessellate>
				<coordinates>
					-72.6843999138721,-37.50183439314621,0.000
					-72.68412076899591,-37.50238036503998,0.000
					-72.684229341492,-37.50238928116585,0.000
					-72.6843251681751,-37.50239105579865,0.000
					-72.68438174932355,-37.50244649456622,0.000
					-72.6843211816934,-37.502553264071295,0.000
					-72.68416771409159,-37.50283932017938,0.000
					-72.68379516602262,-37.50353742670188,0.000
					-72.68369816154251,-37.50375497905897,0.000
					-72.6835284035627,-37.50407491263319,0.000
					-72.68330147411525,-37.504449070491894,0.000
					-72.68308391473361,-37.50477049691889,0.000
					-72.68300964266074,-37.504720377358296,0.000
					-72.68297098469873,-37.504664378375374,0.000
					-72.68296202852521,-37.50444796820302,0.000
					-72.68284035690299,-37.50467665468047,0.000
					-72.68243335591826,-37.505161310560624,0.000
					-72.6818332822946,-37.505613854432745,0.000
					-72.68114627766643,-37.50600236730084,0.000
					-72.68048927079082,-37.50640781743887,0.000
					-72.67992939796412,-37.50673515081773,0.000
					-72.679210765687,-37.50718065354228,0.000
					-72.67894686484017,-37.50729018666382,0.000
					-72.67801984213862,-37.507605125725156,0.000
					-72.67748793974818,-37.507740888730176,0.000
					-72.67677415541239,-37.507828687350575,0.000
					-72.67579551904313,-37.50793069440684,0.000
					-72.67470975092108,-37.50805986724222,0.000
					-72.67313453892973,-37.50827577935873,0.000
					-72.67170752719981,-37.508463221200316,0.000
					-72.67022991701091,-37.508610507472376,0.000
					-72.66919506230101,-37.50886318384785,0.000
					-72.66856929516105,-37.50902010110779,0.000
					-72.6681165961333,-37.50908965026197,0.000
					-72.66811681212776,-37.509091242615234,0.000
					-72.66813063244523,-37.5091929001759,0.000
					-72.66812964943803,-37.509264438443886,0.000
					-72.66812278531718,-37.509307556512915,0.000
					-72.66813902921673,-37.509364257545144,0.000
					-72.6681673164367,-37.50939198188836,0.000
					-72.66820491681037,-37.509426566031124,0.000
					-72.66827219580234,-37.50946984146695,0.000
					-72.66827344089752,-37.50947415672147,0.000
					-72.67009191303826,-37.50919604886161,0.000
					-72.67120872242357,-37.509051055087795,0.000
					-72.67190400181389,-37.5089668442399,0.000
					-72.67268861397146,-37.50887389042544,0.000
					-72.67349504662458,-37.50876833320203,0.000
					-72.67417651864723,-37.508669642005366,0.000
					-72.67536957293628,-37.508516274815356,0.000
					-72.67627224638159,-37.508428556342785,0.000
					-72.67678137507102,-37.50836203685555,0.000
					-72.67761005461271,-37.508252778985614,0.000
					-72.67824739969754,-37.508131604585685,0.000
					-72.67899521262046,-37.507860986425534,0.000
					-72.67959785057486,-37.50764256415665,0.000
					-72.67982294685416,-37.507504445243136,0.000
					-72.68008765727645,-37.507335295206936,0.000
					-72.68111221447371,-37.50672232722198,0.000
					-72.68193118226527,-37.506226009552606,0.000
					-72.68244293543535,-37.505909107600274,0.000
					-72.68308289909625,-37.50538559603263,0.000
					-72.68333039090616,-37.505094817148034,0.000
					-72.68348986920397,-37.504839561034515,0.000
					-72.68379886781851,-37.50427870806064,0.000
					-72.68422530756703,-37.503520520598244,0.000
					-72.68452938992924,-37.50299676452664,0.000
					-72.68482460849077,-37.50242978468405,0.000
					-72.68522396837696,-37.501668863285374,0.000
					-72.68565647225611,-37.50097364687325,0.000
					-72.68602641329181,-37.500466302163794,0.000
					-72.68676835185036,-37.4995543978478,0.000
					-72.68715966579448,-37.49912940970548,0.000
					-72.6877548776741,-37.49845829898022,0.000
					-72.68843082786455,-37.4976803788407,0.000
					-72.68935709842346,-37.496632433082134,0.000
					-72.69015424609427,-37.4957345142604,0.000
					-72.6908843974487,-37.494874936011605,0.000
					-72.69120407195022,-37.494500941124805,0.000
					-72.6916649579826,-37.49398894788184,0.000
					-72.69215994865397,-37.49341033580991,0.000
					-72.69289176058882,-37.492561917978655,0.000
					-72.69339087675412,-37.49199151496206,0.000
					-72.69386234531902,-37.491399118500844,0.000
					-72.69596896441776,-37.48898769896894,0.000
					-72.69733746424713,-37.48738119175904,0.000
					-72.70049203363895,-37.48342089477252,0.000
					-72.70028541087203,-37.483045668475484,0.000
					-72.69986907268306,-37.48316239358375,0.000
					-72.69986151235909,-37.483164231525954,0.000
					-72.69948708729092,-37.48358138750882,0.000
					-72.69906526212642,-37.48412495960639,0.000
					-72.698624261724,-37.4847346793386,0.000
					-72.69662822698398,-37.48724636393243,0.000
					-72.69554924304815,-37.48856729977116,0.000
					-72.6938301877406,-37.49055779419279,0.000
					-72.69267472480473,-37.49187257843752,0.000
					-72.6918534526712,-37.4928107166946,0.000
					-72.69105502269389,-37.49372715973594,0.000
					-72.68961834213763,-37.495412005456856,0.000
					-72.68854670376794,-37.49661347224297,0.000
					-72.6875069517136,-37.49779486423882,0.000
					-72.6874167426254,-37.497894518673505,0.000
					-72.68740480814539,-37.49790770222872,0.000
					-72.68736066527944,-37.497957462872925,0.000
					-72.68671322192483,-37.49868729633852,0.000
					-72.6858993237043,-37.49965662842818,0.000
					-72.68543795335873,-37.500190664581034,0.000
					-72.68508476121191,-37.50067364790433,0.000
					-72.6846972376401,-37.50131025233327,0.000
					-72.6843999138721,-37.50183439314621,0.000
				</coordinates>
			</LinearRing>
		</outerBoundaryIs>
		<innerBoundaryIs>
			<LinearRing>
				<tessellate>1</tessellate>
				<coordinates>
					-72.68444888429401,-37.50229684429184,0.000
					-72.68441057936603,-37.5023124943988,0.000
					-72.68428003010871,-37.50228606161406,0.000
					-72.68424479335512,-37.50225093228876,0.000
					-72.68425350977427,-37.50223349828327,0.000
					-72.68433017025613,-37.50223491746996,0.000
					-72.68440251998332,-37.50224600616531,0.000
					-72.68443719580637,-37.50226971177561,0.000
					-72.68444888429401,-37.50229684429184,0.000
				</coordinates>
			</LinearRing>
		</innerBoundaryIs>
	</Polygon>
</MultiGeometry>
</Placemark>

<Placemark>
<name>ZPR-3</name>
<description><![CDATA[<p><b>ZONA NOMBRE: </b> ZPR-3</p>
<p><b>ZONA GLOSA: </b>Zona de Protección de Drenaje</p>
<p><b>USOS PERMITIDOS: </b>Áreas verdes públicas o privadas.</p>
<p><b>USOS PROHIBIDOS: </b>Todos los usos de suelo no mencionados como permitidos.</p>]]></description>
<ExtendedData>
	<Data name="fid"><displayName>fid</displayName><value><![CDATA[95]]></value></Data>
	<Data name="ZONA_NOM"><displayName>ZONA_NOM</displayName><value><![CDATA[ZPR-3]]></value></Data>
	<Data name="ZONA_GLOSA"><displayName>ZONA_GLOSA</displayName><value><![CDATA[Zona de Protección de Drenaje]]></value></Data>
	<Data name="USOS_PERMITIDOS"><displayName>USOS_PERMITIDOS</displayName><value><![CDATA[Áreas verdes públicas o privadas.]]></value></Data>
	<Data name="USOS_PROHIBIDOS"><displayName>USOS_PROHIBIDOS</displayName><value><![CDATA[Todos los usos de suelo no mencionados como permitidos.]]></value></Data>
	<Data name="P_DO"><displayName>P_DO</displayName><value><![CDATA[13/07/2009]]></value></Data>
	<Data name="N_DOC"><displayName>N_DOC</displayName><value><![CDATA[15]]></value></Data>
	<Data name="T_DO"><displayName>T_DO</displayName><value><![CDATA[Resolución]]></value></Data>
	<Data name="color_"><displayName>color_</displayName><value><![CDATA[0,153,0,254]]></value></Data>
</ExtendedData>
<styleUrl>#style18</styleUrl>
<MultiGeometry>
	<Polygon>
		<outerBoundaryIs>
			<LinearRing>
				<tessellate>1</tessellate>
				<coordinates>
					-72.68882643545622,-37.500823078883286,0.000
					-72.6887789945185,-37.50064897097221,0.000
					-72.68872575655196,-37.50040333967437,0.000
					-72.68870027619636,-37.50034156670834,0.000
					-72.68855720773014,-37.50017025149731,0.000
					-72.68844335456491,-37.50006059055269,0.000
					-72.68832371678008,-37.49990939870507,0.000
					-72.6881091960553,-37.49980586489038,0.000
					-72.68783090510719,-37.49969836489361,0.000
					-72.68774077607523,-37.49961477807875,0.000
					-72.68759229500564,-37.49948534245506,0.000
					-72.68751842034841,-37.499428062059316,0.000
					-72.6874583845384,-37.49942398024421,0.000
					-72.68738758630637,-37.49942917243551,0.000
					-72.6872932136035,-37.49941126595124,0.000
					-72.68720052377566,-37.49935159423126,0.000
					-72.6870564351184,-37.4992415246672,0.000
					-72.68676835185036,-37.4995543978478,0.000
					-72.68709672065214,-37.499767596752214,0.000
					-72.68731043732707,-37.49993074720364,0.000
					-72.68757423130413,-37.50004763922189,0.000
					-72.68800181052619,-37.50022495930459,0.000
					-72.68805445880405,-37.50045869258468,0.000
					-72.68815404301156,-37.5008101367321,0.000
					-72.68843309292104,-37.50154032276553,0.000
					-72.68863145345604,-37.501998919481544,0.000
					-72.68871839668289,-37.50214934589523,0.000
					-72.68889735823349,-37.502593650810674,0.000
					-72.68909089461665,-37.503106027692205,0.000
					-72.68917173976726,-37.50338059100454,0.000
					-72.68923376895349,-37.50365276258717,0.000
					-72.68929285960044,-37.50371348333513,0.000
					-72.68948776612808,-37.503722285371964,0.000
					-72.6895901998183,-37.50375185556274,0.000
					-72.68961868417553,-37.503798636475445,0.000
					-72.6896763092055,-37.50382960808192,0.000
					-72.68955258224774,-37.504050979932316,0.000
					-72.68954416513692,-37.50410785354579,0.000
					-72.68955112524708,-37.50417318382894,0.000
					-72.68953582578078,-37.504242190432535,0.000
					-72.68950873847174,-37.50429964798822,0.000
					-72.68941341715372,-37.50449033558901,0.000
					-72.68935499694943,-37.50464054114031,0.000
					-72.68971150419951,-37.504953557608545,0.000
					-72.69005606431034,-37.50526694664696,0.000
					-72.69094428749122,-37.506139442390165,0.000
					-72.69102946061678,-37.5060264368174,0.000
					-72.69111817797236,-37.505701877750504,0.000
					-72.69090524865481,-37.50563107372012,0.000
					-72.69081928360758,-37.50555629687863,0.000
					-72.69049284131036,-37.5051553427866,0.000
					-72.69022220099303,-37.504824149332805,0.000
					-72.69007340142313,-37.504536815705386,0.000
					-72.69009052813051,-37.504429018587956,0.000
					-72.69026076169938,-37.5040863068587,0.000
					-72.68998365529268,-37.50347604424588,0.000
					-72.6898336736514,-37.50343783127775,0.000
					-72.68974176834703,-37.50339422600296,0.000
					-72.68975589378726,-37.50304339709412,0.000
					-72.68973699783612,-37.502933152046595,0.000
					-72.68964042562902,-37.50270377367238,0.000
					-72.68946485582379,-37.502237315792755,0.000
					-72.68927769841494,-37.501899933135654,0.000
					-72.68906189744729,-37.501527691770306,0.000
					-72.68893396532158,-37.501299293383035,0.000
					-72.68888220638351,-37.50106851288946,0.000
					-72.68882643545622,-37.500823078883286,0.000
				</coordinates>
			</LinearRing>
		</outerBoundaryIs>
	</Polygon>
</MultiGeometry>
</Placemark>

<Placemark>
<name>ZM-2</name>
<description><![CDATA[<p><b>ZONA NOMBRE: </b> ZM-2</p>
<p><b>ZONA GLOSA: </b>Zona Mixta</p>
<p><b>USOS PERMITIDOS: </b>Residencial; Equipamiento de comercio (restaurante, pub y similares), culto y cultura, deporte, educación, salud, seguridad, servicios y social; Actividad productiva inofensiva y molesta.  Detalle en Ordenanza.</p>
<p><b>USOS PROHIBIDOS: </b>Todos los usos de suelo no mencionados como permitidos.</p>]]></description>
<ExtendedData>
	<Data name="fid"><displayName>fid</displayName><value><![CDATA[96]]></value></Data>
	<Data name="ZONA_NOM"><displayName>ZONA_NOM</displayName><value><![CDATA[ZM-2]]></value></Data>
	<Data name="ZONA_GLOSA"><displayName>ZONA_GLOSA</displayName><value><![CDATA[Zona Mixta]]></value></Data>
	<Data name="USOS_PERMITIDOS"><displayName>USOS_PERMITIDOS</displayName><value><![CDATA[Residencial; Equipamiento de comercio (restaurante, pub y similares), culto y cultura, deporte, educación, salud, seguridad, servicios y social; Actividad productiva inofensiva y molesta.  Detalle en Ordenanza.]]></value></Data>
	<Data name="USOS_PROHIBIDOS"><displayName>USOS_PROHIBIDOS</displayName><value><![CDATA[Todos los usos de suelo no mencionados como permitidos.]]></value></Data>
	<Data name="P_DO"><displayName>P_DO</displayName><value><![CDATA[13/07/2009]]></value></Data>
	<Data name="N_DOC"><displayName>N_DOC</displayName><value><![CDATA[15]]></value></Data>
	<Data name="T_DO"><displayName>T_DO</displayName><value><![CDATA[Resolución]]></value></Data>
	<Data name="color_"><displayName>color_</displayName><value><![CDATA[255,127,159,254]]></value></Data>
</ExtendedData>
<styleUrl>#style13</styleUrl>
<MultiGeometry>
	<Polygon>
		<outerBoundaryIs>
			<LinearRing>
				<tessellate>1</tessellate>
				<coordinates>
					-72.6908843974487,-37.494874936011605,0.000
					-72.69192613759115,-37.49545015330577,0.000
					-72.69192804403019,-37.49548882695423,0.000
					-72.69144761947028,-37.49605622778639,0.000
					-72.69144638024108,-37.49605361257192,0.000
					-72.69106186431875,-37.49583920406373,0.000
					-72.69096864908846,-37.49582573259345,0.000
					-72.6905479712617,-37.495636289197584,0.000
					-72.6903672097036,-37.49553468237676,0.000
					-72.69035439602568,-37.495502309199125,0.000
					-72.6908843974487,-37.494874936011605,0.000
					-72.69015424609427,-37.4957345142604,0.000
					-72.68935709842346,-37.496632433082134,0.000
					-72.68843082786455,-37.4976803788407,0.000
					-72.6877548776741,-37.49845829898022,0.000
					-72.68715966579448,-37.49912940970548,0.000
					-72.6870564351184,-37.4992415246672,0.000
					-72.68720052377566,-37.49935159423126,0.000
					-72.6872932136035,-37.49941126595124,0.000
					-72.68738758630637,-37.49942917243551,0.000
					-72.6874583845384,-37.49942398024421,0.000
					-72.68751842034841,-37.499428062059316,0.000
					-72.68759229500564,-37.49948534245506,0.000
					-72.68774077607523,-37.49961477807875,0.000
					-72.68783090510719,-37.49969836489361,0.000
					-72.6881091960553,-37.49980586489038,0.000
					-72.68832371678008,-37.49990939870507,0.000
					-72.68844335456491,-37.50006059055269,0.000
					-72.68855720773014,-37.50017025149731,0.000
					-72.68870027619636,-37.50034156670834,0.000
					-72.68872575655196,-37.50040333967437,0.000
					-72.6887789945185,-37.50064897097221,0.000
					-72.68882643545622,-37.500823078883286,0.000
					-72.68921753158465,-37.50041159955423,0.000
					-72.68937508300323,-37.500269616102116,0.000
					-72.68961865381269,-37.499975968146515,0.000
					-72.6900341892188,-37.49945348035485,0.000
					-72.69048313903673,-37.498888233359246,0.000
					-72.69109873498462,-37.49810026876675,0.000
					-72.6914471203296,-37.49765734393967,0.000
					-72.6917447077164,-37.497397755707276,0.000
					-72.69212773011587,-37.49712655441664,0.000
					-72.69284504013079,-37.49654396129508,0.000
					-72.69307549111498,-37.496363937087835,0.000
					-72.69321406542709,-37.49621658443535,0.000
					-72.69342752483176,-37.49599537991069,0.000
					-72.69356836396211,-37.49581816028918,0.000
					-72.69368510594947,-37.495531455333534,0.000
					-72.69382666111647,-37.49521715779368,0.000
					-72.69405875395717,-37.49469146178338,0.000
					-72.6945775959198,-37.49345958827519,0.000
					-72.69289176058882,-37.492561917978655,0.000
					-72.69215994865397,-37.49341033580991,0.000
					-72.6916649579826,-37.49398894788184,0.000
					-72.69120407195022,-37.494500941124805,0.000
					-72.6908843974487,-37.494874936011605,0.000
				</coordinates>
			</LinearRing>
		</outerBoundaryIs>
		<innerBoundaryIs>
			<LinearRing>
				<tessellate>1</tessellate>
				<coordinates>
					-72.69157198531053,-37.49745369102758,0.000
					-72.69137996993054,-37.49758521808771,0.000
					-72.69071750029671,-37.49723372623781,0.000
					-72.69071108424228,-37.497194598165116,0.000
					-72.691068975739,-37.49680798653014,0.000
					-72.6918220023716,-37.49724564674632,0.000
					-72.69157198531053,-37.49745369102758,0.000
				</coordinates>
			</LinearRing>
		</innerBoundaryIs>
	</Polygon>
</MultiGeometry>
</Placemark>

<Placemark>
<name>AV</name>
<description><![CDATA[<p><b>ZONA NOMBRE: </b> AV</p>
<p><b>ZONA GLOSA: </b>Área Verde</p>
<p><b>USOS PERMITIDOS: </b>Área Verde</p>
<p><b>USOS PROHIBIDOS: </b>Todos los usos de suelo no mencionados como permitidos.</p>]]></description>
<ExtendedData>
	<Data name="fid"><displayName>fid</displayName><value><![CDATA[97]]></value></Data>
	<Data name="ZONA_NOM"><displayName>ZONA_NOM</displayName><value><![CDATA[AV]]></value></Data>
	<Data name="ZONA_GLOSA"><displayName>ZONA_GLOSA</displayName><value><![CDATA[Área Verde]]></value></Data>
	<Data name="USOS_PERMITIDOS"><displayName>USOS_PERMITIDOS</displayName><value><![CDATA[Área Verde]]></value></Data>
	<Data name="USOS_PROHIBIDOS"><displayName>USOS_PROHIBIDOS</displayName><value><![CDATA[Todos los usos de suelo no mencionados como permitidos.]]></value></Data>
	<Data name="P_DO"><displayName>P_DO</displayName><value><![CDATA[13/07/2009]]></value></Data>
	<Data name="N_DOC"><displayName>N_DOC</displayName><value><![CDATA[15]]></value></Data>
	<Data name="T_DO"><displayName>T_DO</displayName><value><![CDATA[Resolución]]></value></Data>
	<Data name="color_"><displayName>color_</displayName><value><![CDATA[1,255,56,254]]></value></Data>
</ExtendedData>
<styleUrl>#style2</styleUrl>
<MultiGeometry>
	<Polygon>
		<outerBoundaryIs>
			<LinearRing>
				<tessellate>1</tessellate>
				<coordinates>
					-72.66095684105854,-37.509770822399965,0.000
					-72.66098168064437,-37.509979732753905,0.000
					-72.66127452782263,-37.50992595157328,0.000
					-72.6613376749186,-37.509840565918765,0.000
					-72.6613126056926,-37.509721014475424,0.000
					-72.66095684105854,-37.509770822399965,0.000
				</coordinates>
			</LinearRing>
		</outerBoundaryIs>
	</Polygon>
</MultiGeometry>
</Placemark>

<Placemark>
<name>AV</name>
<description><![CDATA[<p><b>ZONA NOMBRE: </b> AV</p>
<p><b>ZONA GLOSA: </b>Área Verde</p>
<p><b>USOS PERMITIDOS: </b>Área Verde</p>
<p><b>USOS PROHIBIDOS: </b>Todos los usos de suelo no mencionados como permitidos.</p>]]></description>
<ExtendedData>
	<Data name="fid"><displayName>fid</displayName><value><![CDATA[98]]></value></Data>
	<Data name="ZONA_NOM"><displayName>ZONA_NOM</displayName><value><![CDATA[AV]]></value></Data>
	<Data name="ZONA_GLOSA"><displayName>ZONA_GLOSA</displayName><value><![CDATA[Área Verde]]></value></Data>
	<Data name="USOS_PERMITIDOS"><displayName>USOS_PERMITIDOS</displayName><value><![CDATA[Área Verde]]></value></Data>
	<Data name="USOS_PROHIBIDOS"><displayName>USOS_PROHIBIDOS</displayName><value><![CDATA[Todos los usos de suelo no mencionados como permitidos.]]></value></Data>
	<Data name="P_DO"><displayName>P_DO</displayName><value><![CDATA[13/07/2009]]></value></Data>
	<Data name="N_DOC"><displayName>N_DOC</displayName><value><![CDATA[15]]></value></Data>
	<Data name="T_DO"><displayName>T_DO</displayName><value><![CDATA[Resolución]]></value></Data>
	<Data name="color_"><displayName>color_</displayName><value><![CDATA[1,255,56,254]]></value></Data>
</ExtendedData>
<styleUrl>#style2</styleUrl>
<MultiGeometry>
	<Polygon>
		<outerBoundaryIs>
			<LinearRing>
				<tessellate>1</tessellate>
				<coordinates>
					-72.66070087501015,-37.50980665851273,0.000
					-72.66075678311351,-37.51004630244424,0.000
					-72.66090053969712,-37.51000310832082,0.000
					-72.66086050156,-37.50978431033864,0.000
					-72.66070087501015,-37.50980665851273,0.000
				</coordinates>
			</LinearRing>
		</outerBoundaryIs>
	</Polygon>
</MultiGeometry>
</Placemark>

<Placemark>
<name>AV</name>
<description><![CDATA[<p><b>ZONA NOMBRE: </b> AV</p>
<p><b>ZONA GLOSA: </b>Área Verde</p>
<p><b>USOS PERMITIDOS: </b>Área Verde</p>
<p><b>USOS PROHIBIDOS: </b>Todos los usos de suelo no mencionados como permitidos.</p>]]></description>
<ExtendedData>
	<Data name="fid"><displayName>fid</displayName><value><![CDATA[99]]></value></Data>
	<Data name="ZONA_NOM"><displayName>ZONA_NOM</displayName><value><![CDATA[AV]]></value></Data>
	<Data name="ZONA_GLOSA"><displayName>ZONA_GLOSA</displayName><value><![CDATA[Área Verde]]></value></Data>
	<Data name="USOS_PERMITIDOS"><displayName>USOS_PERMITIDOS</displayName><value><![CDATA[Área Verde]]></value></Data>
	<Data name="USOS_PROHIBIDOS"><displayName>USOS_PROHIBIDOS</displayName><value><![CDATA[Todos los usos de suelo no mencionados como permitidos.]]></value></Data>
	<Data name="P_DO"><displayName>P_DO</displayName><value><![CDATA[13/07/2009]]></value></Data>
	<Data name="N_DOC"><displayName>N_DOC</displayName><value><![CDATA[15]]></value></Data>
	<Data name="T_DO"><displayName>T_DO</displayName><value><![CDATA[Resolución]]></value></Data>
	<Data name="color_"><displayName>color_</displayName><value><![CDATA[1,255,56,254]]></value></Data>
</ExtendedData>
<styleUrl>#style2</styleUrl>
<MultiGeometry>
	<Polygon>
		<outerBoundaryIs>
			<LinearRing>
				<tessellate>1</tessellate>
				<coordinates>
					-72.65944770083158,-37.50998209578661,0.000
					-72.6594998839643,-37.51019554376097,0.000
					-72.66060395765754,-37.51005700448408,0.000
					-72.66058779510115,-37.50982248913441,0.000
					-72.65944770083158,-37.50998209578661,0.000
				</coordinates>
			</LinearRing>
		</outerBoundaryIs>
	</Polygon>
</MultiGeometry>
</Placemark>

<Placemark>
<name>AV</name>
<description><![CDATA[<p><b>ZONA NOMBRE: </b> AV</p>
<p><b>ZONA GLOSA: </b>Área Verde</p>
<p><b>USOS PERMITIDOS: </b>Área Verde</p>
<p><b>USOS PROHIBIDOS: </b>Todos los usos de suelo no mencionados como permitidos.</p>]]></description>
<ExtendedData>
	<Data name="fid"><displayName>fid</displayName><value><![CDATA[100]]></value></Data>
	<Data name="ZONA_NOM"><displayName>ZONA_NOM</displayName><value><![CDATA[AV]]></value></Data>
	<Data name="ZONA_GLOSA"><displayName>ZONA_GLOSA</displayName><value><![CDATA[Área Verde]]></value></Data>
	<Data name="USOS_PERMITIDOS"><displayName>USOS_PERMITIDOS</displayName><value><![CDATA[Área Verde]]></value></Data>
	<Data name="USOS_PROHIBIDOS"><displayName>USOS_PROHIBIDOS</displayName><value><![CDATA[Todos los usos de suelo no mencionados como permitidos.]]></value></Data>
	<Data name="P_DO"><displayName>P_DO</displayName><value><![CDATA[13/07/2009]]></value></Data>
	<Data name="N_DOC"><displayName>N_DOC</displayName><value><![CDATA[15]]></value></Data>
	<Data name="T_DO"><displayName>T_DO</displayName><value><![CDATA[Resolución]]></value></Data>
	<Data name="color_"><displayName>color_</displayName><value><![CDATA[1,255,56,254]]></value></Data>
</ExtendedData>
<styleUrl>#style2</styleUrl>
<MultiGeometry>
	<Polygon>
		<outerBoundaryIs>
			<LinearRing>
				<tessellate>1</tessellate>
				<coordinates>
					-72.65856037065126,-37.51010630848523,0.000
					-72.65860610524344,-37.51035138704878,0.000
					-72.65868079682541,-37.510349070409966,0.000
					-72.65868380517597,-37.51033408003811,0.000
					-72.65871994128598,-37.51023165630495,0.000
					-72.65883508565673,-37.510138699770316,0.000
					-72.65893116559441,-37.51011486313037,0.000
					-72.65900585691352,-37.51011254629839,0.000
					-72.65909291540083,-37.5101336814524,0.000
					-72.6591697880991,-37.51017598893645,0.000
					-72.6592314319958,-37.5102128103179,0.000
					-72.65934691246929,-37.510203269474935,0.000
					-72.65930529550747,-37.51000203128398,0.000
					-72.65856037065126,-37.51010630848523,0.000
				</coordinates>
			</LinearRing>
		</outerBoundaryIs>
	</Polygon>
</MultiGeometry>
</Placemark>

<Placemark>
<name>AV</name>
<description><![CDATA[<p><b>ZONA NOMBRE: </b> AV</p>
<p><b>ZONA GLOSA: </b>Área Verde</p>
<p><b>USOS PERMITIDOS: </b>Área Verde</p>
<p><b>USOS PROHIBIDOS: </b>Todos los usos de suelo no mencionados como permitidos.</p>]]></description>
<ExtendedData>
	<Data name="fid"><displayName>fid</displayName><value><![CDATA[101]]></value></Data>
	<Data name="ZONA_NOM"><displayName>ZONA_NOM</displayName><value><![CDATA[AV]]></value></Data>
	<Data name="ZONA_GLOSA"><displayName>ZONA_GLOSA</displayName><value><![CDATA[Área Verde]]></value></Data>
	<Data name="USOS_PERMITIDOS"><displayName>USOS_PERMITIDOS</displayName><value><![CDATA[Área Verde]]></value></Data>
	<Data name="USOS_PROHIBIDOS"><displayName>USOS_PROHIBIDOS</displayName><value><![CDATA[Todos los usos de suelo no mencionados como permitidos.]]></value></Data>
	<Data name="P_DO"><displayName>P_DO</displayName><value><![CDATA[13/07/2009]]></value></Data>
	<Data name="N_DOC"><displayName>N_DOC</displayName><value><![CDATA[15]]></value></Data>
	<Data name="T_DO"><displayName>T_DO</displayName><value><![CDATA[Resolución]]></value></Data>
	<Data name="color_"><displayName>color_</displayName><value><![CDATA[1,255,56,254]]></value></Data>
</ExtendedData>
<styleUrl>#style2</styleUrl>
<MultiGeometry>
	<Polygon>
		<outerBoundaryIs>
			<LinearRing>
				<tessellate>1</tessellate>
				<coordinates>
					-72.6588198032161,-37.51028516879854,0.000
					-72.65881824907126,-37.51032990999557,0.000
					-72.65907477178222,-37.510298116451416,0.000
					-72.65907872148419,-37.51029815158788,0.000
					-72.659071863318,-37.51023861662082,0.000
					-72.6590369430693,-37.510212884937935,0.000
					-72.65897243755089,-37.51019402941243,0.000
					-72.65889803695318,-37.51020229567215,0.000
					-72.65885050531386,-37.51022462643668,0.000
					-72.6588198032161,-37.51028516879854,0.000
				</coordinates>
			</LinearRing>
		</outerBoundaryIs>
	</Polygon>
</MultiGeometry>
</Placemark>

<Placemark>
<name>AV</name>
<description><![CDATA[<p><b>ZONA NOMBRE: </b> AV</p>
<p><b>ZONA GLOSA: </b>Área Verde</p>
<p><b>USOS PERMITIDOS: </b>Área Verde</p>
<p><b>USOS PROHIBIDOS: </b>Todos los usos de suelo no mencionados como permitidos.</p>]]></description>
<ExtendedData>
	<Data name="fid"><displayName>fid</displayName><value><![CDATA[102]]></value></Data>
	<Data name="ZONA_NOM"><displayName>ZONA_NOM</displayName><value><![CDATA[AV]]></value></Data>
	<Data name="ZONA_GLOSA"><displayName>ZONA_GLOSA</displayName><value><![CDATA[Área Verde]]></value></Data>
	<Data name="USOS_PERMITIDOS"><displayName>USOS_PERMITIDOS</displayName><value><![CDATA[Área Verde]]></value></Data>
	<Data name="USOS_PROHIBIDOS"><displayName>USOS_PROHIBIDOS</displayName><value><![CDATA[Todos los usos de suelo no mencionados como permitidos.]]></value></Data>
	<Data name="P_DO"><displayName>P_DO</displayName><value><![CDATA[13/07/2009]]></value></Data>
	<Data name="N_DOC"><displayName>N_DOC</displayName><value><![CDATA[15]]></value></Data>
	<Data name="T_DO"><displayName>T_DO</displayName><value><![CDATA[Resolución]]></value></Data>
	<Data name="color_"><displayName>color_</displayName><value><![CDATA[1,255,56,254]]></value></Data>
</ExtendedData>
<styleUrl>#style2</styleUrl>
<MultiGeometry>
	<Polygon>
		<outerBoundaryIs>
			<LinearRing>
				<tessellate>1</tessellate>
				<coordinates>
					-72.65641733339784,-37.510406273113546,0.000
					-72.6564461502313,-37.510543499413444,0.000
					-72.65647733555556,-37.510569347655476,0.000
					-72.65657860559132,-37.51057514707634,0.000
					-72.65854562588362,-37.51033836578141,0.000
					-72.65851210830807,-37.510113064723114,0.000
					-72.65641733339784,-37.510406273113546,0.000
				</coordinates>
			</LinearRing>
		</outerBoundaryIs>
	</Polygon>
</MultiGeometry>
</Placemark>

<Placemark>
<name>AV</name>
<description><![CDATA[<p><b>ZONA NOMBRE: </b> AV</p>
<p><b>ZONA GLOSA: </b>Área Verde</p>
<p><b>USOS PERMITIDOS: </b>Área Verde</p>
<p><b>USOS PROHIBIDOS: </b>Todos los usos de suelo no mencionados como permitidos.</p>]]></description>
<ExtendedData>
	<Data name="fid"><displayName>fid</displayName><value><![CDATA[103]]></value></Data>
	<Data name="ZONA_NOM"><displayName>ZONA_NOM</displayName><value><![CDATA[AV]]></value></Data>
	<Data name="ZONA_GLOSA"><displayName>ZONA_GLOSA</displayName><value><![CDATA[Área Verde]]></value></Data>
	<Data name="USOS_PERMITIDOS"><displayName>USOS_PERMITIDOS</displayName><value><![CDATA[Área Verde]]></value></Data>
	<Data name="USOS_PROHIBIDOS"><displayName>USOS_PROHIBIDOS</displayName><value><![CDATA[Todos los usos de suelo no mencionados como permitidos.]]></value></Data>
	<Data name="P_DO"><displayName>P_DO</displayName><value><![CDATA[13/07/2009]]></value></Data>
	<Data name="N_DOC"><displayName>N_DOC</displayName><value><![CDATA[15]]></value></Data>
	<Data name="T_DO"><displayName>T_DO</displayName><value><![CDATA[Resolución]]></value></Data>
	<Data name="color_"><displayName>color_</displayName><value><![CDATA[1,255,56,254]]></value></Data>
</ExtendedData>
<styleUrl>#style2</styleUrl>
<MultiGeometry>
	<Polygon>
		<outerBoundaryIs>
			<LinearRing>
				<tessellate>1</tessellate>
				<coordinates>
					-72.65560261049548,-37.51065604899007,0.000
					-72.65556070047649,-37.51071693789503,0.000
					-72.65599804194835,-37.51063485608209,0.000
					-72.65631834616461,-37.510607051038825,0.000
					-72.6563184475174,-37.51053255982686,0.000
					-72.65629252339251,-37.510480181292436,0.000
					-72.65565039081322,-37.51056220385804,0.000
					-72.65560188408027,-37.510641174425395,0.000
					-72.65560261049548,-37.51065604899007,0.000
				</coordinates>
			</LinearRing>
		</outerBoundaryIs>
	</Polygon>
</MultiGeometry>
</Placemark>

<Placemark>
<name>AV</name>
<description><![CDATA[<p><b>ZONA NOMBRE: </b> AV</p>
<p><b>ZONA GLOSA: </b>Área Verde</p>
<p><b>USOS PERMITIDOS: </b>Área Verde</p>
<p><b>USOS PROHIBIDOS: </b>Todos los usos de suelo no mencionados como permitidos.</p>]]></description>
<ExtendedData>
	<Data name="fid"><displayName>fid</displayName><value><![CDATA[104]]></value></Data>
	<Data name="ZONA_NOM"><displayName>ZONA_NOM</displayName><value><![CDATA[AV]]></value></Data>
	<Data name="ZONA_GLOSA"><displayName>ZONA_GLOSA</displayName><value><![CDATA[Área Verde]]></value></Data>
	<Data name="USOS_PERMITIDOS"><displayName>USOS_PERMITIDOS</displayName><value><![CDATA[Área Verde]]></value></Data>
	<Data name="USOS_PROHIBIDOS"><displayName>USOS_PROHIBIDOS</displayName><value><![CDATA[Todos los usos de suelo no mencionados como permitidos.]]></value></Data>
	<Data name="P_DO"><displayName>P_DO</displayName><value><![CDATA[13/07/2009]]></value></Data>
	<Data name="N_DOC"><displayName>N_DOC</displayName><value><![CDATA[15]]></value></Data>
	<Data name="T_DO"><displayName>T_DO</displayName><value><![CDATA[Resolución]]></value></Data>
	<Data name="color_"><displayName>color_</displayName><value><![CDATA[1,255,56,254]]></value></Data>
</ExtendedData>
<styleUrl>#style2</styleUrl>
<MultiGeometry>
	<Polygon>
		<outerBoundaryIs>
			<LinearRing>
				<tessellate>1</tessellate>
				<coordinates>
					-72.65690483183327,-37.505017171748456,0.000
					-72.65690530756032,-37.50501758131916,0.000
					-72.65696670692591,-37.50500612402334,0.000
					-72.6573189189263,-37.50494040112954,0.000
					-72.65748623670653,-37.50489549528329,0.000
					-72.6573021611911,-37.50487298834031,0.000
					-72.65688436638656,-37.504864487690895,0.000
					-72.65687720050583,-37.5049934250658,0.000
					-72.65690483183327,-37.505017171748456,0.000
				</coordinates>
			</LinearRing>
		</outerBoundaryIs>
	</Polygon>
</MultiGeometry>
</Placemark>

<Placemark>
<name>AV</name>
<description><![CDATA[<p><b>ZONA NOMBRE: </b> AV</p>
<p><b>ZONA GLOSA: </b>Área Verde</p>
<p><b>USOS PERMITIDOS: </b>Área Verde</p>
<p><b>USOS PROHIBIDOS: </b>Todos los usos de suelo no mencionados como permitidos.</p>]]></description>
<ExtendedData>
	<Data name="fid"><displayName>fid</displayName><value><![CDATA[105]]></value></Data>
	<Data name="ZONA_NOM"><displayName>ZONA_NOM</displayName><value><![CDATA[AV]]></value></Data>
	<Data name="ZONA_GLOSA"><displayName>ZONA_GLOSA</displayName><value><![CDATA[Área Verde]]></value></Data>
	<Data name="USOS_PERMITIDOS"><displayName>USOS_PERMITIDOS</displayName><value><![CDATA[Área Verde]]></value></Data>
	<Data name="USOS_PROHIBIDOS"><displayName>USOS_PROHIBIDOS</displayName><value><![CDATA[Todos los usos de suelo no mencionados como permitidos.]]></value></Data>
	<Data name="P_DO"><displayName>P_DO</displayName><value><![CDATA[13/07/2009]]></value></Data>
	<Data name="N_DOC"><displayName>N_DOC</displayName><value><![CDATA[15]]></value></Data>
	<Data name="T_DO"><displayName>T_DO</displayName><value><![CDATA[Resolución]]></value></Data>
	<Data name="color_"><displayName>color_</displayName><value><![CDATA[1,255,56,254]]></value></Data>
</ExtendedData>
<styleUrl>#style2</styleUrl>
<MultiGeometry>
	<Polygon>
		<outerBoundaryIs>
			<LinearRing>
				<tessellate>1</tessellate>
				<coordinates>
					-72.65690246753383,-37.5050175936847,0.000
					-72.6567706973996,-37.505018178501594,0.000
					-72.65669952168054,-37.5050311107988,0.000
					-72.65646580311729,-37.50502405378433,0.000
					-72.65645771196077,-37.505042181795986,0.000
					-72.65649943765318,-37.50506949164891,0.000
					-72.65656269781476,-37.505078257670384,0.000
					-72.65690246753383,-37.5050175936847,0.000
				</coordinates>
			</LinearRing>
		</outerBoundaryIs>
	</Polygon>
</MultiGeometry>
</Placemark>

<Placemark>
<name>ZMC</name>
<description><![CDATA[<p><b>ZONA NOMBRE: </b> ZMC</p>
<p><b>ZONA GLOSA: </b>Zona Microcentro</p>
<p><b>USOS PERMITIDOS: </b>Residencial; Equipamiento científico, comercio, culto y cultura, deporte, educación, esparcimiento, salud, seguridad, servicios y social; Actividades productivas inofensivas (panaderías). Más detalle en Ordenanza.</p>
<p><b>USOS PROHIBIDOS: </b>Residencial; Equipamiento científico, comercio, culto y cultura, deporte, educación, esparcimiento, salud, seguridad, servicios y social; Actividades productivas inofensivas (panaderías). Más detalle en Ordenanza.</p>]]></description>
<ExtendedData>
	<Data name="fid"><displayName>fid</displayName><value><![CDATA[106]]></value></Data>
	<Data name="ZONA_NOM"><displayName>ZONA_NOM</displayName><value><![CDATA[ZMC]]></value></Data>
	<Data name="ZONA_GLOSA"><displayName>ZONA_GLOSA</displayName><value><![CDATA[Zona Microcentro]]></value></Data>
	<Data name="USOS_PERMITIDOS"><displayName>USOS_PERMITIDOS</displayName><value><![CDATA[Residencial; Equipamiento científico, comercio, culto y cultura, deporte, educación, esparcimiento, salud, seguridad, servicios y social; Actividades productivas inofensivas (panaderías). Más detalle en Ordenanza.]]></value></Data>
	<Data name="USOS_PROHIBIDOS"><displayName>USOS_PROHIBIDOS</displayName><value><![CDATA[Residencial; Equipamiento científico, comercio, culto y cultura, deporte, educación, esparcimiento, salud, seguridad, servicios y social; Actividades productivas inofensivas (panaderías). Más detalle en Ordenanza.]]></value></Data>
	<Data name="P_DO"><displayName>P_DO</displayName><value><![CDATA[13/07/2009]]></value></Data>
	<Data name="N_DOC"><displayName>N_DOC</displayName><value><![CDATA[15]]></value></Data>
	<Data name="T_DO"><displayName>T_DO</displayName><value><![CDATA[Resolución]]></value></Data>
	<Data name="color_"><displayName>color_</displayName><value><![CDATA[255,63,0,254]]></value></Data>
</ExtendedData>
<styleUrl>#style15</styleUrl>
<MultiGeometry>
	<Polygon>
		<outerBoundaryIs>
			<LinearRing>
				<tessellate>1</tessellate>
				<coordinates>
					-72.68428822305478,-37.49509487530694,0.000
					-72.6844538472033,-37.495054881034285,0.000
					-72.68484647143,-37.49505453606597,0.000
					-72.68522386816713,-37.49504870612821,0.000
					-72.68547490463082,-37.495058741167284,0.000
					-72.68558936900374,-37.49503039825041,0.000
					-72.68598892030765,-37.49451736148297,0.000
					-72.6852413670208,-37.49440246819851,0.000
					-72.68460532584251,-37.4943651288914,0.000
					-72.68428822305478,-37.49509487530694,0.000
				</coordinates>
			</LinearRing>
		</outerBoundaryIs>
	</Polygon>
</MultiGeometry>
</Placemark>

<Placemark>
<name>ZAM</name>
<description><![CDATA[<p><b>ZONA NOMBRE: </b> ZAM</p>
<p><b>ZONA GLOSA: </b>Zona Amortiguador Ambiental</p>
<p><b>USOS PERMITIDOS: </b>Se restringe el uso de cualquier actividad en esta zona.</p>
<p><b>USOS PROHIBIDOS: </b>Todos los usos de suelo no mencionados como permitidos.</p>]]></description>
<ExtendedData>
	<Data name="fid"><displayName>fid</displayName><value><![CDATA[107]]></value></Data>
	<Data name="ZONA_NOM"><displayName>ZONA_NOM</displayName><value><![CDATA[ZAM]]></value></Data>
	<Data name="ZONA_GLOSA"><displayName>ZONA_GLOSA</displayName><value><![CDATA[Zona Amortiguador Ambiental]]></value></Data>
	<Data name="USOS_PERMITIDOS"><displayName>USOS_PERMITIDOS</displayName><value><![CDATA[Se restringe el uso de cualquier actividad en esta zona.]]></value></Data>
	<Data name="USOS_PROHIBIDOS"><displayName>USOS_PROHIBIDOS</displayName><value><![CDATA[Todos los usos de suelo no mencionados como permitidos.]]></value></Data>
	<Data name="P_DO"><displayName>P_DO</displayName><value><![CDATA[13/07/2009]]></value></Data>
	<Data name="N_DOC"><displayName>N_DOC</displayName><value><![CDATA[15]]></value></Data>
	<Data name="T_DO"><displayName>T_DO</displayName><value><![CDATA[Resolución]]></value></Data>
	<Data name="color_"><displayName>color_</displayName><value><![CDATA[255,159,127,254]]></value></Data>
</ExtendedData>
<styleUrl>#style3</styleUrl>
<MultiGeometry>
	<Polygon>
		<outerBoundaryIs>
			<LinearRing>
				<tessellate>1</tessellate>
				<coordinates>
					-72.66127452782263,-37.50992595157328,0.000
					-72.66098168064437,-37.509979732753905,0.000
					-72.66095684105854,-37.509770822399965,0.000
					-72.66086050156,-37.50978431033864,0.000
					-72.66090053969712,-37.51000310832082,0.000
					-72.66075678311351,-37.51004630244424,0.000
					-72.66070087501015,-37.50980665851273,0.000
					-72.66058779510115,-37.50982248913441,0.000
					-72.66060395765754,-37.51005700448408,0.000
					-72.6594998839643,-37.51019554376097,0.000
					-72.65944770083158,-37.50998209578661,0.000
					-72.65930529550747,-37.51000203128398,0.000
					-72.65934691246929,-37.510203269474935,0.000
					-72.6592314319958,-37.5102128103179,0.000
					-72.6591697880991,-37.51017598893645,0.000
					-72.65909291540083,-37.5101336814524,0.000
					-72.65900585691352,-37.51011254629839,0.000
					-72.65893116559441,-37.51011486313037,0.000
					-72.65883508565673,-37.510138699770316,0.000
					-72.65871994128598,-37.51023165630495,0.000
					-72.65868380517597,-37.51033408003811,0.000
					-72.65868079682541,-37.510349070409966,0.000
					-72.65860610524344,-37.51035138704878,0.000
					-72.65856037065126,-37.51010630848523,0.000
					-72.65851210830807,-37.510113064723114,0.000
					-72.65854562588362,-37.51033836578141,0.000
					-72.65657860559132,-37.51057514707634,0.000
					-72.65647733555556,-37.510569347655476,0.000
					-72.6564461502313,-37.510543499413444,0.000
					-72.65641733339784,-37.510406273113546,0.000
					-72.65090932283594,-37.51117704994426,0.000
					-72.6501338285706,-37.51126821694269,0.000
					-72.64958834287161,-37.51133234140743,0.000
					-72.64939257923511,-37.51137593088973,0.000
					-72.64924841231158,-37.51140803117646,0.000
					-72.64909104475142,-37.51144307025133,0.000
					-72.64889059011693,-37.511506810973955,0.000
					-72.64836029381624,-37.51167543156122,0.000
					-72.64813496456094,-37.51176739497018,0.000
					-72.64803169856374,-37.511809541303144,0.000
					-72.64756479070405,-37.512052806936644,0.000
					-72.64639205233641,-37.51279461299793,0.000
					-72.6423231804333,-37.51551369183648,0.000
					-72.63844431844286,-37.518207704336476,0.000
					-72.63382837186288,-37.521601558415185,0.000
					-72.63330306214434,-37.52198775924793,0.000
					-72.63329796421162,-37.521991507241054,0.000
					-72.63329880324441,-37.521992201208505,0.000
					-72.6332976425157,-37.52199333785391,0.000
					-72.63235814426397,-37.52283353884229,0.000
					-72.63285780717239,-37.52294495608056,0.000
					-72.63382234560238,-37.523125613024376,0.000
					-72.63489900329041,-37.52220866099597,0.000
					-72.63729633954587,-37.52030414166119,0.000
					-72.64304484098083,-37.51617947412328,0.000
					-72.64538490463184,-37.514581667718794,0.000
					-72.64697807846197,-37.51337875413105,0.000
					-72.64776153655157,-37.5127538598651,0.000
					-72.64844391640875,-37.51226556905898,0.000
					-72.64886208941645,-37.512004739294845,0.000
					-72.64955466789554,-37.5117258835239,0.000
					-72.65039622316148,-37.5115568273753,0.000
					-72.65614200223911,-37.510835414489435,0.000
					-72.66241111943675,-37.51005500960408,0.000
					-72.66253481901192,-37.51003960784649,0.000
					-72.66520557053428,-37.50967777255297,0.000
					-72.66711801838133,-37.50950392085626,0.000
					-72.66698960987088,-37.50926478647552,0.000
					-72.66687331318408,-37.50908963193184,0.000
					-72.66687013150887,-37.509024678849066,0.000
					-72.66260281211055,-37.509556148917305,0.000
					-72.66253720282909,-37.50956431836387,0.000
					-72.66248609036785,-37.50957068363897,0.000
					-72.66158431384524,-37.50968297310785,0.000
					-72.6613126056926,-37.509721014475424,0.000
					-72.6613376749186,-37.509840565918765,0.000
					-72.66127452782263,-37.50992595157328,0.000
				</coordinates>
			</LinearRing>
		</outerBoundaryIs>
		<innerBoundaryIs>
			<LinearRing>
				<tessellate>1</tessellate>
				<coordinates>
					-72.659071863318,-37.51023861662082,0.000
					-72.65907872148419,-37.51029815158788,0.000
					-72.65907477178222,-37.510298116451416,0.000
					-72.65881824907126,-37.51032990999557,0.000
					-72.6588198032161,-37.51028516879854,0.000
					-72.65885050531386,-37.51022462643668,0.000
					-72.65889803695318,-37.51020229567215,0.000
					-72.65897243755089,-37.51019402941243,0.000
					-72.6590369430693,-37.510212884937935,0.000
					-72.659071863318,-37.51023861662082,0.000
				</coordinates>
			</LinearRing>
		</innerBoundaryIs>
		<innerBoundaryIs>
			<LinearRing>
				<tessellate>1</tessellate>
				<coordinates>
					-72.65599804194835,-37.51063485608209,0.000
					-72.65556070047649,-37.51071693789503,0.000
					-72.65560261049548,-37.51065604899007,0.000
					-72.65560188408027,-37.510641174425395,0.000
					-72.65565039081322,-37.51056220385804,0.000
					-72.65629252339251,-37.510480181292436,0.000
					-72.6563184475174,-37.51053255982686,0.000
					-72.65631834616461,-37.510607051038825,0.000
					-72.65599804194835,-37.51063485608209,0.000
				</coordinates>
			</LinearRing>
		</innerBoundaryIs>
	</Polygon>
</MultiGeometry>
</Placemark>

<Placemark>
<name>ZEP</name>
<description><![CDATA[<p><b>ZONA NOMBRE: </b> ZEP</p>
<p><b>ZONA GLOSA: </b>Zona Espacio Público</p>
<p><b>USOS PERMITIDOS: </b>Áreas verdes público o privada.</p>
<p><b>USOS PROHIBIDOS: </b>Todos los usos de suelo no mencionados como permitidos.</p>]]></description>
<ExtendedData>
	<Data name="fid"><displayName>fid</displayName><value><![CDATA[108]]></value></Data>
	<Data name="ZONA_NOM"><displayName>ZONA_NOM</displayName><value><![CDATA[ZEP]]></value></Data>
	<Data name="ZONA_GLOSA"><displayName>ZONA_GLOSA</displayName><value><![CDATA[Zona Espacio Público]]></value></Data>
	<Data name="USOS_PERMITIDOS"><displayName>USOS_PERMITIDOS</displayName><value><![CDATA[Áreas verdes público o privada.]]></value></Data>
	<Data name="USOS_PROHIBIDOS"><displayName>USOS_PROHIBIDOS</displayName><value><![CDATA[Todos los usos de suelo no mencionados como permitidos.]]></value></Data>
	<Data name="P_DO"><displayName>P_DO</displayName><value><![CDATA[13/07/2009]]></value></Data>
	<Data name="N_DOC"><displayName>N_DOC</displayName><value><![CDATA[15]]></value></Data>
	<Data name="T_DO"><displayName>T_DO</displayName><value><![CDATA[Resolución]]></value></Data>
	<Data name="color_"><displayName>color_</displayName><value><![CDATA[157,103,147,254]]></value></Data>
</ExtendedData>
<styleUrl>#style9</styleUrl>
<MultiGeometry>
	<Polygon>
		<outerBoundaryIs>
			<LinearRing>
				<tessellate>1</tessellate>
				<coordinates>
					-72.66798465172417,-37.50285161828023,0.000
					-72.66799445637393,-37.50271765991988,0.000
					-72.66771127884822,-37.50197563171072,0.000
					-72.66762394904849,-37.50129198939823,0.000
					-72.66759381228725,-37.50129862263794,0.000
					-72.66736492084364,-37.50135936915169,0.000
					-72.667204991858,-37.501453725799294,0.000
					-72.66706571901128,-37.50151168670189,0.000
					-72.66679008510637,-37.50168710568523,0.000
					-72.66663000405786,-37.50182457007106,0.000
					-72.66645705969658,-37.50195865933293,0.000
					-72.66632916323644,-37.50218788450532,0.000
					-72.6663228864117,-37.502334670772456,0.000
					-72.66630939738234,-37.50251743552923,0.000
					-72.66632401618178,-37.50272435421747,0.000
					-72.66641799701688,-37.502877737858356,0.000
					-72.666476932274,-37.50287433679289,0.000
					-72.66661759220524,-37.502905718364616,0.000
					-72.6667797822855,-37.502918554275865,0.000
					-72.66691508697606,-37.50293222567728,0.000
					-72.66711603279114,-37.50291167770263,0.000
					-72.66731179777842,-37.5028769888939,0.000
					-72.66758461509748,-37.50285778050127,0.000
					-72.66786226219014,-37.502845573436204,0.000
					-72.66798465172417,-37.50285161828023,0.000
				</coordinates>
			</LinearRing>
		</outerBoundaryIs>
	</Polygon>
</MultiGeometry>
</Placemark>

<Placemark>
<name>ZEP</name>
<description><![CDATA[<p><b>ZONA NOMBRE: </b> ZEP</p>
<p><b>ZONA GLOSA: </b>Zona Espacio Público</p>
<p><b>USOS PERMITIDOS: </b>Equipamiento de culto y cultura, sólo biblioteca (en el terreno denominado Plazoleta Bernardo Leigthon, según plano E1-PRCN)</p>
<p><b>USOS PROHIBIDOS: </b>Todos los usos de suelo no mencionados como permitidos.</p>]]></description>
<ExtendedData>
	<Data name="fid"><displayName>fid</displayName><value><![CDATA[109]]></value></Data>
	<Data name="ZONA_NOM"><displayName>ZONA_NOM</displayName><value><![CDATA[ZEP]]></value></Data>
	<Data name="ZONA_GLOSA"><displayName>ZONA_GLOSA</displayName><value><![CDATA[Zona Espacio Público]]></value></Data>
	<Data name="USOS_PERMITIDOS"><displayName>USOS_PERMITIDOS</displayName><value><![CDATA[Equipamiento de culto y cultura, sólo biblioteca (en el terreno denominado Plazoleta Bernardo Leigthon, según plano E1-PRCN)]]></value></Data>
	<Data name="USOS_PROHIBIDOS"><displayName>USOS_PROHIBIDOS</displayName><value><![CDATA[Todos los usos de suelo no mencionados como permitidos.]]></value></Data>
	<Data name="P_DO"><displayName>P_DO</displayName><value><![CDATA[13/07/2009]]></value></Data>
	<Data name="N_DOC"><displayName>N_DOC</displayName><value><![CDATA[15]]></value></Data>
	<Data name="T_DO"><displayName>T_DO</displayName><value><![CDATA[Resolución]]></value></Data>
	<Data name="color_"><displayName>color_</displayName><value><![CDATA[157,103,147,254]]></value></Data>
</ExtendedData>
<styleUrl>#style9</styleUrl>
<MultiGeometry>
	<Polygon>
		<outerBoundaryIs>
			<LinearRing>
				<tessellate>1</tessellate>
				<coordinates>
					-72.67267457481034,-37.50216245405736,0.000
					-72.67278219872695,-37.50214903868007,0.000
					-72.6734083328633,-37.5020685288711,0.000
					-72.67331173313657,-37.50163452448324,0.000
					-72.67271457135294,-37.50165907688955,0.000
					-72.67252331770047,-37.50172462093808,0.000
					-72.67267457481034,-37.50216245405736,0.000
				</coordinates>
			</LinearRing>
		</outerBoundaryIs>
	</Polygon>
</MultiGeometry>
</Placemark>

<Placemark>
<name>ZED</name>
<description><![CDATA[<p><b>ZONA NOMBRE: </b> ZED</p>
<p><b>ZONA GLOSA: </b>Zona Equipamiento Deportivo</p>
<p><b>USOS PERMITIDOS: </b>Equipamiento deportivo y educacional.</p>
<p><b>USOS PROHIBIDOS: </b>Todos los usos de suelo no mencionados como permitidos.</p>]]></description>
<ExtendedData>
	<Data name="fid"><displayName>fid</displayName><value><![CDATA[110]]></value></Data>
	<Data name="ZONA_NOM"><displayName>ZONA_NOM</displayName><value><![CDATA[ZED]]></value></Data>
	<Data name="ZONA_GLOSA"><displayName>ZONA_GLOSA</displayName><value><![CDATA[Zona Equipamiento Deportivo]]></value></Data>
	<Data name="USOS_PERMITIDOS"><displayName>USOS_PERMITIDOS</displayName><value><![CDATA[Equipamiento deportivo y educacional.]]></value></Data>
	<Data name="USOS_PROHIBIDOS"><displayName>USOS_PROHIBIDOS</displayName><value><![CDATA[Todos los usos de suelo no mencionados como permitidos.]]></value></Data>
	<Data name="P_DO"><displayName>P_DO</displayName><value><![CDATA[13/07/2009]]></value></Data>
	<Data name="N_DOC"><displayName>N_DOC</displayName><value><![CDATA[15]]></value></Data>
	<Data name="T_DO"><displayName>T_DO</displayName><value><![CDATA[Resolución]]></value></Data>
	<Data name="color_"><displayName>color_</displayName><value><![CDATA[191,255,0,254]]></value></Data>
</ExtendedData>
<styleUrl>#style8</styleUrl>
<MultiGeometry>
	<Polygon>
		<outerBoundaryIs>
			<LinearRing>
				<tessellate>1</tessellate>
				<coordinates>
					-72.6689988497438,-37.50701532741385,0.000
					-72.66975888931006,-37.50677239481943,0.000
					-72.66959496923319,-37.505747781630895,0.000
					-72.66871527470835,-37.505982322865364,0.000
					-72.6689988497438,-37.50701532741385,0.000
				</coordinates>
			</LinearRing>
		</outerBoundaryIs>
	</Polygon>
</MultiGeometry>
</Placemark>

<Placemark>
<name>ZMC</name>
<description><![CDATA[<p><b>ZONA NOMBRE: </b> ZMC</p>
<p><b>ZONA GLOSA: </b>Zona Microcentro</p>
<p><b>USOS PERMITIDOS: </b>Residencial; Equipamiento científico, comercio, culto y cultura, deporte, educación, esparcimiento, salud, seguridad, servicios y social; Actividades productivas inofensivas (panaderías). Más detalle en Ordenanza.</p>
<p><b>USOS PROHIBIDOS: </b>Residencial; Equipamiento científico, comercio, culto y cultura, deporte, educación, esparcimiento, salud, seguridad, servicios y social; Actividades productivas inofensivas (panaderías). Más detalle en Ordenanza.</p>]]></description>
<ExtendedData>
	<Data name="fid"><displayName>fid</displayName><value><![CDATA[111]]></value></Data>
	<Data name="ZONA_NOM"><displayName>ZONA_NOM</displayName><value><![CDATA[ZMC]]></value></Data>
	<Data name="ZONA_GLOSA"><displayName>ZONA_GLOSA</displayName><value><![CDATA[Zona Microcentro]]></value></Data>
	<Data name="USOS_PERMITIDOS"><displayName>USOS_PERMITIDOS</displayName><value><![CDATA[Residencial; Equipamiento científico, comercio, culto y cultura, deporte, educación, esparcimiento, salud, seguridad, servicios y social; Actividades productivas inofensivas (panaderías). Más detalle en Ordenanza.]]></value></Data>
	<Data name="USOS_PROHIBIDOS"><displayName>USOS_PROHIBIDOS</displayName><value><![CDATA[Residencial; Equipamiento científico, comercio, culto y cultura, deporte, educación, esparcimiento, salud, seguridad, servicios y social; Actividades productivas inofensivas (panaderías). Más detalle en Ordenanza.]]></value></Data>
	<Data name="P_DO"><displayName>P_DO</displayName><value><![CDATA[13/07/2009]]></value></Data>
	<Data name="N_DOC"><displayName>N_DOC</displayName><value><![CDATA[15]]></value></Data>
	<Data name="T_DO"><displayName>T_DO</displayName><value><![CDATA[Resolución]]></value></Data>
	<Data name="color_"><displayName>color_</displayName><value><![CDATA[255,63,0,254]]></value></Data>
</ExtendedData>
<styleUrl>#style15</styleUrl>
<MultiGeometry>
	<Polygon>
		<outerBoundaryIs>
			<LinearRing>
				<tessellate>1</tessellate>
				<coordinates>
					-72.66871527470835,-37.505982322865364,0.000
					-72.66959496923319,-37.505747781630895,0.000
					-72.66952299351989,-37.505622259899745,0.000
					-72.6694595117592,-37.50554795944314,0.000
					-72.66941946333547,-37.50546339596791,0.000
					-72.66933464934101,-37.505442197682704,0.000
					-72.66927854171784,-37.50539627082452,0.000
					-72.66922406826643,-37.505383663670244,0.000
					-72.66918104097032,-37.504994092909016,0.000
					-72.66892107629987,-37.505089940063314,0.000
					-72.6681293989064,-37.50541966003187,0.000
					-72.66825262713495,-37.50549210335679,0.000
					-72.66857909148628,-37.50568217266017,0.000
					-72.66870278817973,-37.50576413498488,0.000
					-72.66874493532946,-37.50589153897187,0.000
					-72.66871527470835,-37.505982322865364,0.000
				</coordinates>
			</LinearRing>
		</outerBoundaryIs>
	</Polygon>
</MultiGeometry>
</Placemark>

<Placemark>
<name>AV</name>
<description><![CDATA[<p><b>ZONA NOMBRE: </b> AV</p>
<p><b>ZONA GLOSA: </b>Área Verde</p>
<p><b>USOS PERMITIDOS: </b>Área Verde</p>
<p><b>USOS PROHIBIDOS: </b>Todos los usos de suelo no mencionados como permitidos.</p>]]></description>
<ExtendedData>
	<Data name="fid"><displayName>fid</displayName><value><![CDATA[112]]></value></Data>
	<Data name="ZONA_NOM"><displayName>ZONA_NOM</displayName><value><![CDATA[AV]]></value></Data>
	<Data name="ZONA_GLOSA"><displayName>ZONA_GLOSA</displayName><value><![CDATA[Área Verde]]></value></Data>
	<Data name="USOS_PERMITIDOS"><displayName>USOS_PERMITIDOS</displayName><value><![CDATA[Área Verde]]></value></Data>
	<Data name="USOS_PROHIBIDOS"><displayName>USOS_PROHIBIDOS</displayName><value><![CDATA[Todos los usos de suelo no mencionados como permitidos.]]></value></Data>
	<Data name="P_DO"><displayName>P_DO</displayName><value><![CDATA[13/07/2009]]></value></Data>
	<Data name="N_DOC"><displayName>N_DOC</displayName><value><![CDATA[15]]></value></Data>
	<Data name="T_DO"><displayName>T_DO</displayName><value><![CDATA[Resolución]]></value></Data>
	<Data name="color_"><displayName>color_</displayName><value><![CDATA[1,255,56,254]]></value></Data>
</ExtendedData>
<styleUrl>#style2</styleUrl>
<MultiGeometry>
	<Polygon>
		<outerBoundaryIs>
			<LinearRing>
				<tessellate>1</tessellate>
				<coordinates>
					-72.68296202852521,-37.50444796820302,0.000
					-72.68297098469873,-37.504664378375374,0.000
					-72.68300964266074,-37.504720377358296,0.000
					-72.68308391473361,-37.50477049691889,0.000
					-72.68330147411525,-37.504449070491894,0.000
					-72.6835284035627,-37.50407491263319,0.000
					-72.68369816154251,-37.50375497905897,0.000
					-72.68379516602262,-37.50353742670188,0.000
					-72.68416771409159,-37.50283932017938,0.000
					-72.6843211816934,-37.502553264071295,0.000
					-72.68438174932355,-37.50244649456622,0.000
					-72.6843251681751,-37.50239105579865,0.000
					-72.684229341492,-37.50238928116585,0.000
					-72.68412076899591,-37.50238036503998,0.000
					-72.68410516127474,-37.5024108923451,0.000
					-72.68337166471245,-37.503678028358095,0.000
					-72.68296202852521,-37.50444796820302,0.000
				</coordinates>
			</LinearRing>
		</outerBoundaryIs>
	</Polygon>
</MultiGeometry>
</Placemark>

<Placemark>
<name>AV</name>
<description><![CDATA[<p><b>ZONA NOMBRE: </b> AV</p>
<p><b>ZONA GLOSA: </b>Área Verde</p>
<p><b>USOS PERMITIDOS: </b>Área Verde</p>
<p><b>USOS PROHIBIDOS: </b>Todos los usos de suelo no mencionados como permitidos.</p>]]></description>
<ExtendedData>
	<Data name="fid"><displayName>fid</displayName><value><![CDATA[113]]></value></Data>
	<Data name="ZONA_NOM"><displayName>ZONA_NOM</displayName><value><![CDATA[AV]]></value></Data>
	<Data name="ZONA_GLOSA"><displayName>ZONA_GLOSA</displayName><value><![CDATA[Área Verde]]></value></Data>
	<Data name="USOS_PERMITIDOS"><displayName>USOS_PERMITIDOS</displayName><value><![CDATA[Área Verde]]></value></Data>
	<Data name="USOS_PROHIBIDOS"><displayName>USOS_PROHIBIDOS</displayName><value><![CDATA[Todos los usos de suelo no mencionados como permitidos.]]></value></Data>
	<Data name="P_DO"><displayName>P_DO</displayName><value><![CDATA[13/07/2009]]></value></Data>
	<Data name="N_DOC"><displayName>N_DOC</displayName><value><![CDATA[15]]></value></Data>
	<Data name="T_DO"><displayName>T_DO</displayName><value><![CDATA[Resolución]]></value></Data>
	<Data name="color_"><displayName>color_</displayName><value><![CDATA[1,255,56,254]]></value></Data>
</ExtendedData>
<styleUrl>#style2</styleUrl>
<MultiGeometry>
	<Polygon>
		<outerBoundaryIs>
			<LinearRing>
				<tessellate>1</tessellate>
				<coordinates>
					-72.68428003010871,-37.50228606161406,0.000
					-72.68441057936603,-37.5023124943988,0.000
					-72.68444888429401,-37.50229684429184,0.000
					-72.68443719580637,-37.50226971177561,0.000
					-72.68440251998332,-37.50224600616531,0.000
					-72.68433017025613,-37.50223491746996,0.000
					-72.68425350977427,-37.50223349828327,0.000
					-72.68424479335512,-37.50225093228876,0.000
					-72.68428003010871,-37.50228606161406,0.000
				</coordinates>
			</LinearRing>
		</outerBoundaryIs>
	</Polygon>
</MultiGeometry>
</Placemark>

<Placemark>
<name>AGUA</name>
<description><![CDATA[<p><b>ZONA NOMBRE: </b> AGUA</p>
<p><b>ZONA GLOSA: </b>AGUA</p>
<p><b>USOS PERMITIDOS: </b>NULL</p>
<p><b>USOS PROHIBIDOS: </b>NULL</p>]]></description>
<ExtendedData>
	<Data name="fid"><displayName>fid</displayName><value><![CDATA[114]]></value></Data>
	<Data name="ZONA_NOM"><displayName>ZONA_NOM</displayName><value><![CDATA[AGUA]]></value></Data>
	<Data name="ZONA_GLOSA"><displayName>ZONA_GLOSA</displayName><value><![CDATA[AGUA]]></value></Data>
	<Data name="USOS_PERMITIDOS"><displayName>USOS_PERMITIDOS</displayName><value><![CDATA[NULL]]></value></Data>
	<Data name="USOS_PROHIBIDOS"><displayName>USOS_PROHIBIDOS</displayName><value><![CDATA[NULL]]></value></Data>
	<Data name="P_DO"><displayName>P_DO</displayName><value><![CDATA[13/07/2009]]></value></Data>
	<Data name="N_DOC"><displayName>N_DOC</displayName><value><![CDATA[15]]></value></Data>
	<Data name="T_DO"><displayName>T_DO</displayName><value><![CDATA[Resolución]]></value></Data>
	<Data name="color_"><displayName>color_</displayName><value><![CDATA[67,89,255,254]]></value></Data>
</ExtendedData>
<styleUrl>#style1</styleUrl>
<MultiGeometry>
	<Polygon>
		<outerBoundaryIs>
			<LinearRing>
				<tessellate>1</tessellate>
				<coordinates>
					-72.66711801838133,-37.50950392085626,0.000
					-72.66717741104623,-37.509664209359265,0.000
					-72.66728242985566,-37.50997557928415,0.000
					-72.66727254944048,-37.510140354647575,0.000
					-72.66709285556357,-37.5105034805468,0.000
					-72.66695253796112,-37.510815326268876,0.000
					-72.66676380553614,-37.51123832260156,0.000
					-72.66645103314553,-37.512717956965304,0.000
					-72.66899426842939,-37.512609338751325,0.000
					-72.66899529139663,-37.511969115404725,0.000
					-72.66899144163064,-37.51189057717117,0.000
					-72.66895138968461,-37.51180601286106,0.000
					-72.66876415824831,-37.511282678718054,0.000
					-72.6686726426868,-37.51106385079049,0.000
					-72.66856495263802,-37.51088128010185,0.000
					-72.66850649051342,-37.51060421788422,0.000
					-72.66843451779192,-37.510234615348686,0.000
					-72.66834986873587,-37.50997266894104,0.000
					-72.66834371470739,-37.50984709056833,0.000
					-72.66834357065085,-37.50984415095836,0.000
					-72.66833873840102,-37.509806328960096,0.000
					-72.66831444854547,-37.509616231087776,0.000
					-72.66827219580234,-37.50946984146695,0.000
					-72.66820491681037,-37.509426566031124,0.000
					-72.6681673164367,-37.50939198188836,0.000
					-72.66813902921673,-37.509364257545144,0.000
					-72.66812278531718,-37.509307556512915,0.000
					-72.66812964943803,-37.509264438443886,0.000
					-72.66813063244523,-37.5091929001759,0.000
					-72.6681165961333,-37.50908965026197,0.000
					-72.6680696626223,-37.50895780673764,0.000
					-72.6680479510123,-37.50878787688017,0.000
					-72.66802779257567,-37.50855967815586,0.000
					-72.66801183359875,-37.50841715898879,0.000
					-72.66800938467951,-37.508367179291874,0.000
					-72.66797899781753,-37.508296616461244,0.000
					-72.66793103671782,-37.508233750403505,0.000
					-72.66786409988951,-37.50815002248998,0.000
					-72.6678240515865,-37.5080654584804,0.000
					-72.66782182053075,-37.50783670316177,0.000
					-72.66779108426334,-37.5077589999123,0.000
					-72.66775068645643,-37.507667295512874,0.000
					-72.66770272490356,-37.50760443026003,0.000
					-72.66770027626221,-37.5075544505389,0.000
					-72.66769747784754,-37.5074973313709,0.000
					-72.66768501787809,-37.507426211056334,0.000
					-72.66758734742669,-37.50726477957638,0.000
					-72.66757073282028,-37.50716995190809,0.000
					-72.6673509104869,-37.50634729469322,0.000
					-72.66728136786647,-37.50614923500955,0.000
					-72.66715290676434,-37.50572434697381,0.000
					-72.66710641531577,-37.50557057336562,0.000
					-72.66697515224729,-37.505181360735264,0.000
					-72.66690555474385,-37.50498210969507,0.000
					-72.66686008820504,-37.50478687689472,0.000
					-72.66676358287201,-37.50455747620879,0.000
					-72.66665570272927,-37.50427908749836,0.000
					-72.66662612904162,-37.504133415568745,0.000
					-72.66656116738312,-37.50390660983441,0.000
					-72.66651967685621,-37.503713444220374,0.000
					-72.666477360183,-37.50358246985437,0.000
					-72.66631020913138,-37.503376716286475,0.000
					-72.66618391289636,-37.50318041961672,0.000
					-72.66603154251368,-37.50290984969253,0.000
					-72.66596920576929,-37.5027365916849,0.000
					-72.66591204866154,-37.5025774751343,0.000
					-72.66583445912866,-37.50227597789178,0.000
					-72.66574104267298,-37.50201787706302,0.000
					-72.66566694989743,-37.50178777791127,0.000
					-72.66561631005241,-37.501578403644814,0.000
					-72.6655972113681,-37.501371623999155,0.000
					-72.66555710725514,-37.501194100155,0.000
					-72.66548616053298,-37.50102826056855,0.000
					-72.66541893400073,-37.50075504406544,0.000
					-72.66540309418329,-37.50052313558753,0.000
					-72.66533156326776,-37.50025362745941,0.000
					-72.66529989749768,-37.50006511535308,0.000
					-72.66526683403154,-37.499848043526086,0.000
					-72.6652902280138,-37.49966907639124,0.000
					-72.66393469516086,-37.50018339380776,0.000
					-72.66394365562016,-37.50030891167386,0.000
					-72.6640299821915,-37.50054459058555,0.000
					-72.66404191888348,-37.50078853839242,0.000
					-72.66410380363125,-37.50098326352962,0.000
					-72.6642013853335,-37.501296058987975,0.000
					-72.66430818260478,-37.50164432335502,0.000
					-72.6643971328058,-37.50193355105965,0.000
					-72.66445602202458,-37.5023726874788,0.000
					-72.66457455563096,-37.50265503757624,0.000
					-72.66466205230758,-37.50291451515649,0.000
					-72.66480241062256,-37.5031842682634,0.000
					-72.66488437538871,-37.50333069686753,0.000
					-72.66494480873948,-37.50349567151502,0.000
					-72.66509602954646,-37.50368166111681,0.000
					-72.66528760918128,-37.504080919924725,0.000
					-72.6653776275437,-37.504239016614086,0.000
					-72.66542855597169,-37.5043625725873,0.000
					-72.6654689160945,-37.50457584277859,0.000
					-72.665605599998,-37.50492317606445,0.000
					-72.66574548874178,-37.50533595888307,0.000
					-72.66578351982835,-37.50550162823807,0.000
					-72.66588887636378,-37.50582013962263,0.000
					-72.66588781680363,-37.50595127118017,0.000
					-72.66592089575487,-37.50601579161432,0.000
					-72.66613809580217,-37.50672412097711,0.000
					-72.66623414210959,-37.50703577006758,0.000
					-72.66629980567353,-37.507276856509954,0.000
					-72.66629783703159,-37.50741993319887,0.000
					-72.6663979527921,-37.507631345674696,0.000
					-72.6666097264056,-37.5082897866452,0.000
					-72.66674001003628,-37.508750537663104,0.000
					-72.66683488415893,-37.50885485056207,0.000
					-72.66686876651433,-37.50899681277181,0.000
					-72.66687013150887,-37.509024678849066,0.000
					-72.66687331318408,-37.50908963193184,0.000
					-72.66698960987088,-37.50926478647552,0.000
					-72.66711801838133,-37.50950392085626,0.000
				</coordinates>
			</LinearRing>
		</outerBoundaryIs>
	</Polygon>
</MultiGeometry>
</Placemark>

<Placemark>
<name>ZMC</name>
<description><![CDATA[<p><b>ZONA NOMBRE: </b> ZMC</p>
<p><b>ZONA GLOSA: </b>Zona Microcentro</p>
<p><b>USOS PERMITIDOS: </b>Residencial; Equipamiento científico, comercio, culto y cultura, deporte, educación, esparcimiento, salud, seguridad, servicios y social; Actividades productivas inofensivas (panaderías). Más detalle en Ordenanza.</p>
<p><b>USOS PROHIBIDOS: </b>Residencial; Equipamiento científico, comercio, culto y cultura, deporte, educación, esparcimiento, salud, seguridad, servicios y social; Actividades productivas inofensivas (panaderías). Más detalle en Ordenanza.</p>]]></description>
<ExtendedData>
	<Data name="fid"><displayName>fid</displayName><value><![CDATA[115]]></value></Data>
	<Data name="ZONA_NOM"><displayName>ZONA_NOM</displayName><value><![CDATA[ZMC]]></value></Data>
	<Data name="ZONA_GLOSA"><displayName>ZONA_GLOSA</displayName><value><![CDATA[Zona Microcentro]]></value></Data>
	<Data name="USOS_PERMITIDOS"><displayName>USOS_PERMITIDOS</displayName><value><![CDATA[Residencial; Equipamiento científico, comercio, culto y cultura, deporte, educación, esparcimiento, salud, seguridad, servicios y social; Actividades productivas inofensivas (panaderías). Más detalle en Ordenanza.]]></value></Data>
	<Data name="USOS_PROHIBIDOS"><displayName>USOS_PROHIBIDOS</displayName><value><![CDATA[Residencial; Equipamiento científico, comercio, culto y cultura, deporte, educación, esparcimiento, salud, seguridad, servicios y social; Actividades productivas inofensivas (panaderías). Más detalle en Ordenanza.]]></value></Data>
	<Data name="P_DO"><displayName>P_DO</displayName><value><![CDATA[13/07/2009]]></value></Data>
	<Data name="N_DOC"><displayName>N_DOC</displayName><value><![CDATA[15]]></value></Data>
	<Data name="T_DO"><displayName>T_DO</displayName><value><![CDATA[Resolución]]></value></Data>
	<Data name="color_"><displayName>color_</displayName><value><![CDATA[255,63,0,254]]></value></Data>
</ExtendedData>
<styleUrl>#style15</styleUrl>
<MultiGeometry>
	<Polygon>
		<outerBoundaryIs>
			<LinearRing>
				<tessellate>1</tessellate>
				<coordinates>
					-72.67401727933975,-37.49660613091262,0.000
					-72.67419722346544,-37.49661957329971,0.000
					-72.67447717200808,-37.4967157323548,0.000
					-72.67451875652847,-37.496709669647714,0.000
					-72.67458871338137,-37.49655017383104,0.000
					-72.67466170607686,-37.49645255611688,0.000
					-72.67480017965306,-37.496348132113475,0.000
					-72.67484236765678,-37.496232405730616,0.000
					-72.67483022257211,-37.4959848896416,0.000
					-72.67482184890241,-37.4958142329895,0.000
					-72.6747495573573,-37.49584111587275,0.000
					-72.67470550213307,-37.49591876326859,0.000
					-72.67463227635655,-37.49601161988406,0.000
					-72.67459723143968,-37.49615096019571,0.000
					-72.67450314467662,-37.496306441011626,0.000
					-72.67435365592083,-37.49643027675804,0.000
					-72.67420276667038,-37.496525552875205,0.000
					-72.67401727933975,-37.49660613091262,0.000
				</coordinates>
			</LinearRing>
		</outerBoundaryIs>
	</Polygon>
</MultiGeometry>
</Placemark>

<Placemark>
<name>ZAMAP</name>
<description><![CDATA[<p><b>ZONA NOMBRE: </b> ZAMAP</p>
<p><b>ZONA GLOSA: </b>Zona Amortiguador Ambiental</p>
<p><b>USOS PERMITIDOS: </b>Se restringe el uso de cualquier actividad en esta zona.</p>
<p><b>USOS PROHIBIDOS: </b>Todos los usos de suelo no mencionados como permitidos.</p>]]></description>
<ExtendedData>
	<Data name="fid"><displayName>fid</displayName><value><![CDATA[116]]></value></Data>
	<Data name="ZONA_NOM"><displayName>ZONA_NOM</displayName><value><![CDATA[ZAMAP]]></value></Data>
	<Data name="ZONA_GLOSA"><displayName>ZONA_GLOSA</displayName><value><![CDATA[Zona Amortiguador Ambiental]]></value></Data>
	<Data name="USOS_PERMITIDOS"><displayName>USOS_PERMITIDOS</displayName><value><![CDATA[Se restringe el uso de cualquier actividad en esta zona.]]></value></Data>
	<Data name="USOS_PROHIBIDOS"><displayName>USOS_PROHIBIDOS</displayName><value><![CDATA[Todos los usos de suelo no mencionados como permitidos.]]></value></Data>
	<Data name="P_DO"><displayName>P_DO</displayName><value><![CDATA[13/07/2009]]></value></Data>
	<Data name="N_DOC"><displayName>N_DOC</displayName><value><![CDATA[15]]></value></Data>
	<Data name="T_DO"><displayName>T_DO</displayName><value><![CDATA[Resolución]]></value></Data>
	<Data name="color_"><displayName>color_</displayName><value><![CDATA[204,204,102,254]]></value></Data>
</ExtendedData>
<styleUrl>#style4</styleUrl>
<MultiGeometry>
	<Polygon>
		<outerBoundaryIs>
			<LinearRing>
				<tessellate>1</tessellate>
				<coordinates>
					-72.64256492333293,-37.510225332391904,0.000
					-72.64342718880259,-37.51054017486181,0.000
					-72.6460946334787,-37.511244346387336,0.000
					-72.64813496456094,-37.51176739497018,0.000
					-72.64836029381624,-37.51167543156122,0.000
					-72.64889059011693,-37.511506810973955,0.000
					-72.64866579275784,-37.511445514955675,0.000
					-72.64722489736279,-37.51104819700519,0.000
					-72.64612643506949,-37.51074528746215,0.000
					-72.64325748773744,-37.509954092260365,0.000
					-72.6430607969038,-37.509914945805676,0.000
					-72.64256492333293,-37.510225332391904,0.000
				</coordinates>
			</LinearRing>
		</outerBoundaryIs>
	</Polygon>
</MultiGeometry>
</Placemark>

</Document>
</kml>